Now: 28/09/2026 13:49:33
Battery Level: 1.3V
MiniCTD: S/N 60818
Site info: BERMUDA_2026
Calibrated: 09/08/2017
Latitude: 32.000000
Mode: M8
Tare: 10.1265
Pressure units: dBar
00.022	29.519	-0.022
00.022	29.521	-0.022
00.022	29.523	-0.022
00.022	29.524	-0.022
00.021	29.525	-0.022
00.023	29.526	-0.021
00.025	29.528	-0.022
00.022	29.528	-0.020
00.021	29.529	-0.025
00.020	29.528	-0.021
00.022	29.529	-0.021
00.022	29.529	-0.020
00.022	29.530	-0.022
00.024	29.530	-0.021
00.022	29.530	-0.022
00.021	29.529	-0.023
00.020	29.529	-0.023
00.021	29.531	-0.021
00.021	29.531	-0.021
00.021	29.532	-0.021
00.023	29.531	-0.022
00.022	29.532	-0.022
00.020	29.533	-0.023
00.021	29.533	-0.021
00.023	29.534	-0.022
00.022	29.536	-0.021
00.022	29.536	-0.021
00.021	29.536	-0.021
00.021	29.537	-0.021
00.023	29.537	-0.022
00.022	29.537	-0.021
00.024	29.537	-0.023
00.021	29.538	-0.022
00.021	29.537	-0.021
00.023	29.538	-0.021
00.022	29.540	-0.020
00.023	29.540	-0.021
00.022	29.541	-0.022
00.022	29.541	-0.020
00.023	29.543	-0.023
00.024	29.543	-0.023
00.024	29.545	-0.022
00.023	29.545	-0.021
00.023	29.547	-0.020
00.022	29.548	-0.023
00.023	29.549	-0.020
00.024	29.550	-0.022
00.023	29.551	-0.021
00.023	29.552	-0.022
00.022	29.554	-0.020
00.021	29.555	-0.022
00.023	29.556	-0.021
00.024	29.557	-0.022
00.024	29.558	-0.021
00.022	29.559	-0.020
00.023	29.561	-0.022
00.022	29.560	-0.022
00.022	29.562	-0.022
00.021	29.563	-0.022
00.021	29.564	-0.022
00.021	29.564	-0.023
00.021	29.567	-0.021
00.023	29.567	-0.023
00.024	29.568	-0.021
00.024	29.570	-0.022
00.024	29.570	-0.023
00.023	29.570	-0.024
00.023	29.571	-0.021
00.022	29.572	-0.022
00.023	29.572	-0.022
00.023	29.574	-0.022
00.024	29.574	-0.022
00.022	29.573	-0.021
00.023	29.574	-0.021
00.025	29.574	-0.022
00.026	29.576	-0.022
00.022	29.575	-0.020
00.022	29.575	-0.020
00.022	29.576	-0.021
00.022	29.577	-0.021
00.023	29.577	-0.022
00.024	29.577	-0.022
00.024	29.577	-0.020
00.023	29.577	-0.022
00.023	29.578	-0.022
00.022	29.578	-0.022
00.022	29.579	-0.022
00.021	29.578	-0.020
00.023	29.579	-0.022
00.021	29.580	-0.021
00.023	29.579	-0.023
00.023	29.579	-0.020
00.024	29.577	-0.021
00.024	29.577	-0.022
00.023	29.576	-0.022
00.023	29.575	-0.020
00.023	29.575	-0.021
00.023	29.574	-0.022
00.022	29.573	-0.022
00.024	29.572	-0.022
00.024	29.572	-0.022
00.023	29.572	-0.021
00.023	29.572	-0.023
00.023	29.572	-0.022
00.023	29.571	-0.022
00.023	29.571	-0.021
00.024	29.570	-0.021
00.025	29.570	-0.020
00.022	29.569	-0.021
00.021	29.571	-0.021
00.022	29.569	-0.021
00.022	29.569	-0.021
00.022	29.569	-0.020
00.023	29.569	-0.021
00.022	29.568	-0.023
00.022	29.570	-0.022
00.023	29.569	-0.023
00.023	29.570	-0.021
00.024	29.570	-0.021
00.023	29.569	-0.022
00.024	29.570	-0.021
00.024	29.570	-0.021
00.023	29.569	-0.022
00.022	29.571	-0.022
00.023	29.571	-0.021
00.023	29.571	-0.021
00.023	29.571	-0.020
00.024	29.572	-0.024
00.024	29.572	-0.022
00.023	29.571	-0.021
00.023	29.572	-0.022
00.023	29.573	-0.021
00.022	29.572	-0.021
00.019	29.573	-0.021
00.022	29.573	-0.022
00.022	29.573	-0.021
00.022	29.573	-0.022
00.024	29.573	-0.022
00.024	29.575	-0.022
00.023	29.574	-0.023
00.021	29.574	-0.020
00.024	29.574	-0.021
00.024	29.573	-0.021
00.024	29.573	-0.021
00.023	29.573	-0.022
00.022	29.572	-0.023
00.022	29.572	-0.022
00.023	29.573	-0.022
00.023	29.572	-0.023
00.023	29.572	-0.021
00.024	29.574	-0.022
00.023	29.573	-0.021
00.022	29.574	-0.021
00.022	29.573	-0.022
00.023	29.575	-0.022
00.024	29.574	-0.023
00.023	29.574	-0.021
00.023	29.574	-0.021
00.021	29.574	-0.023
00.024	29.576	-0.021
00.025	29.577	-0.021
00.023	29.576	-0.021
00.023	29.576	-0.022
00.021	29.576	-0.021
00.024	29.575	-0.022
00.023	29.576	-0.019
00.021	29.577	-0.022
00.022	29.577	-0.021
00.023	29.577	-0.022
00.022	29.576	-0.022
00.022	29.577	-0.021
00.022	29.575	-0.020
00.024	29.575	-0.021
00.024	29.575	-0.021
00.023	29.576	-0.022
00.025	29.574	-0.020
00.025	29.574	-0.021
00.025	29.573	-0.021
00.022	29.573	-0.022
00.022	29.573	-0.022
00.022	29.573	-0.023
00.024	29.572	-0.021
00.023	29.572	-0.022
00.023	29.572	-0.023
00.023	29.572	-0.021
00.023	29.572	-0.021
00.022	29.572	-0.020
00.022	29.573	-0.022
00.022	29.573	-0.020
00.023	29.575	-0.022
00.022	29.575	-0.022
00.021	29.574	-0.023
00.022	29.575	-0.022
00.023	29.575	-0.022
00.023	29.576	-0.021
00.022	29.576	-0.021
00.024	29.576	-0.022
00.025	29.577	-0.022
00.024	29.578	-0.020
00.023	29.577	-0.023
00.023	29.578	-0.021
00.022	29.577	-0.021
00.022	29.577	-0.021
00.022	29.575	-0.022
00.023	29.576	-0.021
00.023	29.576	-0.021
00.023	29.576	-0.021
00.023	29.576	-0.022
00.024	29.577	-0.023
00.023	29.575	-0.021
00.023	29.575	-0.022
00.022	29.576	-0.021
00.022	29.575	-0.022
00.023	29.575	-0.022
00.024	29.575	-0.022
00.022	29.577	-0.022
00.022	29.577	-0.022
00.023	29.578	-0.023
00.023	29.579	-0.020
00.024	29.579	-0.023
00.024	29.578	-0.023
00.025	29.579	-0.022
00.023	29.578	-0.020
00.024	29.579	-0.022
00.024	29.578	-0.021
00.024	29.579	-0.022
00.023	29.580	-0.023
00.023	29.580	-0.022
00.023	29.580	-0.019
00.023	29.581	-0.022
00.022	29.580	-0.021
00.024	29.580	-0.021
00.025	29.581	-0.021
00.023	29.580	-0.021
00.023	29.581	-0.022
00.023	29.582	-0.022
00.023	29.582	-0.021
00.025	29.583	-0.024
00.024	29.584	-0.021
00.026	29.583	-0.022
00.023	29.583	-0.022
00.023	29.585	-0.021
00.024	29.584	-0.023
00.025	29.584	-0.022
00.024	29.582	-0.021
00.024	29.584	-0.022
00.024	29.585	-0.022
00.023	29.585	-0.020
00.024	29.586	-0.021
00.024	29.586	-0.022
00.024	29.586	-0.022
00.023	29.588	-0.022
00.024	29.588	-0.022
00.024	29.588	-0.021
00.023	29.589	-0.024
00.023	29.590	-0.021
00.024	29.591	-0.021
00.024	29.592	-0.022
00.026	29.592	-0.021
00.026	29.592	-0.022
00.025	29.593	-0.022
00.025	29.592	-0.022
00.025	29.592	-0.021
00.024	29.592	-0.022
00.025	29.592	-0.021
00.023	29.591	-0.023
00.023	29.593	-0.022
00.024	29.591	-0.021
00.023	29.591	-0.021
00.025	29.591	-0.022
00.023	29.591	-0.020
00.024	29.592	-0.020
00.024	29.591	-0.021
00.024	29.592	-0.021
00.025	29.591	-0.022
00.024	29.590	-0.021
00.025	29.591	-0.022
00.025	29.589	-0.020
00.024	29.590	-0.021
00.024	29.590	-0.020
00.024	29.590	-0.020
00.025	29.591	-0.020
00.025	29.591	-0.021
00.025	29.592	-0.021
00.025	29.592	-0.022
00.022	29.592	-0.021
00.024	29.593	-0.022
00.024	29.593	-0.021
00.023	29.593	-0.023
00.024	29.592	-0.023
00.023	29.593	-0.021
00.023	29.593	-0.022
00.024	29.593	-0.022
00.024	29.593	-0.022
00.024	29.592	-0.021
00.024	29.589	-0.023
00.026	29.589	-0.021
00.026	29.589	-0.022
00.024	29.589	-0.020
00.024	29.589	-0.023
00.025	29.589	-0.022
00.024	29.588	-0.022
00.024	29.587	-0.020
00.025	29.586	-0.022
00.024	29.585	-0.021
00.024	29.584	-0.023
00.025	29.586	-0.020
00.024	29.585	-0.022
00.025	29.585	-0.022
00.024	29.585	-0.022
00.024	29.585	-0.021
00.024	29.584	-0.021
00.023	29.586	-0.023
00.023	29.586	-0.021
00.023	29.585	-0.022
00.024	29.585	-0.022
00.023	29.584	-0.021
00.023	29.583	-0.021
00.024	29.584	-0.022
00.023	29.584	-0.023
00.024	29.583	-0.021
00.024	29.582	-0.020
00.022	29.581	-0.020
00.024	29.582	-0.020
00.022	29.582	-0.022
00.024	29.581	-0.023
00.024	29.580	-0.022
00.024	29.579	-0.021
00.024	29.578	-0.022
00.022	29.578	-0.022
00.022	29.577	-0.021
00.024	29.576	-0.023
00.023	29.575	-0.023
00.023	29.576	-0.021
00.024	29.575	-0.022
00.025	29.575	-0.022
00.024	29.574	-0.022
00.022	29.575	-0.021
00.023	29.573	-0.021
00.023	29.572	-0.021
00.023	29.573	-0.021
00.023	29.571	-0.022
00.024	29.570	-0.024
00.023	29.570	-0.024
00.022	29.568	-0.023
00.022	29.569	-0.022
00.025	29.570	-0.021
00.024	29.569	-0.022
00.024	29.569	-0.020
00.023	29.568	-0.022
00.024	29.568	-0.021
00.024	29.568	-0.021
00.026	29.567	-0.023
00.024	29.568	-0.023
00.024	29.568	-0.022
00.024	29.567	-0.022
00.024	29.567	-0.022
00.025	29.570	-0.020
00.025	29.569	-0.021
00.023	29.570	-0.021
00.024	29.569	-0.021
00.024	29.568	-0.020
00.026	29.568	-0.023
00.024	29.567	-0.020
00.024	29.567	-0.020
00.025	29.568	-0.021
00.025	29.568	-0.021
00.024	29.569	-0.023
00.022	29.569	-0.023
00.021	29.568	-0.021
00.023	29.570	-0.021
00.022	29.570	-0.021
00.024	29.572	-0.021
00.024	29.571	-0.022
00.025	29.571	-0.022
00.024	29.571	-0.021
00.024	29.571	-0.022
00.023	29.573	-0.021
00.023	29.572	-0.023
00.022	29.572	-0.022
00.022	29.573	-0.021
00.023	29.572	-0.021
00.024	29.573	-0.022
00.021	29.573	-0.021
00.025	29.571	-0.021
00.025	29.571	-0.021
00.023	29.570	-0.021
00.023	29.569	-0.021
00.024	29.570	-0.023
00.024	29.570	-0.021
00.024	29.569	-0.022
00.023	29.570	-0.022
00.025	29.569	-0.023
00.024	29.569	-0.021
00.023	29.568	-0.023
00.022	29.568	-0.022
00.024	29.568	-0.023
00.022	29.566	-0.020
00.022	29.567	-0.022
00.024	29.566	-0.022
00.023	29.565	-0.023
00.024	29.564	-0.022
00.024	29.564	-0.022
00.025	29.563	-0.021
00.025	29.563	-0.020
00.024	29.563	-0.021
00.024	29.562	-0.022
00.025	29.562	-0.020
00.024	29.562	-0.022
00.025	29.560	-0.022
00.025	29.560	-0.021
00.024	29.560	-0.021
00.023	29.558	-0.021
00.023	29.558	-0.022
00.025	29.557	-0.022
00.023	29.558	-0.022
00.021	29.556	-0.022
00.023	29.557	-0.020
00.021	29.556	-0.022
00.022	29.555	-0.023
00.023	29.555	-0.023
00.023	29.554	-0.022
00.024	29.554	-0.021
00.023	29.554	-0.020
00.024	29.553	-0.021
00.023	29.553	-0.021
00.023	29.552	-0.019
00.024	29.552	-0.021
00.025	29.552	-0.021
00.025	29.551	-0.022
00.025	29.550	-0.021
00.024	29.548	-0.021
00.024	29.550	-0.019
00.024	29.549	-0.021
00.025	29.547	-0.022
00.023	29.546	-0.023
00.023	29.546	-0.022
00.025	29.545	-0.020
00.023	29.542	-0.023
00.024	29.542	-0.022
00.025	29.540	-0.021
00.026	29.541	-0.023
00.024	29.540	-0.022
00.024	29.540	-0.021
00.023	29.540	-0.021
00.023	29.540	-0.023
00.025	29.539	-0.022
00.025	29.539	-0.021
00.023	29.538	-0.021
00.023	29.539	-0.022
00.025	29.540	-0.023
00.025	29.539	-0.022
00.025	29.538	-0.023
00.023	29.538	-0.022
00.024	29.538	-0.022
00.024	29.538	-0.020
00.024	29.538	-0.021
00.024	29.535	-0.021
00.024	29.535	-0.021
00.023	29.533	-0.022
00.023	29.532	-0.022
00.023	29.532	-0.022
00.023	29.530	-0.022
00.021	29.529	-0.022
00.021	29.528	-0.021
00.023	29.526	-0.022
00.023	29.526	-0.020
00.024	29.525	-0.020
00.024	29.524	-0.022
00.024	29.525	-0.019
00.024	29.525	-0.021
00.023	29.523	-0.021
00.023	29.524	-0.023
00.025	29.524	-0.021
00.025	29.523	-0.021
00.024	29.522	-0.021
00.025	29.522	-0.020
00.024	29.522	-0.022
00.024	29.522	-0.022
00.024	29.523	-0.020
00.025	29.523	-0.020
00.025	29.525	-0.022
00.021	29.524	-0.022
00.023	29.525	-0.021
00.025	29.525	-0.022
00.025	29.526	-0.021
00.024	29.527	-0.020
00.022	29.527	-0.021
00.023	29.527	-0.022
00.025	29.527	-0.022
00.025	29.527	-0.022
00.024	29.526	-0.021
00.025	29.526	-0.022
00.025	29.526	-0.022
00.025	29.526	-0.023
00.025	29.526	-0.021
00.023	29.526	-0.022
00.023	29.526	-0.022
00.025	29.527	-0.020
00.026	29.526	-0.021
00.026	29.528	-0.021
00.023	29.528	-0.021
00.024	29.527	-0.021
00.023	29.528	-0.022
00.023	29.528	-0.023
00.025	29.527	-0.021
00.025	29.528	-0.022
00.025	29.528	-0.023
00.025	29.527	-0.020
00.024	29.526	-0.020
00.024	29.527	-0.023
00.024	29.526	-0.022
00.024	29.526	-0.022
00.025	29.524	-0.022
00.024	29.524	-0.021
00.025	29.524	-0.022
00.024	29.522	-0.022
00.024	29.523	-0.022
00.024	29.523	-0.022
00.023	29.522	-0.021
00.023	29.523	-0.022
00.024	29.523	-0.023
00.024	29.523	-0.022
00.024	29.524	-0.023
00.025	29.525	-0.022
00.024	29.525	-0.021
00.024	29.524	-0.022
00.024	29.526	-0.020
00.024	29.526	-0.022
00.024	29.526	-0.021
00.023	29.526	-0.021
00.026	29.527	-0.022
00.024	29.526	-0.019
00.024	29.526	-0.022
00.024	29.527	-0.022
00.024	29.526	-0.022
00.024	29.527	-0.022
00.023	29.527	-0.021
00.024	29.526	-0.021
00.023	29.527	-0.021
00.024	29.526	-0.022
00.024	29.526	-0.022
00.024	29.526	-0.021
00.023	29.525	-0.023
00.024	29.527	-0.021
00.026	29.527	-0.021
00.026	29.527	-0.022
00.024	29.528	-0.022
00.023	29.528	-0.021
00.025	29.528	-0.022
00.024	29.529	-0.021
00.025	29.530	-0.021
00.023	29.531	-0.019
00.022	29.530	-0.022
00.023	29.531	-0.021
00.024	29.530	-0.024
00.023	29.531	-0.020
00.022	29.532	-0.023
00.023	29.533	-0.022
00.024	29.534	-0.021
00.024	29.535	-0.021
00.024	29.535	-0.023
00.024	29.536	-0.021
00.024	29.536	-0.021
00.024	29.535	-0.022
00.025	29.537	-0.020
00.025	29.537	-0.021
00.025	29.536	-0.020
00.023	29.536	-0.021
00.024	29.536	-0.021
00.024	29.537	-0.022
00.025	29.537	-0.023
00.026	29.537	-0.019
00.026	29.537	-0.023
00.024	29.537	-0.023
00.023	29.536	-0.022
00.024	29.537	-0.022
00.023	29.537	-0.021
00.023	29.537	-0.020
00.026	29.536	-0.020
00.024	29.536	-0.020
00.024	29.537	-0.021
00.025	29.537	-0.022
00.025	29.537	-0.023
00.024	29.538	-0.019
00.024	29.538	-0.023
00.024	29.539	-0.022
00.023	29.539	-0.023
00.024	29.537	-0.023
00.024	29.538	-0.022
00.024	29.536	-0.022
00.024	29.537	-0.021
00.025	29.536	-0.022
00.025	29.536	-0.021
00.023	29.537	-0.022
00.024	29.538	-0.023
00.024	29.536	-0.022
00.024	29.539	-0.023
00.025	29.540	-0.021
00.025	29.541	-0.022
00.024	29.541	-0.023
00.024	29.541	-0.021
00.025	29.543	-0.023
00.024	29.543	-0.023
00.024	29.544	-0.020
00.024	29.546	-0.021
00.023	29.545	-0.021
00.024	29.546	-0.022
00.024	29.546	-0.019
00.025	29.548	-0.023
00.025	29.550	-0.021
00.025	29.550	-0.021
00.022	29.550	-0.022
00.024	29.550	-0.019
00.024	29.552	-0.022
00.024	29.551	-0.020
00.024	29.553	-0.022
00.025	29.554	-0.021
00.024	29.554	-0.021
00.025	29.555	-0.021
00.026	29.556	-0.022
00.026	29.556	-0.024
00.023	29.555	-0.022
00.024	29.557	-0.021
00.026	29.557	-0.022
00.024	29.557	-0.022
00.024	29.556	-0.021
00.025	29.557	-0.022
00.025	29.558	-0.021
00.024	29.558	-0.022
00.024	29.559	-0.022
00.024	29.559	-0.021
00.024	29.560	-0.023
00.024	29.560	-0.021
00.023	29.561	-0.021
00.025	29.562	-0.022
00.025	29.563	-0.021
00.025	29.563	-0.022
00.024	29.563	-0.021
00.024	29.563	-0.021
00.023	29.564	-0.020
00.026	29.564	-0.022
00.026	29.562	-0.021
00.023	29.564	-0.022
00.024	29.563	-0.022
00.024	29.564	-0.021
00.024	29.564	-0.022
00.024	29.565	-0.021
00.024	29.565	-0.021
00.024	29.565	-0.021
00.023	29.566	-0.021
00.025	29.565	-0.022
00.023	29.567	-0.020
00.023	29.567	-0.022
00.024	29.566	-0.021
00.025	29.566	-0.022
00.023	29.566	-0.024
00.024	29.566	-0.021
00.024	29.565	-0.023
00.025	29.567	-0.021
00.023	29.566	-0.022
00.023	29.566	-0.021
00.024	29.567	-0.020
00.024	29.566	-0.021
00.022	29.567	-0.023
00.024	29.566	-0.021
00.024	29.565	-0.022
00.024	29.567	-0.021
00.024	29.565	-0.023
00.022	29.565	-0.023
00.022	29.563	-0.022
00.023	29.563	-0.022
00.024	29.563	-0.021
00.024	29.563	-0.021
00.024	29.563	-0.022
00.023	29.563	-0.020
00.024	29.563	-0.021
00.024	29.564	-0.020
00.024	29.563	-0.023
00.024	29.564	-0.023
00.023	29.563	-0.022
00.022	29.564	-0.021
00.023	29.563	-0.022
00.024	29.563	-0.022
00.024	29.562	-0.022
00.024	29.562	-0.021
00.024	29.559	-0.020
00.024	29.559	-0.023
00.026	29.558	-0.021
00.023	29.558	-0.022
00.024	29.556	-0.022
00.024	29.555	-0.021
00.025	29.555	-0.023
00.025	29.555	-0.022
00.023	29.554	-0.020
00.024	29.554	-0.021
00.025	29.553	-0.021
00.025	29.552	-0.020
00.025	29.552	-0.020
00.025	29.552	-0.022
00.023	29.553	-0.022
00.023	29.553	-0.022
00.023	29.554	-0.023
00.023	29.553	-0.020
00.023	29.553	-0.020
00.024	29.553	-0.021
00.024	29.553	-0.020
00.023	29.553	-0.022
00.025	29.552	-0.022
00.022	29.552	-0.022
00.024	29.550	-0.022
00.024	29.551	-0.022
00.024	29.550	-0.022
00.022	29.551	-0.020
00.022	29.550	-0.022
00.023	29.549	-0.022
00.024	29.549	-0.018
00.025	29.548	-0.021
00.025	29.548	-0.021
00.024	29.547	-0.023
00.025	29.547	-0.022
00.024	29.548	-0.022
00.026	29.547	-0.021
00.023	29.548	-0.023
00.024	29.548	-0.021
00.025	29.547	-0.020
00.026	29.546	-0.022
00.025	29.547	-0.023
00.025	29.547	-0.021
00.027	29.545	-0.021
00.025	29.545	-0.023
00.025	29.546	-0.022
00.026	29.546	-0.021
00.024	29.546	-0.021
00.024	29.547	-0.021
00.025	29.548	-0.020
00.026	29.548	-0.020
00.024	29.548	-0.022
00.023	29.549	-0.022
00.025	29.549	-0.020
00.023	29.550	-0.023
00.023	29.551	-0.023
00.025	29.549	-0.021
00.023	29.550	-0.021
00.024	29.551	-0.024
00.024	29.550	-0.022
00.025	29.552	-0.023
00.024	29.552	-0.022
00.023	29.550	-0.021
00.025	29.550	-0.023
00.024	29.550	-0.021
00.024	29.551	-0.020
00.024	29.551	-0.021
00.026	29.551	-0.020
00.025	29.552	-0.023
00.025	29.552	-0.023
00.025	29.554	-0.022
00.025	29.554	-0.022
00.022	29.554	-0.021
00.024	29.554	-0.021
00.024	29.555	-0.023
00.024	29.555	-0.023
00.024	29.553	-0.021
00.026	29.553	-0.021
00.023	29.552	-0.022
00.024	29.552	-0.022
00.027	29.551	-0.022
00.025	29.550	-0.023
00.024	29.550	-0.021
00.023	29.550	-0.023
00.024	29.550	-0.021
00.024	29.550	-0.021
00.025	29.551	-0.023
00.023	29.551	-0.022
00.023	29.552	-0.022
00.026	29.552	-0.021
00.025	29.552	-0.020
00.025	29.551	-0.022
00.023	29.551	-0.021
00.021	29.553	-0.020
00.021	29.552	-0.022
00.023	29.553	-0.021
00.023	29.552	-0.021
00.022	29.552	-0.023
00.024	29.553	-0.022
00.023	29.554	-0.020
00.023	29.556	-0.022
00.023	29.556	-0.022
00.023	29.557	-0.023
00.023	29.557	-0.020
00.022	29.557	-0.020
00.023	29.557	-0.022
00.022	29.558	-0.022
00.023	29.557	-0.023
00.023	29.557	-0.023
00.022	29.557	-0.022
00.024	29.556	-0.020
00.024	29.554	-0.023
00.022	29.554	-0.020
00.023	29.554	-0.022
00.022	29.552	-0.022
00.023	29.551	-0.023
00.022	29.550	-0.021
00.024	29.551	-0.022
00.022	29.551	-0.020
00.022	29.550	-0.021
00.025	29.550	-0.023
00.023	29.550	-0.021
00.023	29.550	-0.020
00.025	29.551	-0.024
00.025	29.552	-0.023
00.023	29.554	-0.021
00.023	29.553	-0.021
00.023	29.555	-0.023
00.024	29.556	-0.021
00.024	29.556	-0.020
00.023	29.556	-0.022
00.024	29.557	-0.022
00.024	29.557	-0.021
00.023	29.557	-0.021
00.022	29.558	-0.022
00.023	29.557	-0.019
00.024	29.559	-0.022
00.025	29.560	-0.021
00.023	29.561	-0.021
00.024	29.560	-0.022
00.023	29.561	-0.021
00.024	29.562	-0.023
00.024	29.560	-0.023
00.023	29.560	-0.020
00.023	29.558	-0.022
00.023	29.558	-0.021
00.022	29.557	-0.021
00.024	29.557	-0.021
00.024	29.557	-0.021
00.024	29.556	-0.022
00.024	29.555	-0.021
00.024	29.555	-0.022
00.024	29.554	-0.021
00.025	29.554	-0.023
00.025	29.554	-0.022
00.024	29.553	-0.022
00.025	29.554	-0.020
00.023	29.555	-0.021
00.025	29.556	-0.022
00.024	29.556	-0.023
00.023	29.557	-0.022
00.025	29.558	-0.021
00.024	29.558	-0.022
00.026	29.558	-0.023
00.026	29.558	-0.021
00.024	29.558	-0.021
00.024	29.558	-0.021
00.022	29.560	-0.021
00.024	29.561	-0.021
00.026	29.561	-0.021
00.024	29.563	-0.020
00.024	29.564	-0.021
00.025	29.564	-0.023
00.025	29.566	-0.021
00.025	29.565	-0.021
00.024	29.566	-0.022
00.023	29.567	-0.021
00.025	29.567	-0.021
00.024	29.568	-0.021
00.025	29.569	-0.021
00.023	29.570	-0.022
00.023	29.570	-0.023
00.023	29.571	-0.022
00.025	29.571	-0.022
00.025	29.573	-0.020
00.025	29.573	-0.022
00.023	29.573	-0.021
00.022	29.574	-0.021
00.024	29.575	-0.022
00.024	29.575	-0.021
00.024	29.576	-0.022
00.025	29.577	-0.019
00.023	29.579	-0.022
00.025	29.579	-0.020
00.025	29.580	-0.022
00.025	29.581	-0.023
00.025	29.583	-0.021
00.026	29.584	-0.022
00.024	29.584	-0.021
00.023	29.583	-0.022
00.025	29.583	-0.021
00.026	29.584	-0.023
00.024	29.583	-0.022
00.024	29.583	-0.020
00.026	29.583	-0.022
00.026	29.585	-0.022
00.026	29.584	-0.023
00.025	29.585	-0.020
00.025	29.585	-0.023
00.027	29.586	-0.023
00.025	29.586	-0.021
00.025	29.588	-0.022
00.025	29.587	-0.023
00.025	29.588	-0.021
00.026	29.589	-0.022
00.025	29.588	-0.021
00.026	29.589	-0.021
00.024	29.590	-0.023
00.024	29.591	-0.021
00.025	29.593	-0.022
00.025	29.594	-0.023
00.024	29.593	-0.020
00.024	29.594	-0.022
00.024	29.594	-0.021
00.024	29.595	-0.023
00.024	29.593	-0.021
00.026	29.595	-0.020
00.024	29.593	-0.022
00.025	29.594	-0.022
00.025	29.593	-0.022
00.025	29.593	-0.022
00.026	29.593	-0.022
00.024	29.593	-0.021
00.025	29.594	-0.022
00.025	29.593	-0.022
00.023	29.592	-0.021
00.025	29.593	-0.021
00.025	29.593	-0.022
00.024	29.594	-0.023
00.026	29.595	-0.022
00.025	29.594	-0.021
00.025	29.595	-0.022
00.024	29.595	-0.023
00.024	29.596	-0.023
00.025	29.596	-0.021
00.025	29.596	-0.021
00.024	29.596	-0.022
00.023	29.596	-0.022
00.024	29.597	-0.022
00.024	29.597	-0.023
00.025	29.597	-0.021
00.025	29.598	-0.021
00.025	29.598	-0.021
00.025	29.599	-0.024
00.024	29.599	-0.022
00.026	29.598	-0.022
00.024	29.599	-0.020
00.023	29.599	-0.021
00.024	29.599	-0.021
00.025	29.599	-0.023
00.024	29.599	-0.023
00.024	29.599	-0.020
00.025	29.601	-0.022
00.026	29.602	-0.023
00.025	29.601	-0.023
00.024	29.602	-0.022
00.025	29.604	-0.022
00.024	29.603	-0.021
00.025	29.603	-0.022
00.025	29.603	-0.024
00.025	29.604	-0.022
00.024	29.603	-0.020
00.025	29.603	-0.021
00.025	29.604	-0.021
00.026	29.604	-0.022
00.023	29.604	-0.023
00.025	29.605	-0.022
00.023	29.604	-0.022
00.023	29.603	-0.021
00.026	29.604	-0.021
00.024	29.603	-0.020
00.024	29.605	-0.022
00.023	29.604	-0.020
00.023	29.606	-0.022
00.025	29.604	-0.022
00.025	29.605	-0.022
00.024	29.605	-0.022
00.025	29.605	-0.022
00.024	29.604	-0.023
00.025	29.603	-0.023
00.022	29.604	-0.021
00.025	29.604	-0.020
00.024	29.604	-0.020
00.025	29.605	-0.022
00.023	29.606	-0.022
00.024	29.605	-0.023
00.024	29.606	-0.021
00.022	29.605	-0.021
00.021	29.605	-0.024
00.024	29.605	-0.021
00.024	29.603	-0.021
00.024	29.605	-0.022
00.023	29.604	-0.021
00.024	29.603	-0.022
00.024	29.602	-0.023
00.024	29.602	-0.021
00.024	29.601	-0.021
00.024	29.602	-0.020
00.022	29.599	-0.022
00.024	29.599	-0.022
00.024	29.599	-0.022
00.025	29.599	-0.022
00.024	29.599	-0.020
00.022	29.599	-0.022
00.023	29.599	-0.021
00.024	29.598	-0.022
00.024	29.598	-0.021
00.024	29.597	-0.022
00.024	29.596	-0.022
00.025	29.595	-0.021
00.023	29.595	-0.023
00.024	29.595	-0.022
00.023	29.594	-0.022
00.024	29.595	-0.022
00.026	29.594	-0.023
00.026	29.593	-0.023
00.026	29.593	-0.022
00.025	29.594	-0.020
00.025	29.594	-0.022
00.025	29.592	-0.022
00.025	29.593	-0.022
00.025	29.593	-0.022
00.025	29.592	-0.020
00.024	29.592	-0.021
00.024	29.592	-0.021
00.025	29.592	-0.020
00.026	29.592	-0.022
00.024	29.592	-0.021
00.025	29.592	-0.023
00.024	29.592	-0.021
00.023	29.592	-0.022
00.023	29.593	-0.021
00.023	29.593	-0.023
00.025	29.594	-0.021
00.023	29.594	-0.021
00.025	29.593	-0.024
00.025	29.594	-0.020
00.024	29.595	-0.022
00.026	29.595	-0.024
00.026	29.594	-0.020
00.026	29.595	-0.021
00.024	29.594	-0.021
00.024	29.594	-0.023
00.024	29.594	-0.024
00.023	29.594	-0.022
00.024	29.593	-0.022
00.026	29.595	-0.022
00.026	29.595	-0.022
00.026	29.596	-0.022
00.024	29.596	-0.022
00.025	29.597	-0.022
00.025	29.597	-0.021
00.024	29.597	-0.022
00.025	29.598	-0.021
00.025	29.599	-0.021
00.026	29.600	-0.020
00.026	29.599	-0.021
00.024	29.599	-0.023
00.023	29.600	-0.022
00.025	29.600	-0.023
00.023	29.600	-0.022
00.023	29.600	-0.021
00.024	29.600	-0.021
00.026	29.601	-0.023
00.026	29.602	-0.021
00.024	29.603	-0.021
00.023	29.603	-0.021
00.024	29.604	-0.021
00.025	29.604	-0.021
00.023	29.605	-0.023
00.023	29.605	-0.021
00.024	29.605	-0.021
00.025	29.605	-0.023
00.024	29.606	-0.021
00.023	29.606	-0.022
00.024	29.605	-0.021
00.024	29.604	-0.023
00.024	29.604	-0.021
00.024	29.604	-0.022
00.024	29.605	-0.022
00.027	29.605	-0.023
00.027	29.603	-0.023
00.026	29.603	-0.021
00.026	29.605	-0.022
00.026	29.604	-0.021
00.026	29.604	-0.023
00.024	29.604	-0.022
00.023	29.604	-0.022
00.023	29.603	-0.022
00.025	29.605	-0.020
00.025	29.605	-0.021
00.026	29.604	-0.020
00.024	29.604	-0.023
00.026	29.605	-0.021
00.024	29.604	-0.022
00.024	29.603	-0.022
00.024	29.605	-0.022
00.024	29.603	-0.022
00.025	29.603	-0.022
00.025	29.604	-0.021
00.026	29.604	-0.020
00.026	29.604	-0.019
00.025	29.605	-0.022
00.025	29.606	-0.023
00.023	29.606	-0.021
00.024	29.604	-0.022
00.025	29.605	-0.021
00.024	29.604	-0.022
00.023	29.606	-0.021
00.024	29.608	-0.021
00.024	29.608	-0.021
00.025	29.607	-0.020
00.025	29.608	-0.024
00.025	29.606	-0.021
00.023	29.607	-0.022
00.023	29.605	-0.021
00.025	29.605	-0.022
00.022	29.605	-0.022
00.025	29.605	-0.021
00.025	29.605	-0.021
00.022	29.603	-0.022
00.022	29.605	-0.020
00.022	29.604	-0.021
00.025	29.605	-0.022
00.024	29.606	-0.019
00.025	29.607	-0.021
00.025	29.606	-0.020
00.025	29.606	-0.022
00.023	29.608	-0.023
00.023	29.608	-0.022
00.025	29.609	-0.021
00.024	29.609	-0.021
00.022	29.609	-0.023
00.023	29.609	-0.022
00.025	29.611	-0.022
00.025	29.612	-0.022
00.025	29.614	-0.022
00.022	29.615	-0.021
00.023	29.615	-0.021
00.024	29.615	-0.022
00.025	29.616	-0.022
00.024	29.618	-0.023
00.024	29.617	-0.021
00.025	29.619	-0.021
00.025	29.618	-0.021
00.025	29.620	-0.023
00.024	29.621	-0.023
00.024	29.622	-0.022
00.025	29.623	-0.021
00.026	29.624	-0.020
00.025	29.625	-0.022
00.025	29.626	-0.022
00.025	29.627	-0.021
00.026	29.627	-0.020
00.025	29.627	-0.023
00.023	29.628	-0.021
00.023	29.629	-0.020
00.024	29.629	-0.023
00.025	29.630	-0.021
00.024	29.630	-0.020
00.024	29.631	-0.020
00.024	29.631	-0.023
00.023	29.631	-0.021
00.023	29.632	-0.021
00.023	29.632	-0.023
00.024	29.632	-0.021
00.025	29.633	-0.022
00.027	29.634	-0.021
00.027	29.634	-0.024
00.026	29.635	-0.021
00.023	29.636	-0.022
00.024	29.636	-0.020
00.023	29.638	-0.022
00.023	29.638	-0.022
00.024	29.638	-0.023
00.024	29.638	-0.020
00.025	29.637	-0.023
00.024	29.637	-0.022
00.023	29.637	-0.022
00.024	29.638	-0.020
00.024	29.640	-0.023
00.026	29.640	-0.021
00.025	29.641	-0.022
00.025	29.641	-0.023
00.025	29.642	-0.019
00.024	29.642	-0.022
00.024	29.642	-0.021
00.024	29.643	-0.022
00.024	29.645	-0.023
00.026	29.646	-0.020
00.026	29.647	-0.021
00.024	29.648	-0.023
00.024	29.649	-0.022
00.026	29.650	-0.021
00.022	29.651	-0.022
00.024	29.652	-0.020
00.023	29.654	-0.022
00.023	29.654	-0.023
00.026	29.657	-0.022
00.026	29.658	-0.019
00.024	29.659	-0.022
00.024	29.660	-0.022
00.025	29.662	-0.020
00.025	29.663	-0.023
00.023	29.663	-0.021
00.024	29.663	-0.021
00.025	29.665	-0.020
00.024	29.666	-0.020
00.024	29.666	-0.022
00.024	29.667	-0.021
00.025	29.668	-0.020
00.026	29.669	-0.022
00.025	29.671	-0.020
00.025	29.671	-0.022
00.025	29.673	-0.023
00.024	29.674	-0.022
00.024	29.675	-0.021
00.027	29.676	-0.022
00.025	29.678	-0.022
00.026	29.677	-0.022
00.025	29.679	-0.023
00.026	29.680	-0.023
00.026	29.680	-0.022
00.026	29.681	-0.022
00.028	29.681	-0.024
00.025	29.683	-0.021
00.027	29.684	-0.019
00.025	29.683	-0.022
00.025	29.685	-0.021
00.024	29.684	-0.022
00.026	29.685	-0.021
00.024	29.685	-0.023
00.026	29.685	-0.021
00.025	29.685	-0.022
00.026	29.687	-0.022
00.025	29.686	-0.022
00.023	29.688	-0.021
00.022	29.689	-0.022
00.025	29.690	-0.021
00.026	29.691	-0.022
00.025	29.693	-0.021
00.026	29.694	-0.022
00.023	29.695	-0.022
00.022	29.697	-0.021
00.024	29.699	-0.022
00.026	29.701	-0.021
00.024	29.703	-0.022
00.024	29.704	-0.020
00.024	29.706	-0.020
00.024	29.706	-0.021
00.025	29.706	-0.023
00.024	29.707	-0.022
00.025	29.706	-0.021
00.025	29.708	-0.022
00.025	29.709	-0.022
00.024	29.711	-0.021
00.026	29.714	-0.022
00.024	29.713	-0.024
00.024	29.713	-0.021
00.025	29.716	-0.022
00.024	29.717	-0.021
00.023	29.719	-0.022
00.023	29.720	-0.023
00.024	29.721	-0.022
00.023	29.723	-0.022
00.024	29.725	-0.022
00.023	29.727	-0.019
00.025	29.730	-0.021
00.026	29.730	-0.022
00.025	29.733	-0.020
00.025	29.734	-0.021
00.026	29.737	-0.022
00.024	29.738	-0.021
00.023	29.739	-0.022
00.025	29.740	-0.021
00.022	29.742	-0.022
00.023	29.743	-0.021
00.024	29.744	-0.022
00.026	29.744	-0.021
00.024	29.746	-0.021
00.026	29.746	-0.022
00.024	29.747	-0.022
00.024	29.749	-0.021
00.025	29.749	-0.022
00.024	29.750	-0.022
00.024	29.751	-0.021
00.026	29.753	-0.022
00.026	29.755	-0.022
00.025	29.758	-0.021
00.022	29.758	-0.022
00.023	29.759	-0.022
00.024	29.762	-0.021
00.026	29.762	-0.022
00.025	29.764	-0.021
00.025	29.765	-0.022
00.023	29.767	-0.022
00.023	29.768	-0.022
00.024	29.769	-0.021
00.023	29.770	-0.023
00.025	29.771	-0.022
00.024	29.772	-0.021
00.024	29.773	-0.023
00.025	29.774	-0.020
00.024	29.775	-0.021
00.024	29.774	-0.020
00.023	29.776	-0.024
00.023	29.776	-0.022
00.024	29.778	-0.022
00.024	29.779	-0.024
00.026	29.779	-0.020
00.025	29.780	-0.023
00.025	29.782	-0.022
00.024	29.782	-0.022
00.023	29.782	-0.021
00.023	29.783	-0.022
00.024	29.784	-0.023
00.023	29.783	-0.021
00.024	29.782	-0.023
00.026	29.783	-0.022
00.026	29.784	-0.020
00.023	29.784	-0.022
00.023	29.785	-0.022
00.023	29.787	-0.022
00.025	29.787	-0.019
00.026	29.788	-0.020
00.026	29.790	-0.023
00.024	29.792	-0.020
00.024	29.793	-0.023
00.025	29.796	-0.020
00.024	29.796	-0.021
00.023	29.797	-0.022
00.023	29.798	-0.022
00.023	29.799	-0.022
00.024	29.799	-0.020
00.025	29.801	-0.019
00.025	29.801	-0.020
00.025	29.801	-0.022
00.025	29.803	-0.021
00.023	29.803	-0.023
00.025	29.803	-0.021
00.023	29.804	-0.022
00.024	29.806	-0.022
00.026	29.807	-0.021
00.025	29.808	-0.020
00.023	29.808	-0.022
00.023	29.809	-0.021
00.025	29.810	-0.022
00.025	29.811	-0.023
00.026	29.812	-0.022
00.026	29.811	-0.021
00.023	29.811	-0.021
00.022	29.811	-0.021
00.023	29.812	-0.021
00.023	29.814	-0.021
00.026	29.815	-0.021
00.026	29.814	-0.021
00.024	29.815	-0.021
00.023	29.816	-0.023
00.025	29.816	-0.021
00.025	29.816	-0.023
00.024	29.817	-0.020
00.024	29.817	-0.021
00.026	29.818	-0.021
00.024	29.817	-0.020
00.024	29.816	-0.023
00.023	29.817	-0.021
00.024	29.817	-0.022
00.025	29.816	-0.021
00.025	29.817	-0.023
00.025	29.818	-0.022
00.024	29.819	-0.021
00.025	29.818	-0.022
00.024	29.819	-0.021
00.026	29.817	-0.023
00.024	29.817	-0.021
00.025	29.815	-0.022
00.025	29.815	-0.021
00.024	29.815	-0.023
00.026	29.815	-0.021
00.026	29.813	-0.022
00.024	29.814	-0.020
00.024	29.812	-0.021
00.026	29.812	-0.022
00.026	29.811	-0.020
00.026	29.811	-0.020
00.024	29.809	-0.020
00.023	29.808	-0.020
00.025	29.808	-0.022
00.024	29.807	-0.020
00.023	29.805	-0.021
00.023	29.804	-0.022
00.023	29.803	-0.022
00.027	29.803	-0.022
00.027	29.803	-0.021
00.024	29.803	-0.021
00.024	29.803	-0.022
00.026	29.802	-0.022
00.027	29.802	-0.022
00.026	29.802	-0.021
00.023	29.800	-0.022
00.025	29.799	-0.021
00.022	29.798	-0.023
00.023	29.799	-0.022
00.021	29.797	-0.022
00.024	29.797	-0.023
00.025	29.796	-0.021
00.025	29.796	-0.020
00.023	29.796	-0.021
00.023	29.796	-0.021
00.025	29.796	-0.023
00.026	29.795	-0.022
00.025	29.794	-0.022
00.024	29.795	-0.023
00.025	29.793	-0.021
00.025	29.793	-0.021
00.024	29.792	-0.022
00.026	29.791	-0.023
00.025	29.790	-0.021
00.024	29.789	-0.021
00.025	29.789	-0.023
00.025	29.787	-0.021
00.025	29.786	-0.022
00.024	29.786	-0.021
00.022	29.785	-0.023
00.022	29.785	-0.019
00.025	29.783	-0.020
00.023	29.784	-0.022
00.024	29.783	-0.022
00.022	29.782	-0.022
00.024	29.782	-0.022
00.026	29.780	-0.023
00.025	29.779	-0.022
00.024	29.778	-0.022
00.023	29.777	-0.020
00.024	29.775	-0.022
00.022	29.776	-0.020
00.022	29.776	-0.022
00.022	29.774	-0.022
00.020	29.774	-0.022
00.023	29.772	-0.023
00.026	29.769	-0.020
00.027	29.768	-0.024
00.025	29.767	-0.021
00.024	29.766	-0.022
00.025	29.765	-0.021
00.024	29.763	-0.022
00.024	29.764	-0.023
00.024	29.764	-0.020
00.024	29.764	-0.022
00.025	29.764	-0.022
00.024	29.764	-0.019
00.023	29.764	-0.020
00.024	29.764	-0.023
00.024	29.763	-0.020
00.025	29.762	-0.023
00.023	29.762	-0.020
00.023	29.762	-0.022
00.025	29.761	-0.022
00.024	29.760	-0.022
00.024	29.759	-0.023
00.024	29.759	-0.022
00.024	29.758	-0.022
00.025	29.757	-0.022
00.026	29.758	-0.023
00.024	29.757	-0.020
00.023	29.757	-0.022
00.025	29.756	-0.021
00.026	29.756	-0.023
00.025	29.755	-0.021
00.025	29.754	-0.021
00.026	29.753	-0.021
00.025	29.752	-0.020
00.025	29.752	-0.021
00.023	29.751	-0.021
00.025	29.750	-0.020
00.025	29.750	-0.023
00.025	29.748	-0.021
00.024	29.748	-0.022
00.025	29.747	-0.022
00.024	29.747	-0.022
00.024	29.747	-0.021
00.025	29.748	-0.021
00.026	29.746	-0.022
00.026	29.745	-0.023
00.024	29.745	-0.020
00.026	29.744	-0.023
00.024	29.743	-0.022
00.024	29.743	-0.021
00.026	29.743	-0.021
00.027	29.741	-0.022
00.023	29.740	-0.021
00.022	29.739	-0.022
00.022	29.740	-0.020
00.024	29.740	-0.021
00.026	29.739	-0.022
00.024	29.740	-0.021
00.024	29.740	-0.022
00.025	29.741	-0.022
00.027	29.740	-0.021
00.025	29.740	-0.022
00.024	29.739	-0.022
00.025	29.739	-0.022
00.023	29.740	-0.021
00.025	29.740	-0.022
00.024	29.738	-0.023
00.024	29.739	-0.022
00.024	29.738	-0.022
00.022	29.738	-0.021
00.023	29.738	-0.022
00.025	29.737	-0.022
00.023	29.735	-0.022
00.023	29.735	-0.021
00.023	29.735	-0.023
00.024	29.733	-0.021
00.024	29.732	-0.023
00.024	29.732	-0.020
00.025	29.730	-0.022
00.024	29.728	-0.021
00.026	29.727	-0.020
00.026	29.726	-0.020
00.025	29.727	-0.022
00.026	29.725	-0.022
00.025	29.724	-0.022
00.025	29.725	-0.022
00.025	29.723	-0.022
00.025	29.724	-0.023
00.023	29.723	-0.022
00.023	29.722	-0.022
00.024	29.724	-0.021
00.023	29.723	-0.021
00.025	29.722	-0.022
00.025	29.722	-0.022
00.024	29.722	-0.022
00.025	29.721	-0.022
00.024	29.721	-0.020
00.024	29.721	-0.023
00.025	29.721	-0.022
00.024	29.721	-0.021
00.024	29.721	-0.021
00.028	29.720	-0.021
00.025	29.720	-0.022
00.024	29.720	-0.021
00.024	29.719	-0.020
00.024	29.718	-0.023
00.026	29.717	-0.022
00.025	29.716	-0.024
00.025	29.716	-0.023
00.025	29.715	-0.022
00.025	29.717	-0.020
00.027	29.715	-0.022
00.024	29.715	-0.023
00.024	29.713	-0.020
00.025	29.713	-0.022
00.026	29.712	-0.022
00.025	29.712	-0.021
00.025	29.711	-0.023
00.025	29.711	-0.021
00.024	29.710	-0.022
00.025	29.709	-0.021
00.023	29.708	-0.022
00.023	29.707	-0.022
00.025	29.707	-0.022
00.023	29.708	-0.021
00.025	29.708	-0.023
00.025	29.709	-0.020
00.026	29.709	-0.022
00.025	29.709	-0.022
00.025	29.708	-0.021
00.026	29.709	-0.021
00.024	29.708	-0.022
00.024	29.709	-0.024
00.025	29.710	-0.023
00.024	29.710	-0.023
00.024	29.709	-0.022
00.024	29.711	-0.021
00.024	29.711	-0.022
00.024	29.712	-0.024
00.025	29.712	-0.023
00.023	29.711	-0.021
00.025	29.711	-0.021
00.024	29.711	-0.022
00.025	29.711	-0.023
00.025	29.712	-0.021
00.025	29.712	-0.021
00.023	29.710	-0.022
00.024	29.711	-0.021
00.025	29.711	-0.022
00.026	29.711	-0.021
00.025	29.712	-0.021
00.024	29.713	-0.020
00.026	29.716	-0.022
00.028	29.716	-0.021
00.028	29.718	-0.020
00.027	29.719	-0.021
00.027	29.718	-0.020
00.027	29.719	-0.020
00.026	29.720	-0.022
00.025	29.720	-0.021
00.026	29.721	-0.022
00.026	29.722	-0.023
00.025	29.723	-0.023
00.026	29.723	-0.021
00.028	29.724	-0.022
00.028	29.724	-0.021
00.026	29.724	-0.022
00.025	29.725	-0.022
00.027	29.725	-0.023
00.026	29.725	-0.022
00.026	29.726	-0.023
00.027	29.727	-0.023
00.027	29.727	-0.023
00.028	29.729	-0.021
00.028	29.729	-0.023
00.028	29.730	-0.019
00.026	29.730	-0.022
00.024	29.730	-0.022
00.024	29.732	-0.023
00.025	29.733	-0.023
00.025	29.732	-0.022
00.024	29.735	-0.021
00.027	29.734	-0.021
00.028	29.735	-0.023
00.026	29.737	-0.022
00.026	29.736	-0.022
00.026	29.738	-0.023
00.026	29.739	-0.021
00.027	29.740	-0.022
00.027	29.742	-0.020
00.029	29.741	-0.020
00.028	29.743	-0.022
00.029	29.743	-0.021
00.026	29.744	-0.022
00.026	29.747	-0.023
00.027	29.747	-0.021
00.028	29.748	-0.020
00.028	29.749	-0.021
00.026	29.750	-0.019
00.026	29.751	-0.020
00.027	29.752	-0.022
00.027	29.753	-0.022
00.024	29.754	-0.020
00.025	29.754	-0.022
00.026	29.756	-0.021
00.026	29.757	-0.021
00.025	29.758	-0.021
00.025	29.759	-0.022
00.024	29.760	-0.023
00.024	29.761	-0.022
00.024	29.762	-0.022
00.024	29.764	-0.022
00.021	29.764	-0.021
00.024	29.765	-0.022
00.027	29.767	-0.021
00.024	29.766	-0.022
00.027	29.767	-0.022
00.026	29.767	-0.021
00.025	29.768	-0.021
00.024	29.769	-0.023
00.025	29.769	-0.022
00.022	29.772	-0.022
00.023	29.770	-0.021
00.026	29.771	-0.022
00.023	29.771	-0.021
00.023	29.772	-0.020
00.024	29.772	-0.021
00.023	29.772	-0.019
00.024	29.772	-0.022
00.025	29.772	-0.021
00.025	29.772	-0.021
00.025	29.773	-0.021
00.026	29.773	-0.021
00.026	29.773	-0.020
00.025	29.772	-0.020
00.024	29.773	-0.022
00.023	29.772	-0.021
00.025	29.773	-0.021
00.025	29.773	-0.021
00.023	29.774	-0.023
00.023	29.773	-0.020
00.024	29.774	-0.020
00.024	29.775	-0.021
00.023	29.775	-0.021
00.022	29.775	-0.021
00.024	29.777	-0.023
00.026	29.777	-0.020
00.026	29.777	-0.020
00.025	29.778	-0.023
00.023	29.777	-0.021
00.023	29.779	-0.021
00.024	29.781	-0.022
00.023	29.780	-0.022
00.023	29.781	-0.022
00.025	29.781	-0.021
00.024	29.782	-0.021
00.024	29.783	-0.021
00.024	29.783	-0.021
00.024	29.783	-0.020
00.024	29.784	-0.023
00.025	29.786	-0.023
00.024	29.785	-0.022
00.023	29.786	-0.022
00.022	29.787	-0.020
00.023	29.788	-0.022
00.022	29.789	-0.020
00.023	29.789	-0.022
00.024	29.788	-0.023
00.026	29.789	-0.021
00.023	29.789	-0.022
00.023	29.789	-0.023
00.023	29.791	-0.020
00.024	29.790	-0.021
00.024	29.790	-0.021
00.022	29.792	-0.022
00.026	29.793	-0.020
00.023	29.794	-0.021
00.024	29.794	-0.020
00.025	29.795	-0.023
00.026	29.794	-0.023
00.022	29.793	-0.020
00.024	29.793	-0.023
00.025	29.793	-0.022
00.025	29.793	-0.021
00.027	29.793	-0.023
00.025	29.793	-0.021
00.025	29.794	-0.022
00.025	29.793	-0.021
00.023	29.793	-0.022
00.024	29.793	-0.021
00.027	29.793	-0.022
00.027	29.794	-0.021
00.024	29.795	-0.021
00.024	29.794	-0.022
00.024	29.794	-0.021
00.024	29.795	-0.019
00.025	29.795	-0.021
00.023	29.793	-0.022
00.026	29.793	-0.021
00.024	29.793	-0.022
00.025	29.792	-0.022
00.024	29.793	-0.021
00.023	29.792	-0.022
00.024	29.791	-0.022
00.025	29.793	-0.021
00.025	29.792	-0.023
00.024	29.793	-0.023
00.025	29.794	-0.023
00.022	29.794	-0.021
00.024	29.794	-0.022
00.025	29.794	-0.020
00.025	29.795	-0.021
00.022	29.796	-0.021
00.022	29.797	-0.020
00.023	29.796	-0.022
00.024	29.797	-0.023
00.023	29.798	-0.020
00.024	29.797	-0.021
00.025	29.797	-0.022
00.026	29.797	-0.023
00.024	29.797	-0.023
00.026	29.799	-0.023
00.024	29.799	-0.021
00.026	29.798	-0.021
00.025	29.799	-0.021
00.025	29.801	-0.021
00.024	29.799	-0.022
00.025	29.801	-0.021
00.024	29.802	-0.022
00.024	29.801	-0.022
00.026	29.804	-0.022
00.026	29.805	-0.022
00.025	29.806	-0.021
00.024	29.805	-0.021
00.025	29.804	-0.022
00.025	29.806	-0.021
00.025	29.807	-0.021
00.024	29.807	-0.021
00.024	29.806	-0.022
00.025	29.807	-0.021
00.025	29.807	-0.022
00.024	29.807	-0.022
00.023	29.807	-0.022
00.024	29.808	-0.020
00.023	29.809	-0.021
00.024	29.810	-0.022
00.024	29.811	-0.022
00.023	29.811	-0.022
00.025	29.812	-0.021
00.023	29.814	-0.023
00.024	29.813	-0.021
00.025	29.815	-0.021
00.026	29.814	-0.021
00.025	29.815	-0.021
00.021	29.816	-0.021
00.025	29.817	-0.022
00.025	29.817	-0.023
00.024	29.818	-0.023
00.025	29.820	-0.021
00.027	29.820	-0.021
00.027	29.821	-0.020
00.026	29.822	-0.021
00.026	29.824	-0.021
00.026	29.825	-0.022
00.026	29.826	-0.020
00.023	29.827	-0.022
00.024	29.829	-0.022
00.022	29.830	-0.021
00.024	29.830	-0.022
00.024	29.831	-0.021
00.024	29.833	-0.022
00.025	29.834	-0.021
00.025	29.836	-0.021
00.023	29.838	-0.023
00.025	29.839	-0.022
00.026	29.839	-0.022
00.024	29.842	-0.023
00.024	29.843	-0.020
00.024	29.845	-0.019
00.025	29.846	-0.022
00.025	29.847	-0.023
00.025	29.849	-0.022
00.026	29.850	-0.020
00.025	29.852	-0.022
00.026	29.854	-0.022
00.026	29.855	-0.021
00.023	29.856	-0.021
00.022	29.858	-0.021
00.024	29.860	-0.021
00.023	29.862	-0.022
00.024	29.864	-0.024
00.025	29.867	-0.021
00.025	29.868	-0.023
00.023	29.870	-0.021
00.023	29.871	-0.021
00.024	29.875	-0.023
00.025	29.876	-0.020
00.024	29.879	-0.021
00.025	29.879	-0.023
00.025	29.883	-0.021
00.025	29.884	-0.021
00.024	29.887	-0.022
00.024	29.887	-0.021
00.024	29.888	-0.020
00.025	29.891	-0.023
00.025	29.892	-0.021
00.023	29.894	-0.021
00.024	29.897	-0.021
00.024	29.899	-0.021
00.025	29.900	-0.021
00.026	29.902	-0.021
00.026	29.905	-0.021
00.026	29.905	-0.023
00.024	29.909	-0.022
00.025	29.911	-0.021
00.023	29.915	-0.022
00.026	29.915	-0.020
00.026	29.917	-0.021
00.026	29.921	-0.021
00.025	29.923	-0.022
00.025	29.925	-0.021
00.025	29.927	-0.021
00.024	29.930	-0.022
00.026	29.932	-0.021
00.025	29.932	-0.021
00.024	29.935	-0.021
00.024	29.937	-0.021
00.024	29.939	-0.020
00.025	29.941	-0.019
00.025	29.942	-0.021
00.025	29.945	-0.021
00.025	29.945	-0.022
00.024	29.949	-0.021
00.023	29.952	-0.020
00.025	29.954	-0.020
00.025	29.957	-0.021
00.025	29.960	-0.020
00.025	29.962	-0.022
00.025	29.965	-0.022
00.024	29.966	-0.022
00.025	29.968	-0.021
00.026	29.971	-0.023
00.026	29.973	-0.020
00.023	29.974	-0.020
00.024	29.977	-0.022
00.024	29.980	-0.019
00.023	29.983	-0.022
00.024	29.985	-0.021
00.024	29.988	-0.022
00.023	29.991	-0.022
00.023	29.992	-0.022
00.025	29.994	-0.022
00.023	29.997	-0.022
00.026	29.999	-0.020
00.025	30.001	-0.020
00.024	30.004	-0.023
00.026	30.005	-0.022
00.024	30.009	-0.022
00.024	30.010	-0.022
00.025	30.013	-0.022
00.024	30.016	-0.021
00.025	30.019	-0.022
00.024	30.022	-0.021
00.024	30.024	-0.019
00.025	30.025	-0.022
00.025	30.028	-0.020
00.025	30.029	-0.021
00.026	30.032	-0.021
00.025	30.034	-0.020
00.026	30.034	-0.022
00.023	30.035	-0.021
00.025	30.037	-0.020
00.026	30.037	-0.022
00.023	30.038	-0.021
00.024	30.039	-0.021
00.024	30.039	-0.021
00.025	30.040	-0.020
00.026	30.040	-0.021
00.025	30.040	-0.020
00.025	30.038	-0.021
00.025	30.038	-0.021
00.026	30.036	-0.022
00.026	30.035	-0.023
00.023	30.034	-0.021
00.023	30.033	-0.021
00.023	30.031	-0.023
00.025	30.031	-0.021
00.025	30.030	-0.022
00.027	30.028	-0.022
00.027	30.027	-0.020
00.021	30.026	-0.021
00.024	30.025	-0.022
00.025	30.025	-0.021
00.023	30.024	-0.022
00.024	30.023	-0.023
00.024	30.023	-0.023
00.025	30.023	-0.023
00.025	30.023	-0.022
00.023	30.022	-0.023
00.024	30.022	-0.021
00.023	30.022	-0.022
00.024	30.023	-0.022
00.025	30.023	-0.021
00.024	30.023	-0.021
00.023	30.023	-0.022
00.025	30.023	-0.022
00.025	30.022	-0.022
00.026	30.022	-0.022
00.026	30.023	-0.022
00.026	30.023	-0.023
00.024	30.023	-0.021
00.025	30.022	-0.021
00.026	30.022	-0.022
00.026	30.022	-0.021
00.024	30.022	-0.021
00.025	30.023	-0.021
00.026	30.024	-0.022
00.025	30.023	-0.021
00.023	30.025	-0.022
00.025	30.024	-0.021
00.026	30.025	-0.022
00.027	30.024	-0.020
00.027	30.025	-0.023
00.024	30.024	-0.020
00.022	30.026	-0.022
00.025	30.026	-0.021
00.024	30.025	-0.022
00.022	30.026	-0.020
00.024	30.026	-0.019
00.025	30.027	-0.022
00.025	30.027	-0.022
00.025	30.026	-0.021
00.027	30.025	-0.022
00.026	30.027	-0.021
00.026	30.026	-0.021
00.024	30.028	-0.020
00.024	30.027	-0.021
00.022	30.027	-0.020
00.025	30.028	-0.022
00.026	30.028	-0.022
00.025	30.028	-0.023
00.024	30.029	-0.020
00.024	30.029	-0.020
00.024	30.030	-0.022
00.025	30.029	-0.020
00.026	30.030	-0.021
00.025	30.030	-0.022
00.024	30.030	-0.022
00.024	30.030	-0.022
00.024	30.031	-0.021
00.025	30.031	-0.021
00.025	30.032	-0.020
00.026	30.031	-0.021
00.026	30.032	-0.022
00.024	30.030	-0.021
00.024	30.031	-0.021
00.024	30.032	-0.023
00.024	30.032	-0.023
00.025	30.033	-0.022
00.025	30.032	-0.021
00.024	30.032	-0.020
00.024	30.032	-0.021
00.025	30.034	-0.021
00.025	30.033	-0.022
00.025	30.035	-0.022
00.024	30.035	-0.021
00.025	30.036	-0.020
00.025	30.036	-0.020
00.025	30.037	-0.022
00.025	30.037	-0.022
00.025	30.039	-0.022
00.024	30.040	-0.021
00.025	30.043	-0.021
00.022	30.044	-0.022
00.024	30.046	-0.022
00.024	30.049	-0.021
00.026	30.051	-0.021
00.025	30.053	-0.021
00.025	30.054	-0.022
00.025	30.057	-0.020
00.026	30.057	-0.022
00.026	30.060	-0.022
00.023	30.062	-0.022
00.024	30.062	-0.021
00.026	30.063	-0.021
00.023	30.065	-0.022
00.023	30.065	-0.021
00.025	30.067	-0.022
00.025	30.066	-0.020
00.025	30.066	-0.021
00.025	30.067	-0.021
00.022	30.066	-0.021
00.023	30.067	-0.022
00.025	30.068	-0.022
00.024	30.067	-0.021
00.024	30.066	-0.021
00.024	30.064	-0.022
00.024	30.064	-0.021
00.024	30.062	-0.021
00.024	30.061	-0.021
00.026	30.060	-0.021
00.024	30.059	-0.022
00.024	30.059	-0.022
00.024	30.058	-0.020
00.024	30.058	-0.020
00.024	30.057	-0.021
00.024	30.057	-0.020
00.024	30.056	-0.020
00.024	30.057	-0.023
00.024	30.056	-0.021
00.024	30.054	-0.021
00.025	30.055	-0.022
00.025	30.054	-0.021
00.023	30.055	-0.021
00.022	30.054	-0.021
00.024	30.053	-0.021
00.025	30.054	-0.022
00.022	30.054	-0.023
00.022	30.054	-0.022
00.025	30.055	-0.019
00.022	30.054	-0.021
00.024	30.054	-0.021
00.025	30.053	-0.019
00.024	30.053	-0.021
00.022	30.055	-0.021
00.024	30.053	-0.021
00.024	30.054	-0.021
00.024	30.052	-0.022
00.023	30.052	-0.023
00.024	30.050	-0.023
00.022	30.049	-0.021
00.025	30.049	-0.021
00.026	30.049	-0.022
00.026	30.049	-0.021
00.024	30.050	-0.021
00.025	30.050	-0.020
00.024	30.050	-0.022
00.024	30.049	-0.021
00.025	30.048	-0.022
00.024	30.048	-0.022
00.024	30.049	-0.021
00.025	30.049	-0.022
00.025	30.048	-0.023
00.023	30.049	-0.022
00.023	30.049	-0.021
00.024	30.049	-0.022
00.022	30.049	-0.021
00.026	30.049	-0.022
00.024	30.048	-0.023
00.023	30.049	-0.023
00.023	30.049	-0.019
00.022	30.050	-0.021
00.024	30.049	-0.023
00.025	30.049	-0.021
00.022	30.049	-0.022
00.022	30.049	-0.022
00.024	30.048	-0.022
00.025	30.048	-0.022
00.022	30.048	-0.021
00.023	30.047	-0.022
00.025	30.047	-0.021
00.025	30.046	-0.020
00.024	30.045	-0.021
00.024	30.044	-0.020
00.024	30.043	-0.021
00.025	30.041	-0.020
00.024	30.040	-0.023
00.024	30.039	-0.023
00.025	30.038	-0.022
00.024	30.038	-0.021
00.026	30.038	-0.022
00.024	30.038	-0.021
00.023	30.039	-0.022
00.023	30.038	-0.022
00.023	30.038	-0.023
00.023	30.038	-0.020
00.024	30.037	-0.022
00.024	30.038	-0.022
00.023	30.037	-0.023
00.025	30.038	-0.022
00.024	30.038	-0.021
00.022	30.040	-0.020
00.023	30.041	-0.022
00.023	30.043	-0.021
00.023	30.042	-0.021
00.025	30.043	-0.019
00.024	30.045	-0.020
00.025	30.046	-0.022
00.024	30.048	-0.021
00.025	30.049	-0.021
00.025	30.049	-0.022
00.024	30.052	-0.021
00.023	30.052	-0.021
00.026	30.054	-0.022
00.024	30.055	-0.022
00.025	30.056	-0.021
00.023	30.057	-0.021
00.024	30.058	-0.021
00.024	30.060	-0.023
00.024	30.061	-0.023
00.023	30.064	-0.020
00.023	30.066	-0.021
00.024	30.067	-0.021
00.024	30.068	-0.022
00.025	30.070	-0.023
00.023	30.071	-0.020
00.024	30.072	-0.021
00.024	30.074	-0.022
00.025	30.075	-0.021
00.023	30.077	-0.021
00.023	30.078	-0.021
00.023	30.079	-0.023
00.024	30.081	-0.021
00.023	30.081	-0.022
00.023	30.084	-0.022
00.024	30.084	-0.023
00.024	30.085	-0.022
00.024	30.085	-0.022
00.022	30.086	-0.021
00.024	30.088	-0.021
00.024	30.089	-0.021
00.025	30.091	-0.021
00.025	30.092	-0.022
00.023	30.093	-0.022
00.025	30.095	-0.022
00.023	30.097	-0.023
00.025	30.096	-0.021
00.023	30.097	-0.023
00.024	30.099	-0.021
00.025	30.099	-0.023
00.023	30.101	-0.022
00.024	30.101	-0.021
00.024	30.101	-0.021
00.023	30.102	-0.021
00.024	30.103	-0.021
00.023	30.105	-0.021
00.023	30.106	-0.021
00.023	30.107	-0.021
00.023	30.110	-0.022
00.023	30.111	-0.022
00.025	30.112	-0.022
00.022	30.114	-0.021
00.023	30.115	-0.021
00.024	30.117	-0.020
00.024	30.117	-0.023
00.024	30.117	-0.021
00.023	30.118	-0.020
00.023	30.118	-0.022
00.024	30.119	-0.023
00.024	30.119	-0.021
00.024	30.121	-0.021
00.025	30.119	-0.022
00.024	30.117	-0.022
00.024	30.118	-0.020
00.023	30.119	-0.021
00.026	30.118	-0.023
00.023	30.119	-0.021
00.024	30.120	-0.020
00.024	30.120	-0.022
00.026	30.121	-0.022
00.025	30.122	-0.022
00.026	30.122	-0.022
00.024	30.123	-0.020
00.023	30.122	-0.021
00.022	30.123	-0.022
00.022	30.123	-0.020
00.024	30.124	-0.022
00.022	30.125	-0.023
00.024	30.126	-0.022
00.023	30.127	-0.022
00.023	30.127	-0.020
00.023	30.128	-0.021
00.023	30.128	-0.022
00.023	30.128	-0.022
00.025	30.130	-0.022
00.022	30.130	-0.022
00.023	30.130	-0.022
00.024	30.129	-0.023
00.023	30.130	-0.020
00.023	30.130	-0.020
00.023	30.129	-0.022
00.023	30.129	-0.020
00.024	30.128	-0.022
00.025	30.128	-0.021
00.024	30.126	-0.022
00.024	30.125	-0.021
00.024	30.124	-0.019
00.024	30.125	-0.022
00.023	30.125	-0.022
00.023	30.127	-0.022
00.024	30.127	-0.021
00.023	30.127	-0.020
00.022	30.129	-0.022
00.021	30.129	-0.023
00.024	30.131	-0.022
00.022	30.132	-0.021
00.022	30.132	-0.023
00.022	30.131	-0.021
00.024	30.130	-0.022
00.023	30.130	-0.023
00.022	30.129	-0.021
00.023	30.130	-0.021
00.023	30.129	-0.021
00.023	30.131	-0.020
00.025	30.132	-0.021
00.025	30.134	-0.021
00.025	30.135	-0.022
00.021	30.136	-0.022
00.023	30.139	-0.020
00.021	30.140	-0.022
00.023	30.142	-0.021
00.024	30.144	-0.022
00.023	30.146	-0.021
00.022	30.147	-0.022
00.023	30.149	-0.020
00.021	30.151	-0.021
00.023	30.152	-0.020
00.022	30.154	-0.021
00.022	30.155	-0.023
00.023	30.155	-0.022
00.024	30.157	-0.022
00.024	30.159	-0.022
00.024	30.160	-0.023
00.022	30.163	-0.022
00.025	30.165	-0.021
00.023	30.167	-0.021
00.025	30.168	-0.022
00.025	30.169	-0.021
00.024	30.171	-0.022
00.024	30.174	-0.022
00.024	30.175	-0.020
00.022	30.178	-0.021
00.023	30.180	-0.022
00.024	30.181	-0.023
00.023	30.183	-0.021
00.025	30.185	-0.022
00.025	30.187	-0.022
00.024	30.188	-0.021
00.025	30.189	-0.022
00.021	30.190	-0.020
00.024	30.191	-0.021
00.023	30.191	-0.021
00.022	30.192	-0.022
00.022	30.192	-0.021
00.023	30.193	-0.022
00.023	30.193	-0.021
00.022	30.193	-0.020
00.022	30.194	-0.022
00.023	30.195	-0.021
00.023	30.196	-0.021
00.021	30.197	-0.022
00.024	30.197	-0.022
00.023	30.198	-0.022
00.022	30.199	-0.020
00.021	30.202	-0.022
00.022	30.202	-0.020
00.023	30.203	-0.022
00.023	30.205	-0.020
00.023	30.205	-0.021
00.021	30.206	-0.023
00.023	30.206	-0.021
00.023	30.206	-0.021
00.022	30.208	-0.020
00.023	30.207	-0.021
00.023	30.210	-0.020
00.022	30.210	-0.022
00.022	30.211	-0.020
00.022	30.213	-0.022
00.023	30.214	-0.023
00.023	30.216	-0.023
00.022	30.218	-0.024
00.023	30.218	-0.021
00.022	30.218	-0.021
00.022	30.220	-0.023
00.025	30.222	-0.021
00.023	30.221	-0.021
00.023	30.221	-0.020
00.025	30.222	-0.021
00.025	30.220	-0.021
00.024	30.220	-0.022
00.022	30.221	-0.020
00.024	30.223	-0.022
00.025	30.223	-0.021
00.024	30.224	-0.021
00.023	30.225	-0.019
00.024	30.225	-0.021
00.023	30.226	-0.022
00.022	30.228	-0.020
00.023	30.229	-0.021
00.023	30.230	-0.023
00.023	30.231	-0.022
00.024	30.233	-0.022
00.022	30.234	-0.021
00.023	30.236	-0.020
00.023	30.238	-0.022
00.026	30.239	-0.021
00.023	30.240	-0.021
00.023	30.241	-0.018
00.025	30.242	-0.021
00.025	30.244	-0.021
00.022	30.244	-0.021
00.022	30.247	-0.021
00.023	30.248	-0.020
00.022	30.248	-0.022
00.022	30.248	-0.023
00.023	30.250	-0.024
00.023	30.252	-0.021
00.024	30.254	-0.022
00.023	30.254	-0.021
00.023	30.256	-0.021
00.022	30.258	-0.023
00.023	30.260	-0.020
00.022	30.262	-0.023
00.020	30.263	-0.020
00.020	30.264	-0.022
00.022	30.266	-0.021
00.021	30.267	-0.019
00.021	30.268	-0.022
00.023	30.269	-0.020
00.022	30.270	-0.021
00.024	30.270	-0.021
00.022	30.270	-0.021
00.023	30.270	-0.023
00.024	30.272	-0.021
00.024	30.273	-0.021
00.024	30.276	-0.022
00.022	30.277	-0.022
00.024	30.279	-0.021
00.023	30.280	-0.023
00.022	30.280	-0.022
00.023	30.281	-0.021
00.021	30.282	-0.019
00.022	30.284	-0.021
00.022	30.285	-0.021
00.023	30.286	-0.021
00.022	30.287	-0.021
00.021	30.287	-0.022
00.022	30.286	-0.022
00.022	30.286	-0.020
00.022	30.286	-0.022
00.022	30.288	-0.020
00.022	30.289	-0.023
00.022	30.289	-0.022
00.021	30.291	-0.022
00.022	30.292	-0.022
00.022	30.294	-0.023
00.021	30.294	-0.021
00.021	30.293	-0.023
00.021	30.294	-0.021
00.022	30.294	-0.021
00.022	30.295	-0.022
00.022	30.295	-0.022
00.022	30.294	-0.022
00.022	30.295	-0.023
00.022	30.296	-0.023
00.020	30.295	-0.022
00.021	30.296	-0.022
00.024	30.297	-0.022
00.023	30.296	-0.022
00.023	30.295	-0.022
00.023	30.295	-0.022
00.021	30.295	-0.023
00.024	30.294	-0.023
00.021	30.294	-0.023
00.022	30.294	-0.023
00.022	30.293	-0.021
00.021	30.295	-0.022
00.022	30.295	-0.020
00.021	30.295	-0.023
00.022	30.296	-0.021
00.022	30.296	-0.022
00.023	30.298	-0.020
00.023	30.299	-0.022
00.022	30.298	-0.022
00.021	30.298	-0.023
00.023	30.300	-0.021
00.024	30.300	-0.020
00.022	30.301	-0.020
00.022	30.302	-0.020
00.022	30.304	-0.022
00.023	30.305	-0.020
00.023	30.306	-0.021
00.023	30.306	-0.021
00.023	30.307	-0.022
00.023	30.305	-0.021
00.024	30.305	-0.021
00.025	30.307	-0.021
00.025	30.307	-0.023
00.024	30.308	-0.021
00.022	30.309	-0.021
00.022	30.310	-0.020
00.022	30.311	-0.022
00.021	30.311	-0.022
00.023	30.312	-0.022
00.020	30.312	-0.022
00.021	30.313	-0.020
00.020	30.316	-0.021
00.022	30.316	-0.022
00.023	30.317	-0.022
00.024	30.317	-0.021
00.023	30.319	-0.022
00.023	30.320	-0.022
00.021	30.320	-0.021
00.020	30.322	-0.022
00.022	30.322	-0.021
00.023	30.322	-0.023
00.022	30.325	-0.021
00.023	30.325	-0.020
00.022	30.326	-0.022
00.021	30.327	-0.024
00.022	30.327	-0.020
00.023	30.329	-0.020
00.023	30.331	-0.022
00.021	30.332	-0.022
00.022	30.333	-0.023
00.021	30.333	-0.021
00.021	30.334	-0.021
00.023	30.336	-0.020
00.021	30.337	-0.022
00.022	30.337	-0.023
00.022	30.337	-0.022
00.023	30.337	-0.021
00.024	30.337	-0.024
00.023	30.338	-0.021
00.024	30.339	-0.023
00.025	30.338	-0.021
00.026	30.338	-0.024
00.024	30.337	-0.023
00.024	30.335	-0.024
00.023	30.333	-0.022
00.024	30.333	-0.022
00.024	30.332	-0.023
00.023	30.332	-0.022
00.022	30.333	-0.021
00.025	30.332	-0.022
00.025	30.332	-0.020
00.025	30.329	-0.020
00.020	30.329	-0.023
00.023	30.329	-0.022
00.024	30.330	-0.020
00.025	30.330	-0.021
00.023	30.332	-0.023
00.025	30.332	-0.023
00.024	30.333	-0.021
00.022	30.333	-0.022
00.023	30.332	-0.021
00.023	30.331	-0.021
00.024	30.332	-0.021
00.022	30.332	-0.021
00.024	30.331	-0.021
00.024	30.332	-0.023
00.026	30.332	-0.022
00.024	30.331	-0.022
00.022	30.332	-0.020
00.022	30.333	-0.019
00.024	30.333	-0.021
00.022	30.332	-0.021
00.022	30.331	-0.019
00.023	30.330	-0.021
00.022	30.329	-0.023
00.023	30.329	-0.022
00.022	30.329	-0.021
00.023	30.331	-0.021
00.024	30.332	-0.022
00.025	30.332	-0.021
00.025	30.331	-0.021
00.023	30.332	-0.023
00.023	30.332	-0.023
00.020	30.333	-0.021
00.021	30.334	-0.020
00.022	30.334	-0.021
00.023	30.335	-0.021
00.020	30.336	-0.023
00.021	30.338	-0.022
00.022	30.337	-0.020
00.021	30.338	-0.022
00.024	30.340	-0.021
00.024	30.340	-0.020
00.023	30.341	-0.022
00.023	30.340	-0.023
00.024	30.342	-0.022
00.022	30.342	-0.020
00.023	30.342	-0.021
00.025	30.343	-0.023
00.022	30.344	-0.022
00.021	30.345	-0.021
00.021	30.347	-0.020
00.021	30.347	-0.021
00.022	30.350	-0.022
00.022	30.350	-0.022
00.022	30.351	-0.022
00.022	30.352	-0.021
00.024	30.353	-0.021
00.026	30.355	-0.021
00.026	30.357	-0.023
00.023	30.357	-0.020
00.024	30.359	-0.022
00.025	30.360	-0.022
00.025	30.360	-0.024
00.025	30.361	-0.022
00.023	30.363	-0.021
00.023	30.365	-0.023
00.025	30.366	-0.021
00.024	30.366	-0.022
00.023	30.370	-0.022
00.023	30.370	-0.020
00.022	30.371	-0.021
00.020	30.372	-0.021
00.022	30.373	-0.020
00.022	30.375	-0.021
00.024	30.376	-0.023
00.024	30.377	-0.021
00.022	30.378	-0.022
00.022	30.379	-0.021
00.025	30.381	-0.019
00.023	30.381	-0.021
00.023	30.383	-0.021
00.024	30.382	-0.021
00.024	30.383	-0.023
00.024	30.383	-0.023
00.024	30.383	-0.021
00.022	30.383	-0.023
00.023	30.385	-0.022
00.023	30.385	-0.021
00.023	30.386	-0.022
00.023	30.385	-0.023
00.023	30.387	-0.022
00.023	30.386	-0.023
00.023	30.387	-0.022
00.023	30.385	-0.022
00.024	30.385	-0.021
00.022	30.387	-0.021
00.021	30.388	-0.021
00.021	30.389	-0.020
00.022	30.390	-0.022
00.023	30.390	-0.021
00.021	30.392	-0.022
00.022	30.392	-0.021
00.022	30.393	-0.022
00.022	30.395	-0.022
00.022	30.396	-0.022
00.023	30.398	-0.022
00.022	30.399	-0.020
00.023	30.400	-0.021
00.023	30.401	-0.022
00.022	30.401	-0.022
00.024	30.403	-0.022
00.024	30.403	-0.022
00.024	30.404	-0.022
00.025	30.406	-0.023
00.020	30.404	-0.021
00.020	30.405	-0.021
00.022	30.404	-0.020
00.021	30.404	-0.021
00.021	30.404	-0.022
00.020	30.404	-0.021
00.023	30.402	-0.021
00.023	30.403	-0.020
00.025	30.404	-0.022
00.023	30.403	-0.023
00.022	30.405	-0.022
00.023	30.406	-0.020
00.023	30.405	-0.021
00.025	30.406	-0.021
00.025	30.406	-0.021
00.024	30.406	-0.021
00.023	30.408	-0.023
00.023	30.410	-0.023
00.023	30.411	-0.023
00.023	30.413	-0.020
00.023	30.412	-0.021
00.024	30.413	-0.022
00.022	30.415	-0.021
00.022	30.415	-0.023
00.024	30.416	-0.023
00.023	30.418	-0.020
00.024	30.420	-0.022
00.025	30.421	-0.022
00.025	30.421	-0.022
00.026	30.422	-0.022
00.024	30.423	-0.022
00.024	30.425	-0.021
00.022	30.425	-0.022
00.023	30.426	-0.021
00.022	30.424	-0.021
00.024	30.425	-0.022
00.020	30.425	-0.021
00.020	30.425	-0.022
00.020	30.426	-0.023
00.022	30.427	-0.021
00.022	30.426	-0.022
00.024	30.427	-0.022
00.022	30.426	-0.021
00.022	30.426	-0.021
00.025	30.425	-0.021
00.023	30.423	-0.022
00.024	30.422	-0.019
00.023	30.422	-0.021
00.025	30.422	-0.023
00.024	30.423	-0.022
00.022	30.422	-0.022
00.025	30.421	-0.025
00.025	30.421	-0.022
00.023	30.421	-0.021
00.023	30.423	-0.021
00.024	30.422	-0.022
00.025	30.423	-0.021
00.022	30.424	-0.022
00.022	30.422	-0.022
00.024	30.422	-0.021
00.023	30.421	-0.021
00.024	30.422	-0.020
00.021	30.424	-0.020
00.023	30.424	-0.022
00.020	30.427	-0.022
00.022	30.429	-0.021
00.022	30.431	-0.021
00.025	30.432	-0.023
00.025	30.433	-0.022
00.022	30.435	-0.022
00.024	30.437	-0.021
00.025	30.438	-0.021
00.025	30.440	-0.021
00.022	30.440	-0.022
00.023	30.441	-0.023
00.024	30.444	-0.021
00.024	30.444	-0.022
00.021	30.445	-0.022
00.022	30.446	-0.022
00.022	30.448	-0.020
00.024	30.448	-0.021
00.023	30.451	-0.022
00.025	30.449	-0.023
00.023	30.451	-0.019
00.024	30.450	-0.020
00.023	30.451	-0.022
00.023	30.452	-0.023
00.025	30.454	-0.020
00.025	30.454	-0.021
00.023	30.456	-0.020
00.023	30.455	-0.021
00.024	30.456	-0.022
00.025	30.454	-0.021
00.025	30.453	-0.021
00.023	30.454	-0.022
00.023	30.455	-0.021
00.023	30.454	-0.021
00.023	30.453	-0.021
00.024	30.453	-0.022
00.022	30.452	-0.020
00.023	30.449	-0.022
00.024	30.450	-0.022
00.024	30.449	-0.022
00.024	30.450	-0.020
00.023	30.449	-0.022
00.024	30.447	-0.020
00.024	30.446	-0.023
00.023	30.446	-0.022
00.023	30.443	-0.023
00.024	30.443	-0.024
00.023	30.440	-0.021
00.024	30.439	-0.022
00.024	30.436	-0.020
00.023	30.435	-0.023
00.020	30.434	-0.021
00.022	30.432	-0.022
00.023	30.431	-0.022
00.026	30.428	-0.023
00.026	30.424	-0.021
00.026	30.420	-0.022
00.025	30.419	-0.022
00.025	30.418	-0.021
00.025	30.417	-0.022
00.024	30.415	-0.021
00.026	30.411	-0.021
00.026	30.406	-0.022
00.025	30.404	-0.021
00.024	30.404	-0.021
00.024	30.404	-0.019
00.024	30.401	-0.022
00.024	30.401	-0.021
00.023	30.402	-0.022
00.024	30.401	-0.022
00.020	30.398	-0.022
00.021	30.396	-0.022
00.021	30.397	-0.023
00.022	30.399	-0.022
00.022	30.401	-0.020
00.022	30.403	-0.022
00.022	30.406	-0.021
00.024	30.408	-0.022
00.022	30.409	-0.021
00.024	30.412	-0.022
00.021	30.410	-0.019
00.021	30.411	-0.021
00.022	30.411	-0.022
00.023	30.411	-0.021
00.024	30.410	-0.022
00.023	30.411	-0.021
00.023	30.411	-0.021
00.025	30.410	-0.022
00.025	30.410	-0.021
00.025	30.407	-0.021
00.026	30.405	-0.021
00.024	30.403	-0.022
00.024	30.400	-0.021
00.021	30.395	-0.022
00.024	30.390	-0.021
00.023	30.391	-0.022
00.024	30.393	-0.022
00.023	30.395	-0.022
00.024	30.398	-0.023
00.024	30.401	-0.024
00.024	30.405	-0.020
00.024	30.407	-0.023
00.024	30.408	-0.021
00.024	30.409	-0.023
00.022	30.409	-0.022
00.023	30.409	-0.021
00.023	30.413	-0.022
00.023	30.415	-0.024
00.022	30.417	-0.023
00.024	30.418	-0.022
00.024	30.422	-0.021
00.023	30.426	-0.022
00.024	30.432	-0.020
00.024	30.441	-0.022
00.023	30.450	-0.021
00.022	30.459	-0.023
00.023	30.467	-0.021
00.025	30.473	-0.023
00.022	30.480	-0.022
00.022	30.485	-0.022
00.024	30.489	-0.024
00.023	30.496	-0.023
00.022	30.502	-0.021
00.022	30.508	-0.022
00.023	30.512	-0.022
00.023	30.517	-0.022
00.024	30.522	-0.021
00.023	30.527	-0.022
00.023	30.531	-0.022
00.022	30.535	-0.022
00.023	30.539	-0.021
00.023	30.543	-0.022
00.023	30.547	-0.022
00.024	30.553	-0.021
00.022	30.556	-0.022
00.022	30.560	-0.022
00.022	30.562	-0.022
00.025	30.567	-0.022
00.024	30.570	-0.022
00.022	30.574	-0.022
00.023	30.576	-0.022
00.023	30.579	-0.021
00.024	30.581	-0.023
00.024	30.586	-0.023
00.024	30.588	-0.023
00.023	30.592	-0.022
00.024	30.596	-0.020
00.022	30.600	-0.022
00.022	30.602	-0.022
00.022	30.606	-0.023
00.022	30.610	-0.022
00.022	30.612	-0.022
00.022	30.615	-0.022
00.024	30.619	-0.020
00.024	30.622	-0.022
00.021	30.624	-0.021
00.022	30.629	-0.023
00.024	30.632	-0.022
00.023	30.633	-0.024
00.023	30.638	-0.020
00.022	30.641	-0.021
00.023	30.643	-0.022
00.023	30.645	-0.023
00.024	30.648	-0.023
00.022	30.650	-0.020
00.024	30.653	-0.021
00.023	30.655	-0.022
00.023	30.656	-0.023
00.022	30.655	-0.022
00.022	30.656	-0.020
00.022	30.659	-0.022
00.022	30.661	-0.022
00.023	30.664	-0.022
00.024	30.669	-0.023
00.022	30.673	-0.022
00.022	30.678	-0.021
00.023	30.682	-0.023
00.024	30.686	-0.020
00.023	30.690	-0.022
00.022	30.694	-0.021
00.022	30.698	-0.022
00.022	30.702	-0.023
00.024	30.706	-0.022
00.024	30.708	-0.022
00.024	30.709	-0.022
00.022	30.711	-0.021
00.021	30.713	-0.021
00.023	30.716	-0.021
00.021	30.717	-0.021
00.023	30.718	-0.021
00.023	30.720	-0.022
00.022	30.721	-0.020
00.021	30.724	-0.022
00.023	30.726	-0.020
00.024	30.728	-0.021
00.022	30.732	-0.022
00.024	30.733	-0.023
00.022	30.737	-0.021
00.023	30.740	-0.021
00.023	30.743	-0.021
00.022	30.745	-0.022
00.022	30.749	-0.022
00.023	30.751	-0.021
00.023	30.752	-0.022
00.021	30.753	-0.022
00.024	30.751	-0.021
00.023	30.750	-0.021
00.024	30.752	-0.023
00.022	30.753	-0.023
00.022	30.752	-0.023
00.022	30.752	-0.021
00.023	30.753	-0.021
00.021	30.754	-0.021
00.023	30.755	-0.023
00.022	30.756	-0.021
00.022	30.757	-0.021
00.021	30.760	-0.020
00.022	30.763	-0.022
00.024	30.765	-0.022
00.024	30.767	-0.021
00.023	30.771	-0.021
00.023	30.774	-0.020
00.023	30.776	-0.022
00.022	30.778	-0.022
00.023	30.782	-0.021
00.021	30.783	-0.021
00.021	30.787	-0.021
00.020	30.790	-0.022
00.022	30.791	-0.022
00.023	30.793	-0.021
00.023	30.793	-0.022
00.023	30.797	-0.022
00.022	30.797	-0.021
00.021	30.799	-0.022
00.021	30.802	-0.021
00.022	30.803	-0.023
00.021	30.803	-0.022
00.022	30.804	-0.022
00.022	30.805	-0.024
00.022	30.807	-0.023
00.023	30.810	-0.021
00.024	30.812	-0.022
00.022	30.815	-0.022
00.022	30.816	-0.022
00.023	30.817	-0.022
00.023	30.820	-0.022
00.024	30.823	-0.022
00.023	30.825	-0.022
00.023	30.826	-0.023
00.022	30.827	-0.021
00.023	30.829	-0.021
00.024	30.831	-0.023
00.022	30.833	-0.022
00.023	30.834	-0.021
00.021	30.833	-0.021
00.023	30.836	-0.022
00.023	30.836	-0.023
00.022	30.837	-0.022
00.021	30.839	-0.021
00.021	30.839	-0.024
00.022	30.840	-0.021
00.021	30.840	-0.023
00.022	30.843	-0.022
00.023	30.844	-0.023
00.019	30.845	-0.021
00.023	30.847	-0.022
00.022	30.849	-0.022
00.022	30.851	-0.022
00.022	30.851	-0.021
00.024	30.853	-0.021
00.022	30.854	-0.020
00.024	30.856	-0.021
00.023	30.856	-0.022
00.022	30.859	-0.022
00.022	30.861	-0.022
00.023	30.864	-0.021
00.023	30.865	-0.020
00.022	30.868	-0.023
00.023	30.870	-0.023
00.021	30.870	-0.021
00.023	30.873	-0.022
00.022	30.876	-0.022
00.023	30.877	-0.021
00.022	30.879	-0.020
00.021	30.881	-0.024
00.021	30.883	-0.022
00.023	30.884	-0.022
00.022	30.886	-0.023
00.022	30.887	-0.021
00.023	30.887	-0.021
00.022	30.888	-0.021
00.024	30.889	-0.021
00.022	30.888	-0.022
00.024	30.888	-0.023
00.023	30.891	-0.022
00.023	30.891	-0.022
00.023	30.890	-0.022
00.021	30.892	-0.022
00.022	30.892	-0.021
00.022	30.892	-0.022
00.023	30.893	-0.023
00.023	30.895	-0.021
00.021	30.896	-0.021
00.022	30.898	-0.021
00.021	30.899	-0.022
00.022	30.900	-0.024
00.023	30.901	-0.022
00.022	30.901	-0.022
00.022	30.901	-0.022
00.020	30.901	-0.022
00.020	30.904	-0.021
00.025	30.903	-0.022
00.023	30.906	-0.022
00.022	30.906	-0.021
00.024	30.909	-0.022
00.022	30.911	-0.024
00.022	30.912	-0.022
00.022	30.913	-0.023
00.023	30.913	-0.022
00.024	30.914	-0.022
00.024	30.915	-0.021
00.022	30.916	-0.022
00.022	30.915	-0.022
00.020	30.917	-0.023
00.020	30.918	-0.025
00.022	30.920	-0.022
00.022	30.921	-0.022
00.021	30.924	-0.021
00.022	30.925	-0.022
00.023	30.926	-0.023
00.023	30.928	-0.024
00.022	30.928	-0.023
00.021	30.930	-0.021
00.020	30.931	-0.023
00.020	30.932	-0.023
00.021	30.934	-0.024
00.022	30.936	-0.023
00.021	30.936	-0.022
00.022	30.939	-0.022
00.021	30.940	-0.021
00.021	30.942	-0.022
00.022	30.944	-0.022
00.024	30.945	-0.020
00.025	30.948	-0.021
00.022	30.951	-0.021
00.023	30.951	-0.021
00.023	30.953	-0.021
00.023	30.954	-0.021
00.024	30.956	-0.022
00.023	30.958	-0.021
00.023	30.959	-0.022
00.023	30.962	-0.022
00.023	30.963	-0.023
00.022	30.966	-0.022
00.022	30.968	-0.022
00.022	30.969	-0.020
00.023	30.972	-0.020
00.024	30.974	-0.023
00.024	30.977	-0.021
00.021	30.978	-0.020
00.022	30.981	-0.022
00.022	30.983	-0.022
00.024	30.986	-0.022
00.023	30.988	-0.022
00.022	30.991	-0.023
00.023	30.992	-0.023
00.021	30.994	-0.021
00.022	30.994	-0.022
00.023	30.996	-0.023
00.025	30.997	-0.022
00.022	30.998	-0.023
00.023	31.001	-0.023
00.020	31.003	-0.020
00.021	31.003	-0.023
00.021	31.005	-0.023
00.022	31.005	-0.022
00.022	31.007	-0.023
00.022	31.009	-0.024
00.022	31.009	-0.021
00.021	31.009	-0.022
00.021	31.012	-0.021
00.021	31.012	-0.021
00.021	31.012	-0.022
00.021	31.013	-0.023
00.021	31.014	-0.023
00.020	31.015	-0.022
00.022	31.016	-0.023
00.022	31.017	-0.021
00.024	31.017	-0.023
00.022	31.019	-0.022
00.023	31.021	-0.022
00.022	31.023	-0.021
00.023	31.025	-0.021
00.022	31.027	-0.024
00.021	31.029	-0.022
00.024	31.032	-0.023
00.022	31.034	-0.023
00.020	31.037	-0.021
00.022	31.040	-0.024
00.024	31.041	-0.022
00.026	31.044	-0.021
00.024	31.047	-0.021
00.026	31.049	-0.021
00.026	31.051	-0.020
00.024	31.052	-0.021
00.023	31.054	-0.023
00.023	31.056	-0.022
00.023	31.057	-0.020
00.021	31.060	-0.022
00.021	31.062	-0.022
00.022	31.063	-0.020
00.021	31.067	-0.022
00.021	31.068	-0.024
00.022	31.072	-0.023
00.021	31.073	-0.022
00.022	31.075	-0.022
00.024	31.076	-0.023
00.023	31.077	-0.022
00.023	31.081	-0.021
00.022	31.081	-0.022
00.023	31.081	-0.022
00.023	31.082	-0.022
00.023	31.083	-0.020
00.022	31.084	-0.022
00.023	31.084	-0.022
00.022	31.085	-0.022
00.022	31.086	-0.021
00.023	31.088	-0.023
00.024	31.088	-0.024
00.023	31.090	-0.020
00.023	31.092	-0.020
00.024	31.091	-0.021
00.023	31.092	-0.022
00.023	31.094	-0.020
00.024	31.095	-0.021
00.023	31.095	-0.021
00.022	31.097	-0.022
00.023	31.097	-0.021
00.024	31.097	-0.022
00.025	31.095	-0.022
00.022	31.095	-0.022
00.023	31.095	-0.022
00.023	31.095	-0.021
00.024	31.096	-0.022
00.023	31.097	-0.021
00.023	31.096	-0.023
00.021	31.097	-0.023
00.021	31.098	-0.021
00.022	31.099	-0.021
00.023	31.099	-0.022
00.025	31.097	-0.023
00.023	31.097	-0.022
00.024	31.097	-0.024
00.022	31.097	-0.022
00.024	31.097	-0.021
00.023	31.098	-0.021
00.023	31.099	-0.022
00.022	31.101	-0.022
00.024	31.102	-0.021
00.022	31.103	-0.022
00.024	31.104	-0.022
00.023	31.105	-0.022
00.023	31.107	-0.021
00.023	31.108	-0.023
00.022	31.110	-0.022
00.024	31.112	-0.022
00.023	31.114	-0.022
00.022	31.117	-0.022
00.022	31.117	-0.021
00.023	31.119	-0.020
00.024	31.123	-0.022
00.020	31.124	-0.022
00.022	31.125	-0.022
00.022	31.127	-0.022
00.022	31.128	-0.022
00.021	31.131	-0.023
00.023	31.132	-0.023
00.023	31.133	-0.022
00.024	31.133	-0.023
00.023	31.134	-0.023
00.021	31.134	-0.022
00.023	31.136	-0.021
00.020	31.137	-0.020
00.021	31.138	-0.021
00.022	31.139	-0.022
00.022	31.140	-0.021
00.021	31.142	-0.022
00.023	31.143	-0.020
00.024	31.145	-0.023
00.024	31.148	-0.022
00.025	31.148	-0.024
00.023	31.149	-0.021
00.025	31.150	-0.022
00.025	31.151	-0.023
00.024	31.153	-0.022
00.025	31.154	-0.021
00.023	31.155	-0.021
00.020	31.157	-0.022
00.022	31.158	-0.023
00.023	31.159	-0.021
00.023	31.159	-0.022
00.022	31.160	-0.022
00.024	31.160	-0.021
00.023	31.161	-0.021
00.023	31.160	-0.021
00.023	31.161	-0.024
00.025	31.163	-0.022
00.022	31.164	-0.021
00.023	31.167	-0.021
00.025	31.169	-0.023
00.024	31.171	-0.023
00.022	31.174	-0.021
00.023	31.175	-0.020
00.023	31.175	-0.023
00.023	31.174	-0.021
00.022	31.173	-0.021
00.022	31.172	-0.022
00.024	31.171	-0.021
00.022	31.170	-0.023
00.024	31.170	-0.021
00.024	31.168	-0.022
00.024	31.168	-0.022
00.023	31.170	-0.023
00.023	31.171	-0.022
00.023	31.172	-0.024
00.024	31.173	-0.022
00.022	31.174	-0.022
00.022	31.174	-0.023
00.024	31.175	-0.021
00.023	31.174	-0.021
00.024	31.175	-0.022
00.022	31.175	-0.019
00.021	31.176	-0.022
00.023	31.177	-0.022
00.024	31.176	-0.023
00.024	31.178	-0.022
00.022	31.178	-0.022
00.022	31.180	-0.022
00.022	31.181	-0.023
00.022	31.182	-0.020
00.022	31.185	-0.021
00.024	31.185	-0.020
00.023	31.186	-0.020
00.023	31.187	-0.022
00.023	31.189	-0.023
00.025	31.188	-0.023
00.022	31.190	-0.021
00.023	31.189	-0.023
00.024	31.191	-0.022
00.025	31.191	-0.023
00.024	31.191	-0.022
00.022	31.193	-0.023
00.022	31.194	-0.021
00.023	31.196	-0.022
00.024	31.198	-0.022
00.024	31.201	-0.022
00.024	31.203	-0.020
00.024	31.206	-0.021
00.024	31.207	-0.021
00.023	31.207	-0.022
00.023	31.210	-0.022
00.023	31.211	-0.023
00.023	31.213	-0.024
00.023	31.213	-0.021
00.022	31.213	-0.019
00.024	31.215	-0.022
00.023	31.216	-0.021
00.024	31.216	-0.022
00.022	31.217	-0.023
00.021	31.220	-0.022
00.023	31.219	-0.021
00.023	31.221	-0.023
00.023	31.222	-0.021
00.023	31.224	-0.022
00.024	31.226	-0.020
00.023	31.229	-0.022
00.022	31.231	-0.021
00.022	31.233	-0.022
00.021	31.234	-0.023
00.021	31.234	-0.021
00.024	31.235	-0.021
00.024	31.234	-0.021
00.022	31.234	-0.020
00.022	31.235	-0.022
00.022	31.236	-0.022
00.023	31.236	-0.024
00.023	31.236	-0.023
00.022	31.236	-0.022
00.021	31.237	-0.022
00.024	31.238	-0.024
00.022	31.240	-0.023
00.022	31.239	-0.022
00.022	31.241	-0.023
00.023	31.241	-0.024
00.024	31.241	-0.023
00.023	31.242	-0.021
00.021	31.243	-0.021
00.023	31.242	-0.022
00.023	31.242	-0.023
00.024	31.242	-0.023
00.023	31.242	-0.023
00.022	31.243	-0.023
00.021	31.243	-0.022
00.022	31.242	-0.021
00.024	31.244	-0.022
00.022	31.245	-0.022
00.021	31.245	-0.021
00.022	31.246	-0.022
00.022	31.246	-0.022
00.021	31.246	-0.023
00.025	31.247	-0.023
00.021	31.248	-0.023
00.023	31.248	-0.022
00.022	31.248	-0.022
00.021	31.248	-0.021
00.022	31.249	-0.019
00.022	31.251	-0.021
00.022	31.253	-0.022
00.022	31.254	-0.022
00.022	31.254	-0.022
00.020	31.253	-0.021
00.023	31.253	-0.022
00.022	31.251	-0.023
00.021	31.253	-0.022
00.023	31.256	-0.022
00.021	31.255	-0.023
00.022	31.255	-0.021
00.023	31.255	-0.023
00.020	31.255	-0.022
00.023	31.255	-0.022
00.022	31.257	-0.023
00.023	31.257	-0.022
00.023	31.259	-0.022
00.023	31.260	-0.023
00.022	31.262	-0.023
00.023	31.264	-0.020
00.020	31.264	-0.021
00.023	31.266	-0.021
00.024	31.266	-0.022
00.023	31.267	-0.022
00.024	31.266	-0.021
00.021	31.264	-0.021
00.021	31.265	-0.021
00.021	31.265	-0.021
00.023	31.265	-0.022
00.022	31.267	-0.023
00.022	31.267	-0.023
00.023	31.266	-0.022
00.022	31.266	-0.021
00.022	31.266	-0.023
00.023	31.268	-0.022
00.022	31.267	-0.021
00.023	31.268	-0.022
00.023	31.268	-0.022
00.025	31.268	-0.022
00.023	31.268	-0.022
00.021	31.268	-0.021
00.022	31.270	-0.021
00.022	31.271	-0.022
00.022	31.272	-0.023
00.024	31.273	-0.021
00.021	31.275	-0.022
00.020	31.277	-0.023
00.023	31.279	-0.022
00.023	31.279	-0.023
00.021	31.280	-0.022
00.021	31.281	-0.022
00.020	31.283	-0.023
00.021	31.285	-0.022
00.021	31.285	-0.022
00.023	31.285	-0.022
00.020	31.283	-0.025
00.021	31.281	-0.022
00.022	31.280	-0.022
00.022	31.277	-0.023
00.024	31.276	-0.022
00.025	31.276	-0.022
00.024	31.277	-0.021
00.020	31.278	-0.024
00.022	31.279	-0.022
00.023	31.281	-0.023
00.022	31.283	-0.022
00.023	31.286	-0.021
00.023	31.289	-0.021
00.023	31.291	-0.021
00.022	31.294	-0.022
00.022	31.295	-0.022
00.023	31.297	-0.023
00.021	31.296	-0.023
00.023	31.298	-0.022
00.021	31.300	-0.022
00.021	31.301	-0.023
00.022	31.302	-0.021
00.021	31.301	-0.021
00.022	31.301	-0.022
00.020	31.304	-0.021
00.022	31.306	-0.021
00.020	31.308	-0.021
00.021	31.311	-0.024
00.021	31.314	-0.022
00.024	31.315	-0.022
00.023	31.314	-0.021
00.022	31.313	-0.024
00.021	31.314	-0.021
00.021	31.315	-0.022
00.022	31.317	-0.022
00.022	31.317	-0.022
00.023	31.317	-0.022
00.022	31.318	-0.022
00.022	31.318	-0.021
00.023	31.317	-0.024
00.023	31.316	-0.022
00.023	31.319	-0.022
00.024	31.318	-0.022
00.023	31.318	-0.022
00.024	31.316	-0.022
00.023	31.315	-0.023
00.024	31.316	-0.021
00.023	31.316	-0.022
00.022	31.317	-0.021
00.022	31.319	-0.020
00.022	31.320	-0.021
00.022	31.319	-0.022
00.023	31.317	-0.022
00.023	31.315	-0.022
00.023	31.314	-0.021
00.023	31.315	-0.023
00.022	31.315	-0.023
00.021	31.313	-0.022
00.022	31.311	-0.022
00.022	31.310	-0.023
00.023	31.310	-0.022
00.023	31.309	-0.023
00.022	31.309	-0.021
00.021	31.309	-0.020
00.022	31.309	-0.022
00.024	31.309	-0.021
00.023	31.310	-0.020
00.021	31.309	-0.024
00.021	31.308	-0.022
00.022	31.308	-0.023
00.024	31.308	-0.022
00.023	31.307	-0.020
00.022	31.306	-0.022
00.022	31.307	-0.022
00.021	31.305	-0.023
00.022	31.305	-0.021
00.020	31.305	-0.023
00.022	31.303	-0.020
00.021	31.303	-0.021
00.023	31.303	-0.022
00.023	31.305	-0.022
00.022	31.305	-0.021
00.023	31.306	-0.022
00.024	31.306	-0.023
00.023	31.307	-0.021
00.022	31.309	-0.023
00.021	31.311	-0.022
00.022	31.312	-0.020
00.022	31.313	-0.022
00.024	31.311	-0.023
00.023	31.307	-0.023
00.024	31.305	-0.023
00.022	31.304	-0.023
00.023	31.303	-0.022
00.022	31.303	-0.022
00.023	31.302	-0.021
00.024	31.303	-0.021
00.024	31.303	-0.022
00.023	31.303	-0.023
00.024	31.304	-0.023
00.023	31.307	-0.021
00.021	31.309	-0.021
00.024	31.311	-0.022
00.025	31.312	-0.022
00.023	31.314	-0.023
00.025	31.316	-0.022
00.022	31.315	-0.023
00.021	31.314	-0.021
00.022	31.313	-0.022
00.022	31.313	-0.022
00.022	31.313	-0.021
00.023	31.314	-0.022
00.024	31.314	-0.022
00.024	31.315	-0.022
00.023	31.314	-0.022
00.023	31.315	-0.021
00.023	31.316	-0.020
00.021	31.318	-0.021
00.022	31.320	-0.023
00.022	31.320	-0.021
00.024	31.322	-0.022
00.024	31.322	-0.022
00.023	31.325	-0.023
00.023	31.326	-0.020
00.023	31.327	-0.022
00.022	31.328	-0.022
00.022	31.328	-0.023
00.024	31.329	-0.021
00.024	31.331	-0.023
00.022	31.331	-0.021
00.023	31.329	-0.022
00.022	31.327	-0.023
00.022	31.326	-0.022
00.023	31.327	-0.022
00.024	31.327	-0.022
00.022	31.326	-0.022
00.023	31.328	-0.020
00.022	31.329	-0.022
00.022	31.332	-0.021
00.022	31.334	-0.021
00.023	31.336	-0.020
00.023	31.339	-0.023
00.023	31.340	-0.022
00.022	31.342	-0.022
00.024	31.342	-0.021
00.024	31.346	-0.024
00.022	31.346	-0.022
00.023	31.345	-0.024
00.024	31.341	-0.023
00.022	31.338	-0.022
00.023	31.334	-0.022
00.023	31.330	-0.022
00.022	31.325	-0.022
00.023	31.323	-0.023
00.023	31.320	-0.021
00.023	31.316	-0.020
00.023	31.313	-0.022
00.023	31.312	-0.022
00.023	31.312	-0.022
00.024	31.310	-0.022
00.022	31.308	-0.024
00.023	31.305	-0.021
00.022	31.303	-0.022
00.022	31.298	-0.022
00.022	31.298	-0.022
00.024	31.300	-0.021
00.023	31.303	-0.023
00.024	31.307	-0.020
00.021	31.311	-0.021
00.023	31.314	-0.023
00.022	31.317	-0.024
00.023	31.322	-0.022
00.022	31.325	-0.021
00.023	31.329	-0.024
00.024	31.331	-0.022
00.023	31.333	-0.022
00.023	31.333	-0.021
00.022	31.334	-0.023
00.024	31.332	-0.022
00.024	31.330	-0.022
00.023	31.330	-0.022
00.023	31.330	-0.022
00.022	31.328	-0.023
00.021	31.325	-0.022
00.023	31.323	-0.021
00.020	31.320	-0.023
00.024	31.319	-0.022
00.024	31.316	-0.023
00.025	31.314	-0.021
00.025	31.314	-0.022
00.023	31.313	-0.022
00.023	31.315	-0.023
00.023	31.318	-0.022
00.024	31.319	-0.022
00.024	31.318	-0.022
00.025	31.316	-0.021
00.025	31.315	-0.022
00.024	31.316	-0.022
00.024	31.316	-0.021
00.022	31.317	-0.022
00.022	31.317	-0.020
00.021	31.317	-0.023
00.023	31.317	-0.022
00.021	31.320	-0.021
00.022	31.320	-0.021
00.024	31.321	-0.023
00.023	31.320	-0.022
00.024	31.323	-0.021
00.022	31.326	-0.023
00.025	31.329	-0.022
00.024	31.331	-0.023
00.024	31.330	-0.021
00.023	31.325	-0.023
00.022	31.321	-0.021
00.024	31.319	-0.023
00.023	31.319	-0.022
00.023	31.320	-0.023
00.022	31.320	-0.022
00.024	31.322	-0.022
00.023	31.327	-0.022
00.024	31.330	-0.021
00.022	31.334	-0.022
00.023	31.336	-0.022
00.023	31.338	-0.023
00.023	31.340	-0.024
00.024	31.339	-0.021
00.023	31.339	-0.022
00.024	31.340	-0.022
00.023	31.341	-0.022
00.023	31.341	-0.021
00.024	31.338	-0.020
00.022	31.338	-0.022
00.022	31.338	-0.021
00.022	31.338	-0.022
00.021	31.338	-0.022
00.023	31.341	-0.024
00.021	31.344	-0.023
00.024	31.345	-0.020
00.022	31.344	-0.020
00.023	31.342	-0.022
00.023	31.338	-0.021
00.023	31.333	-0.022
00.022	31.333	-0.023
00.020	31.332	-0.022
00.022	31.331	-0.021
00.025	31.333	-0.021
00.024	31.334	-0.022
00.023	31.334	-0.022
00.024	31.336	-0.021
00.024	31.337	-0.020
00.023	31.338	-0.021
00.023	31.337	-0.022
00.022	31.338	-0.022
00.023	31.338	-0.020
00.023	31.337	-0.023
00.023	31.337	-0.021
00.025	31.338	-0.024
00.025	31.337	-0.023
00.023	31.341	-0.022
00.023	31.341	-0.023
00.023	31.342	-0.023
00.023	31.343	-0.022
00.022	31.342	-0.023
00.023	31.342	-0.022
00.022	31.341	-0.023
00.024	31.342	-0.024
00.023	31.341	-0.021
00.025	31.341	-0.023
00.024	31.343	-0.021
00.023	31.345	-0.022
00.022	31.347	-0.021
00.023	31.348	-0.022
00.023	31.348	-0.022
00.023	31.345	-0.023
00.023	31.341	-0.021
00.022	31.339	-0.022
00.023	31.335	-0.021
00.025	31.331	-0.023
00.022	31.326	-0.021
00.022	31.324	-0.022
00.023	31.321	-0.022
00.023	31.320	-0.022
00.023	31.320	-0.022
00.024	31.317	-0.022
00.024	31.318	-0.024
00.022	31.317	-0.022
00.022	31.317	-0.023
00.023	31.316	-0.021
00.023	31.317	-0.023
00.022	31.317	-0.019
00.020	31.317	-0.023
00.023	31.318	-0.022
00.022	31.320	-0.022
00.021	31.321	-0.021
00.022	31.322	-0.022
00.020	31.322	-0.020
00.020	31.322	-0.022
00.021	31.325	-0.022
00.020	31.327	-0.022
00.023	31.328	-0.021
00.022	31.330	-0.023
00.021	31.330	-0.021
00.024	31.328	-0.022
00.023	31.326	-0.022
00.019	31.326	-0.021
00.021	31.326	-0.022
00.023	31.327	-0.022
00.023	31.328	-0.022
00.023	31.330	-0.024
00.023	31.333	-0.021
00.023	31.336	-0.022
00.022	31.337	-0.023
00.026	31.339	-0.022
00.026	31.342	-0.020
00.023	31.344	-0.022
00.023	31.344	-0.024
00.024	31.345	-0.021
00.022	31.346	-0.021
00.021	31.348	-0.022
00.023	31.348	-0.022
00.021	31.349	-0.023
00.021	31.349	-0.021
00.025	31.349	-0.022
00.023	31.348	-0.023
00.022	31.346	-0.020
00.021	31.341	-0.022
00.021	31.338	-0.023
00.024	31.338	-0.022
00.024	31.334	-0.022
00.023	31.331	-0.022
00.025	31.329	-0.023
00.023	31.327	-0.023
00.021	31.326	-0.022
00.022	31.324	-0.022
00.023	31.322	-0.022
00.023	31.319	-0.023
00.022	31.315	-0.023
00.022	31.314	-0.022
00.021	31.313	-0.022
00.024	31.311	-0.021
00.025	31.310	-0.022
00.025	31.308	-0.021
00.022	31.308	-0.022
00.022	31.306	-0.023
00.022	31.307	-0.022
00.023	31.306	-0.021
00.022	31.304	-0.022
00.022	31.302	-0.022
00.024	31.297	-0.022
00.022	31.294	-0.021
00.023	31.289	-0.022
00.022	31.285	-0.021
00.022	31.283	-0.022
00.020	31.282	-0.021
00.022	31.283	-0.021
00.021	31.283	-0.023
00.021	31.283	-0.022
00.022	31.284	-0.023
00.022	31.284	-0.021
00.023	31.284	-0.022
00.023	31.285	-0.021
00.023	31.285	-0.023
00.021	31.284	-0.022
00.023	31.285	-0.025
00.022	31.283	-0.023
00.020	31.285	-0.024
00.022	31.285	-0.022
00.022	31.286	-0.024
00.022	31.285	-0.021
00.024	31.286	-0.022
00.022	31.285	-0.021
00.021	31.285	-0.022
00.023	31.284	-0.022
00.023	31.285	-0.022
00.024	31.285	-0.022
00.025	31.283	-0.021
00.021	31.283	-0.022
00.021	31.281	-0.020
00.022	31.282	-0.023
00.022	31.282	-0.022
00.022	31.284	-0.022
00.022	31.283	-0.021
00.023	31.286	-0.022
00.021	31.285	-0.021
00.023	31.284	-0.019
00.023	31.285	-0.021
00.023	31.284	-0.021
00.023	31.282	-0.022
00.023	31.282	-0.024
00.023	31.281	-0.021
00.023	31.282	-0.022
00.023	31.284	-0.021
00.023	31.285	-0.022
00.020	31.286	-0.024
00.022	31.287	-0.022
00.023	31.289	-0.023
00.025	31.292	-0.024
00.022	31.292	-0.021
00.024	31.295	-0.022
00.021	31.295	-0.023
00.023	31.294	-0.023
00.023	31.292	-0.020
00.024	31.292	-0.022
00.021	31.291	-0.023
00.022	31.293	-0.021
00.022	31.295	-0.023
00.023	31.296	-0.023
00.020	31.298	-0.021
00.021	31.301	-0.022
00.021	31.304	-0.022
00.023	31.307	-0.023
00.022	31.309	-0.021
00.023	31.313	-0.022
00.022	31.316	-0.021
00.021	31.321	-0.024
00.025	31.322	-0.020
00.024	31.325	-0.022
00.024	31.327	-0.022
00.022	31.329	-0.022
00.023	31.331	-0.021
00.024	31.332	-0.022
00.025	31.332	-0.021
00.023	31.331	-0.022
00.022	31.330	-0.020
00.022	31.330	-0.021
00.022	31.328	-0.023
00.022	31.329	-0.024
00.022	31.328	-0.022
00.024	31.326	-0.021
00.023	31.326	-0.020
00.023	31.324	-0.020
00.024	31.322	-0.023
00.024	31.322	-0.024
00.024	31.318	-0.023
00.024	31.315	-0.023
00.023	31.310	-0.022
00.024	31.306	-0.023
00.023	31.303	-0.022
00.022	31.301	-0.022
00.022	31.298	-0.021
00.022	31.298	-0.022
00.023	31.297	-0.022
00.024	31.297	-0.022
00.023	31.296	-0.024
00.023	31.294	-0.021
00.024	31.293	-0.023
00.024	31.293	-0.021
00.025	31.293	-0.022
00.025	31.295	-0.021
00.025	31.298	-0.023
00.024	31.300	-0.022
00.023	31.304	-0.023
00.023	31.305	-0.022
00.023	31.307	-0.021
00.022	31.309	-0.021
00.023	31.312	-0.021
00.023	31.316	-0.022
00.024	31.320	-0.022
00.025	31.326	-0.022
00.025	31.330	-0.023
00.024	31.332	-0.022
00.024	31.336	-0.022
00.025	31.339	-0.022
00.021	31.341	-0.023
00.021	31.345	-0.021
00.021	31.348	-0.022
00.022	31.351	-0.022
00.024	31.352	-0.022
00.025	31.354	-0.020
00.025	31.355	-0.022
00.021	31.358	-0.021
00.022	31.358	-0.021
00.022	31.359	-0.022
00.023	31.362	-0.021
00.023	31.366	-0.021
00.024	31.369	-0.021
00.023	31.373	-0.023
00.025	31.375	-0.021
00.024	31.377	-0.021
00.021	31.377	-0.020
00.021	31.376	-0.021
00.024	31.376	-0.022
00.023	31.376	-0.023
00.022	31.377	-0.021
00.023	31.377	-0.021
00.022	31.377	-0.024
00.023	31.378	-0.022
00.024	31.377	-0.022
00.024	31.378	-0.022
00.023	31.375	-0.023
00.024	31.372	-0.021
00.024	31.371	-0.020
00.024	31.369	-0.020
00.023	31.369	-0.022
00.022	31.370	-0.021
00.025	31.373	-0.022
00.025	31.373	-0.022
00.023	31.372	-0.022
00.023	31.371	-0.023
00.024	31.369	-0.021
00.024	31.369	-0.022
00.024	31.366	-0.024
00.021	31.365	-0.023
00.023	31.367	-0.021
00.023	31.368	-0.022
00.021	31.372	-0.021
00.022	31.375	-0.022
00.022	31.377	-0.023
00.023	31.380	-0.023
00.023	31.381	-0.023
00.020	31.381	-0.023
00.022	31.380	-0.022
00.022	31.378	-0.021
00.024	31.375	-0.020
00.024	31.375	-0.022
00.024	31.371	-0.023
00.025	31.369	-0.022
00.025	31.368	-0.021
00.025	31.369	-0.022
00.022	31.370	-0.020
00.022	31.372	-0.021
00.023	31.374	-0.022
00.022	31.375	-0.023
00.022	31.374	-0.022
00.023	31.373	-0.021
00.024	31.371	-0.021
00.022	31.368	-0.021
00.022	31.366	-0.022
00.022	31.361	-0.021
00.025	31.358	-0.022
00.024	31.356	-0.022
00.024	31.356	-0.024
00.021	31.354	-0.021
00.023	31.354	-0.023
00.024	31.355	-0.022
00.025	31.355	-0.023
00.025	31.356	-0.023
00.024	31.356	-0.021
00.027	31.355	-0.020
00.023	31.356	-0.022
00.022	31.358	-0.022
00.025	31.358	-0.022
00.024	31.359	-0.023
00.023	31.360	-0.022
00.023	31.359	-0.022
00.023	31.359	-0.022
00.023	31.358	-0.022
00.022	31.358	-0.022
00.023	31.358	-0.022
00.023	31.359	-0.021
00.024	31.359	-0.022
00.021	31.358	-0.022
00.019	31.357	-0.021
00.022	31.355	-0.022
00.023	31.356	-0.020
00.023	31.355	-0.023
00.023	31.356	-0.022
00.022	31.355	-0.020
00.023	31.356	-0.023
00.024	31.356	-0.023
00.024	31.357	-0.022
00.026	31.357	-0.024
00.025	31.358	-0.022
00.023	31.360	-0.022
00.024	31.360	-0.023
00.025	31.359	-0.022
00.024	31.356	-0.021
00.022	31.353	-0.022
00.023	31.349	-0.021
00.023	31.346	-0.022
00.024	31.346	-0.022
00.024	31.345	-0.021
00.022	31.342	-0.021
00.025	31.339	-0.021
00.025	31.337	-0.022
00.021	31.336	-0.021
00.023	31.333	-0.022
00.020	31.330	-0.022
00.022	31.330	-0.020
00.024	31.330	-0.023
00.023	31.329	-0.021
00.024	31.330	-0.023
00.025	31.330	-0.022
00.025	31.328	-0.021
00.024	31.327	-0.021
00.023	31.328	-0.022
00.022	31.328	-0.023
00.024	31.327	-0.022
00.023	31.325	-0.021
00.025	31.325	-0.021
00.024	31.326	-0.022
00.023	31.325	-0.023
00.025	31.324	-0.022
00.025	31.325	-0.023
00.023	31.324	-0.021
00.025	31.322	-0.023
00.024	31.319	-0.021
00.022	31.315	-0.021
00.020	31.315	-0.021
00.025	31.314	-0.023
00.025	31.314	-0.023
00.025	31.315	-0.022
00.025	31.314	-0.021
00.023	31.317	-0.022
00.022	31.316	-0.022
00.023	31.316	-0.021
00.023	31.317	-0.023
00.025	31.319	-0.022
00.025	31.323	-0.024
00.023	31.326	-0.022
00.024	31.331	-0.024
00.023	31.335	-0.022
00.023	31.338	-0.022
00.023	31.342	-0.022
00.023	31.347	-0.022
00.024	31.349	-0.020
00.023	31.351	-0.021
00.023	31.352	-0.021
00.023	31.352	-0.021
00.024	31.352	-0.021
00.024	31.354	-0.020
00.023	31.356	-0.022
00.022	31.358	-0.022
00.023	31.361	-0.022
00.023	31.364	-0.023
00.023	31.365	-0.022
00.025	31.368	-0.023
00.025	31.372	-0.023
00.024	31.374	-0.025
00.024	31.375	-0.020
00.024	31.375	-0.022
00.023	31.377	-0.021
00.024	31.378	-0.021
00.024	31.379	-0.022
00.023	31.381	-0.022
00.023	31.383	-0.023
00.024	31.384	-0.022
00.022	31.387	-0.022
00.024	31.389	-0.023
00.024	31.390	-0.021
00.022	31.392	-0.020
00.022	31.392	-0.023
00.022	31.392	-0.021
00.024	31.394	-0.022
00.023	31.396	-0.022
00.023	31.398	-0.022
00.023	31.401	-0.023
00.024	31.405	-0.022
00.024	31.407	-0.022
00.023	31.411	-0.022
00.023	31.416	-0.022
00.023	31.420	-0.022
00.021	31.422	-0.021
00.022	31.424	-0.021
00.022	31.424	-0.023
00.024	31.426	-0.021
00.023	31.425	-0.021
00.024	31.425	-0.021
00.023	31.427	-0.022
00.024	31.428	-0.024
00.024	31.430	-0.021
00.022	31.435	-0.021
00.022	31.436	-0.023
00.022	31.439	-0.023
00.023	31.441	-0.022
00.023	31.442	-0.021
00.023	31.444	-0.023
00.023	31.448	-0.023
00.023	31.451	-0.022
00.023	31.453	-0.021
00.025	31.455	-0.022
00.023	31.457	-0.022
00.024	31.458	-0.022
00.024	31.460	-0.021
00.024	31.463	-0.024
00.023	31.465	-0.023
00.022	31.466	-0.021
00.023	31.467	-0.022
00.023	31.469	-0.022
00.023	31.472	-0.023
00.024	31.474	-0.022
00.022	31.477	-0.023
00.023	31.478	-0.023
00.021	31.478	-0.023
00.023	31.479	-0.021
00.023	31.479	-0.023
00.024	31.480	-0.023
00.022	31.478	-0.021
00.022	31.480	-0.022
00.022	31.482	-0.022
00.021	31.483	-0.022
00.023	31.484	-0.022
00.023	31.486	-0.022
00.023	31.487	-0.022
00.023	31.488	-0.020
00.022	31.489	-0.022
00.022	31.490	-0.020
00.021	31.490	-0.021
00.023	31.491	-0.023
00.025	31.491	-0.022
00.024	31.493	-0.021
00.024	31.492	-0.022
00.023	31.490	-0.022
00.023	31.492	-0.023
00.022	31.494	-0.022
00.023	31.494	-0.021
00.022	31.496	-0.022
00.024	31.496	-0.021
00.022	31.499	-0.020
00.024	31.501	-0.022
00.024	31.503	-0.021
00.024	31.506	-0.022
00.024	31.509	-0.023
00.022	31.509	-0.023
00.021	31.509	-0.022
00.023	31.511	-0.023
00.022	31.512	-0.022
00.023	31.511	-0.023
00.024	31.510	-0.023
00.023	31.510	-0.024
00.023	31.511	-0.023
00.024	31.512	-0.021
00.024	31.509	-0.022
00.024	31.510	-0.022
00.024	31.509	-0.022
00.022	31.512	-0.023
00.023	31.513	-0.021
00.024	31.512	-0.022
00.024	31.515	-0.021
00.024	31.517	-0.022
00.023	31.520	-0.023
00.023	31.521	-0.022
00.021	31.521	-0.022
00.022	31.521	-0.022
00.023	31.521	-0.023
00.025	31.521	-0.022
00.023	31.521	-0.022
00.023	31.521	-0.024
00.022	31.522	-0.022
00.021	31.522	-0.019
00.022	31.521	-0.022
00.024	31.521	-0.022
00.025	31.521	-0.022
00.024	31.520	-0.022
00.022	31.521	-0.023
00.022	31.521	-0.022
00.023	31.517	-0.021
00.023	31.513	-0.022
00.025	31.509	-0.022
00.024	31.508	-0.022
00.022	31.507	-0.023
00.023	31.508	-0.021
00.022	31.505	-0.022
00.023	31.503	-0.023
00.024	31.500	-0.021
00.024	31.498	-0.021
00.022	31.497	-0.021
00.023	31.497	-0.023
00.021	31.496	-0.022
00.023	31.495	-0.021
00.022	31.491	-0.022
00.024	31.488	-0.021
00.023	31.486	-0.022
00.024	31.485	-0.022
00.023	31.487	-0.022
00.023	31.487	-0.022
00.025	31.486	-0.022
00.023	31.486	-0.022
00.023	31.487	-0.023
00.024	31.488	-0.022
00.022	31.490	-0.021
00.023	31.493	-0.022
00.023	31.496	-0.022
00.021	31.501	-0.023
00.023	31.503	-0.023
00.022	31.504	-0.024
00.022	31.505	-0.022
00.024	31.506	-0.021
00.023	31.508	-0.021
00.022	31.508	-0.023
00.021	31.510	-0.020
00.022	31.509	-0.022
00.022	31.508	-0.024
00.023	31.509	-0.022
00.023	31.507	-0.022
00.022	31.506	-0.021
00.022	31.507	-0.022
00.020	31.507	-0.023
00.020	31.506	-0.022
00.023	31.506	-0.021
00.024	31.504	-0.023
00.024	31.507	-0.022
00.025	31.507	-0.022
00.023	31.508	-0.020
00.022	31.510	-0.022
00.025	31.512	-0.021
00.023	31.514	-0.022
00.023	31.516	-0.022
00.023	31.520	-0.022
00.024	31.524	-0.022
00.024	31.529	-0.021
00.023	31.532	-0.020
00.022	31.535	-0.020
00.022	31.537	-0.022
00.023	31.541	-0.023
00.024	31.543	-0.022
00.022	31.546	-0.022
00.023	31.549	-0.022
00.023	31.553	-0.021
00.024	31.552	-0.021
00.024	31.552	-0.022
00.024	31.554	-0.022
00.022	31.555	-0.021
00.022	31.555	-0.022
00.023	31.553	-0.022
00.025	31.553	-0.022
00.025	31.553	-0.023
00.024	31.554	-0.022
00.025	31.554	-0.022
00.025	31.554	-0.020
00.024	31.553	-0.021
00.023	31.554	-0.022
00.023	31.556	-0.021
00.022	31.558	-0.023
00.023	31.559	-0.022
00.023	31.563	-0.021
00.023	31.565	-0.021
00.025	31.570	-0.022
00.023	31.572	-0.022
00.024	31.576	-0.023
00.023	31.578	-0.021
00.023	31.579	-0.022
00.022	31.578	-0.021
00.022	31.578	-0.024
00.022	31.578	-0.023
00.024	31.580	-0.023
00.023	31.581	-0.022
00.023	31.584	-0.022
00.022	31.586	-0.022
00.022	31.590	-0.022
00.024	31.593	-0.021
00.023	31.598	-0.022
00.024	31.602	-0.021
00.025	31.605	-0.024
00.024	31.609	-0.023
00.024	31.611	-0.023
00.024	31.613	-0.022
00.022	31.613	-0.022
00.024	31.613	-0.022
00.022	31.615	-0.021
00.023	31.618	-0.021
00.024	31.621	-0.023
00.022	31.624	-0.021
00.022	31.623	-0.023
00.021	31.626	-0.023
00.023	31.626	-0.019
00.023	31.626	-0.022
00.023	31.623	-0.020
00.022	31.622	-0.021
00.023	31.622	-0.023
00.024	31.622	-0.022
00.024	31.622	-0.021
00.023	31.622	-0.022
00.024	31.621	-0.019
00.024	31.620	-0.022
00.023	31.620	-0.023
00.024	31.620	-0.021
00.024	31.620	-0.022
00.023	31.622	-0.023
00.024	31.625	-0.024
00.023	31.624	-0.021
00.024	31.625	-0.022
00.022	31.624	-0.022
00.023	31.624	-0.022
00.024	31.623	-0.022
00.024	31.623	-0.021
00.023	31.622	-0.022
00.025	31.621	-0.022
00.023	31.619	-0.020
00.025	31.619	-0.021
00.025	31.618	-0.023
00.025	31.618	-0.022
00.022	31.619	-0.021
00.023	31.620	-0.022
00.025	31.620	-0.024
00.024	31.620	-0.021
00.022	31.622	-0.022
00.021	31.618	-0.024
00.022	31.619	-0.024
00.021	31.621	-0.021
00.021	31.623	-0.021
00.023	31.625	-0.021
00.024	31.630	-0.021
00.024	31.637	-0.024
00.024	31.643	-0.022
00.023	31.649	-0.022
00.024	31.654	-0.023
00.024	31.660	-0.021
00.024	31.666	-0.020
00.023	31.671	-0.022
00.023	31.678	-0.023
00.023	31.682	-0.021
00.023	31.687	-0.023
00.023	31.690	-0.022
00.023	31.693	-0.022
00.025	31.698	-0.022
00.024	31.702	-0.022
00.025	31.707	-0.021
00.026	31.712	-0.022
00.024	31.718	-0.022
00.024	31.724	-0.022
00.025	31.730	-0.022
00.023	31.736	-0.021
00.025	31.740	-0.021
00.024	31.745	-0.022
00.025	31.749	-0.023
00.025	31.752	-0.022
00.024	31.754	-0.024
00.025	31.758	-0.023
00.025	31.759	-0.020
00.025	31.762	-0.020
00.024	31.762	-0.021
00.023	31.765	-0.022
00.023	31.768	-0.022
00.024	31.768	-0.022
00.023	31.767	-0.023
00.024	31.771	-0.022
00.026	31.772	-0.020
00.026	31.777	-0.023
00.024	31.780	-0.021
00.024	31.783	-0.021
00.022	31.785	-0.021
00.023	31.787	-0.021
00.023	31.788	-0.023
00.024	31.790	-0.022
00.024	31.792	-0.022
00.022	31.794	-0.022
00.023	31.797	-0.022
00.023	31.797	-0.022
00.024	31.798	-0.022
00.025	31.798	-0.022
00.025	31.797	-0.021
00.025	31.798	-0.022
00.026	31.798	-0.023
00.026	31.798	-0.020
00.026	31.799	-0.021
00.026	31.801	-0.022
00.024	31.801	-0.022
00.025	31.800	-0.023
00.025	31.798	-0.023
00.024	31.795	-0.021
00.023	31.790	-0.020
00.022	31.789	-0.021
00.023	31.789	-0.022
00.022	31.789	-0.021
00.024	31.788	-0.021
00.022	31.790	-0.023
00.021	31.791	-0.022
00.025	31.791	-0.021
00.025	31.792	-0.021
00.025	31.794	-0.021
00.025	31.797	-0.023
00.024	31.800	-0.023
00.022	31.803	-0.022
00.024	31.804	-0.021
00.025	31.807	-0.023
00.024	31.806	-0.022
00.024	31.806	-0.023
00.024	31.805	-0.021
00.024	31.803	-0.021
00.025	31.801	-0.022
00.023	31.798	-0.019
00.025	31.796	-0.021
00.024	31.796	-0.022
00.024	31.793	-0.022
00.023	31.794	-0.022
00.023	31.793	-0.022
00.022	31.792	-0.021
00.022	31.793	-0.024
00.022	31.793	-0.022
00.022	31.793	-0.022
00.021	31.797	-0.021
00.022	31.797	-0.022
00.024	31.798	-0.022
00.023	31.797	-0.021
00.023	31.799	-0.021
00.023	31.799	-0.021
00.024	31.800	-0.020
00.024	31.800	-0.021
00.022	31.801	-0.022
00.023	31.802	-0.022
00.026	31.802	-0.021
00.026	31.802	-0.022
00.025	31.801	-0.023
00.024	31.799	-0.024
00.022	31.798	-0.021
00.022	31.798	-0.021
00.022	31.795	-0.021
00.023	31.796	-0.023
00.023	31.795	-0.022
00.024	31.795	-0.022
00.025	31.794	-0.022
00.027	31.792	-0.023
00.026	31.790	-0.021
00.029	31.788	-0.023
00.028	31.787	-0.022
00.026	31.786	-0.022
00.026	31.786	-0.021
00.024	31.784	-0.023
00.028	31.782	-0.023
00.027	31.780	-0.021
00.028	31.779	-0.023
00.027	31.777	-0.022
00.025	31.776	-0.021
00.027	31.776	-0.020
00.027	31.775	-0.021
00.027	31.775	-0.021
00.024	31.774	-0.022
00.025	31.774	-0.022
00.025	31.775	-0.023
00.023	31.777	-0.020
00.025	31.777	-0.020
00.023	31.778	-0.022
00.022	31.779	-0.022
00.023	31.781	-0.021
00.023	31.781	-0.021
00.023	31.782	-0.023
00.025	31.781	-0.022
00.023	31.781	-0.022
00.022	31.780	-0.021
00.023	31.779	-0.021
00.023	31.775	-0.021
00.025	31.772	-0.021
00.026	31.768	-0.023
00.022	31.765	-0.020
00.021	31.765	-0.021
00.024	31.765	-0.022
00.024	31.767	-0.021
00.023	31.769	-0.023
00.022	31.769	-0.022
00.024	31.770	-0.022
00.023	31.771	-0.023
00.026	31.771	-0.023
00.025	31.770	-0.022
00.024	31.768	-0.022
00.026	31.770	-0.022
00.025	31.767	-0.024
00.024	31.766	-0.023
00.025	31.763	-0.022
00.024	31.760	-0.022
00.025	31.757	-0.022
00.025	31.753	-0.022
00.024	31.747	-0.023
00.025	31.743	-0.021
00.025	31.739	-0.022
00.025	31.736	-0.024
00.024	31.734	-0.021
00.022	31.731	-0.022
00.025	31.728	-0.021
00.025	31.725	-0.023
00.024	31.721	-0.022
00.023	31.719	-0.022
00.025	31.718	-0.022
00.024	31.718	-0.021
00.024	31.722	-0.021
00.024	31.724	-0.021
00.024	31.724	-0.022
00.024	31.726	-0.021
00.025	31.729	-0.022
00.026	31.730	-0.021
00.025	31.733	-0.022
00.025	31.737	-0.021
00.025	31.744	-0.023
00.024	31.755	-0.022
00.024	31.764	-0.021
00.023	31.771	-0.023
00.023	31.776	51.053
00.024	31.786	55.054
00.025	31.800	55.775
00.026	31.814	57.832
00.022	31.828	57.733
00.024	31.843	55.832
00.024	31.858	39.619
00.023	31.872	01.709
00.024	31.885	00.082
00.025	31.897	00.831
00.025	31.910	-0.022
00.025	31.921	-0.021
00.022	31.930	-0.021
00.023	31.939	-0.021
00.024	31.943	-0.021
00.026	31.946	-0.022
00.025	31.953	-0.021
00.025	31.960	-0.022
00.024	31.970	00.903
00.025	31.981	43.729
00.024	31.992	46.909
00.024	32.005	46.892
00.030	31.936	46.847
00.074	31.569	47.151
00.103	31.122	47.256
00.125	30.726	47.353
00.141	30.413	47.481
00.150	30.161	47.738
00.153	29.956	47.641
00.152	29.803	47.548
00.151	29.695	47.634
00.143	29.618	47.592
00.133	29.559	47.547
00.127	29.512	47.617
00.121	29.472	47.576
00.118	29.440	47.469
00.117	29.410	47.401
00.122	29.387	47.310
00.132	29.366	46.816
00.150	29.353	47.273
00.183	29.351	47.357
00.210	29.352	46.969
00.231	29.350	47.214
00.245	29.354	47.046
00.245	29.355	47.272
00.248	29.341	47.308
00.253	29.320	47.330
00.253	29.297	47.205
00.253	29.282	47.306
00.260	29.276	47.084
00.276	29.269	47.178
00.302	29.261	47.437
00.343	29.248	47.277
00.362	29.242	47.683
00.392	29.240	46.782
00.409	29.232	47.491
00.422	29.212	47.433
00.426	29.191	47.796
00.423	29.174	47.764
00.410	29.159	47.684
00.409	29.151	47.654
00.416	29.147	47.021
00.443	29.150	47.691
00.490	29.156	47.522
00.524	29.164	47.763
00.546	29.169	47.778
00.560	29.174	47.842
00.570	29.179	47.880
00.577	29.179	47.885
00.579	29.175	47.980
00.584	29.168	47.957
00.594	29.161	47.975
00.606	29.153	48.036
00.613	29.146	47.999
00.619	29.138	47.985
00.630	29.133	48.091
00.650	29.143	48.089
00.677	29.165	48.137
00.688	29.185	48.161
00.694	29.192	48.164
00.696	29.193	48.133
00.691	29.193	48.111
00.690	29.193	48.116
00.693	29.193	48.164
00.698	29.193	48.093
00.704	29.194	48.090
00.715	29.193	48.130
00.732	29.194	48.131
00.760	29.199	47.824
00.781	29.195	48.141
00.791	29.184	48.260
00.791	29.171	48.088
00.765	29.168	48.123
00.750	29.169	48.087
00.759	29.170	48.028
00.767	29.168	47.671
00.795	29.168	47.870
00.845	29.170	48.208
00.874	29.168	48.392
00.898	29.158	48.199
00.910	29.151	48.291
00.914	29.145	48.294
00.898	29.138	48.205
00.865	29.135	48.169
00.839	29.138	48.167
00.817	29.144	48.127
00.811	29.150	48.142
00.819	29.150	48.190
00.833	29.147	48.323
00.848	29.142	48.333
00.858	29.141	48.289
00.863	29.137	48.321
00.870	29.133	48.298
00.881	29.128	48.343
00.894	29.123	48.330
00.907	29.122	48.349
00.916	29.124	48.285
00.917	29.129	48.405
00.917	29.129	48.264
00.916	29.128	48.331
00.918	29.129	48.261
00.919	29.131	48.310
00.916	29.144	48.340
00.914	29.147	48.276
00.910	29.139	48.238
00.914	29.133	48.260
00.925	29.131	48.291
00.950	29.136	48.291
00.975	29.135	48.436
01.004	29.132	48.435
01.025	29.128	48.410
01.042	29.125	48.511
01.054	29.122	48.491
01.064	29.117	48.426
01.072	29.115	48.263
01.087	29.117	48.437
01.107	29.118	48.401
01.123	29.118	48.467
01.132	29.116	48.531
01.125	29.110	48.403
01.114	29.102	48.468
01.095	29.096	48.465
01.084	29.090	48.415
01.079	29.088	48.483
01.081	29.086	48.474
01.086	29.084	48.544
01.094	29.083	48.515
01.107	29.085	48.538
01.127	29.089	48.580
01.145	29.095	48.604
01.171	29.101	48.622
01.186	29.107	48.700
01.210	29.114	48.715
01.224	29.120	48.696
01.227	29.126	48.673
01.226	29.126	48.667
01.226	29.128	48.641
01.240	29.133	48.667
01.262	29.138	48.726
01.295	29.142	48.681
01.321	29.144	48.587
01.356	29.147	48.340
01.381	29.148	48.887
01.418	29.148	48.745
01.443	29.147	48.987
01.459	29.143	49.112
01.449	29.136	49.053
01.420	29.134	48.985
01.391	29.136	48.965
01.359	29.137	48.854
01.319	29.137	48.818
01.284	29.133	48.889
01.269	29.132	48.884
01.262	29.131	48.852
01.250	29.128	48.981
01.231	29.125	49.039
01.215	29.115	49.014
01.205	29.107	49.049
01.204	29.102	49.026
01.210	29.101	49.024
01.222	29.101	49.030
01.222	29.100	49.072
01.200	29.097	49.046
01.177	29.094	48.977
01.164	29.093	48.968
01.151	29.093	49.077
01.119	29.094	49.151
01.068	29.090	48.966
01.030	29.087	48.919
00.991	29.085	48.915
00.958	29.085	48.872
00.938	29.086	48.838
00.929	29.084	48.792
00.930	29.081	48.858
00.940	29.080	48.886
00.950	29.080	48.900
00.960	29.082	48.905
00.960	29.082	48.923
00.960	29.082	48.917
00.957	29.084	48.932
00.955	29.086	48.917
00.953	29.089	48.914
00.952	29.091	48.890
00.949	29.089	48.869
00.950	29.089	48.860
00.946	29.087	48.862
00.941	29.086	48.852
00.938	29.084	48.801
00.941	29.083	48.803
00.943	29.081	48.776
00.949	29.078	48.719
00.962	29.078	48.675
00.980	29.078	48.243
00.998	29.075	48.235
01.012	29.071	48.441
01.018	29.064	48.444
01.019	29.064	48.392
01.018	29.063	48.480
01.021	29.064	48.522
01.025	29.064	48.441
01.033	29.064	48.596
01.041	29.064	48.553
01.039	29.064	48.633
01.032	29.061	48.664
01.018	29.059	48.675
01.010	29.057	48.628
01.007	29.055	48.618
01.002	29.058	48.675
01.002	29.063	48.674
01.002	29.066	48.660
01.000	29.070	48.693
01.002	29.075	48.686
01.002	29.078	48.666
01.000	29.083	48.689
01.000	29.087	48.704
01.001	29.092	48.704
01.001	29.095	48.709
01.003	29.099	48.727
01.002	29.101	48.727
01.003	29.103	48.737
01.006	29.104	48.743
01.006	29.106	48.721
01.003	29.106	48.712
01.003	29.108	48.708
01.002	29.109	48.676
01.003	29.109	48.667
01.006	29.110	48.660
01.008	29.111	48.634
01.007	29.115	48.640
01.007	29.122	48.631
01.003	29.126	48.639
01.003	29.124	48.643
01.003	29.118	48.654
01.000	29.110	48.672
00.998	29.105	48.679
00.998	29.103	48.693
01.000	29.103	48.706
00.999	29.101	48.711
00.998	29.101	48.721
01.002	29.101	48.731
01.008	29.101	48.737
01.007	29.102	48.744
01.010	29.106	48.748
01.009	29.106	48.740
01.010	29.107	48.737
01.007	29.107	48.722
01.005	29.109	48.704
01.004	29.113	48.703
01.003	29.115	48.707
01.003	29.117	48.702
01.003	29.123	48.711
01.004	29.127	48.719
01.007	29.131	48.719
01.008	29.134	48.728
01.010	29.139	48.739
01.009	29.143	48.734
01.012	29.146	48.738
01.010	29.147	48.737
01.006	29.147	48.721
01.005	29.144	48.711
01.008	29.139	48.717
01.011	29.139	48.725
01.014	29.139	48.720
01.013	29.142	48.721
01.012	29.145	48.708
01.008	29.144	48.710
01.005	29.142	48.720
01.004	29.144	48.721
01.004	29.149	48.736
01.004	29.151	48.737
01.003	29.154	48.733
01.000	29.157	48.756
01.004	29.156	48.753
01.006	29.158	48.732
01.009	29.159	48.735
01.015	29.165	48.747
01.019	29.174	48.717
01.022	29.182	48.699
01.023	29.187	48.718
01.023	29.188	48.718
01.022	29.183	48.704
01.019	29.177	48.698
01.015	29.165	48.699
01.014	29.155	48.692
01.013	29.149	48.699
01.010	29.146	48.703
01.008	29.144	48.698
01.007	29.143	48.700
01.010	29.145	48.707
01.014	29.148	48.713
01.014	29.151	48.707
01.014	29.158	48.704
01.014	29.166	48.710
01.014	29.173	48.700
01.015	29.177	48.698
01.017	29.181	48.698
01.019	29.183	48.702
01.016	29.186	48.691
01.014	29.189	48.680
01.011	29.191	48.685
01.010	29.194	48.691
01.013	29.196	48.680
01.012	29.198	48.679
01.016	29.200	48.679
01.016	29.204	48.677
01.017	29.209	48.675
01.020	29.208	48.679
01.018	29.202	48.669
01.016	29.192	48.671
01.017	29.182	48.679
01.016	29.174	48.679
01.016	29.171	48.683
01.017	29.173	48.670
01.017	29.174	48.677
01.020	29.176	48.688
01.022	29.177	48.692
01.027	29.177	48.674
01.025	29.179	48.667
01.022	29.179	48.659
01.017	29.175	48.655
01.017	29.175	48.658
01.015	29.176	48.652
01.017	29.179	48.643
01.019	29.181	48.674
01.018	29.182	48.657
01.015	29.187	48.655
01.012	29.188	48.669
01.008	29.187	48.678
01.009	29.187	48.668
01.013	29.188	48.670
01.016	29.189	48.682
01.019	29.190	48.668
01.019	29.195	48.647
01.016	29.200	48.646
01.009	29.203	48.642
01.009	29.204	48.638
01.007	29.203	48.637
01.007	29.205	48.642
01.009	29.205	48.655
01.012	29.206	48.642
01.010	29.207	48.651
01.011	29.207	48.662
01.010	29.211	48.643
01.012	29.214	48.640
01.014	29.211	48.659
01.016	29.207	48.656
01.019	29.204	48.637
01.020	29.199	48.636
01.021	29.197	48.643
01.020	29.192	48.629
01.021	29.187	48.622
01.022	29.183	48.643
01.022	29.177	48.644
01.021	29.172	48.640
01.021	29.167	48.651
01.023	29.163	48.654
01.025	29.156	48.650
01.028	29.151	48.655
01.028	29.148	48.650
01.031	29.148	48.642
01.027	29.148	48.652
01.024	29.145	48.660
01.024	29.144	48.633
01.024	29.142	48.634
01.024	29.142	48.645
01.025	29.144	48.627
01.028	29.147	48.613
01.027	29.147	48.638
01.024	29.150	48.639
01.025	29.150	48.633
01.027	29.149	48.644
01.029	29.148	48.650
01.033	29.147	48.649
01.037	29.147	48.653
01.039	29.146	48.654
01.038	29.142	48.645
01.039	29.140	48.641
01.039	29.137	48.648
01.041	29.132	48.647
01.043	29.129	48.530
01.047	29.129	48.638
01.048	29.126	48.676
01.049	29.126	48.622
01.047	29.125	48.648
01.043	29.118	48.670
01.038	29.113	48.640
01.037	29.111	48.650
01.038	29.114	48.660
01.041	29.116	48.654
01.044	29.121	48.661
01.047	29.124	48.652
01.047	29.127	48.644
01.049	29.128	48.659
01.051	29.129	48.656
01.052	29.129	48.647
01.051	29.127	48.666
01.050	29.124	48.664
01.051	29.119	48.667
01.049	29.114	48.686
01.047	29.107	48.685
01.049	29.102	48.683
01.049	29.096	48.689
01.048	29.093	48.683
01.051	29.089	48.682
01.052	29.088	48.693
01.053	29.086	48.680
01.055	29.085	48.666
01.056	29.085	48.663
01.058	29.087	48.648
01.059	29.086	48.667
01.061	29.087	48.676
01.063	29.090	48.671
01.059	29.094	48.680
01.059	29.098	48.682
01.057	29.098	48.673
01.058	29.099	48.679
01.061	29.101	48.688
01.062	29.101	48.670
01.062	29.104	48.664
01.065	29.105	48.679
01.066	29.107	48.656
01.065	29.106	48.652
01.068	29.106	48.678
01.069	29.105	48.660
01.070	29.105	48.670
01.073	29.103	48.704
01.074	29.104	48.704
01.071	29.106	48.702
01.072	29.107	48.709
01.066	29.106	48.703
01.066	29.105	48.700
01.067	29.103	48.712
01.069	29.099	48.699
01.072	29.098	48.692
01.072	29.096	48.700
01.074	29.093	48.691
01.078	29.091	48.688
01.079	29.089	48.705
01.077	29.086	48.700
01.075	29.082	48.696
01.073	29.077	48.707
01.075	29.074	48.706
01.076	29.071	48.706
01.076	29.073	48.710
01.075	29.072	48.707
01.076	29.074	48.704
01.078	29.074	48.715
01.078	29.075	48.710
01.081	29.077	48.701
01.083	29.079	48.709
01.085	29.080	48.703
01.086	29.082	48.707
01.087	29.081	48.711
01.086	29.083	48.714
01.082	29.084	48.717
01.081	29.083	48.718
01.082	29.084	48.718
01.081	29.083	48.723
01.082	29.082	48.725
01.083	29.083	48.733
01.085	29.083	48.731
01.085	29.085	48.724
01.088	29.087	48.724
01.090	29.090	48.725
01.089	29.091	48.727
01.089	29.090	48.723
01.091	29.088	48.730
01.090	29.087	48.732
01.090	29.086	48.739
01.086	29.085	48.749
01.087	29.084	48.752
01.084	29.083	48.745
01.086	29.083	48.749
01.088	29.083	48.752
01.086	29.080	48.748
01.090	29.079	48.742
01.090	29.078	48.737
01.090	29.078	48.733
01.089	29.078	48.739
01.091	29.079	48.741
01.090	29.082	48.745
01.089	29.082	48.748
01.087	29.086	48.756
01.087	29.090	48.754
01.088	29.096	48.753
01.089	29.102	48.753
01.088	29.108	48.754
01.089	29.114	48.757
01.090	29.119	48.759
01.091	29.125	48.763
01.091	29.130	48.765
01.092	29.133	48.768
01.093	29.136	48.769
01.092	29.138	48.774
01.095	29.139	48.782
01.094	29.141	48.782
01.094	29.142	48.787
01.095	29.143	48.794
01.094	29.143	48.795
01.092	29.144	48.797
01.093	29.143	48.801
01.094	29.142	48.798
01.093	29.141	48.804
01.091	29.137	48.811
01.093	29.135	48.814
01.092	29.135	48.814
01.094	29.134	48.818
01.094	29.131	48.820
01.095	29.127	48.821
01.095	29.123	48.825
01.096	29.119	48.831
01.096	29.116	48.838
01.097	29.117	48.831
01.096	29.117	48.834
01.096	29.120	48.840
01.096	29.124	48.838
01.097	29.128	48.846
01.097	29.133	48.842
01.095	29.136	48.844
01.098	29.138	48.852
01.099	29.137	48.851
01.099	29.139	48.858
01.098	29.140	48.868
01.097	29.140	48.860
01.097	29.141	48.872
01.098	29.140	48.867
01.097	29.143	48.868
01.098	29.143	48.867
01.098	29.145	48.866
01.099	29.145	48.866
01.100	29.144	48.871
01.100	29.144	48.871
01.100	29.146	48.881
01.100	29.146	48.880
01.100	29.146	48.883
01.098	29.145	48.883
01.099	29.145	48.877
01.099	29.141	48.872
01.100	29.137	48.862
01.099	29.131	48.860
01.100	29.123	48.855
01.098	29.118	48.851
01.098	29.112	48.854
01.100	29.108	48.856
01.100	29.107	48.859
01.099	29.109	48.866
01.102	29.112	48.870
01.102	29.119	48.870
01.100	29.128	48.873
01.101	29.136	48.873
01.101	29.141	48.871
01.099	29.144	48.873
01.101	29.144	48.874
01.100	29.142	48.872
01.099	29.141	48.877
01.100	29.142	48.880
01.100	29.140	48.879
01.102	29.142	48.879
01.102	29.142	48.871
01.103	29.141	48.870
01.103	29.142	48.884
01.104	29.142	48.881
01.107	29.147	48.879
01.106	29.151	48.888
01.106	29.158	48.889
01.107	29.162	48.891
01.104	29.167	48.902
01.105	29.170	48.896
01.102	29.171	48.896
01.103	29.171	48.897
01.103	29.168	48.886
01.101	29.165	48.875
01.103	29.161	48.874
01.101	29.156	48.873
01.102	29.153	48.871
01.102	29.151	48.869
01.103	29.151	48.873
01.102	29.150	48.880
01.102	29.149	48.875
01.102	29.144	48.883
01.102	29.139	48.884
01.105	29.135	48.884
01.104	29.129	48.888
01.106	29.125	48.891
01.107	29.120	48.893
01.107	29.117	48.903
01.110	29.116	48.905
01.109	29.115	48.903
01.110	29.114	48.905
01.109	29.113	48.900
01.109	29.113	48.888
01.107	29.113	48.895
01.107	29.112	48.888
01.108	29.112	48.884
01.105	29.109	48.883
01.108	29.107	48.895
01.107	29.105	48.900
01.109	29.102	48.904
01.110	29.099	48.908
01.115	29.096	48.893
01.115	29.093	48.886
01.113	29.090	48.888
01.111	29.088	48.890
01.109	29.084	48.889
01.109	29.082	48.888
01.108	29.080	48.880
01.106	29.079	48.884
01.106	29.078	48.897
01.106	29.080	48.888
01.109	29.082	48.889
01.111	29.082	48.904
01.114	29.085	48.902
01.115	29.088	48.897
01.113	29.091	48.896
01.113	29.093	48.887
01.113	29.094	48.889
01.112	29.094	48.883
01.110	29.093	48.876
01.111	29.091	48.869
01.113	29.091	48.861
01.113	29.090	48.857
01.115	29.092	48.867
01.115	29.094	48.874
01.118	29.097	48.870
01.115	29.099	48.873
01.118	29.101	48.875
01.116	29.102	48.872
01.116	29.102	48.870
01.115	29.101	48.866
01.116	29.100	48.871
01.113	29.099	48.865
01.116	29.098	48.874
01.116	29.096	48.873
01.116	29.094	48.868
01.115	29.092	48.865
01.117	29.088	48.872
01.115	29.085	48.877
01.116	29.081	48.871
01.117	29.081	48.874
01.118	29.079	48.884
01.117	29.081	48.878
01.116	29.082	48.881
01.119	29.085	48.877
01.117	29.087	48.876
01.116	29.091	48.881
01.117	29.092	48.883
01.116	29.097	48.869
01.116	29.098	48.864
01.117	29.099	48.857
01.115	29.099	48.838
01.115	29.100	48.844
01.116	29.100	48.849
01.118	29.098	48.856
01.120	29.095	48.857
01.123	29.094	48.863
01.122	29.096	48.864
01.121	29.099	48.864
01.121	29.101	48.857
01.120	29.103	48.849
01.117	29.102	48.855
01.119	29.100	48.862
01.116	29.099	48.862
01.117	29.098	48.868
01.118	29.099	48.866
01.119	29.097	48.849
01.118	29.096	48.854
01.118	29.094	48.882
01.119	29.090	48.870
01.122	29.089	48.857
01.120	29.090	48.840
01.119	29.092	48.855
01.116	29.094	48.847
01.116	29.096	48.842
01.114	29.099	48.830
01.114	29.101	48.820
01.113	29.105	48.817
01.114	29.109	48.816
01.113	29.111	48.814
01.115	29.112	48.813
01.116	29.111	48.818
01.118	29.108	48.821
01.119	29.107	48.824
01.121	29.106	48.825
01.120	29.104	48.815
01.121	29.102	48.814
01.121	29.102	48.811
01.120	29.102	48.814
01.119	29.105	48.811
01.118	29.107	48.810
01.117	29.110	48.807
01.118	29.112	48.808
01.119	29.115	48.811
01.120	29.117	48.813
01.120	29.119	48.812
01.121	29.116	48.825
01.124	29.114	48.823
01.123	29.111	48.817
01.121	29.107	48.813
01.121	29.102	48.805
01.121	29.097	48.816
01.121	29.090	48.793
01.118	29.085	48.799
01.119	29.080	48.792
01.120	29.078	48.800
01.121	29.077	48.802
01.125	29.078	48.801
01.127	29.080	48.793
01.127	29.081	48.794
01.127	29.080	48.794
01.126	29.080	48.791
01.125	29.080	48.783
01.125	29.078	48.781
01.122	29.079	48.775
01.122	29.080	48.776
01.120	29.081	48.771
01.119	29.082	48.773
01.121	29.083	48.774
01.122	29.085	48.771
01.125	29.087	48.775
01.126	29.088	48.773
01.126	29.090	48.771
01.128	29.090	48.766
01.129	29.089	48.766
01.128	29.091	48.766
01.126	29.092	48.768
01.128	29.093	48.769
01.127	29.097	48.770
01.124	29.101	48.766
01.124	29.103	48.773
01.126	29.106	48.770
01.124	29.105	48.745
01.122	29.103	48.780
01.119	29.101	48.770
01.120	29.100	48.734
01.116	29.099	48.743
01.115	29.099	48.739
01.118	29.101	48.745
01.123	29.100	48.780
01.130	29.100	48.801
01.136	29.097	48.783
01.141	29.092	48.772
01.146	29.086	48.787
01.154	29.079	48.821
01.165	29.075	48.867
01.181	29.073	48.887
01.196	29.071	48.873
01.210	29.069	48.944
01.217	29.068	48.878
01.219	29.064	48.888
01.222	29.060	48.904
01.229	29.056	48.921
01.239	29.053	48.916
01.249	29.053	48.909
01.260	29.049	48.954
01.279	29.050	48.951
01.300	29.049	48.981
01.321	29.045	48.965
01.342	29.040	49.014
01.365	29.038	48.951
01.387	29.037	49.041
01.413	29.035	49.064
01.420	29.035	49.082
01.432	29.034	49.070
01.440	29.033	49.091
01.449	29.036	49.107
01.458	29.038	49.091
01.460	29.040	49.079
01.460	29.041	49.089
01.460	29.040	49.065
01.461	29.039	49.084
01.469	29.039	49.147
01.486	29.037	49.144
01.503	29.038	49.110
01.518	29.036	49.162
01.538	29.033	49.225
01.564	29.029	49.258
01.584	29.027	49.242
01.597	29.026	49.256
01.612	29.024	49.280
01.634	29.022	49.316
01.671	29.022	49.362
01.697	29.021	49.384
01.720	29.018	49.399
01.731	29.015	49.390
01.733	29.013	49.411
01.743	29.010	49.392
01.752	29.010	49.389
01.761	29.009	49.417
01.775	29.007	49.426
01.798	29.007	49.479
01.818	29.006	49.515
01.834	29.006	49.471
01.849	29.005	49.457
01.863	29.004	49.554
01.883	29.004	49.555
01.910	29.005	49.543
01.940	29.005	49.594
01.951	29.005	49.617
01.955	29.004	49.606
01.958	29.003	49.608
01.967	29.002	49.621
01.980	29.004	49.646
01.994	29.004	49.635
02.000	29.005	49.594
02.006	29.007	49.603
02.030	29.008	49.619
02.103	29.010	49.736
02.179	29.009	49.848
02.241	29.008	49.900
02.274	29.006	49.820
02.290	29.003	49.794
02.309	28.999	49.858
02.336	28.998	49.928
02.384	28.997	49.923
02.402	28.997	49.981
02.424	28.994	49.981
02.439	28.992	50.009
02.468	28.991	50.042
02.516	28.991	49.904
02.572	28.991	49.838
02.631	28.991	51.601
02.670	28.991	51.565
02.691	28.991	51.562
02.714	28.991	51.575
02.746	28.990	51.793
02.774	28.991	51.707
02.788	28.991	51.762
02.806	28.990	51.531
02.853	28.990	51.500
02.882	28.990	51.307
02.925	28.990	51.575
02.963	28.990	51.640
03.009	28.990	51.668
03.031	28.991	51.601
03.066	28.990	51.541
03.121	28.990	51.620
03.182	28.990	51.714
03.238	28.988	52.185
03.257	28.987	52.110
03.272	28.988	52.103
03.294	28.985	52.038
03.343	28.986	52.025
03.408	28.985	52.151
03.468	28.985	52.054
03.504	28.983	51.999
03.549	28.984	51.880
03.578	28.984	52.138
03.629	28.983	52.242
03.649	28.982	52.242
03.669	28.982	52.190
03.684	28.981	52.219
03.717	28.981	51.671
03.789	28.982	51.408
03.846	28.982	51.912
03.902	28.982	52.025
03.928	28.982	52.125
03.950	28.981	52.116
03.971	28.981	52.128
03.998	28.980	52.151
04.030	28.981	52.033
04.077	28.981	50.792
04.147	28.982	52.186
04.237	28.981	52.068
04.301	28.981	52.236
04.349	28.981	52.428
04.378	28.979	52.416
04.413	28.978	52.301
04.457	28.977	52.301
04.490	28.976	52.226
04.504	28.975	52.266
04.514	28.975	52.220
04.532	28.974	52.052
04.587	28.974	52.058
04.636	28.976	51.969
04.686	28.974	52.279
04.700	28.974	52.246
04.719	28.974	52.278
04.743	28.973	52.333
04.771	28.972	52.369
04.791	28.971	52.335
04.796	28.970	52.207
04.806	28.968	52.093
04.857	28.970	51.471
04.926	28.969	52.368
04.980	28.969	52.573
05.018	28.969	52.612
05.063	28.971	52.575
05.093	28.971	52.614
05.130	28.970	52.550
05.147	28.969	52.551
05.159	28.970	52.586
05.171	28.969	52.581
05.197	28.968	52.600
05.256	28.968	52.042
05.344	28.968	52.896
05.384	28.967	52.906
05.437	28.967	52.953
05.474	28.967	52.997
05.504	28.966	52.962
05.524	28.968	52.989
05.539	28.966	52.984
05.555	28.966	53.006
05.579	28.965	52.988
05.616	28.966	51.702
05.681	28.968	52.481
05.744	28.966	52.894
05.811	28.967	53.038
05.848	28.967	53.063
05.868	28.967	53.118
05.894	28.967	53.080
05.910	28.967	53.079
05.925	28.966	53.087
05.940	28.966	53.093
05.958	28.966	53.019
06.000	28.966	51.550
06.067	28.966	52.965
06.160	28.966	53.211
06.219	28.966	53.164
06.262	28.966	53.201
06.314	28.966	53.205
06.343	28.965	53.218
06.372	28.964	53.255
06.382	28.962	53.239
06.394	28.964	53.243
06.420	28.964	53.199
06.468	28.962	52.907
06.527	28.964	53.186
06.588	28.964	53.211
06.660	28.964	53.303
06.685	28.962	53.311
06.715	28.962	53.311
06.739	28.961	53.297
06.769	28.961	53.277
06.799	28.961	53.360
06.851	28.962	53.195
06.900	28.961	53.236
06.963	28.961	53.014
07.022	28.961	53.363
07.086	28.960	53.364
07.128	28.960	53.497
07.197	28.960	53.550
07.229	28.959	53.486
07.250	28.958	53.503
07.266	28.957	53.504
07.274	28.957	53.515
07.289	28.957	53.540
07.318	28.957	53.531
07.341	28.956	53.580
07.367	28.957	53.570
07.399	28.958	53.555
07.423	28.957	53.564
07.440	28.959	53.561
07.456	28.958	53.559
07.466	28.958	53.556
07.476	28.959	53.539
07.495	28.959	53.221
07.566	28.959	53.673
07.634	28.960	53.673
07.687	28.960	53.640
07.731	28.961	53.617
07.759	28.961	53.652
07.773	28.959	53.618
07.786	28.958	53.644
07.799	28.959	53.647
07.817	28.959	53.571
07.861	28.960	53.155
07.920	28.960	53.338
07.982	28.961	53.732
08.046	28.959	53.816
08.089	28.959	53.712
08.113	28.959	53.733
08.122	28.959	53.749
08.126	28.957	53.740
08.138	28.957	53.639
08.187	28.956	53.192
08.248	28.957	53.472
08.312	28.957	53.758
08.359	28.955	53.819
08.372	28.956	53.844
08.372	28.954	53.822
08.369	28.954	53.812
08.366	28.955	53.818
08.371	28.957	53.822
08.379	28.956	53.821
08.388	28.955	53.802
08.408	28.956	53.775
08.462	28.955	53.376
08.530	28.956	52.334
08.600	28.956	53.737
08.644	28.957	53.739
08.668	28.956	53.703
08.690	28.956	53.736
08.700	28.956	53.722
08.705	28.955	53.673
08.713	28.956	53.546
08.738	28.954	53.051
08.801	28.956	52.441
08.867	28.956	68.393
08.943	28.956	53.715
08.977	28.955	53.768
08.994	28.955	53.746
09.003	28.954	53.760
09.005	28.953	53.738
09.006	28.953	53.733
09.013	28.953	53.702
09.036	28.953	53.621
09.086	28.953	53.676
09.141	28.954	53.522
09.201	28.953	53.953
09.252	28.953	53.916
09.273	28.951	53.906
09.299	28.950	53.867
09.311	28.950	53.913
09.317	28.949	53.882
09.322	28.950	53.852
09.339	28.949	53.539
09.396	28.950	52.811
09.470	28.949	53.926
09.525	28.949	53.935
09.573	28.949	53.992
09.589	28.947	53.989
09.595	28.945	53.988
09.592	28.945	53.986
09.590	28.945	53.985
09.601	28.945	53.948
09.630	28.945	53.979
09.679	28.945	53.952
09.768	28.944	54.190
09.824	28.944	54.159
09.869	28.942	54.165
09.898	28.943	54.168
09.915	28.941	54.151
09.925	28.941	54.148
09.930	28.940	54.150
09.937	28.941	54.149
09.944	28.941	54.103
09.958	28.940	54.053
10.008	28.941	53.366
10.063	28.940	53.881
10.140	28.941	54.224
10.186	28.940	54.195
10.217	28.941	54.227
10.238	28.939	54.223
10.264	28.939	54.259
10.279	28.939	54.241
10.292	28.939	54.240
10.307	28.937	54.183
10.339	28.937	53.981
10.401	28.938	53.754
10.469	28.937	54.206
10.546	28.938	54.229
10.583	28.938	54.210
10.613	28.936	54.237
10.645	28.936	54.257
10.658	28.936	54.254
10.664	28.935	54.233
10.666	28.935	54.229
10.676	28.935	54.056
10.723	28.935	52.777
10.790	28.936	54.004
10.868	28.936	54.305
10.924	28.934	54.294
10.972	28.934	54.283
11.005	28.932	54.325
11.031	28.932	54.284
11.051	28.932	54.269
11.066	28.932	54.290
11.095	28.931	54.259
11.140	28.931	54.078
11.212	28.932	54.350
11.265	28.931	54.332
11.335	28.930	54.402
11.391	28.931	54.365
11.415	28.929	54.394
11.457	28.928	54.418
11.493	28.929	54.412
11.504	28.928	54.403
11.517	28.928	54.386
11.537	28.928	54.306
11.588	28.930	54.251
11.652	28.929	54.377
11.725	28.929	54.535
11.782	28.928	54.517
11.813	28.927	54.515
11.835	28.927	54.497
11.852	28.926	54.519
11.867	28.926	54.503
11.875	28.926	54.503
11.900	28.925	54.495
11.895	28.926	54.482
11.932	28.925	54.550
11.986	28.926	54.470
12.045	28.926	54.595
12.104	28.926	54.617
12.151	28.927	54.626
12.190	28.927	54.613
12.222	28.926	54.589
12.247	28.927	54.609
12.269	28.927	54.633
12.281	28.927	54.614
12.285	28.926	54.617
12.291	28.926	54.610
12.311	28.926	54.494
12.382	28.925	53.777
12.468	28.927	54.197
12.540	28.926	54.584
12.600	28.925	54.604
12.652	28.924	54.607
12.689	28.924	54.613
12.725	28.924	54.633
12.749	28.924	54.615
12.764	28.922	54.625
12.776	28.922	54.646
12.805	28.923	54.490
12.857	28.922	53.921
12.935	28.922	54.303
13.017	28.922	54.609
13.068	28.922	54.473
13.105	28.921	54.527
13.130	28.921	54.624
13.144	28.921	54.606
13.157	28.920	54.602
13.169	28.920	54.588
13.181	28.920	54.584
13.195	28.919	55.152
13.217	28.919	57.295
13.279	28.919	57.107
13.345	28.919	56.888
13.426	28.919	57.396
13.466	28.919	57.115
13.482	28.919	57.051
13.471	28.918	57.047
13.442	28.920	57.029
13.414	28.919	57.118
13.394	28.919	58.144
13.394	28.918	58.968
13.410	28.918	58.968
13.431	28.920	58.967
13.448	28.919	58.966
13.457	28.918	58.964
13.458	28.918	58.963
13.466	28.918	58.961
13.504	28.918	58.961
13.546	28.917	58.954
13.598	28.917	58.950
13.624	28.918	58.957
13.649	28.917	58.955
13.666	28.917	58.953
13.695	28.916	58.954
13.739	28.916	58.959
13.802	28.915	58.950
13.852	28.916	58.952
13.909	28.914	58.954
13.950	28.915	58.948
13.973	28.915	58.953
13.987	28.915	58.955
13.993	28.915	58.954
13.996	28.915	58.954
14.007	28.916	58.955
14.032	28.914	58.959
14.105	28.915	58.960
14.146	28.914	58.958
14.186	28.916	58.958
14.212	28.915	58.958
14.236	28.916	58.959
14.268	28.916	58.960
14.288	28.915	58.959
14.303	28.915	58.960
14.316	28.915	58.962
14.332	28.916	58.964
14.371	28.916	58.965
14.422	28.915	58.959
14.487	28.914	58.994
14.552	28.913	58.990
14.611	28.914	58.986
14.652	28.913	59.131
14.684	28.912	59.135
14.702	28.913	59.133
14.711	28.914	59.135
14.711	28.912	59.136
14.719	28.913	59.136
14.747	28.914	59.136
14.810	28.913	59.135
14.878	28.913	59.133
14.932	28.913	59.133
14.974	28.913	59.132
14.996	28.912	59.131
15.017	28.912	59.133
15.046	28.913	59.132
15.070	28.913	59.132
15.089	28.912	59.132
15.108	28.913	59.132
15.135	28.913	59.135
15.183	28.912	59.134
15.248	28.913	59.132
15.319	28.913	59.130
15.358	28.913	59.131
15.391	28.913	59.131
15.407	28.912	59.130
15.418	28.910	59.132
15.426	28.911	59.130
15.428	28.913	59.133
15.433	28.912	59.132
15.448	28.913	59.133
15.493	28.912	59.133
15.550	28.912	59.133
15.621	28.913	59.130
15.679	28.911	59.130
15.723	28.912	59.132
15.771	28.911	59.132
15.789	28.911	59.130
15.813	28.911	59.133
15.829	28.911	59.133
15.849	28.911	59.131
15.885	28.910	59.131
15.936	28.913	59.131
16.024	28.911	59.132
16.077	28.911	59.129
16.132	28.911	59.129
16.162	28.911	59.128
16.196	28.911	59.126
16.212	28.911	59.125
16.223	28.909	59.127
16.230	28.910	59.127
16.240	28.911	59.126
16.275	28.911	59.127
16.352	28.911	59.124
16.447	28.910	59.122
16.517	28.910	59.121
16.558	28.909	59.123
16.600	28.908	59.123
16.635	28.906	59.124
16.673	28.906	59.123
16.706	28.905	59.124
16.719	28.904	59.125
16.732	28.905	59.124
16.751	28.905	59.124
16.810	28.905	59.125
16.867	28.905	59.123
16.944	28.904	59.123
17.018	28.904	59.122
17.053	28.904	59.123
17.089	28.903	59.122
17.121	28.903	59.123
17.139	28.903	59.124
17.154	28.902	59.124
17.163	28.902	59.124
17.172	28.902	59.126
17.186	28.903	59.125
17.233	28.904	59.128
17.299	28.903	59.123
17.370	28.903	59.122
17.426	28.903	59.123
17.474	28.903	59.123
17.506	28.904	59.123
17.559	28.903	59.123
17.582	28.903	59.124
17.599	28.903	59.125
17.612	28.903	59.125
17.634	28.903	59.126
17.692	28.902	59.127
17.742	28.904	59.126
17.787	28.902	59.124
17.830	28.903	59.124
17.860	28.902	59.124
17.886	28.903	59.125
17.901	28.903	59.126
17.910	28.903	59.125
17.919	28.903	59.125
17.933	28.903	59.126
17.980	28.904	59.125
18.023	28.904	59.124
18.096	28.904	59.125
18.152	28.904	59.122
18.199	28.903	59.123
18.243	28.903	59.124
18.261	28.903	59.123
18.272	28.903	59.123
18.279	28.903	59.124
18.285	28.901	59.126
18.307	28.903	59.126
18.368	28.903	59.126
18.434	28.902	59.123
18.515	28.903	59.123
18.564	28.903	59.122
18.607	28.903	59.123
18.624	28.902	59.124
18.630	28.902	59.124
18.623	28.902	59.123
18.597	28.902	59.124
18.617	28.902	59.123
18.630	28.902	59.123
18.693	28.902	59.124
18.749	28.903	59.125
18.842	28.902	59.124
18.898	28.902	59.125
18.942	28.902	59.124
18.995	28.902	59.125
19.021	28.901	59.124
19.034	28.901	59.123
19.047	28.900	59.124
19.068	28.900	59.123
19.115	28.900	59.127
19.161	28.900	59.127
19.213	28.900	59.128
19.252	28.900	59.126
19.289	28.901	59.126
19.322	28.901	59.128
19.351	28.901	59.127
19.369	28.901	59.124
19.388	28.901	59.125
19.411	28.901	59.127
19.450	28.902	59.127
19.521	28.903	59.126
19.573	28.902	59.124
19.635	28.901	59.125
19.684	28.902	59.126
19.706	28.903	59.126
19.724	28.902	59.125
19.739	28.902	59.122
19.743	28.903	59.120
19.737	28.902	59.120
19.744	28.904	59.121
19.778	28.904	59.123
19.850	28.903	59.122
19.935	28.904	59.124
20.000	28.903	59.122
20.073	28.902	59.121
20.135	28.901	59.121
20.176	28.902	59.120
20.196	28.901	59.123
20.203	28.900	59.120
20.202	28.900	59.120
20.206	28.899	59.118
20.234	28.899	59.117
20.299	28.900	59.118
20.388	28.898	59.118
20.444	28.899	59.116
20.523	28.899	59.116
20.572	28.898	59.114
20.599	28.896	59.112
20.600	28.897	59.112
20.581	28.896	59.112
20.558	28.895	59.114
20.539	28.894	59.115
20.529	28.895	59.118
20.526	28.896	59.120
20.533	28.895	59.119
20.547	28.895	59.116
20.559	28.895	59.115
20.565	28.895	59.112
20.566	28.896	59.114
20.561	28.895	59.114
20.560	28.895	59.116
20.564	28.895	59.116
20.570	28.895	59.115
20.576	28.895	59.118
20.579	28.896	59.118
20.578	28.895	59.119
20.569	28.896	59.120
20.558	28.895	59.118
20.554	28.897	59.120
20.551	28.894	59.119
20.553	28.894	59.119
20.557	28.895	59.119
20.559	28.895	59.120
20.557	28.895	59.119
20.554	28.895	59.121
20.550	28.895	59.122
20.550	28.896	59.123
20.551	28.895	59.123
20.554	28.895	59.124
20.559	28.897	59.124
20.559	28.897	59.126
20.557	28.896	59.124
20.554	28.897	59.126
20.554	28.896	59.125
20.551	28.895	59.126
20.554	28.897	59.127
20.559	28.897	59.126
20.565	28.897	59.126
20.572	28.897	59.125
20.576	28.898	59.124
20.577	28.897	59.123
20.577	28.896	59.124
20.572	28.896	59.121
20.569	28.895	59.122
20.573	28.896	59.123
20.577	28.897	59.120
20.579	28.897	59.122
20.578	28.897	59.120
20.578	28.896	59.119
20.577	28.896	59.119
20.574	28.897	59.121
20.575	28.896	59.117
20.578	28.898	59.118
20.580	28.898	59.119
20.584	28.896	59.114
20.587	28.897	59.117
20.586	28.897	59.115
20.585	28.895	59.116
20.585	28.895	59.117
20.579	28.893	59.115
20.582	28.894	59.116
20.588	28.894	59.117
20.592	28.894	59.117
20.594	28.893	59.117
20.592	28.895	59.116
20.592	28.893	59.114
20.587	28.894	59.117
20.585	28.893	59.115
20.587	28.893	59.116
20.591	28.893	59.117
20.595	28.893	59.117
20.597	28.893	59.118
20.598	28.894	59.117
20.599	28.894	59.116
20.594	28.895	59.120
20.592	28.895	59.120
20.594	28.895	59.123
20.595	28.894	59.121
20.595	28.895	59.124
20.597	28.895	59.127
20.597	28.896	59.126
20.596	28.895	59.127
20.599	28.896	59.127
20.600	28.895	59.129
20.599	28.898	59.129
20.599	28.897	59.128
20.601	28.898	59.130
20.601	28.898	59.131
20.602	28.898	59.129
20.602	28.899	59.127
20.604	28.898	59.129
20.606	28.898	59.129
20.608	28.899	59.127
20.612	28.898	59.126
20.615	28.898	59.126
20.616	28.898	59.125
20.618	28.898	59.122
20.617	28.898	59.124
20.613	28.898	59.124
20.612	28.898	59.124
20.613	28.897	59.123
20.615	28.898	59.125
20.619	28.898	59.123
20.622	28.898	59.125
20.622	28.899	59.125
20.620	28.899	59.125
20.594	28.899	59.125
20.616	28.899	59.125
20.614	28.898	59.126
20.616	28.898	59.126
20.623	28.899	59.126
20.628	28.898	59.126
20.633	28.899	59.127
20.635	28.899	59.128
20.632	28.899	59.129
20.630	28.900	59.126
20.630	28.899	59.129
20.628	28.900	59.131
20.628	28.901	59.129
20.628	28.901	59.132
20.629	28.901	59.130
20.630	28.901	59.133
20.629	28.899	59.133
20.630	28.900	59.133
20.630	28.901	59.134
20.632	28.899	59.134
20.632	28.901	59.131
20.637	28.900	59.130
20.634	28.899	59.131
20.636	28.901	59.131
20.634	28.901	59.129
20.636	28.901	59.129
20.637	28.901	59.128
20.636	28.901	59.129
20.636	28.900	59.127
20.638	28.900	59.124
20.636	28.899	59.126
20.636	28.899	59.123
20.641	28.898	59.124
20.640	28.898	59.123
20.638	28.899	59.125
20.634	28.898	59.126
20.633	28.898	59.126
20.631	28.899	59.124
20.631	28.899	59.127
20.630	28.899	59.128
20.631	28.899	59.127
20.634	28.899	59.129
20.636	28.900	59.129
20.639	28.899	59.132
20.640	28.900	59.130
20.639	28.901	59.131
20.638	28.899	59.133
20.636	28.899	59.134
20.636	28.900	59.134
20.636	28.899	59.135
20.636	28.899	59.134
20.638	28.898	59.136
20.642	28.899	59.133
20.645	28.900	59.133
20.656	28.899	59.132
20.670	28.899	59.131
20.688	28.899	59.128
20.703	28.898	59.127
20.711	28.897	59.124
20.715	28.895	59.123
20.713	28.895	59.121
20.703	28.894	59.122
20.698	28.894	59.124
20.696	28.893	59.121
20.697	28.892	59.120
20.702	28.894	59.120
20.707	28.894	59.118
20.712	28.894	59.118
20.716	28.895	59.117
20.716	28.893	59.114
20.715	28.894	59.114
20.716	28.894	59.113
20.713	28.894	59.113
20.713	28.895	59.112
20.711	28.894	59.112
20.706	28.895	59.114
20.704	28.896	59.114
20.703	28.896	59.113
20.703	28.895	59.114
20.707	28.895	59.114
20.714	28.897	59.113
20.718	28.897	59.114
20.722	28.897	59.112
20.723	28.897	59.114
20.721	28.897	59.114
20.713	28.898	59.115
20.712	28.898	59.117
20.709	28.898	59.115
20.708	28.897	59.117
20.710	28.898	59.117
20.709	28.897	59.116
20.709	28.899	59.117
20.708	28.898	59.120
20.702	28.898	59.118
20.703	28.899	59.121
20.703	28.899	59.118
20.700	28.899	59.122
20.704	28.899	59.121
20.710	28.899	59.120
20.716	28.898	59.121
20.717	28.899	59.119
20.716	28.898	59.118
20.713	28.897	59.121
20.711	28.896	59.119
20.713	28.894	59.121
20.720	28.895	59.120
20.729	28.893	59.117
20.735	28.893	59.116
20.735	28.893	59.117
20.732	28.892	59.116
20.727	28.893	59.117
20.727	28.893	59.118
20.720	28.894	59.117
20.723	28.894	59.120
20.723	28.894	59.116
20.722	28.893	59.118
20.719	28.893	59.117
20.717	28.892	59.117
20.717	28.892	59.116
20.718	28.892	59.113
20.709	28.892	59.106
20.708	28.892	59.089
20.702	28.892	59.092
20.694	28.892	59.108
20.686	28.892	59.114
20.686	28.893	59.115
20.663	28.893	59.114
20.663	28.893	59.113
20.652	28.892	59.112
20.658	28.892	59.111
20.674	28.891	59.112
20.689	28.890	59.111
20.700	28.890	59.112
20.700	28.888	59.111
20.687	28.887	59.113
20.668	28.886	59.114
20.653	28.885	59.113
20.643	28.884	59.114
20.640	28.884	59.113
20.638	28.884	59.113
20.630	28.883	59.114
20.627	28.882	59.115
20.601	28.883	59.112
20.606	28.883	59.112
20.599	28.882	59.113
20.597	28.884	59.114
20.598	28.883	59.110
20.601	28.884	59.110
20.604	28.883	59.111
20.603	28.883	59.110
20.601	28.884	59.112
20.601	28.884	59.111
20.601	28.885	59.111
20.603	28.885	59.110
20.608	28.884	59.112
20.608	28.886	59.112
20.609	28.886	59.111
20.609	28.887	59.110
20.606	28.886	59.110
20.606	28.887	59.112
20.604	28.888	59.113
20.599	28.889	59.112
20.602	28.889	59.113
20.607	28.888	59.113
20.611	28.890	59.111
20.615	28.889	59.112
20.617	28.889	59.110
20.618	28.890	59.111
20.619	28.889	59.112
20.620	28.890	59.113
20.618	28.891	59.113
20.616	28.891	59.112
20.610	28.891	59.111
20.610	28.891	59.111
20.588	28.893	59.112
20.578	28.892	59.110
20.572	28.892	59.113
20.570	28.892	59.113
20.574	28.891	59.117
20.579	28.891	59.117
20.568	28.892	59.115
20.534	28.891	59.118
20.483	28.891	59.118
20.432	28.892	59.120
20.380	28.892	59.120
20.333	28.892	59.121
20.275	28.892	59.121
20.219	28.892	59.120
20.144	28.891	59.122
20.063	28.892	59.121
19.963	28.891	59.122
19.833	28.890	59.122
19.724	28.891	59.120
19.636	28.891	59.120
19.585	28.891	59.121
19.583	28.891	59.121
19.603	28.891	59.119
19.655	28.892	59.117
19.703	28.892	59.119
19.730	28.892	59.118
19.717	28.892	59.118
19.619	28.891	59.118
19.485	28.892	59.119
19.348	28.893	59.122
19.240	28.893	59.118
19.127	28.891	59.120
19.017	28.893	59.120
18.873	28.892	59.120
18.772	28.892	59.119
18.708	28.893	59.120
18.651	28.892	59.118
18.596	28.892	59.120
18.523	28.892	59.120
18.447	28.892	59.118
18.382	28.892	59.118
18.315	28.892	59.119
18.226	28.894	59.118
18.131	28.892	59.120
18.036	28.894	59.121
17.957	28.895	59.121
17.928	28.894	59.121
17.901	28.892	59.121
17.850	28.892	59.119
17.791	28.894	59.121
17.693	28.894	59.119
17.601	28.894	59.121
17.501	28.894	59.122
17.383	28.893	59.121
17.284	28.894	59.121
17.184	28.895	59.123
17.129	28.894	59.122
17.088	28.894	59.121
17.039	28.895	59.122
16.974	28.895	59.122
16.904	28.895	59.118
16.832	28.894	59.120
16.778	28.895	59.122
16.702	28.895	59.122
16.631	28.895	59.124
16.538	28.896	59.124
16.457	28.895	59.126
16.411	28.896	59.126
16.411	28.897	59.125
16.394	28.897	59.127
16.403	28.897	59.126
16.389	28.898	59.128
16.321	28.898	59.129
16.222	28.898	59.129
16.107	28.900	59.128
16.017	28.900	59.128
15.959	28.901	59.128
15.930	28.901	59.130
15.923	28.901	59.130
15.918	28.902	59.130
15.896	28.901	59.131
15.861	28.903	59.132
15.801	28.903	59.131
15.723	28.905	59.132
15.658	28.903	59.132
15.600	28.903	59.131
15.529	28.903	59.132
15.461	28.903	59.133
15.412	28.903	59.132
15.361	28.904	59.132
15.327	28.904	59.130
15.270	28.905	59.129
15.208	28.904	59.130
15.142	28.903	59.129
15.068	28.905	59.128
15.008	28.903	59.128
14.950	28.903	59.129
14.913	28.903	59.129
14.860	28.903	59.127
14.778	28.903	59.129
14.669	28.903	59.129
14.554	28.903	59.128
14.446	28.904	59.128
14.368	28.904	59.129
14.301	28.902	59.130
14.240	28.904	59.129
14.180	28.903	59.131
14.102	28.903	59.129
14.031	28.903	59.129
13.968	28.903	59.131
13.915	28.903	59.130
13.863	28.905	59.131
13.782	28.904	59.130
13.690	28.903	59.131
13.583	28.904	59.132
13.481	28.904	59.133
13.386	28.905	59.132
13.323	28.904	59.134
13.262	28.904	59.133
13.193	28.905	59.134
13.134	28.905	59.133
13.061	28.905	59.137
12.993	28.907	59.136
12.915	28.908	59.137
12.855	28.908	59.137
12.805	28.909	59.137
12.735	28.910	59.136
12.651	28.910	59.136
12.555	28.910	59.138
12.453	28.910	59.138
12.356	28.911	59.137
12.288	28.911	59.138
12.219	28.912	59.140
12.165	28.911	59.138
12.094	28.912	59.138
12.028	28.912	59.138
11.950	28.913	59.138
11.875	28.914	59.141
11.839	28.913	59.140
11.794	28.914	59.140
11.717	28.914	59.142
11.642	28.915	59.142
11.538	28.914	59.141
11.446	28.915	59.141
11.354	28.916	59.142
11.286	28.916	59.142
11.238	28.916	59.143
11.171	28.916	59.144
11.107	28.917	59.143
11.042	28.918	59.144
10.969	28.917	59.145
10.911	28.917	59.146
10.869	28.918	59.146
10.826	28.918	59.147
10.773	28.918	59.149
10.689	28.920	59.147
10.588	28.920	59.149
10.475	28.922	59.147
10.393	28.922	59.152
10.324	28.923	59.153
10.283	28.923	59.152
10.236	28.923	59.151
10.173	28.925	59.151
10.110	28.925	59.152
10.037	28.926	59.153
09.986	28.926	59.152
09.949	28.926	59.152
09.916	28.927	59.152
09.842	28.927	59.152
09.770	28.927	59.154
09.673	28.927	59.154
09.582	28.926	59.154
09.504	28.927	59.155
09.445	28.928	59.156
09.396	28.929	59.156
09.341	28.928	59.155
09.285	28.929	59.156
09.235	28.929	59.155
09.186	28.931	59.154
09.135	28.930	59.156
09.088	28.932	59.155
09.043	28.929	59.156
08.974	28.931	59.157
08.900	28.932	59.157
08.820	28.931	59.156
08.778	28.932	59.157
08.775	28.932	59.159
08.808	28.933	59.158
08.849	28.933	59.157
08.883	28.933	59.156
08.890	28.932	59.156
08.875	28.932	59.156
08.821	28.933	59.158
08.744	28.933	59.160
08.644	28.933	59.159
08.533	28.934	59.159
08.436	28.934	59.160
08.362	28.934	59.160
08.299	28.934	59.160
08.266	28.935	59.162
08.246	28.936	59.161
08.224	28.938	59.162
08.173	28.938	59.164
08.119	28.938	59.163
08.062	28.938	59.163
07.993	28.938	59.164
07.936	28.939	59.163
07.880	28.939	59.163
07.837	28.939	59.165
07.806	28.938	59.163
07.756	28.939	59.166
07.709	28.940	59.164
07.653	28.940	59.165
07.587	28.939	59.165
07.544	28.941	59.166
07.482	28.941	59.165
07.449	28.940	59.165
07.415	28.940	59.166
07.376	28.941	59.164
07.311	28.941	59.166
07.230	28.942	59.166
07.147	28.941	59.167
07.057	28.942	59.167
07.007	28.942	59.169
06.966	28.941	59.168
06.933	28.941	59.167
06.892	28.943	59.169
06.841	28.942	59.167
06.784	28.942	59.169
06.716	28.944	59.169
06.652	28.944	59.168
06.604	28.943	59.169
06.569	28.943	59.168
06.523	28.943	59.169
06.459	28.943	59.169
06.385	28.942	59.167
06.300	28.943	59.169
06.223	28.945	59.169
06.163	28.944	59.166
06.108	28.944	59.170
06.071	28.944	59.169
06.023	28.945	59.170
05.968	28.945	59.169
05.914	28.944	59.168
05.861	28.944	59.167
05.826	28.943	59.169
05.791	28.945	59.170
05.750	28.944	59.168
05.684	28.944	59.168
05.587	28.945	59.169
05.513	28.946	59.169
05.436	28.945	59.172
05.348	28.946	59.171
05.264	28.945	59.169
05.223	28.945	59.171
05.186	28.946	59.172
05.135	28.946	59.171
05.090	28.947	59.171
05.035	28.946	59.171
04.976	28.947	59.171
04.912	28.946	59.171
04.870	28.946	59.172
04.819	28.947	59.173
04.770	28.947	59.172
04.706	28.947	59.174
04.618	28.948	59.173
04.533	28.949	59.175
04.456	28.949	59.173
04.368	28.950	59.177
04.301	28.950	59.176
04.269	28.950	59.178
04.249	28.951	59.176
04.218	28.951	59.178
04.165	28.952	59.178
04.103	28.952	59.178
04.041	28.952	59.177
03.977	28.952	59.178
03.917	28.953	59.178
03.870	28.954	59.178
03.839	28.954	59.179
03.807	28.954	59.180
03.755	28.955	59.179
03.677	28.955	59.179
03.596	28.955	59.181
03.503	28.957	59.184
03.417	28.957	59.183
03.339	28.957	59.184
03.279	28.959	59.185
03.249	28.960	59.185
03.224	28.960	59.185
03.174	28.962	59.186
03.093	28.963	59.188
03.018	28.962	59.188
02.972	28.964	59.188
02.919	28.963	59.188
02.886	28.965	59.187
02.855	28.965	59.188
02.834	28.966	59.188
02.814	28.967	59.188
02.777	28.967	59.188
02.702	28.967	59.188
02.603	28.966	59.189
02.535	28.967	59.189
02.442	28.967	59.189
02.342	28.968	59.191
02.274	28.968	59.191
02.237	28.970	59.193
02.233	28.970	59.193
02.248	28.971	59.196
02.242	28.971	59.198
02.168	28.972	59.198
02.090	28.972	59.196
02.010	28.972	59.197
01.950	28.973	59.197
01.890	28.974	59.196
01.842	28.974	59.197
01.811	28.974	59.196
01.786	28.973	59.197
01.749	28.974	59.198
01.684	28.974	59.198
01.614	28.975	59.200
01.527	28.976	59.203
01.457	28.977	59.202
01.380	28.977	59.201
01.307	28.980	59.204
01.257	28.980	59.203
01.231	28.981	59.203
01.180	28.981	59.206
01.120	28.982	59.208
01.069	28.983	59.207
00.989	28.983	59.207
00.939	28.984	59.206
00.903	28.985	59.205
00.882	28.986	59.204
00.863	28.988	59.203
00.836	28.987	59.206
00.781	28.985	59.206
00.722	28.985	59.205
00.660	28.985	59.205
00.626	28.984	59.207
00.619	28.983	59.208
00.633	28.982	59.207
00.659	28.983	59.207
00.670	28.981	59.208
00.676	28.981	59.205
00.679	28.982	59.206
00.682	28.981	59.206
00.691	28.980	59.204
00.700	28.982	59.205
00.719	28.981	59.205
00.743	28.981	59.204
00.760	28.981	59.204
00.765	28.981	59.204
00.756	28.979	59.206
00.739	28.979	59.206
00.724	28.979	59.206
00.708	28.979	59.206
00.699	28.978	59.204
00.689	28.979	59.207
00.685	28.978	59.207
00.678	28.979	59.207
00.672	28.977	59.207
00.665	28.978	59.205
00.661	28.977	59.207
00.664	28.978	59.207
00.674	28.979	59.207
00.689	28.978	59.204
00.705	28.979	59.208
00.712	28.978	59.210
00.711	28.978	59.208
00.707	28.978	59.210
00.705	28.979	59.211
00.705	28.980	59.210
00.707	28.979	59.211
00.709	28.979	59.211
00.706	28.981	59.212
00.709	28.979	59.217
00.735	28.980	59.215
00.720	28.981	59.219
00.726	28.981	59.222
00.729	28.982	59.222
00.727	28.982	59.223
00.723	28.983	59.219
00.724	28.984	59.220
00.723	28.984	59.218
00.722	28.984	59.216
00.725	28.985	59.216
00.725	28.984	59.217
00.725	28.984	59.215
00.725	28.985	59.213
00.724	28.984	59.211
00.723	28.985	59.209
00.724	28.986	59.210
00.724	28.986	59.206
00.737	28.985	59.209
00.746	28.985	59.209
00.752	28.986	59.208
00.750	28.986	59.210
00.746	28.985	59.210
00.741	28.985	59.211
00.743	28.985	59.212
00.744	28.985	59.211
00.743	28.986	59.211
00.744	28.984	59.211
00.744	28.984	59.209
00.743	28.984	59.211
00.744	28.985	59.212
00.746	28.983	59.212
00.746	28.984	59.213
00.748	28.985	59.210
00.749	28.985	59.210
00.753	28.985	59.210
00.759	28.986	59.213
00.763	28.986	59.212
00.766	28.986	59.212
00.765	28.987	59.213
00.764	28.986	59.211
00.763	28.986	59.210
00.763	28.986	59.207
00.765	28.985	59.210
00.763	28.985	59.211
00.764	28.985	59.212
00.764	28.985	59.213
00.764	28.985	59.215
00.764	28.985	59.218
00.764	28.986	59.218
00.766	28.985	59.218
00.766	28.985	59.219
00.764	28.987	59.219
00.764	28.985	59.218
00.765	28.986	59.218
00.761	28.985	59.217
00.759	28.986	59.217
00.762	28.985	59.217
00.765	28.986	59.219
00.766	28.987	59.218
00.771	28.986	59.218
00.776	28.987	59.216
00.782	28.987	59.215
00.789	28.986	59.214
00.798	28.985	59.214
00.803	28.986	59.212
00.802	28.986	59.212
00.800	28.985	59.213
00.798	28.986	59.214
00.801	28.985	59.215
00.803	28.985	59.214
00.804	28.986	59.212
00.805	28.986	59.212
00.805	28.987	59.213
00.804	28.987	59.213
00.805	28.987	59.215
00.806	28.987	59.213
00.810	28.988	59.213
00.810	28.988	59.213
00.809	28.988	59.213
00.808	28.989	59.212
00.808	28.990	59.213
00.811	28.991	59.215
00.814	28.992	59.214
00.817	28.993	59.216
00.817	28.994	59.215
00.819	28.995	59.214
00.821	28.995	59.216
00.823	28.997	59.213
00.823	28.997	59.215
00.829	28.998	59.212
00.832	28.998	59.212
00.833	28.997	59.210
00.833	28.998	59.212
00.832	28.999	59.212
00.830	28.999	59.213
00.827	28.999	59.214
00.828	28.999	59.214
00.825	28.998	59.212
00.827	29.000	59.212
00.830	29.002	59.211
00.829	29.003	59.212
00.832	29.004	59.211
00.834	29.004	59.212
00.836	29.004	59.212
00.841	29.005	59.211
00.846	29.006	59.213
00.846	29.006	59.213
00.847	29.005	59.212
00.849	29.005	59.212
00.843	29.004	59.212
00.844	29.005	59.212
00.847	29.004	59.211
00.848	29.003	59.214
00.845	29.003	59.211
00.841	29.003	59.214
00.841	29.002	59.213
00.840	29.002	59.211
00.840	29.002	59.211
00.841	29.002	59.211
00.842	29.002	59.211
00.842	29.002	59.213
00.840	29.001	59.213
00.844	29.001	59.213
00.850	29.001	59.211
00.856	29.000	59.214
00.861	28.998	59.212
00.870	28.998	59.213
00.880	28.996	59.215
00.888	28.997	59.214
00.898	28.996	59.214
00.917	28.995	59.213
00.922	28.996	59.212
00.923	28.996	59.214
00.925	28.996	59.213
00.929	28.997	59.213
00.929	28.997	59.213
00.928	28.998	59.213
00.928	28.997	59.214
00.929	28.996	59.213
00.926	28.996	59.213
00.930	28.996	59.216
00.933	28.997	59.217
00.935	28.996	59.218
00.936	28.996	59.219
00.939	28.997	59.220
00.940	28.998	59.217
00.941	28.999	59.219
00.937	29.000	59.224
00.936	29.002	59.224
00.935	29.001	59.226
00.935	29.002	59.226
00.937	29.002	59.226
00.940	29.003	59.227
00.938	29.003	59.227
00.940	29.003	59.225
00.941	29.005	59.227
00.940	29.005	59.228
00.940	29.005	59.228
00.941	29.007	59.227
00.940	29.006	59.230
00.939	29.005	59.229
00.942	29.004	59.230
00.940	29.003	59.229
00.939	29.004	59.230
00.941	29.005	59.230
00.942	29.007	59.229
00.941	29.007	59.230
00.937	29.007	59.231
00.937	29.006	59.233
00.936	29.007	59.230
00.937	29.007	59.231
00.938	29.009	59.228
00.939	29.009	59.227
00.940	29.011	59.223
00.941	29.010	59.224
00.943	29.012	59.224
00.943	29.011	59.221
00.943	29.013	59.218
00.944	29.014	59.216
00.943	29.015	59.216
00.944	29.017	59.216
00.944	29.017	59.213
00.944	29.019	59.213
00.945	29.019	59.210
00.946	29.019	59.212
00.946	29.019	59.212
00.945	29.018	59.216
00.947	29.016	59.216
00.946	29.015	59.216
00.943	29.015	59.216
00.944	29.015	59.212
00.946	29.014	59.212
00.943	29.014	59.211
00.945	29.013	59.210
00.945	29.016	59.210
00.946	29.016	59.209
00.952	29.016	59.210
00.963	29.016	59.209
00.969	29.014	59.208
00.963	29.013	59.210
00.957	29.012	59.207
00.952	29.011	59.211
00.946	29.010	59.210
00.946	29.009	59.211
00.947	29.010	59.213
00.949	29.009	59.213
00.950	29.009	59.211
00.954	29.009	59.212
00.961	29.009	59.214
00.973	29.008	59.212
00.982	29.008	59.210
00.988	29.006	59.211
00.991	29.006	59.212
00.993	29.006	59.210
00.992	29.005	59.212
00.992	29.005	59.210
00.993	29.004	59.210
00.994	29.004	59.208
00.994	29.004	59.208
00.995	29.003	59.209
00.998	29.002	59.209
00.998	29.002	59.211
00.996	29.001	59.212
00.991	29.002	59.211
00.991	29.001	59.214
00.991	29.002	59.214
00.991	29.001	59.214
00.990	29.002	59.216
01.018	29.003	59.218
00.995	29.003	59.220
01.004	29.004	59.221
01.042	29.003	59.223
01.036	29.003	59.225
01.053	29.002	59.227
01.092	29.003	59.222
01.148	29.004	59.215
01.224	29.004	59.206
01.318	29.004	59.205
01.391	29.003	59.201
01.442	29.002	59.203
01.493	29.000	59.203
01.540	28.999	59.203
01.585	28.997	59.204
01.585	28.996	59.202
01.644	28.996	59.202
01.698	28.995	59.201
01.782	28.992	59.199
01.866	28.992	59.198
01.943	28.989	59.198
01.994	28.988	59.197
02.000	28.986	59.198
01.981	28.985	59.198
01.975	28.984	59.197
01.992	28.984	59.195
02.071	28.983	59.196
02.186	28.982	59.193
02.254	28.982	59.190
02.289	28.979	59.189
02.293	28.979	59.189
02.280	28.979	59.189
02.282	28.980	59.188
02.297	28.980	59.191
02.314	28.980	59.190
02.321	28.981	59.190
02.321	28.980	59.190
02.317	28.980	59.190
02.318	28.981	59.188
02.321	28.982	59.188
02.324	28.982	59.188
02.324	28.982	59.187
02.324	28.982	59.187
02.324	28.981	59.188
02.324	28.981	59.188
02.320	28.980	59.189
02.259	28.980	59.190
02.216	28.978	59.190
02.179	28.978	59.191
02.161	28.978	59.190
02.143	28.978	59.190
02.064	28.978	59.192
01.975	28.976	59.193
01.883	28.976	59.193
01.809	28.976	59.192
01.774	28.976	59.194
01.740	28.975	59.195
01.700	28.976	59.195
01.621	28.976	59.194
01.543	28.976	59.194
01.461	28.976	59.197
01.416	28.976	59.199
01.351	28.978	59.198
01.284	28.977	59.199
01.226	28.978	59.204
01.168	28.978	59.207
01.131	28.978	59.211
01.106	28.981	59.215
01.086	28.982	59.219
01.054	28.984	59.218
00.996	28.987	59.220
00.923	28.987	59.219
00.872	28.989	59.215
00.833	28.989	59.211
00.807	28.988	59.205
00.783	28.988	59.204
00.749	28.987	59.202
00.714	28.986	59.200
00.699	28.985	59.200
00.705	28.984	59.200
00.738	28.982	59.200
00.781	28.980	59.200
00.796	28.979	59.199
00.802	28.978	59.197
00.805	28.977	59.198
00.806	28.976	59.199
00.800	28.976	59.198
00.795	28.976	59.201
00.786	28.975	59.200
00.779	28.975	59.200
00.778	28.975	59.202
00.779	28.975	59.201
00.779	28.975	59.201
00.781	28.974	59.201
00.785	28.974	59.202
00.790	28.975	59.204
00.797	28.975	59.202
00.809	28.974	59.203
00.837	28.975	59.203
00.873	28.977	59.208
00.909	28.976	59.213
00.927	28.977	59.218
00.947	28.978	59.222
00.971	28.979	59.221
00.989	28.980	59.222
00.998	28.980	59.219
00.999	28.980	59.218
00.998	28.981	59.215
00.999	28.983	59.214
01.001	28.984	59.212
01.004	28.984	59.210
01.008	28.985	59.208
01.003	28.985	59.208
00.997	28.984	59.208
00.994	28.983	59.206
00.994	28.983	59.207
00.994	28.982	59.206
00.995	28.982	59.203
01.002	28.982	59.203
01.010	28.981	59.203
01.013	28.980	59.203
01.014	28.980	59.202
01.016	28.980	59.203
01.019	28.979	59.203
01.019	28.979	59.205
01.019	28.978	59.206
01.016	28.978	59.203
01.016	28.976	59.201
01.017	28.978	59.204
01.016	28.978	59.204
01.015	28.977	59.205
01.019	28.977	59.205
00.993	28.977	59.205
01.017	28.978	59.205
01.016	28.978	59.204
01.018	28.978	59.205
01.018	28.978	59.206
01.019	28.978	59.206
01.019	28.978	59.207
01.020	28.978	59.206
01.019	28.978	59.206
01.020	28.978	59.207
01.023	28.978	59.206
01.024	28.978	59.206
01.026	28.979	59.206
01.023	28.978	59.210
01.024	28.979	59.212
01.023	28.980	59.210
01.023	28.979	59.213
01.021	28.980	59.213
01.022	28.980	59.213
01.025	28.980	59.212
01.039	28.980	59.212
01.055	28.980	59.210
01.068	28.981	59.207
01.073	28.982	59.202
01.073	28.983	59.200
01.077	28.983	59.201
01.077	28.983	59.201
01.079	28.984	59.200
01.081	28.984	59.203
01.080	28.984	59.201
01.082	28.984	59.203
01.080	28.984	59.206
01.080	28.986	59.207
01.079	28.987	59.206
01.077	28.986	59.208
01.073	28.986	59.211
01.069	28.988	59.214
01.068	28.989	59.215
01.077	28.990	59.214
01.094	28.990	59.215
01.152	28.990	59.219
01.221	28.989	59.226
01.289	28.989	59.219
01.338	28.990	59.211
01.359	28.991	59.203
01.373	28.992	59.202
01.393	28.995	59.202
01.431	28.995	59.200
01.508	28.995	59.199
01.587	28.995	59.197
01.649	28.994	59.196
01.732	28.991	59.198
01.771	28.989	59.196
01.801	28.986	59.193
01.828	28.983	59.193
01.891	28.982	59.192
01.967	28.980	59.192
02.057	28.979	59.193
02.124	28.977	59.193
02.205	28.976	59.191
02.262	28.975	59.195
02.297	28.974	59.193
02.309	28.973	59.191
02.330	28.972	59.192
02.408	28.970	59.192
02.482	28.971	59.189
02.593	28.970	59.188
02.670	28.969	59.187
02.758	28.969	59.187
02.828	28.967	59.188
02.865	28.966	59.184
02.882	28.966	59.185
02.926	28.965	59.184
03.029	28.965	59.180
03.160	28.965	59.180
03.258	28.963	59.180
03.374	28.962	59.179
03.482	28.962	59.178
03.545	28.960	59.178
03.571	28.959	59.176
03.572	28.958	59.173
03.579	28.956	59.173
03.624	28.957	59.175
03.719	28.956	59.176
03.800	28.956	59.175
03.867	28.955	59.175
03.921	28.953	59.172
03.940	28.954	59.176
03.938	28.955	59.175
03.933	28.955	59.175
03.944	28.954	59.175
03.999	28.954	59.174
04.066	28.954	59.174
04.145	28.954	59.171
04.276	28.953	59.173
04.395	28.954	59.173
04.523	28.952	59.171
04.601	28.952	59.172
04.667	28.953	59.173
04.703	28.952	59.173
04.719	28.951	59.174
04.750	28.951	59.174
04.810	28.951	59.173
04.913	28.951	59.173
05.028	28.952	59.172
05.140	28.950	59.172
05.242	28.950	59.171
05.277	28.951	59.172
05.305	28.950	59.172
05.315	28.950	59.171
05.325	28.950	59.172
05.383	28.949	59.171
05.458	28.949	59.171
05.564	28.949	59.170
05.637	28.948	59.169
05.699	28.949	59.169
05.742	28.949	59.170
05.767	28.949	59.169
05.778	28.949	59.170
05.794	28.949	59.170
05.848	28.947	59.171
05.912	28.948	59.169
06.026	28.948	59.169
06.120	28.948	59.168
06.230	28.948	59.167
06.273	28.948	59.169
06.323	28.946	59.168
06.361	28.947	59.168
06.387	28.947	59.169
06.404	28.948	59.167
06.490	28.947	59.169
06.589	28.948	59.168
06.681	28.947	59.169
06.763	28.947	59.167
06.830	28.946	59.167
06.893	28.947	59.167
06.969	28.947	59.168
06.999	28.947	59.168
07.024	28.945	59.168
07.071	28.946	59.169
07.117	28.946	59.166
07.207	28.945	59.164
07.309	28.945	59.165
07.393	28.945	59.166
07.496	28.945	59.165
07.566	28.945	59.165
07.627	28.944	59.166
07.650	28.944	59.167
07.671	28.944	59.166
07.720	28.943	59.164
07.793	28.943	59.166
07.913	28.943	59.164
08.006	28.943	59.164
08.073	28.943	59.164
08.137	28.942	59.165
08.182	28.942	59.164
08.221	28.942	59.165
08.273	28.942	59.163
08.334	28.942	59.164
08.431	28.942	59.163
08.536	28.941	59.163
08.614	28.942	59.162
08.684	28.940	59.163
08.729	28.941	59.163
08.756	28.941	59.163
08.819	28.940	59.163
08.904	28.940	59.162
08.988	28.940	59.160
09.041	28.940	59.161
09.046	28.940	59.160
09.014	28.940	59.160
08.987	28.938	59.162
08.996	28.938	59.162
09.049	28.939	59.160
09.113	28.940	59.162
09.215	28.938	59.160
09.286	28.939	59.162
09.366	28.939	59.161
09.410	28.938	59.159
09.459	28.939	59.161
09.495	28.938	59.161
09.574	28.938	59.159
09.653	28.937	59.157
09.716	28.938	59.160
09.781	28.938	59.158
09.847	28.937	59.158
09.894	28.938	59.159
09.931	28.938	59.157
09.982	28.937	59.159
10.002	28.937	59.158
10.066	28.937	59.159
10.139	28.937	59.155
10.216	28.937	59.153
10.318	28.936	59.152
10.409	28.936	59.150
10.477	28.935	59.149
10.526	28.933	59.147
10.539	28.932	59.148
10.544	28.932	59.150
10.555	28.930	59.150
10.599	28.930	59.150
10.659	28.929	59.146
10.747	28.928	59.145
10.846	28.928	59.143
10.927	28.927	59.144
11.011	28.927	59.143
11.066	28.927	59.143
11.076	28.924	59.145
11.082	28.924	59.144
11.094	28.923	59.144
11.153	28.923	59.143
11.249	28.922	59.143
11.352	28.922	59.140
11.442	28.921	59.139
11.523	28.921	59.139
11.604	28.921	59.140
11.656	28.921	59.141
11.669	28.920	59.138
11.684	28.920	59.139
11.717	28.919	59.140
11.801	28.918	59.140
11.887	28.919	59.139
11.986	28.917	59.139
12.092	28.917	59.138
12.220	28.916	59.138
12.251	28.916	59.136
12.283	28.915	59.139
12.290	28.914	59.137
12.305	28.914	59.137
12.372	28.913	59.137
12.463	28.913	59.135
12.575	28.912	59.136
12.678	28.912	59.137
12.788	28.913	59.135
12.846	28.912	59.134
12.865	28.910	59.134
12.875	28.910	59.133
12.891	28.910	59.135
12.973	28.911	59.132
13.054	28.910	59.134
13.164	28.910	59.133
13.261	28.910	59.132
13.354	28.910	59.132
13.410	28.910	59.134
13.445	28.908	59.132
13.458	28.907	59.131
13.472	28.907	59.132
13.537	28.908	59.130
13.627	28.908	59.132
13.732	28.908	59.132
13.856	28.907	59.132
13.994	28.907	59.131
14.119	28.907	59.132
14.188	28.907	59.132
14.229	28.907	59.132
14.249	28.907	59.131
14.286	28.906	59.131
14.373	28.906	59.130
14.453	28.906	59.128
14.567	28.906	59.130
14.667	28.906	59.128
14.758	28.906	59.130
14.801	28.906	59.131
14.825	28.906	59.131
14.839	28.906	59.132
14.897	28.907	59.130
14.975	28.905	59.130
15.067	28.906	59.131
15.144	28.906	59.133
15.243	28.905	59.129
15.325	28.905	59.130
15.373	28.906	59.129
15.392	28.906	59.129
15.408	28.906	59.128
15.429	28.905	59.126
15.494	28.905	59.127
15.566	28.906	59.126
15.663	28.904	59.126
15.756	28.903	59.126
15.797	28.903	59.126
15.850	28.904	59.124
15.870	28.904	59.125
15.898	28.903	59.125
15.955	28.902	59.124
16.027	28.902	59.124
16.133	28.901	59.124
16.247	28.901	59.125
16.341	28.902	59.126
16.406	28.901	59.126
16.439	28.902	59.124
16.453	28.901	59.126
16.467	28.900	59.126
16.535	28.902	59.126
16.636	28.900	59.123
16.732	28.901	59.124
16.820	28.900	59.125
16.922	28.901	59.126
16.974	28.900	59.125
17.001	28.900	59.126
17.006	28.899	59.125
17.012	28.900	59.125
17.049	28.899	59.122
17.138	28.899	59.122
17.262	28.899	59.120
17.371	28.898	59.120
17.457	28.898	59.121
17.500	28.896	59.120
17.516	28.896	59.121
17.507	28.896	59.122
17.481	28.896	59.123
17.515	28.894	59.121
17.565	28.895	59.121
17.667	28.894	59.121
17.767	28.896	59.119
17.869	28.896	59.118
17.946	28.895	59.118
17.983	28.894	59.120
18.009	28.895	59.119
18.072	28.893	59.119
18.155	28.894	59.116
18.257	28.893	59.118
18.300	28.892	59.118
18.317	28.892	59.118
18.291	28.892	59.119
18.261	28.892	59.120
18.243	28.891	59.119
18.258	28.892	59.118
18.339	28.892	59.116
18.458	28.891	59.118
18.540	28.891	59.117
18.625	28.892	59.117
18.682	28.892	59.118
18.732	28.892	59.118
18.748	28.890	59.118
18.762	28.891	59.116
18.780	28.891	59.117
18.856	28.891	59.117
18.940	28.891	59.119
19.043	28.891	59.117
19.135	28.892	59.117
19.185	28.890	59.117
19.231	28.891	59.116
19.238	28.890	59.118
19.233	28.891	59.116
19.243	28.891	59.119
19.297	28.890	59.117
19.412	28.890	59.113
19.494	28.890	59.116
19.570	28.889	59.114
19.636	28.888	59.114
19.680	28.889	59.116
19.702	28.889	59.114
19.710	28.888	59.114
19.717	28.888	59.114
19.751	28.887	59.114
19.842	28.888	59.113
19.946	28.888	59.115
20.062	28.887	59.115
20.167	28.887	59.115
20.224	28.888	59.115
20.276	28.888	59.115
20.292	28.888	59.115
20.318	28.887	59.116
20.372	28.888	59.117
20.450	28.888	59.116
20.515	28.889	59.116
20.588	28.889	59.118
20.631	28.890	59.117
20.677	28.889	59.115
20.719	28.889	59.115
20.756	28.889	59.116
20.790	28.889	59.115
20.843	28.889	59.110
20.924	28.889	59.109
21.005	28.888	59.110
21.071	28.888	59.112
21.157	28.888	59.113
21.198	28.888	59.112
21.231	28.886	59.111
21.247	28.887	59.112
21.242	28.886	59.113
21.216	28.885	59.112
21.192	28.885	59.113
21.171	28.885	59.113
21.158	28.884	59.114
21.160	28.885	59.114
21.169	28.885	59.112
21.183	28.886	59.112
21.192	28.886	59.112
21.197	28.885	59.111
21.194	28.885	59.111
21.186	28.885	59.111
21.177	28.884	59.111
21.172	28.884	59.110
21.175	28.884	59.111
21.180	28.883	59.111
21.185	28.885	59.110
21.191	28.884	59.111
21.196	28.885	59.110
21.194	28.884	59.112
21.188	28.884	59.111
21.183	28.884	59.110
21.181	28.884	59.111
21.185	28.883	59.111
21.186	28.884	59.110
21.192	28.885	59.111
21.196	28.885	59.110
21.198	28.884	59.110
21.195	28.885	59.110
21.195	28.884	59.107
21.193	28.884	59.110
21.194	28.885	59.110
21.195	28.885	59.110
21.196	28.884	59.111
21.197	28.884	59.111
21.198	28.885	59.112
21.196	28.885	59.111
21.196	28.885	59.110
21.198	28.886	59.113
21.198	28.884	59.112
21.200	28.885	59.113
21.205	28.885	59.111
21.208	28.886	59.113
21.212	28.885	59.113
21.217	28.884	59.114
21.220	28.884	59.113
21.221	28.885	59.113
21.221	28.885	59.112
21.220	28.884	59.112
21.216	28.883	59.112
21.217	28.884	59.112
21.214	28.884	59.112
21.218	28.883	59.112
21.220	28.884	59.111
21.220	28.884	59.110
21.220	28.884	59.112
21.222	28.884	59.111
21.219	28.885	59.112
21.219	28.885	59.109
21.215	28.885	59.112
21.204	28.885	59.110
21.194	28.886	59.112
21.188	28.885	59.110
21.183	28.887	59.112
21.181	28.886	59.112
21.184	28.886	59.112
21.187	28.887	59.111
21.177	28.887	59.111
21.153	28.887	59.113
21.110	28.886	59.113
21.074	28.888	59.113
21.048	28.886	59.112
21.027	28.887	59.112
21.021	28.887	59.114
21.025	28.886	59.112
21.039	28.887	59.113
21.064	28.888	59.113
21.087	28.888	59.114
21.104	28.886	59.114
21.106	28.886	59.112
21.096	28.887	59.111
21.081	28.885	59.113
21.066	28.885	59.114
21.066	28.887	59.113
21.061	28.888	59.112
21.070	28.886	59.112
21.082	28.887	59.113
21.092	28.887	59.113
21.097	28.887	59.113
21.096	28.886	59.115
21.092	28.886	59.113
21.092	28.886	59.113
21.079	28.885	59.114
21.076	28.886	59.114
21.079	28.886	59.114
21.085	28.886	59.114
21.087	28.887	59.115
21.087	28.886	59.113
21.086	28.885	59.112
21.081	28.887	59.114
21.079	28.887	59.113
21.079	28.887	59.114
21.081	28.887	59.115
21.084	28.887	59.115
21.084	28.887	59.112
21.088	28.886	59.110
21.089	28.887	59.112
21.087	28.887	59.114
21.084	28.886	59.110
21.083	28.889	59.112
21.082	28.886	59.112
21.078	28.888	59.110
21.073	28.887	59.112
21.072	28.888	59.112
21.069	28.887	59.112
21.071	28.887	59.110
21.076	28.887	59.110
21.080	28.888	59.111
21.084	28.887	59.113
21.089	28.887	59.111
21.093	28.888	59.112
21.098	28.886	59.111
21.102	28.885	59.111
21.103	28.887	59.112
21.098	28.886	59.111
21.096	28.886	59.112
21.093	28.887	59.111
21.092	28.886	59.113
21.093	28.887	59.112
21.096	28.885	59.113
21.101	28.886	59.114
21.103	28.886	59.111
21.103	28.886	59.114
21.105	28.885	59.113
21.105	28.887	59.113
21.103	28.887	59.114
21.101	28.886	59.114
21.100	28.886	59.114
21.098	28.886	59.114
21.094	28.886	59.113
21.092	28.887	59.113
21.088	28.887	59.114
21.086	28.887	59.114
21.081	28.886	59.113
21.055	28.887	59.114
21.102	28.886	59.113
21.078	28.888	59.113
21.082	28.887	59.115
21.087	28.887	59.115
21.088	28.888	59.114
21.088	28.888	59.114
21.082	28.887	59.116
21.081	28.887	59.113
21.081	28.887	59.114
21.083	28.887	59.111
21.086	28.888	59.114
21.089	28.888	59.115
21.093	28.888	59.115
21.095	28.888	59.115
21.092	28.890	59.115
21.093	28.888	59.117
21.091	28.888	59.114
21.089	28.887	59.116
21.089	28.889	59.115
21.093	28.888	59.116
21.093	28.889	59.115
21.094	28.889	59.116
21.096	28.889	59.116
21.095	28.888	59.116
21.095	28.889	59.115
21.096	28.888	59.116
21.098	28.890	59.117
21.098	28.890	59.116
21.098	28.890	59.117
21.097	28.890	59.116
21.095	28.889	59.116
21.093	28.889	59.116
21.092	28.889	59.115
21.093	28.889	59.116
21.096	28.890	59.116
21.094	28.889	59.116
21.091	28.889	59.115
21.090	28.889	59.116
21.089	28.889	59.114
21.087	28.890	59.116
21.089	28.889	59.113
21.090	28.890	59.116
21.093	28.890	59.117
21.094	28.890	59.115
21.093	28.890	59.115
21.089	28.890	59.115
21.083	28.889	59.116
21.078	28.889	59.119
21.061	28.889	59.116
21.041	28.889	59.115
21.014	28.889	59.116
20.984	28.889	59.117
20.925	28.890	59.116
20.852	28.890	59.116
20.755	28.889	59.117
20.627	28.889	59.116
20.533	28.887	59.114
20.455	28.887	59.115
20.395	28.887	59.115
20.316	28.886	59.113
20.203	28.885	59.114
20.090	28.885	59.114
19.994	28.884	59.113
19.908	28.884	59.112
19.839	28.884	59.114
19.761	28.883	59.111
19.662	28.884	59.112
19.574	28.883	59.113
19.485	28.884	59.113
19.397	28.883	59.112
19.289	28.885	59.112
19.176	28.884	59.111
19.074	28.885	59.113
18.984	28.884	59.115
18.911	28.886	59.113
18.804	28.886	59.113
18.702	28.886	59.112
18.622	28.885	59.114
18.548	28.887	59.115
18.458	28.888	59.116
18.356	28.888	59.116
18.240	28.888	59.115
18.139	28.889	59.115
18.079	28.888	59.117
18.028	28.888	59.119
17.905	28.889	59.117
17.834	28.889	59.118
17.764	28.889	59.116
17.693	28.889	59.118
17.576	28.890	59.118
17.443	28.890	59.115
17.314	28.892	59.115
17.216	28.889	59.115
17.147	28.890	59.118
17.051	28.890	59.116
16.947	28.891	59.116
16.856	28.890	59.116
16.765	28.891	59.119
16.628	28.892	59.118
16.474	28.893	59.120
16.355	28.893	59.120
16.256	28.893	59.121
16.156	28.894	59.120
16.052	28.895	59.122
15.949	28.895	59.123
15.867	28.895	59.122
15.792	28.896	59.124
15.695	28.896	59.124
15.545	28.898	59.125
15.413	28.897	59.123
15.347	28.897	59.124
15.293	28.898	59.125
15.219	28.898	59.125
15.121	28.899	59.126
15.015	28.899	59.124
14.925	28.899	59.127
14.826	28.899	59.125
14.690	28.899	59.126
14.546	28.900	59.127
14.450	28.900	59.126
14.379	28.900	59.125
14.292	28.900	59.127
14.203	28.901	59.128
14.131	28.901	59.127
14.065	28.902	59.130
13.966	28.903	59.129
13.871	28.904	59.130
13.763	28.903	59.130
13.665	28.903	59.130
13.605	28.904	59.130
13.510	28.906	59.133
13.418	28.905	59.132
13.329	28.906	59.131
13.274	28.905	59.132
13.248	28.907	59.132
13.205	28.906	59.133
13.162	28.908	59.132
13.109	28.906	59.133
13.063	28.907	59.134
13.025	28.908	59.134
12.960	28.908	59.134
12.901	28.909	59.133
12.857	28.908	59.134
12.831	28.909	59.135
12.821	28.910	59.134
12.777	28.910	59.134
12.678	28.909	59.134
12.574	28.910	59.133
12.469	28.908	59.135
12.404	28.909	59.135
12.351	28.908	59.135
12.274	28.910	59.135
12.203	28.910	59.134
12.163	28.910	59.134
12.137	28.910	59.134
12.085	28.909	59.135
11.979	28.909	59.136
11.860	28.909	59.135
11.762	28.909	59.137
11.699	28.910	59.134
11.640	28.909	59.134
11.540	28.910	59.135
11.468	28.911	59.136
11.443	28.911	59.138
11.406	28.912	59.138
11.366	28.912	59.138
11.257	28.910	59.138
11.152	28.912	59.137
11.041	28.911	59.136
10.973	28.912	59.137
10.924	28.913	59.138
10.889	28.914	59.137
10.876	28.915	59.138
10.887	28.916	59.139
10.912	28.917	59.137
10.915	28.916	59.138
10.859	28.917	59.140
10.748	28.916	59.140
10.601	28.915	59.141
10.474	28.916	59.141
10.380	28.917	59.142
10.312	28.918	59.142
10.265	28.918	59.144
10.190	28.919	59.144
10.093	28.918	59.144
10.029	28.920	59.144
09.982	28.920	59.144
09.938	28.921	59.145
09.866	28.921	59.146
09.758	28.923	59.146
09.651	28.924	59.151
09.561	28.925	59.151
09.509	28.927	59.151
09.492	28.927	59.152
09.434	28.928	59.154
09.329	28.930	59.156
09.235	28.931	59.153
09.155	28.932	59.155
09.087	28.932	59.155
09.010	28.934	59.157
08.862	28.933	59.158
08.730	28.935	59.159
08.647	28.935	59.160
08.592	28.935	59.161
08.504	28.936	59.161
08.401	28.936	59.162
08.328	28.936	59.160
08.266	28.937	59.161
08.188	28.937	59.161
08.086	28.938	59.160
07.938	28.937	59.161
07.832	28.938	59.160
07.763	28.937	59.161
07.714	28.938	59.163
07.609	28.937	59.164
07.535	28.938	59.164
07.451	28.939	59.165
07.391	28.938	59.164
07.301	28.938	59.163
07.171	28.937	59.165
07.055	28.938	59.164
06.969	28.938	59.165
06.902	28.940	59.165
06.802	28.941	59.167
06.690	28.940	59.168
06.591	28.941	59.168
06.527	28.941	59.169
06.424	28.942	59.167
06.272	28.944	59.170
06.145	28.944	59.168
06.041	28.944	59.167
05.976	28.945	59.168
05.904	28.944	59.168
05.796	28.945	59.167
05.713	28.944	59.167
05.650	28.945	59.168
05.600	28.945	59.166
05.485	28.945	59.167
05.341	28.945	59.168
05.195	28.945	59.168
05.108	28.943	59.168
05.038	28.945	59.170
04.947	28.945	59.171
04.822	28.945	59.171
04.731	28.945	59.170
04.669	28.947	59.171
04.639	28.948	59.174
04.614	28.948	59.173
04.548	28.949	59.171
04.494	28.949	59.172
04.420	28.951	59.172
04.361	28.951	59.174
04.296	28.951	59.173
04.246	28.952	59.176
04.163	28.952	59.174
04.061	28.952	59.175
03.941	28.952	59.176
03.885	28.953	59.175
03.875	28.952	59.179
03.878	28.952	59.175
03.863	28.953	59.177
03.800	28.952	59.176
03.680	28.953	59.175
03.545	28.954	59.177
03.445	28.953	59.176
03.420	28.953	59.176
03.390	28.953	59.177
03.348	28.953	59.178
03.225	28.953	59.177
03.105	28.953	59.180
03.022	28.955	59.179
02.986	28.954	59.181
02.963	28.956	59.182
02.939	28.957	59.182
02.927	28.957	59.182
02.927	28.959	59.181
02.885	28.959	59.184
02.804	28.960	59.182
02.703	28.961	59.182
02.605	28.962	59.186
02.554	28.963	59.184
02.521	28.964	59.186
02.472	28.966	59.189
02.357	28.967	59.187
02.224	28.966	59.187
02.143	28.968	59.190
02.084	28.967	59.190
02.022	28.967	59.193
01.945	28.970	59.193
01.866	28.971	59.193
01.788	28.972	59.195
01.742	28.972	59.194
01.729	28.972	59.195
01.721	28.971	59.194
01.665	28.972	59.197
01.558	28.971	59.199
01.442	28.971	59.204
01.364	28.972	59.207
01.312	28.974	59.209
01.257	28.976	59.210
01.206	28.978	59.211
01.137	28.979	59.215
01.071	28.981	59.214
00.969	28.981	59.218
00.919	28.983	59.221
00.891	28.984	59.223
00.818	28.985	59.222
00.716	28.987	59.223
00.613	28.988	59.220
00.568	28.989	59.220
00.559	28.989	59.222
00.549	28.990	59.221
00.521	28.989	59.221
00.473	28.990	59.220
00.446	28.990	59.218
00.444	28.989	59.219
00.460	28.991	59.218
00.483	28.991	59.218
00.511	28.990	59.219
00.535	28.991	59.218
00.559	28.990	59.217
00.567	28.989	59.217
00.567	28.990	59.218
00.572	28.989	59.217
00.581	28.990	59.217
00.584	28.989	59.219
00.587	28.989	59.217
00.594	28.989	59.217
00.598	28.989	59.217
00.604	28.989	59.216
00.606	28.989	59.218
00.605	28.990	59.217
00.606	28.991	59.218
00.605	28.991	59.217
00.602	28.989	59.217
00.591	28.990	59.216
00.583	28.991	59.215
00.580	28.990	59.216
00.578	28.989	59.217
00.577	28.990	59.216
00.578	28.990	59.217
00.579	28.991	59.215
00.579	28.990	59.216
00.577	28.990	59.216
00.579	28.990	59.217
00.580	28.992	59.217
00.583	28.990	59.217
00.581	28.990	59.217
00.583	28.990	59.218
00.582	28.990	59.217
00.585	28.990	59.217
00.586	28.990	59.217
00.587	28.989	59.217
00.587	28.990	59.218
00.588	28.991	59.217
00.590	28.990	59.217
00.590	28.990	59.217
00.591	28.991	59.214
00.591	28.990	59.215
00.589	28.990	59.216
00.589	28.989	59.215
00.592	28.990	59.217
00.594	28.990	59.216
00.590	28.991	59.215
00.593	28.990	59.215
00.596	28.990	59.215
00.595	28.989	59.216
00.596	28.990	59.215
00.598	28.989	59.216
00.600	28.990	59.217
00.604	28.989	59.219
00.606	28.989	59.219
00.607	28.990	59.219
00.607	28.989	59.218
00.609	28.989	59.219
00.605	28.988	59.219
00.606	28.988	59.220
00.607	28.989	59.221
00.607	28.989	59.220
00.604	28.989	59.220
00.604	28.988	59.220
00.602	28.989	59.220
00.601	28.988	59.220
00.603	28.988	59.220
00.603	28.988	59.220
00.603	28.990	59.219
00.601	28.988	59.218
00.603	28.990	59.218
00.603	28.989	59.219
00.604	28.989	59.219
00.605	28.989	59.219
00.609	28.990	59.217
00.606	28.989	59.218
00.607	28.990	59.218
00.608	28.990	59.218
00.608	28.990	59.220
00.610	28.990	59.217
00.610	28.990	59.219
00.612	28.990	59.218
00.617	28.990	59.219
00.618	28.991	59.217
00.620	28.991	59.219
00.619	28.990	59.219
00.620	28.991	59.217
00.618	28.990	59.216
00.618	28.990	59.219
00.614	28.991	59.219
00.614	28.990	59.221
00.612	28.990	59.218
00.614	28.990	59.219
00.617	28.990	59.217
00.620	28.991	59.218
00.625	28.989	59.219
00.629	28.989	59.218
00.628	28.990	59.218
00.630	28.991	59.218
00.631	28.989	59.217
00.631	28.990	59.216
00.634	28.989	59.217
00.634	28.990	59.217
00.624	28.989	59.217
00.613	28.991	59.218
00.594	28.991	59.218
00.579	28.990	59.218
00.553	28.990	59.221
00.533	28.992	59.218
00.516	28.989	59.218
00.513	28.990	59.221
00.509	28.990	59.220
00.508	28.991	59.220
00.502	28.991	59.220
00.490	28.990	59.219
00.482	28.990	59.220
00.476	28.990	59.219
00.472	28.990	59.217
00.473	28.991	59.219
00.477	28.991	59.219
00.482	28.990	59.221
00.486	28.990	59.221
00.486	28.990	59.221
00.491	28.992	59.221
00.497	28.991	59.220
00.496	28.989	59.219
00.496	28.990	59.221
00.484	28.990	59.220
00.479	28.991	59.220
00.476	28.990	59.218
00.473	28.991	59.220
00.464	28.990	59.222
00.466	28.991	59.221
00.465	28.991	59.218
00.465	28.990	59.220
00.461	28.991	59.219
00.464	28.991	59.220
00.470	28.990	59.218
00.475	28.991	59.220
00.479	28.990	59.220
00.479	28.991	59.221
00.477	28.990	59.220
00.472	28.991	59.222
00.473	28.991	59.220
00.471	28.991	59.219
00.471	28.990	59.221
00.470	28.992	59.220
00.468	28.993	59.219
00.467	28.993	59.218
00.467	28.991	59.218
00.467	28.992	59.219
00.467	28.993	59.220
00.468	28.993	59.219
00.470	28.993	59.219
00.467	28.993	59.218
00.464	28.993	59.218
00.464	28.995	59.218
00.464	28.995	59.219
00.464	28.997	59.218
00.465	28.997	59.217
00.467	28.997	59.218
00.469	28.997	59.218
00.468	28.997	59.217
00.466	28.998	59.217
00.466	28.998	59.219
00.469	28.997	59.218
00.469	28.998	59.217
00.470	28.998	59.217
00.470	28.999	59.218
00.470	28.998	59.219
00.472	28.998	59.217
00.469	28.999	59.218
00.467	28.998	59.218
00.467	28.998	59.219
00.468	28.998	59.220
00.470	28.996	59.220
00.471	28.996	59.221
00.472	28.997	59.218
00.472	28.997	59.220
00.473	28.997	59.220
00.475	28.997	59.222
00.476	28.997	59.220
00.478	28.996	59.220
00.476	28.996	59.221
00.474	28.995	59.222
00.474	28.996	59.222
00.472	28.996	59.223
00.474	28.996	59.222
00.475	28.996	59.223
00.475	28.995	59.221
00.473	28.996	59.219
00.474	28.996	59.220
00.475	28.996	59.221
00.475	28.997	59.221
00.475	28.997	59.220
00.474	28.996	59.223
00.474	28.997	59.222
00.475	28.997	59.222
00.473	28.997	59.222
00.476	28.996	59.221
00.475	28.997	59.222
00.474	28.999	59.221
00.474	28.998	59.220
00.473	28.998	59.222
00.472	28.999	59.223
00.467	28.998	59.225
00.458	28.998	59.224
00.444	29.000	59.223
00.431	28.999	59.221
00.423	29.000	59.223
00.423	29.001	59.222
00.424	29.001	59.221
00.435	29.001	59.222
00.446	29.001	59.222
00.460	29.000	59.223
00.467	28.999	59.222
00.463	29.000	59.224
00.460	29.000	59.223
00.442	29.000	59.225
00.409	29.000	59.224
00.386	28.998	59.225
00.371	28.998	59.225
00.357	28.999	59.224
00.343	28.998	59.225
00.332	28.998	59.226
00.329	29.000	59.228
00.331	28.999	59.229
00.332	29.000	59.227
00.322	29.000	59.226
00.313	29.000	59.225
00.302	29.002	59.226
00.296	29.001	59.226
00.295	29.001	59.226
00.295	29.001	59.226
00.295	29.001	59.224
00.294	29.002	59.225
00.291	29.002	59.223
00.287	29.002	59.224
00.288	29.002	59.225
00.287	29.002	59.225
00.285	29.003	59.224
00.280	29.003	59.226
00.279	29.002	59.227
00.279	29.003	59.229
00.283	29.002	59.229
00.284	29.002	59.228
00.287	29.002	59.227
00.287	29.001	59.227
00.289	29.002	59.227
00.294	29.000	59.226
00.299	29.001	59.227
00.298	29.002	59.227
00.299	29.002	59.229
00.298	29.002	59.229
00.299	29.002	59.231
00.325	29.003	59.230
00.317	29.003	59.231
00.348	29.004	59.230
00.388	29.004	59.229
00.405	29.006	59.230
00.422	29.007	59.231
00.427	29.010	59.231
00.431	29.012	59.232
00.435	29.014	59.231
00.428	29.014	59.231
00.407	29.016	59.229
00.401	29.014	59.231
00.411	29.017	59.232
00.430	29.015	59.231
00.438	29.015	59.233
00.439	29.014	59.232
00.439	29.013	59.231
00.442	29.015	59.234
00.442	29.015	59.232
00.450	29.013	59.233
00.463	29.013	59.230
00.466	29.013	59.232
00.433	29.014	59.230
00.380	29.012	59.231
00.314	29.011	59.232
00.257	29.009	59.232
00.212	29.011	59.230
00.190	29.014	59.231
00.187	29.015	59.232
00.195	29.017	59.231
00.203	29.017	59.232
00.203	29.018	59.234
00.187	29.020	59.233
00.170	29.020	59.232
00.168	29.020	59.231
00.162	29.021	59.234
00.160	29.022	59.232
00.159	29.022	59.231
00.163	29.024	59.233
00.179	29.027	59.232
00.253	29.026	59.233
00.321	29.024	59.233
00.358	29.023	59.233
00.377	29.023	59.233
00.394	29.021	59.232
00.425	29.021	59.233
00.475	29.022	59.232
00.525	29.022	59.231
00.590	29.021	59.230
00.641	29.021	59.229
00.681	29.020	59.228
00.710	29.020	59.228
00.720	29.018	59.230
00.730	29.017	59.229
00.748	29.018	59.227
00.799	29.018	59.228
00.839	29.017	59.228
00.864	29.014	59.227
00.878	29.014	59.226
00.896	29.010	59.226
00.931	29.010	59.226
00.968	29.008	59.222
00.995	29.008	59.222
01.003	29.007	59.222
00.994	29.006	59.223
00.984	29.005	59.224
00.972	29.005	59.225
00.955	29.005	59.225
00.944	29.005	59.225
00.944	29.004	59.226
00.944	29.004	59.226
00.952	29.005	59.226
00.954	29.005	59.227
00.954	29.006	59.226
00.959	29.005	59.227
00.962	29.004	59.227
00.965	29.004	59.228
00.963	29.005	59.228
00.960	29.004	59.228
00.961	29.004	59.227
00.953	29.005	59.227
00.946	29.004	59.227
00.940	29.004	59.228
00.934	29.005	59.229
00.932	29.005	59.229
00.933	29.006	59.228
00.930	29.006	59.230
00.928	29.006	59.230
00.925	29.006	59.229
00.924	29.006	59.232
00.921	29.006	59.230
00.919	29.007	59.232
00.905	29.007	59.230
00.886	29.007	59.234
00.886	29.008	59.232
00.881	29.009	59.233
00.888	29.009	59.231
00.890	29.009	59.233
00.889	29.009	59.232
00.887	29.011	59.233
00.886	29.012	59.231
00.886	29.013	59.232
00.889	29.012	59.230
00.892	29.012	59.231
00.893	29.012	59.232
00.892	29.012	59.230
00.891	29.009	59.229
00.889	29.010	59.230
00.886	29.009	59.231
00.881	29.009	59.233
00.879	29.009	59.231
00.883	29.009	59.233
00.888	29.009	59.231
00.894	29.009	59.233
00.898	29.009	59.230
00.900	29.009	59.232
00.904	29.009	59.231
00.907	29.008	59.231
00.913	29.008	59.231
00.939	29.009	59.233
00.950	29.008	59.234
00.979	29.008	59.229
00.982	29.007	59.232
00.986	29.009	59.228
00.984	29.006	59.229
00.972	29.007	59.231
00.967	29.007	59.230
00.966	29.006	59.229
00.966	29.006	59.229
00.965	29.006	59.228
00.962	29.007	59.229
00.956	29.008	59.229
00.955	29.009	59.229
00.954	29.010	59.230
00.955	29.011	59.229
00.953	29.012	59.230
00.954	29.015	59.230
00.957	29.016	59.230
00.958	29.017	59.231
00.954	29.017	59.233
00.956	29.020	59.233
00.957	29.023	59.233
00.955	29.025	59.232
00.956	29.028	59.231
00.957	29.029	59.232
00.957	29.030	59.231
00.955	29.030	59.231
00.957	29.031	59.231
00.955	29.032	59.232
00.952	29.031	59.232
00.955	29.031	59.232
00.955	29.032	59.232
00.954	29.032	59.232
00.955	29.033	59.234
00.955	29.034	59.233
00.955	29.035	59.233
00.958	29.036	59.234
00.958	29.037	59.234
00.958	29.036	59.236
00.957	29.036	59.234
00.955	29.036	59.235
00.957	29.037	59.234
00.958	29.038	59.234
00.960	29.039	59.235
00.964	29.040	59.234
00.963	29.041	59.233
00.965	29.043	59.233
00.966	29.042	59.232
00.965	29.041	59.233
00.966	29.038	59.233
00.969	29.039	59.231
00.968	29.039	59.233
00.972	29.038	59.232
00.974	29.039	59.232
00.979	29.039	59.233
00.981	29.041	59.232
00.980	29.041	59.231
00.978	29.041	59.233
00.976	29.041	59.231
00.977	29.041	59.233
00.983	29.039	59.230
00.994	29.037	59.231
01.023	29.037	59.231
01.073	29.035	59.230
01.136	29.033	59.227
01.198	29.029	59.225
01.241	29.029	59.223
01.284	29.026	59.222
01.324	29.023	59.220
01.385	29.021	59.218
01.473	29.018	59.220
01.565	29.016	59.218
01.625	29.013	59.217
01.662	29.011	59.215
01.705	29.009	59.211
01.749	29.006	59.208
01.842	29.005	59.200
01.947	29.003	59.204
02.005	29.002	59.204
02.068	28.999	59.199
02.123	28.998	59.199
02.201	28.995	59.194
02.299	28.993	59.194
02.382	28.990	59.193
02.474	28.988	59.194
02.560	28.985	59.194
02.655	28.983	59.194
02.718	28.982	59.194
02.768	28.980	59.193
02.822	28.979	59.191
02.860	28.979	59.191
02.918	28.979	59.191
02.959	28.977	59.191
03.009	28.978	59.191
03.060	28.978	59.192
03.143	28.976	59.191
03.195	28.976	59.187
03.260	28.975	59.190
03.331	28.975	59.189
03.374	28.975	59.188
03.441	28.975	59.187
03.501	28.974	59.188
03.554	28.973	59.185
03.659	28.972	59.188
03.770	28.971	59.188
03.862	28.970	59.186
03.932	28.969	59.188
04.029	28.968	59.186
04.113	28.966	59.187
04.180	28.966	59.186
04.267	28.967	59.187
04.350	28.965	59.186
04.426	28.966	59.185
04.481	28.965	59.186
04.575	28.965	59.186
04.644	28.965	59.185
04.709	28.964	59.186
04.807	28.965	59.187
04.892	28.964	59.188
05.020	28.964	59.188
05.114	28.963	59.187
05.220	28.964	59.188
05.323	28.963	59.186
05.414	28.964	59.187
05.499	28.963	59.187
05.602	28.963	59.188
05.704	28.964	59.187
05.780	28.964	59.187
05.879	28.963	59.186
05.970	28.963	59.184
06.036	28.963	59.181
06.131	28.962	59.180
06.223	28.961	59.177
06.318	28.960	59.176
06.414	28.957	59.173
06.500	28.956	59.173
06.618	28.954	59.172
06.714	28.953	59.170
06.822	28.953	59.171
06.950	28.951	59.172
07.055	28.951	59.173
07.161	28.949	59.170
07.234	28.949	59.171
07.311	28.949	59.171
07.382	28.948	59.171
07.418	28.949	59.171
07.460	28.948	59.172
07.501	28.948	59.169
07.596	28.947	59.171
07.694	28.948	59.168
07.792	28.949	59.167
07.864	28.949	59.169
07.966	28.948	59.169
08.048	28.948	59.169
08.149	28.946	59.168
08.238	28.947	59.169
08.315	28.947	59.169
08.389	28.947	59.168
08.462	28.945	59.166
08.525	28.947	59.166
08.587	28.946	59.167
08.614	28.945	59.166
08.629	28.945	59.167
08.642	28.945	59.167
08.699	28.946	59.165
08.790	28.945	59.166
08.906	28.946	59.164
09.027	28.944	59.165
09.121	28.943	59.164
09.232	28.945	59.165
09.298	28.943	59.164
09.372	28.944	59.166
09.443	28.941	59.164
09.493	28.942	59.165
09.571	28.941	59.163
09.659	28.941	59.165
09.738	28.941	59.165
09.791	28.941	59.164
09.870	28.939	59.164
09.954	28.939	59.162
10.052	28.939	59.162
10.149	28.939	59.162
10.226	28.939	59.160
10.326	28.939	59.160
10.427	28.937	59.161
10.481	28.937	59.158
10.550	28.936	59.156
10.607	28.935	59.156
10.627	28.934	59.156
10.629	28.933	59.157
10.617	28.932	59.156
10.607	28.931	59.152
10.617	28.931	59.154
10.685	28.931	59.152
10.791	28.930	59.150
10.893	28.931	59.149
11.024	28.930	59.149
11.131	28.928	59.151
11.227	28.928	59.148
11.299	28.927	59.149
11.364	28.927	59.149
11.420	28.926	59.149
11.481	28.927	59.147
11.553	28.927	59.147
11.635	28.926	59.146
11.750	28.926	59.146
11.870	28.925	59.146
11.978	28.924	59.146
12.078	28.924	59.145
12.157	28.923	59.146
12.226	28.922	59.144
12.305	28.922	59.143
12.387	28.920	59.144
12.488	28.920	59.143
12.585	28.919	59.142
12.682	28.918	59.142
12.794	28.918	59.140
12.891	28.917	59.140
12.952	28.917	59.143
13.012	28.916	59.142
13.064	28.917	59.143
13.114	28.916	59.142
13.186	28.916	59.141
13.253	28.914	59.138
13.353	28.915	59.136
13.482	28.914	59.138
13.570	28.914	59.136
13.661	28.913	59.137
13.735	28.913	59.137
13.822	28.911	59.138
13.881	28.912	59.136
13.894	28.912	59.138
13.887	28.912	59.137
13.867	28.911	59.138
13.863	28.911	59.135
13.891	28.910	59.136
13.995	28.911	59.135
14.119	28.910	59.135
14.245	28.910	59.132
14.352	28.909	59.133
14.454	28.909	59.133
14.575	28.908	59.132
14.671	28.908	59.132
14.747	28.908	59.132
14.816	28.907	59.133
14.893	28.906	59.132
14.990	28.907	59.130
15.085	28.906	59.129
15.202	28.907	59.131
15.297	28.906	59.130
15.409	28.905	59.130
15.482	28.906	59.131
15.574	28.905	59.130
15.636	28.905	59.129
15.693	28.903	59.129
15.754	28.903	59.130
15.794	28.904	59.130
15.871	28.903	59.129
15.965	28.903	59.127
16.082	28.903	59.127
16.187	28.903	59.127
16.292	28.902	59.127
16.410	28.902	59.127
16.496	28.902	59.129
16.593	28.902	59.127
16.659	28.902	59.128
16.730	28.901	59.127
16.814	28.902	59.127
16.897	28.901	59.126
17.014	28.901	59.127
17.130	28.901	59.124
17.259	28.900	59.124
17.343	28.899	59.123
17.419	28.899	59.124
17.540	28.898	59.121
17.586	28.898	59.123
17.663	28.898	59.121
17.719	28.896	59.122
17.801	28.896	59.121
17.880	28.897	59.123
17.954	28.896	59.122
18.039	28.894	59.121
18.112	28.894	59.122
18.206	28.895	59.121
18.288	28.894	59.121
18.363	28.896	59.120
18.422	28.896	59.121
18.493	28.896	59.122
18.551	28.895	59.122
18.618	28.895	59.118
18.748	28.895	59.117
18.841	28.895	59.119
18.930	28.893	59.117
19.031	28.894	59.118
19.129	28.893	59.117
19.219	28.893	59.117
19.291	28.893	59.117
19.351	28.893	59.119
19.428	28.892	59.119
19.493	28.891	59.119
19.601	28.892	59.120
19.699	28.891	59.119
19.785	28.892	59.120
19.887	28.893	59.118
19.991	28.891	59.120
20.076	28.891	59.118
20.157	28.892	59.120
20.236	28.893	59.120
20.307	28.892	59.121
20.380	28.891	59.120
20.464	28.892	59.118
20.537	28.892	59.117
20.626	28.893	59.117
20.702	28.893	59.116
20.768	28.891	59.119
20.813	28.892	59.117
20.821	28.893	59.120
20.808	28.890	59.119
20.775	28.891	59.119
20.746	28.892	59.118
20.722	28.891	59.118
20.696	28.891	59.119
20.742	28.891	59.118
20.733	28.892	59.121
20.751	28.892	59.118
20.766	28.892	59.121
20.769	28.890	59.120
20.756	28.891	59.123
20.728	28.891	59.121
20.702	28.891	59.123
20.675	28.891	59.121
20.664	28.892	59.122
20.663	28.892	59.121
20.674	28.892	59.122
20.691	28.892	59.121
20.707	28.893	59.122
20.716	28.892	59.122
20.716	28.892	59.122
20.707	28.893	59.120
20.691	28.893	59.121
20.681	28.892	59.121
20.681	28.892	59.119
20.684	28.893	59.122
20.692	28.893	59.122
20.699	28.893	59.121
20.703	28.892	59.122
20.708	28.893	59.119
20.708	28.893	59.120
20.706	28.892	59.119
20.705	28.892	59.121
20.706	28.893	59.118
20.706	28.893	59.119
20.710	28.893	59.120
20.716	28.892	59.118
20.717	28.891	59.117
20.717	28.892	59.117
20.718	28.890	59.119
20.719	28.891	59.119
20.694	28.890	59.118
20.718	28.891	59.117
20.718	28.890	59.119
20.721	28.891	59.117
20.724	28.890	59.119
20.723	28.891	59.119
20.726	28.891	59.118
20.727	28.890	59.120
20.729	28.891	59.119
20.726	28.891	59.119
20.723	28.890	59.118
20.723	28.890	59.119
20.728	28.890	59.120
20.732	28.891	59.117
20.737	28.891	59.118
20.740	28.891	59.118
20.742	28.891	59.116
20.744	28.891	59.116
20.740	28.891	59.117
20.737	28.892	59.118
20.736	28.892	59.118
20.738	28.891	59.118
20.745	28.891	59.118
20.752	28.891	59.116
20.755	28.892	59.113
20.756	28.892	59.113
20.752	28.892	59.113
20.744	28.893	59.112
20.741	28.891	59.112
20.738	28.891	59.112
20.738	28.891	59.113
20.739	28.890	59.114
20.744	28.890	59.110
20.746	28.891	59.112
20.740	28.891	59.112
20.734	28.890	59.115
20.734	28.890	59.114
20.730	28.891	59.114
20.733	28.889	59.113
20.738	28.890	59.112
20.744	28.889	59.115
20.750	28.890	59.111
20.755	28.890	59.112
20.754	28.889	59.112
20.754	28.888	59.112
20.739	28.889	59.112
20.728	28.888	59.114
20.719	28.887	59.112
20.716	28.887	59.114
20.716	28.888	59.115
20.714	28.888	59.114
20.712	28.887	59.115
20.711	28.887	59.114
20.708	28.887	59.114
20.706	28.887	59.115
20.709	28.887	59.115
20.712	28.887	59.114
20.715	28.887	59.115
20.717	28.887	59.115
20.718	28.887	59.114
20.716	28.887	59.116
20.712	28.887	59.114
20.711	28.887	59.115
20.711	28.888	59.113
20.711	28.888	59.113
20.714	28.888	59.111
20.716	28.889	59.109
20.712	28.888	59.110
20.714	28.889	59.111
20.712	28.889	59.110
20.708	28.890	59.113
20.711	28.890	59.111
20.713	28.890	59.112
20.717	28.890	59.111
20.722	28.892	59.111
20.725	28.891	59.111
20.725	28.891	59.110
20.721	28.891	59.112
20.717	28.890	59.112
20.716	28.890	59.112
20.716	28.890	59.111
20.711	28.890	59.112
20.711	28.891	59.111
20.713	28.890	59.111
20.716	28.892	59.111
20.717	28.892	59.110
20.718	28.892	59.110
20.719	28.892	59.112
20.718	28.891	59.112
20.720	28.892	59.112
20.718	28.893	59.111
20.717	28.893	59.113
20.717	28.894	59.114
20.717	28.893	59.112
20.715	28.893	59.115
20.715	28.893	59.115
20.715	28.893	59.113
20.710	28.893	59.114
20.706	28.893	59.114
20.704	28.892	59.113
20.703	28.892	59.114
20.701	28.893	59.114
20.703	28.893	59.115
20.708	28.893	59.115
20.711	28.893	59.116
20.713	28.895	59.115
20.714	28.894	59.116
20.714	28.894	59.115
20.710	28.894	59.116
20.710	28.895	59.115
20.710	28.893	59.115
20.706	28.893	59.114
20.711	28.894	59.115
20.715	28.895	59.117
20.716	28.894	59.114
20.718	28.893	59.116
20.718	28.894	59.116
20.714	28.893	59.116
20.710	28.893	59.116
20.709	28.892	59.116
20.708	28.893	59.115
20.712	28.893	59.116
20.714	28.893	59.116
20.719	28.892	59.116
20.722	28.893	59.116
20.722	28.893	59.116
20.723	28.894	59.117
20.723	28.892	59.116
20.723	28.892	59.117
20.725	28.892	59.116
20.724	28.893	59.118
20.727	28.892	59.116
20.729	28.891	59.117
20.727	28.892	59.117
20.727	28.892	59.117
20.726	28.892	59.116
20.727	28.892	59.116
20.730	28.892	59.115
20.730	28.893	59.116
20.731	28.892	59.116
20.732	28.891	59.115
20.732	28.891	59.116
20.728	28.891	59.115
20.723	28.893	59.117
20.718	28.891	59.117
20.718	28.891	59.117
20.718	28.892	59.115
20.725	28.892	59.117
20.728	28.891	59.116
20.732	28.891	59.115
20.731	28.891	59.116
20.730	28.891	59.117
20.729	28.890	59.115
20.727	28.890	59.118
20.726	28.891	59.117
20.726	28.892	59.116
20.729	28.892	59.116
20.730	28.892	59.117
20.732	28.892	59.115
20.732	28.892	59.115
20.735	28.893	59.116
20.734	28.892	59.118
20.729	28.893	59.117
20.728	28.892	59.118
20.724	28.891	59.116
20.721	28.891	59.117
20.718	28.891	59.119
20.718	28.891	59.116
20.715	28.892	59.116
20.710	28.891	59.119
20.703	28.891	59.117
20.702	28.892	59.117
20.702	28.891	59.116
20.706	28.891	59.117
20.715	28.892	59.117
20.723	28.892	59.116
20.737	28.891	59.118
20.750	28.891	59.117
20.759	28.891	59.116
20.763	28.893	59.117
20.761	28.892	59.114
20.761	28.891	59.115
20.735	28.891	59.117
20.720	28.892	59.116
20.702	28.891	59.117
20.696	28.891	59.117
20.693	28.892	59.116
20.698	28.891	59.116
20.707	28.892	59.115
20.715	28.891	59.114
20.721	28.891	59.117
20.723	28.891	59.117
20.714	28.891	59.114
20.680	28.891	59.115
20.616	28.890	59.115
20.542	28.891	59.117
20.457	28.890	59.118
20.338	28.890	59.116
20.198	28.890	59.118
20.064	28.890	59.117
19.959	28.890	59.114
19.844	28.889	59.118
19.751	28.890	59.117
19.652	28.889	59.115
19.560	28.889	59.115
19.464	28.888	59.115
19.348	28.889	59.114
19.244	28.888	59.115
19.129	28.888	59.114
19.037	28.888	59.116
18.933	28.888	59.113
18.820	28.889	59.114
18.705	28.888	59.114
18.615	28.888	59.115
18.538	28.889	59.115
18.443	28.888	59.113
18.335	28.889	59.115
18.216	28.889	59.114
18.127	28.889	59.116
18.037	28.889	59.115
17.927	28.890	59.116
17.806	28.890	59.116
17.717	28.890	59.116
17.615	28.889	59.116
17.513	28.889	59.116
17.394	28.891	59.115
17.289	28.890	59.117
17.197	28.890	59.116
17.114	28.891	59.118
17.000	28.890	59.117
16.875	28.890	59.116
16.770	28.890	59.116
16.677	28.891	59.118
16.597	28.890	59.116
16.510	28.891	59.116
16.403	28.891	59.115
16.306	28.890	59.117
16.206	28.890	59.116
16.098	28.890	59.116
15.963	28.891	59.117
15.854	28.891	59.119
15.761	28.891	59.120
15.688	28.892	59.119
15.602	28.893	59.120
15.475	28.894	59.121
15.364	28.894	59.120
15.287	28.895	59.122
15.248	28.896	59.121
15.242	28.895	59.123
15.241	28.897	59.123
15.209	28.896	59.124
15.082	28.898	59.124
14.951	28.898	59.125
14.817	28.897	59.124
14.701	28.900	59.125
14.613	28.899	59.125
14.498	28.899	59.124
14.403	28.902	59.124
14.316	28.901	59.128
14.240	28.901	59.126
14.109	28.901	59.128
13.974	28.902	59.125
13.864	28.901	59.127
13.778	28.901	59.128
13.676	28.901	59.127
13.581	28.901	59.129
13.475	28.902	59.129
13.373	28.903	59.130
13.259	28.903	59.129
13.154	28.904	59.130
13.000	28.905	59.132
12.898	28.906	59.132
12.833	28.905	59.131
12.804	28.905	59.134
12.776	28.906	59.132
12.692	28.907	59.132
12.574	28.907	59.134
12.460	28.907	59.135
12.383	28.907	59.134
12.262	28.908	59.133
12.122	28.907	59.133
11.989	28.908	59.134
11.892	28.909	59.135
11.825	28.908	59.135
11.773	28.909	59.135
11.680	28.908	59.133
11.552	28.910	59.134
11.446	28.910	59.133
11.344	28.909	59.136
11.267	28.910	59.134
11.163	28.910	59.136
11.047	28.909	59.135
10.920	28.910	59.134
10.843	28.910	59.134
10.790	28.911	59.135
10.739	28.911	59.136
10.653	28.910	59.137
10.572	28.911	59.136
10.489	28.911	59.136
10.416	28.913	59.138
10.294	28.912	59.138
10.161	28.914	59.138
10.020	28.916	59.138
09.933	28.916	59.139
09.863	28.917	59.139
09.797	28.917	59.139
09.705	28.918	59.141
09.597	28.919	59.142
09.504	28.920	59.142
09.420	28.921	59.146
09.295	28.921	59.146
09.172	28.922	59.150
09.069	28.922	59.149
09.011	28.924	59.151
08.982	28.926	59.151
08.955	28.928	59.153
08.902	28.929	59.153
08.799	28.931	59.153
08.697	28.932	59.156
08.603	28.932	59.157
08.504	28.935	59.157
08.369	28.935	59.158
08.240	28.936	59.159
08.155	28.936	59.158
08.087	28.936	59.159
08.037	28.937	59.158
07.960	28.936	59.159
07.823	28.936	59.160
07.715	28.937	59.158
07.639	28.938	59.159
07.542	28.937	59.160
07.420	28.938	59.161
07.276	28.939	59.159
07.175	28.938	59.162
07.115	28.940	59.163
07.057	28.940	59.161
06.952	28.940	59.164
06.839	28.940	59.163
06.727	28.941	59.163
06.644	28.941	59.163
06.524	28.942	59.162
06.391	28.942	59.164
06.277	28.941	59.164
06.148	28.942	59.165
06.114	28.942	59.165
06.037	28.942	59.163
05.933	28.943	59.164
05.823	28.943	59.166
05.727	28.943	59.165
05.654	28.942	59.166
05.535	28.941	59.166
05.384	28.944	59.165
05.282	28.943	59.165
05.193	28.945	59.166
05.135	28.944	59.167
05.037	28.945	59.168
04.927	28.944	59.167
04.825	28.945	59.165
04.748	28.945	59.168
04.669	28.945	59.168
04.537	28.945	59.169
04.405	28.945	59.168
04.313	28.947	59.170
04.266	28.946	59.171
04.206	28.949	59.172
04.104	28.948	59.173
04.012	28.949	59.173
03.897	28.949	59.173
03.816	28.951	59.175
03.688	28.951	59.173
03.540	28.953	59.175
03.428	28.953	59.176
03.336	28.953	59.176
03.274	28.953	59.178
03.174	28.955	59.182
03.040	28.955	59.184
02.938	28.957	59.182
02.872	28.956	59.184
02.788	28.957	59.186
02.653	28.957	59.185
02.520	28.959	59.188
02.412	28.961	59.192
02.339	28.964	59.193
02.291	28.965	59.195
02.181	28.969	59.198
02.053	28.970	59.199
01.964	28.972	59.203
01.898	28.973	59.204
01.780	28.976	59.205
01.655	28.975	59.205
01.526	28.978	59.208
01.453	28.979	59.208
01.411	28.980	59.208
01.342	28.981	59.208
01.237	28.981	59.206
01.170	28.982	59.209
01.127	28.982	59.206
01.090	28.983	59.207
01.036	28.983	59.207
00.959	28.982	59.209
00.862	28.983	59.208
00.792	28.982	59.208
00.760	28.982	59.207
00.753	28.982	59.209
00.756	28.981	59.208
00.758	28.981	59.207
00.773	28.982	59.208
00.822	28.981	59.208
00.851	28.980	59.206
00.875	28.979	59.209
00.890	28.980	59.207
00.907	28.981	59.210
00.930	28.981	59.210
00.948	28.981	59.208
00.948	28.981	59.209
00.958	28.982	59.210
00.969	28.982	59.211
00.979	28.982	59.210
00.986	28.981	59.210
00.986	28.982	59.209
00.968	28.982	59.208
00.940	28.981	59.208
00.919	28.982	59.209
00.910	28.981	59.207
00.912	28.982	59.207
00.917	28.982	59.208
00.922	28.982	59.208
00.922	28.982	59.207
00.913	28.982	59.209
00.903	28.981	59.207
00.897	28.983	59.208
00.899	28.982	59.207
00.900	28.983	59.209
00.898	28.983	59.206
00.899	28.983	59.206
00.896	28.982	59.207
00.894	28.983	59.207
00.891	28.983	59.206
00.884	28.983	59.206
00.884	28.983	59.206
00.874	28.983	59.206
00.874	28.982	59.206
00.871	28.982	59.204
00.872	28.982	59.206
00.871	28.983	59.206
00.872	28.983	59.206
00.870	28.983	59.203
00.868	28.983	59.205
00.860	28.983	59.205
00.860	28.983	59.204
00.857	28.983	59.205
00.861	28.983	59.205
00.869	28.983	59.203
00.877	28.984	59.205
00.878	28.984	59.205
00.877	28.984	59.204
00.876	28.984	59.205
00.880	28.985	59.205
00.882	28.985	59.204
00.884	28.986	59.205
00.889	28.986	59.205
00.888	28.986	59.205
00.888	28.987	59.204
00.882	28.986	59.204
00.883	28.986	59.205
00.883	28.985	59.204
00.882	28.985	59.205
00.882	28.985	59.204
00.883	28.985	59.204
00.885	28.987	59.203
00.890	28.987	59.206
00.893	28.988	59.203
00.896	28.988	59.203
00.897	28.990	59.203
00.899	28.993	59.204
00.899	28.992	59.204
00.900	28.993	59.204
00.900	28.994	59.204
00.901	28.996	59.202
00.900	28.995	59.203
00.899	28.997	59.202
00.899	28.997	59.203
00.899	28.998	59.204
00.898	29.001	59.203
00.897	29.004	59.202
00.902	29.003	59.203
00.904	29.003	59.202
00.904	29.002	59.204
00.905	29.002	59.203
00.908	29.002	59.204
00.908	29.002	59.203
00.910	29.000	59.204
00.911	29.000	59.203
00.911	29.003	59.204
00.910	29.004	59.204
00.909	29.007	59.203
00.910	29.007	59.204
00.908	29.008	59.203
00.910	29.006	59.203
00.911	29.006	59.203
00.913	29.004	59.203
00.913	29.003	59.204
00.913	29.001	59.205
00.911	29.005	59.204
00.912	29.005	59.205
00.909	29.005	59.204
00.908	29.005	59.203
00.908	29.004	59.205
00.906	29.004	59.204
00.905	29.004	59.204
00.905	29.003	59.206
00.908	29.003	59.205
00.911	29.003	59.204
00.911	29.006	59.206
00.913	29.005	59.206
00.917	29.005	59.203
00.919	29.005	59.203
00.920	29.006	59.205
00.921	29.006	59.206
00.923	29.007	59.205
00.921	29.007	59.206
00.921	29.007	59.205
00.921	29.005	59.206
00.919	29.005	59.204
00.916	29.004	59.206
00.911	29.003	59.207
00.910	29.002	59.206
00.912	29.001	59.204
00.912	29.002	59.204
00.913	29.003	59.207
00.917	29.004	59.205
00.919	29.003	59.207
00.921	29.004	59.206
00.921	29.004	59.205
00.922	29.005	59.205
00.921	29.005	59.205
00.919	29.006	59.206
00.920	29.005	59.207
00.919	29.004	59.206
00.918	29.005	59.206
00.915	29.005	59.207
00.916	29.005	59.206
00.917	29.003	59.206
00.918	29.001	59.206
00.918	29.002	59.206
00.919	29.001	59.207
00.920	29.004	59.206
00.921	29.003	59.206
00.920	29.003	59.206
00.920	29.002	59.206
00.918	29.003	59.206
00.917	29.003	59.205
00.919	29.004	59.207
00.919	29.003	59.209
00.921	29.004	59.207
00.920	29.004	59.207
00.921	29.004	59.207
00.923	29.005	59.207
00.925	29.005	59.206
00.926	29.005	59.209
00.925	29.006	59.209
00.924	29.008	59.207
00.926	29.007	59.209
00.922	29.008	59.209
00.922	29.010	59.210
00.920	29.010	59.207
00.918	29.010	59.208
00.917	29.011	59.209
00.920	29.010	59.209
00.919	29.011	59.208
00.922	29.010	59.205
00.919	29.009	59.208
00.920	29.009	59.206
00.918	29.009	59.207
00.914	29.008	59.203
00.911	29.008	59.204
00.911	29.009	59.204
00.907	29.007	59.204
00.903	29.008	59.203
00.900	29.007	59.202
00.900	29.006	59.202
00.899	29.005	59.202
00.899	29.006	59.203
00.901	29.008	59.202
00.905	29.007	59.201
00.907	29.006	59.200
00.908	29.007	59.198
00.907	29.006	59.198
00.910	29.008	59.198
00.908	29.010	59.199
00.908	29.011	59.200
00.905	29.010	59.202
00.903	29.009	59.201
00.903	29.010	59.201
00.903	29.007	59.203
00.901	29.007	59.201
00.902	29.005	59.201
00.903	29.004	59.203
00.905	29.003	59.203
00.906	29.002	59.202
00.907	28.999	59.203
00.909	28.999	59.203
00.913	28.996	59.203
00.913	28.998	59.202
00.914	28.997	59.204
00.912	28.997	59.204
00.912	28.997	59.203
00.909	28.997	59.205
00.908	28.997	59.203
00.907	28.995	59.204
00.904	28.994	59.204
00.903	28.994	59.204
00.901	28.994	59.205
00.900	28.993	59.205
00.902	28.992	59.202
00.904	28.993	59.203
00.905	28.992	59.202
00.904	28.993	59.202
00.904	28.992	59.205
00.901	28.992	59.201
00.901	28.992	59.202
00.901	28.992	59.204
00.905	28.992	59.203
00.905	28.992	59.202
00.909	28.991	59.202
00.909	28.991	59.204
00.909	28.990	59.205
00.910	28.990	59.205
00.910	28.989	59.207
00.910	28.989	59.207
00.909	28.990	59.206
00.909	28.988	59.208
00.907	28.988	59.210
00.908	28.989	59.208
00.906	28.989	59.208
00.905	28.990	59.208
00.907	28.990	59.208
00.904	28.989	59.208
00.905	28.990	59.209
00.908	28.990	59.208
00.910	28.990	59.209
00.911	28.991	59.212
00.906	28.991	59.211
00.896	28.990	59.210
00.877	28.990	59.210
00.859	28.991	59.212
00.859	28.992	59.212
00.854	28.993	59.212
00.858	28.994	59.209
00.858	28.994	59.210
00.855	28.996	59.212
00.848	28.995	59.211
00.841	28.996	59.212
00.833	28.994	59.211
00.833	28.992	59.211
00.834	28.992	59.209
00.841	28.992	59.210
00.849	28.990	59.209
00.849	28.988	59.209
00.867	28.989	59.211
00.873	28.991	59.210
00.877	28.993	59.209
00.881	28.993	59.211
00.889	28.995	59.210
00.898	28.995	59.210
00.904	28.995	59.210
00.908	28.994	59.210
00.913	28.994	59.211
00.923	28.994	59.210
00.934	28.994	59.209
00.944	28.992	59.209
00.947	28.993	59.207
00.946	28.994	59.208
00.943	28.993	59.209
00.945	28.993	59.208
00.947	28.993	59.208
00.953	28.991	59.209
00.958	28.990	59.208
00.968	28.990	59.208
00.979	28.989	59.207
00.987	28.990	59.210
00.992	28.989	59.209
00.997	28.989	59.207
01.006	28.989	59.210
01.044	28.987	59.211
01.114	28.987	59.209
01.239	28.987	59.208
01.338	28.987	59.211
01.456	28.987	59.210
01.538	28.986	59.210
01.593	28.986	59.212
01.652	28.986	59.210
01.708	28.986	59.210
01.781	28.985	59.211
01.863	28.985	59.215
01.964	28.986	59.217
02.068	28.985	59.219
02.170	28.986	59.218
02.235	28.989	59.219
02.288	28.989	59.218
02.365	28.989	59.218
02.457	28.990	59.217
02.525	28.990	59.218
02.602	28.990	59.216
02.696	28.990	59.217
02.799	28.990	59.216
02.881	28.989	59.217
02.940	28.989	59.214
02.965	28.989	59.216
02.983	28.988	59.214
03.031	28.987	59.212
03.110	28.987	59.210
03.214	28.987	59.206
03.359	28.986	59.203
03.483	28.985	59.199
03.624	28.983	59.200
03.786	28.981	59.199
03.866	28.979	59.195
03.947	28.976	59.191
04.008	28.974	59.190
04.068	28.971	59.191
04.141	28.970	59.191
04.222	28.969	59.188
04.322	28.967	59.187
04.433	28.968	59.188
04.544	28.967	59.189
04.649	28.966	59.189
04.737	28.965	59.188
04.832	28.965	59.186
04.909	28.964	59.185
04.986	28.963	59.183
05.072	28.963	59.182
05.187	28.962	59.180
05.283	28.960	59.182
05.395	28.960	59.180
05.468	28.959	59.182
05.544	28.959	59.181
05.593	28.957	59.181
05.661	28.958	59.180
05.719	28.957	59.184
05.783	28.958	59.184
05.836	28.957	59.184
05.919	28.957	59.180
05.980	28.958	59.178
06.059	28.957	59.178
06.124	28.957	59.178
06.227	28.956	59.174
06.300	28.957	59.172
06.377	28.955	59.172
06.477	28.955	59.172
06.558	28.954	59.170
06.658	28.952	59.171
06.743	28.952	59.171
06.795	28.951	59.170
06.877	28.949	59.169
06.909	28.950	59.171
06.982	28.949	59.171
07.078	28.949	59.169
07.143	28.947	59.169
07.261	28.948	59.171
07.350	28.948	59.169
07.461	28.948	59.172
07.533	28.947	59.170
07.599	28.947	59.171
07.682	28.947	59.172
07.742	28.946	59.170
07.841	28.945	59.168
07.922	28.946	59.169
07.995	28.946	59.169
08.095	28.946	59.168
08.187	28.946	59.170
08.274	28.945	59.169
08.360	28.946	59.168
08.465	28.945	59.169
08.524	28.945	59.167
08.622	28.944	59.167
08.737	28.943	59.166
08.833	28.943	59.165
08.912	28.943	59.166
08.995	28.943	59.164
09.062	28.943	59.164
09.160	28.941	59.164
09.264	28.942	59.164
09.371	28.941	59.165
09.450	28.942	59.164
09.516	28.941	59.164
09.601	28.941	59.165
09.682	28.941	59.162
09.750	28.941	59.164
09.816	28.940	59.162
09.921	28.939	59.159
10.017	28.940	59.161
10.138	28.939	59.158
10.251	28.938	59.158
10.328	28.938	59.158
10.416	28.937	59.155
10.500	28.935	59.157
10.583	28.933	59.155
10.680	28.933	59.153
10.809	28.932	59.152
10.886	28.931	59.151
11.001	28.931	59.151
11.113	28.930	59.152
11.211	28.929	59.151
11.309	28.929	59.152
11.378	28.928	59.151
11.497	28.927	59.149
11.601	28.927	59.150
11.678	28.926	59.150
11.813	28.926	59.149
11.912	28.926	59.150
12.010	28.925	59.150
12.079	28.925	59.150
12.117	28.926	59.149
12.131	28.926	59.151
12.133	28.926	59.150
12.118	28.924	59.151
12.118	28.925	59.150
12.154	28.926	59.153
12.248	28.927	59.147
12.372	28.925	59.147
12.505	28.925	59.148
12.649	28.925	59.146
12.786	28.924	59.145
12.921	28.922	59.143
13.019	28.922	59.144
13.119	28.921	59.143
13.198	28.920	59.145
13.269	28.920	59.144
13.360	28.920	59.143
13.438	28.920	59.144
13.539	28.919	59.143
13.621	28.919	59.142
13.749	28.918	59.142
13.813	28.917	59.139
13.887	28.916	59.140
13.993	28.916	59.138
14.095	28.915	59.138
14.201	28.914	59.134
14.314	28.913	59.134
14.391	28.912	59.133
14.475	28.910	59.132
14.566	28.909	59.132
14.641	28.907	59.130
14.705	28.907	59.130
14.813	28.906	59.129
14.907	28.906	59.127
15.021	28.906	59.129
15.143	28.904	59.129
15.245	28.903	59.128
15.346	28.903	59.125
15.439	28.903	59.127
15.510	28.902	59.127
15.619	28.901	59.125
15.727	28.901	59.126
15.800	28.902	59.128
15.911	28.901	59.128
15.991	28.902	59.127
16.064	28.902	59.128
16.155	28.901	59.128
16.241	28.901	59.126
16.318	28.901	59.127
16.431	28.901	59.126
16.542	28.901	59.125
16.652	28.900	59.124
16.757	28.900	59.123
16.862	28.899	59.122
16.924	28.898	59.123
16.993	28.897	59.123
17.089	28.896	59.123
17.181	28.895	59.120
17.286	28.895	59.120
17.389	28.894	59.119
17.479	28.895	59.119
17.573	28.895	59.119
17.648	28.895	59.117
17.755	28.893	59.119
17.847	28.894	59.120
17.938	28.893	59.120
18.049	28.893	59.119
18.151	28.892	59.118
18.268	28.891	59.118
18.373	28.891	59.117
18.476	28.891	59.118
18.542	28.891	59.117
18.606	28.890	59.116
18.692	28.890	59.118
18.784	28.889	59.117
18.868	28.889	59.117
18.966	28.889	59.117
19.056	28.889	59.115
19.183	28.889	59.116
19.290	28.888	59.117
19.369	28.887	59.118
19.455	28.889	59.116
19.532	28.889	59.118
19.650	28.889	59.119
19.730	28.887	59.119
19.831	28.889	59.121
19.920	28.890	59.121
20.011	28.891	59.121
20.080	28.892	59.121
20.153	28.891	59.118
20.229	28.892	59.117
20.317	28.892	59.119
20.388	28.892	59.119
20.464	28.892	59.119
20.560	28.892	59.119
20.657	28.893	59.120
20.737	28.893	59.121
20.801	28.892	59.123
20.878	28.892	59.120
20.957	28.893	59.120
21.034	28.892	59.121
21.107	28.892	59.119
21.209	28.892	59.120
21.260	28.893	59.120
21.345	28.893	59.121
21.395	28.892	59.121
21.471	28.893	59.121
21.534	28.893	59.120
21.584	28.893	59.120
21.631	28.892	59.120
21.673	28.892	59.119
21.712	28.891	59.120
21.743	28.892	59.119
21.776	28.891	59.120
21.810	28.892	59.117
21.849	28.892	59.119
21.884	28.891	59.118
21.918	28.893	59.113
21.965	28.892	59.112
22.034	28.891	59.106
22.075	28.891	59.098
22.154	28.890	59.094
22.214	28.888	59.088
22.266	28.885	59.085
22.332	28.884	59.082
22.361	28.879	59.078
22.388	28.876	59.073
22.414	28.871	59.065
22.450	28.868	59.050
22.494	28.863	59.014
22.537	28.854	58.983
22.580	28.835	58.930
22.632	28.811	58.850
22.683	28.776	58.773
22.720	28.731	58.715
22.759	28.672	58.609
22.791	28.608	58.389
22.825	28.549	58.204
22.867	28.496	58.023
22.899	28.441	57.909
22.933	28.388	57.868
22.955	28.337	57.831
22.977	28.273	57.755
23.001	28.195	57.663
23.043	28.091	57.459
23.094	27.972	57.296
23.170	27.852	57.217
23.224	27.724	57.179
23.276	27.592	57.126
23.313	27.458	57.027
23.348	27.337	56.893
23.384	27.220	56.798
23.415	27.122	56.718
23.436	27.031	56.655
23.466	26.952	56.630
23.494	26.882	56.619
23.526	26.822	56.540
23.569	26.771	56.343
23.633	26.723	56.221
23.691	26.669	56.183
23.723	26.610	56.102
23.749	26.535	55.985
23.749	26.428	55.981
23.748	26.338	55.975
23.752	26.265	55.927
23.758	26.200	55.902
23.756	26.144	55.910
23.755	26.098	55.924
23.760	26.064	55.932
23.760	26.037	55.926
23.764	26.021	55.929
23.769	26.009	55.928
23.775	25.995	55.926
23.781	25.981	55.925
23.787	25.973	55.910
23.787	25.962	55.885
23.780	25.939	55.872
23.771	25.906	55.879
23.768	25.885	55.866
23.773	25.875	55.814
23.774	25.868	55.789
23.775	25.860	55.788
23.773	25.852	55.792
23.775	25.846	55.801
23.775	25.839	55.808
23.777	25.839	55.813
23.775	25.844	55.824
23.775	25.844	55.834
23.781	25.837	55.845
23.784	25.834	55.849
23.788	25.839	55.849
23.793	25.856	55.856
23.798	25.873	55.855
23.801	25.894	55.854
23.801	25.909	55.853
23.799	25.905	55.860
23.804	25.888	55.860
23.804	25.864	55.854
23.806	25.839	55.846
23.811	25.811	55.846
23.815	25.784	55.843
23.821	25.758	55.838
23.824	25.731	55.830
23.823	25.710	55.822
23.821	25.698	55.823
23.817	25.685	55.830
23.811	25.684	55.829
23.812	25.696	55.819
23.812	25.710	55.817
23.813	25.718	55.820
23.814	25.723	55.818
23.815	25.722	55.818
23.815	25.719	55.833
23.815	25.722	55.839
23.821	25.727	55.838
23.824	25.730	55.828
23.828	25.727	55.827
23.831	25.723	55.823
23.831	25.713	55.818
23.833	25.703	55.816
23.830	25.691	55.814
23.827	25.684	55.813
23.827	25.686	55.798
23.829	25.683	55.799
23.832	25.681	55.803
23.832	25.681	55.796
23.832	25.682	55.779
23.832	25.682	55.771
23.837	25.678	55.767
23.841	25.673	55.755
23.843	25.671	55.730
23.845	25.671	55.702
23.847	25.670	55.693
23.847	25.668	55.688
23.846	25.664	55.675
23.846	25.655	55.658
23.851	25.647	55.639
23.855	25.639	55.628
23.858	25.632	55.625
23.858	25.627	55.624
23.862	25.625	55.607
23.861	25.623	55.596
23.863	25.620	55.593
23.863	25.615	55.599
23.867	25.614	55.605
23.866	25.616	55.609
23.865	25.619	55.615
23.866	25.624	55.618
23.865	25.624	55.616
23.863	25.620	55.611
23.861	25.612	55.605
23.863	25.611	55.602
23.860	25.618	55.599
23.858	25.628	55.604
23.859	25.637	55.612
23.858	25.646	55.621
23.861	25.656	55.627
23.862	25.665	55.635
23.865	25.676	55.638
23.862	25.692	55.643
23.865	25.711	55.639
23.868	25.732	55.633
23.869	25.753	55.627
23.871	25.770	55.619
23.873	25.782	55.618
23.873	25.790	55.614
23.875	25.796	55.614
23.875	25.796	55.613
23.876	25.792	55.606
23.875	25.784	55.604
23.875	25.776	55.609
23.875	25.767	55.616
23.873	25.762	55.624
23.874	25.756	55.629
23.874	25.747	55.633
23.874	25.736	55.637
23.877	25.724	55.643
23.877	25.714	55.648
23.877	25.707	55.655
23.876	25.703	55.664
23.877	25.701	55.672
23.878	25.703	55.674
23.878	25.703	55.669
23.874	25.702	55.660
23.874	25.694	55.648
23.872	25.683	55.633
23.872	25.674	55.626
23.870	25.669	55.629
23.868	25.668	55.635
23.865	25.667	55.635
23.865	25.670	55.637
23.865	25.671	55.645
23.864	25.672	55.649
23.864	25.673	55.653
23.864	25.676	55.658
23.866	25.676	55.655
23.866	25.678	55.653
23.864	25.680	55.642
23.867	25.683	55.631
23.870	25.687	55.619
23.872	25.694	55.601
23.873	25.702	55.579
23.876	25.707	55.575
23.878	25.711	55.579
23.877	25.717	55.586
23.877	25.721	55.590
23.879	25.725	55.586
23.878	25.732	55.580
23.879	25.740	55.581
23.878	25.746	55.578
23.878	25.747	55.578
23.875	25.747	55.578
23.873	25.746	55.582
23.875	25.745	55.585
23.878	25.745	55.585
23.880	25.744	55.580
23.881	25.745	55.577
23.883	25.745	55.567
23.885	25.746	55.552
23.884	25.744	55.542
23.889	25.743	55.542
23.891	25.740	55.537
23.893	25.741	55.533
23.892	25.750	55.536
23.894	25.762	55.536
23.892	25.772	55.532
23.891	25.776	55.524
23.889	25.775	55.513
23.888	25.771	55.507
23.884	25.766	55.510
23.883	25.761	55.517
23.884	25.759	55.527
23.885	25.759	55.535
23.884	25.761	55.542
23.885	25.768	55.545
23.885	25.776	55.555
23.884	25.782	55.562
23.884	25.786	55.571
23.884	25.791	55.576
23.884	25.795	55.581
23.886	25.799	55.584
23.886	25.801	55.588
23.886	25.804	55.592
23.886	25.805	55.595
23.886	25.806	55.596
23.887	25.808	55.595
23.888	25.807	55.590
23.888	25.806	55.587
23.892	25.804	55.590
23.892	25.802	55.597
23.892	25.798	55.599
23.892	25.792	55.604
23.891	25.786	55.614
23.889	25.780	55.620
23.890	25.773	55.628
23.889	25.767	55.634
23.889	25.762	55.633
23.890	25.756	55.626
23.891	25.751	55.625
23.893	25.745	55.623
23.892	25.739	55.616
23.894	25.734	55.612
23.894	25.728	55.610
23.920	25.724	55.617
23.898	25.719	55.623
23.897	25.714	55.632
23.895	25.707	55.640
23.895	25.700	55.643
23.894	25.691	55.644
23.892	25.684	55.644
23.893	25.676	55.645
23.893	25.671	55.647
23.893	25.667	55.649
23.895	25.663	55.649
23.893	25.661	55.653
23.892	25.657	55.657
23.893	25.653	55.658
23.893	25.653	55.658
23.891	25.649	55.660
23.892	25.647	55.652
23.890	25.647	55.642
23.891	25.647	55.641
23.890	25.645	55.643
23.891	25.644	55.645
23.891	25.644	55.645
23.892	25.641	55.647
23.893	25.641	55.650
23.893	25.642	55.651
23.893	25.642	55.656
23.894	25.646	55.656
23.895	25.649	55.657
23.896	25.653	55.656
23.891	25.656	55.656
23.893	25.660	55.656
23.893	25.664	55.656
23.890	25.666	55.658
23.892	25.670	55.660
23.895	25.673	55.658
23.896	25.673	55.650
23.897	25.674	55.643
23.900	25.672	55.629
23.902	25.668	55.621
23.901	25.665	55.624
23.901	25.663	55.626
23.901	25.662	55.622
23.899	25.663	55.617
23.899	25.666	55.615
23.896	25.669	55.592
23.884	25.663	55.512
23.871	25.655	55.544
23.839	25.657	55.570
23.804	25.667	55.577
23.756	25.678	55.529
23.682	25.677	55.649
23.575	25.672	55.699
23.453	25.677	55.776
23.337	25.686	55.936
23.209	25.705	56.077
23.131	25.735	56.206
23.003	25.784	56.284
22.913	25.857	56.439
22.794	25.957	56.637
22.679	26.099	56.783
22.566	26.272	56.972
22.437	26.458	57.123
22.321	26.617	57.289
22.210	26.752	57.425
22.082	26.900	57.661
21.987	27.108	57.992
21.908	27.328	58.159
21.795	27.524	58.330
21.678	27.707	58.505
21.553	27.863	58.634
21.469	28.000	58.706
21.373	28.127	58.703
21.278	28.247	58.715
21.181	28.343	58.726
21.083	28.423	58.725
20.959	28.491	58.759
20.827	28.549	58.832
20.673	28.599	58.868
20.594	28.642	58.910
20.491	28.675	58.929
20.363	28.702	58.932
20.283	28.724	58.949
20.203	28.743	58.971
20.092	28.757	58.961
19.958	28.769	58.959
19.851	28.780	58.963
19.751	28.788	58.985
19.673	28.796	59.005
19.576	28.801	59.011
19.464	28.805	59.009
19.361	28.809	59.002
19.239	28.812	58.993
19.116	28.815	58.995
19.013	28.819	59.002
18.895	28.822	59.004
18.780	28.826	59.001
18.657	28.829	59.000
18.559	28.830	59.002
18.453	28.832	59.004
18.312	28.833	59.012
18.194	28.836	59.037
18.086	28.837	59.039
18.001	28.836	59.059
17.892	28.837	59.060
17.779	28.839	59.060
17.688	28.841	59.066
17.569	28.844	59.057
17.440	28.845	59.051
17.328	28.847	59.051
17.206	28.846	59.056
17.102	28.846	59.059
17.000	28.847	59.060
16.892	28.845	59.058
16.774	28.848	59.061
16.645	28.849	59.072
16.515	28.851	59.075
16.415	28.850	59.083
16.304	28.851	59.084
16.185	28.850	59.085
16.096	28.851	59.085
16.002	28.850	59.082
15.886	28.851	59.077
15.767	28.853	59.074
15.664	28.853	59.074
15.537	28.856	59.075
15.432	28.858	59.076
15.318	28.858	59.076
15.221	28.858	59.074
15.118	28.859	59.070
14.982	28.859	59.072
14.870	28.860	59.074
14.763	28.861	59.086
14.635	28.862	59.089
14.559	28.862	59.093
14.463	28.864	59.094
14.360	28.864	59.095
14.360	28.864	59.092
14.144	28.866	59.089
14.074	28.867	59.088
14.041	28.866	59.085
13.990	28.866	59.085
13.898	28.866	59.089
13.793	28.866	59.092
13.681	28.864	59.092
13.681	28.865	59.090
13.421	28.866	59.090
13.302	28.868	59.093
13.203	28.868	59.099
13.107	28.869	59.104
12.999	28.870	59.105
12.876	28.873	59.110
12.804	28.874	59.113
12.701	28.874	59.109
12.622	28.873	59.105
12.470	28.876	59.105
12.383	28.879	59.102
12.292	28.880	59.102
12.177	28.879	59.101
12.062	28.882	59.099
11.979	28.881	59.101
11.877	28.882	59.102
11.704	28.881	59.102
11.602	28.883	59.104
11.505	28.883	59.111
11.395	28.886	59.113
11.276	28.885	59.110
11.189	28.886	59.107
11.095	28.885	59.107
10.992	28.884	59.108
10.852	28.884	59.113
10.752	28.885	59.115
10.675	28.887	59.112
10.558	28.888	59.117
10.446	28.890	59.119
10.344	28.891	59.124
10.241	28.891	59.122
10.113	28.892	59.121
09.996	28.893	59.120
09.902	28.895	59.124
09.800	28.896	59.126
09.695	28.897	59.128
09.589	28.898	59.129
09.490	28.898	59.130
09.371	28.899	59.130
09.192	28.901	59.129
09.079	28.902	59.128
08.998	28.903	59.128
08.896	28.904	59.128
08.768	28.907	59.127
08.662	28.909	59.126
08.561	28.910	59.127
08.409	28.910	59.128
08.281	28.912	59.129
08.184	28.912	59.132
08.085	28.912	59.135
07.961	28.913	59.136
07.862	28.913	59.139
07.771	28.913	59.138
07.653	28.912	59.135
07.512	28.911	59.133
07.409	28.912	59.136
07.335	28.913	59.139
07.223	28.913	59.144
07.101	28.915	59.142
07.021	28.915	59.145
06.925	28.917	59.146
06.795	28.918	59.144
06.669	28.919	59.146
06.592	28.920	59.148
06.504	28.919	59.147
06.388	28.920	59.144
06.267	28.921	59.147
06.180	28.922	59.147
06.051	28.923	59.146
05.911	28.923	59.143
05.808	28.924	59.144
05.733	28.924	59.142
05.633	28.924	59.148
05.518	28.925	59.151
05.426	28.924	59.153
05.359	28.925	59.155
05.286	28.925	59.157
05.158	28.924	59.157
04.994	28.926	59.154
04.892	28.926	59.151
04.812	28.927	59.153
04.698	28.929	59.152
04.590	28.932	59.153
04.513	28.933	59.152
04.388	28.934	59.154
04.225	28.934	59.152
04.116	28.934	59.157
04.039	28.936	59.159
03.927	28.936	59.165
03.791	28.937	59.172
03.683	28.938	59.175
03.581	28.939	59.182
03.474	28.941	59.191
03.308	28.945	59.190
03.219	28.947	59.197
03.139	28.949	59.199
03.016	28.952	59.198
02.914	28.956	59.197
02.834	28.957	59.197
02.764	28.959	59.198
02.662	28.961	59.195
02.492	28.963	59.193
02.341	28.963	59.191
02.252	28.963	59.193
02.124	28.965	59.193
02.004	28.966	59.200
01.908	28.966	59.200
01.840	28.967	59.196
01.763	28.966	59.196
01.629	28.966	59.196
01.533	28.965	59.194
01.477	28.967	59.196
01.452	28.967	59.199
01.407	28.967	59.201
01.309	28.967	59.193
01.198	28.968	59.193
01.121	28.969	59.193
01.063	28.971	59.196
00.983	28.972	59.197
00.936	28.974	59.196
00.896	28.975	59.195
00.875	28.975	59.191
00.882	28.976	59.195
00.928	28.975	59.195
00.959	28.974	59.197
00.975	28.973	59.192
00.973	28.971	59.193
00.970	28.971	59.193
00.975	28.970	59.192
00.982	28.969	59.193
00.987	28.968	59.193
00.980	28.967	59.194
00.980	28.966	59.196
00.971	28.967	59.197
00.971	28.967	59.194
00.974	28.966	59.194
00.976	28.965	59.190
00.979	28.965	59.188
00.978	28.965	59.188
00.978	28.963	59.186
00.983	28.962	59.176
00.992	28.963	59.176
01.000	28.960	59.178
00.998	28.959	59.173
00.991	28.959	59.175
00.991	28.958	59.174
00.984	28.959	59.175
00.983	28.959	59.175
00.985	28.960	59.173
00.981	28.961	59.175
00.982	28.963	59.174
00.978	28.963	59.174
00.978	28.963	59.175
00.979	28.964	59.175
00.978	28.964	59.173
00.978	28.963	59.175
00.979	28.963	59.174
00.985	28.967	59.172
00.986	28.968	59.172
00.991	28.969	59.173
00.996	28.970	59.169
01.002	28.969	59.167
01.009	28.971	59.166
01.009	28.969	59.166
01.005	28.969	59.166
01.004	28.969	59.165
01.001	28.969	59.163
00.993	28.970	59.163
00.984	28.971	59.161
00.979	28.970	59.164
00.960	28.970	59.163
00.935	28.969	59.161
00.920	28.970	59.162
00.903	28.969	59.160
00.899	28.969	59.157
00.894	28.971	59.154
00.883	28.970	59.154
00.862	28.971	59.152
00.823	28.971	59.150
00.798	28.972	59.151
00.758	28.972	59.151
00.725	28.971	59.152
00.701	28.972	59.151
00.678	28.972	59.146
00.663	28.972	59.146
00.642	28.974	59.144
00.616	28.974	59.148
00.609	28.975	59.149
00.593	28.976	59.152
00.579	28.977	59.156
00.561	28.977	59.156
00.538	28.976	59.155
00.519	28.978	59.155
00.506	28.977	59.155
00.481	28.978	59.151
00.488	28.979	59.152
00.477	28.981	59.149
00.471	28.982	59.147
00.470	28.982	59.149
00.471	28.981	59.145
00.474	28.981	59.145
00.475	28.980	59.144
00.473	28.979	59.145
00.473	28.980	59.145
00.477	28.980	59.144
00.483	28.980	59.142
00.486	28.979	59.141
00.487	28.979	59.138
00.489	28.979	59.137
00.486	28.981	59.135
00.486	28.981	59.137
00.487	28.982	59.138
00.489	28.983	59.138
00.490	28.982	59.141
00.484	28.981	59.143
00.469	28.980	59.143
00.462	28.980	59.145
00.462	28.980	59.150
00.462	28.980	59.149
00.465	28.980	59.155
00.460	28.981	59.152
00.457	28.980	59.153
00.457	28.980	59.150
00.458	28.981	59.146
00.453	28.981	59.147
00.451	28.981	59.145
00.446	28.980	59.144
00.447	28.981	59.143
00.447	28.982	59.141
00.443	28.983	59.142
00.442	28.986	59.142
00.441	28.986	59.143
00.442	28.987	59.146
00.440	28.988	59.147
00.443	28.988	59.146
00.445	28.989	59.148
00.446	28.988	59.144
00.448	28.989	59.144
00.447	28.991	59.142
00.446	28.992	59.143
00.444	28.992	59.143
00.441	28.991	59.142
00.443	28.993	59.142
00.442	28.992	59.140
00.444	28.989	59.138
00.442	28.987	59.139
00.443	28.985	59.140
00.444	28.984	59.138
00.444	28.982	59.138
00.448	28.979	59.136
00.446	28.976	59.138
00.446	28.975	59.140
00.446	28.974	59.141
00.444	28.973	59.144
00.443	28.973	59.142
00.442	28.974	59.141
00.442	28.974	59.140
00.440	28.976	59.138
00.439	28.976	59.137
00.440	28.974	59.137
00.436	28.977	59.136
00.438	28.977	59.134
00.438	28.978	59.137
00.436	28.980	59.137
00.438	28.981	59.136
00.438	28.980	59.138
00.437	28.983	59.134
00.438	28.982	59.132
00.440	28.984	59.133
00.437	28.984	59.131
00.434	28.984	59.130
00.433	28.985	59.133
00.431	28.983	59.132
00.431	28.982	59.132
00.431	28.982	59.134
00.433	28.982	59.135
00.436	28.983	59.141
00.434	28.983	59.142
00.434	28.984	59.144
00.433	28.983	59.147
00.432	28.982	59.147
00.433	28.982	59.148
00.433	28.982	59.152
00.433	28.980	59.154
00.433	28.981	59.153
00.435	28.983	59.151
00.433	28.982	59.152
00.433	28.982	59.150
00.437	28.980	59.151
00.438	28.981	59.153
00.438	28.981	59.153
00.440	28.982	59.154
00.438	28.986	59.153
00.437	28.987	59.152
00.436	28.990	59.155
00.437	28.990	59.155
00.436	28.990	59.152
00.435	28.989	59.152
00.436	28.989	59.153
00.434	28.987	59.156
00.434	28.984	59.156
00.433	28.983	59.158
00.433	28.983	59.155
00.433	28.982	59.157
00.435	28.982	59.156
00.437	28.982	59.155
00.439	28.982	59.152
00.439	28.981	59.154
00.438	28.981	59.152
00.437	28.981	59.151
00.438	28.982	59.149
00.434	28.981	59.150
00.437	28.981	59.150
00.435	28.983	59.151
00.434	28.983	59.152
00.437	28.983	59.150
00.437	28.984	59.148
00.438	28.986	59.147
00.438	28.986	59.147
00.438	28.986	59.146
00.438	28.988	59.146
00.436	28.989	59.143
00.437	28.989	59.141
00.437	28.988	59.141
00.436	28.988	59.139
00.440	28.989	59.137
00.439	28.993	59.136
00.436	28.993	59.134
00.438	28.995	59.133
00.439	28.995	59.133
00.439	28.996	59.137
00.440	28.997	59.139
00.442	28.999	59.145
00.442	28.999	59.154
00.446	29.000	59.155
00.450	29.001	59.157
00.450	29.000	59.157
00.451	29.001	59.154
00.454	28.998	59.154
00.456	28.997	59.156
00.456	28.997	59.160
00.457	28.998	59.164
00.456	29.000	59.169
00.456	29.000	59.173
00.455	28.999	59.171
00.453	28.998	59.172
00.454	28.998	59.170
00.454	28.999	59.170
00.456	28.997	59.166
00.456	28.997	59.164
00.458	28.996	59.162
00.460	28.996	59.162
00.458	28.996	59.163
00.457	28.995	59.162
00.456	28.997	59.161
00.456	29.000	59.159
00.455	28.999	59.159
00.455	28.999	59.159
00.455	29.000	59.160
00.455	29.000	59.165
00.454	29.000	59.168
00.455	28.999	59.174
00.454	28.999	59.174
00.455	29.001	59.174
00.454	29.001	59.173
00.454	29.001	59.172
00.458	29.001	59.171
00.458	29.002	59.168
00.457	29.000	59.168
00.456	28.999	59.167
00.457	29.001	59.170
00.454	29.001	59.170
00.455	28.999	59.172
00.455	29.000	59.171
00.455	28.998	59.172
00.456	29.000	59.171
00.454	29.000	59.173
00.456	29.002	59.172
00.457	29.003	59.176
00.455	29.005	59.174
00.456	29.010	59.173
00.457	29.013	59.173
00.457	29.013	59.173
00.454	29.010	59.172
00.456	29.008	59.172
00.454	29.008	59.172
00.455	29.004	59.172
00.456	29.002	59.170
00.456	29.001	59.169
00.431	28.998	59.167
00.451	28.998	59.168
00.448	28.997	59.167
00.449	28.997	59.166
00.450	28.999	59.167
00.446	29.000	59.165
00.441	29.000	59.166
00.437	29.001	59.165
00.437	29.001	59.167
00.434	29.001	59.166
00.438	29.002	59.166
00.439	29.001	59.171
00.438	29.001	59.174
00.436	28.998	59.171
00.438	29.000	59.170
00.439	29.000	59.169
00.439	29.000	59.170
00.441	29.001	59.167
00.442	29.003	59.168
00.440	29.005	59.167
00.441	29.006	59.164
00.440	29.009	59.166
00.436	29.009	59.169
00.436	29.008	59.171
00.438	29.008	59.173
00.438	29.010	59.175
00.438	29.012	59.177
00.439	29.014	59.176
00.436	29.016	59.174
00.433	29.017	59.176
00.424	29.018	59.176
00.425	29.018	59.171
00.430	29.016	59.171
00.427	29.014	59.172
00.453	29.012	59.187
00.454	29.010	59.198
00.515	29.006	59.199
00.630	29.002	59.202
00.705	28.998	59.205
00.801	28.996	59.203
00.843	28.994	59.204
00.857	28.993	59.203
00.789	28.992	59.202
00.705	28.991	59.199
00.651	28.991	59.202
00.609	28.994	59.205
00.578	28.996	59.206
00.563	28.995	59.206
00.562	28.997	59.205
00.560	28.998	59.203
00.554	29.000	59.205
00.533	29.001	59.203
00.509	28.999	59.202
00.495	29.000	59.201
00.488	29.001	59.201
00.488	29.001	59.201
00.488	29.001	59.200
00.490	29.000	59.198
00.487	29.000	59.200
00.491	28.998	59.198
00.492	28.998	59.199
00.495	28.998	59.200
00.500	28.997	59.201
00.500	28.998	59.206
00.504	29.000	59.203
00.503	29.001	59.206
00.503	29.003	59.204
00.503	29.002	59.205
00.502	29.001	59.204
00.504	29.001	59.204
00.506	29.002	59.205
00.507	29.000	59.203
00.511	28.999	59.204
00.514	28.997	59.205
00.519	28.996	59.202
00.522	28.995	59.205
00.523	28.993	59.205
00.525	28.991	59.208
00.521	28.989	59.211
00.521	28.989	59.213
00.522	28.988	59.213
00.526	28.986	59.213
00.531	28.988	59.215
00.537	28.986	59.214
00.554	28.985	59.211
00.578	28.983	59.209
00.604	28.983	59.209
00.610	28.981	59.208
00.603	28.982	59.206
00.589	28.982	59.206
00.578	28.982	59.204
00.572	28.982	59.204
00.569	28.983	59.203
00.569	28.981	59.202
00.566	28.982	59.206
00.565	28.984	59.204
00.565	28.984	59.205
00.566	28.986	59.204
00.568	28.986	59.206
00.571	28.986	59.204
00.574	28.988	59.202
00.573	28.987	59.200
00.575	28.988	59.203
00.575	28.989	59.201
00.574	28.988	59.203
00.571	28.990	59.203
00.573	28.989	59.204
00.571	28.990	59.205
00.573	28.990	59.206
00.574	28.988	59.206
00.577	28.989	59.204
00.582	28.987	59.208
00.582	28.987	59.209
00.584	28.987	59.209
00.582	28.985	59.212
00.583	28.984	59.212
00.582	28.984	59.213
00.581	28.984	59.213
00.578	28.985	59.213
00.578	28.985	59.214
00.577	28.986	59.215
00.577	28.986	59.213
00.580	28.987	59.214
00.582	28.986	59.215
00.593	28.986	59.215
00.655	28.986	59.216
00.742	28.984	59.223
00.834	28.983	59.221
00.926	28.983	59.216
01.047	28.983	59.217
01.164	28.984	59.219
01.286	28.985	59.216
01.402	28.985	59.217
01.494	28.986	59.215
01.566	28.987	59.211
01.653	28.986	59.212
01.751	28.986	59.209
01.859	28.985	59.206
01.959	28.982	59.200
02.090	28.983	59.197
02.203	28.981	59.191
02.307	28.979	59.193
02.352	28.977	59.192
02.420	28.975	59.192
02.522	28.974	59.190
02.616	28.974	59.190
02.710	28.972	59.189
02.845	28.971	59.189
02.956	28.971	59.187
03.035	28.970	59.188
03.130	28.968	59.186
03.232	28.968	59.184
03.323	28.967	59.184
03.427	28.968	59.185
03.530	28.966	59.185
03.648	28.964	59.185
03.699	28.965	59.183
03.757	28.964	59.183
03.803	28.963	59.182
03.833	28.963	59.180
03.892	28.963	59.181
03.988	28.964	59.184
04.063	28.964	59.183
04.147	28.963	59.181
04.260	28.963	59.180
04.381	28.962	59.180
04.477	28.961	59.179
04.556	28.961	59.178
04.619	28.961	59.180
04.699	28.961	59.180
04.790	28.960	59.178
04.890	28.959	59.179
05.000	28.959	59.178
05.108	28.959	59.176
05.181	28.958	59.176
05.232	28.958	59.176
05.236	28.957	59.175
05.225	28.957	59.176
05.220	28.956	59.175
05.250	28.957	59.175
05.333	28.956	59.178
05.448	28.957	59.177
05.578	28.956	59.173
05.757	28.956	59.171
05.850	28.954	59.172
05.979	28.954	59.169
06.083	28.952	59.170
06.132	28.952	59.169
06.195	28.951	59.169
06.270	28.950	59.169
06.368	28.950	59.168
06.491	28.950	59.167
06.630	28.949	59.167
06.733	28.949	59.167
06.822	28.947	59.167
06.908	28.948	59.165
06.996	28.946	59.166
07.070	28.946	59.166
07.160	28.945	59.166
07.292	28.945	59.164
07.402	28.945	59.165
07.483	28.944	59.164
07.556	28.945	59.165
07.644	28.943	59.166
07.719	28.944	59.166
07.814	28.943	59.165
07.919	28.944	59.165
08.018	28.944	59.165
08.091	28.944	59.164
08.168	28.943	59.163
08.283	28.944	59.164
08.367	28.943	59.162
08.448	28.942	59.163
08.558	28.942	59.159
08.666	28.941	59.160
08.767	28.940	59.161
08.883	28.941	59.159
08.954	28.939	59.159
09.027	28.939	59.160
09.107	28.938	59.159
09.210	28.939	59.160
09.309	28.940	59.158
09.410	28.939	59.160
09.538	28.938	59.156
09.640	28.936	59.156
09.736	28.936	59.156
09.810	28.936	59.156
09.932	28.936	59.155
10.042	28.934	59.155
10.141	28.934	59.154
10.264	28.935	59.153
10.402	28.933	59.151
10.504	28.932	59.151
10.549	28.931	59.148
10.593	28.930	59.148
10.593	28.928	59.148
10.588	28.929	59.146
10.596	28.928	59.149
10.673	28.928	59.147
10.759	28.926	59.147
10.883	28.926	59.147
11.016	28.927	59.147
11.137	28.927	59.145
11.256	28.925	59.147
11.349	28.925	59.145
11.436	28.924	59.145
11.521	28.924	59.146
11.612	28.924	59.145
11.712	28.924	59.146
11.793	28.924	59.143
11.905	28.924	59.144
12.012	28.923	59.145
12.095	28.923	59.145
12.139	28.923	59.144
12.152	28.922	59.143
12.161	28.922	59.142
12.178	28.923	59.142
12.251	28.923	59.141
12.340	28.923	59.141
12.468	28.922	59.140
12.605	28.920	59.140
12.735	28.920	59.142
12.830	28.919	59.140
12.947	28.919	59.139
13.015	28.917	59.137
13.092	28.915	59.138
13.189	28.916	59.138
13.309	28.915	59.136
13.438	28.914	59.135
13.557	28.914	59.136
13.656	28.913	59.137
13.758	28.912	59.134
13.848	28.912	59.133
13.953	28.911	59.132
14.051	28.911	59.132
14.179	28.911	59.130
14.232	28.909	59.129
14.313	28.908	59.130
14.366	28.907	59.128
14.416	28.907	59.129
14.499	28.907	59.129
14.592	28.907	59.128
14.694	28.906	59.127
14.800	28.905	59.127
14.867	28.906	59.127
14.964	28.904	59.125
15.017	28.903	59.126
15.107	28.904	59.125
15.207	28.904	59.125
15.326	28.904	59.124
15.435	28.902	59.125
15.549	28.902	59.124
15.618	28.902	59.124
15.697	28.900	59.124
15.770	28.900	59.123
15.850	28.901	59.121
15.941	28.901	59.121
16.046	28.900	59.122
16.154	28.900	59.123
16.265	28.900	59.122
16.378	28.899	59.121
16.460	28.899	59.122
16.514	28.898	59.119
16.614	28.899	59.120
16.700	28.898	59.119
16.797	28.898	59.118
16.905	28.897	59.119
16.995	28.896	59.117
17.066	28.895	59.118
17.168	28.895	59.116
17.264	28.896	59.117
17.366	28.894	59.117
17.483	28.894	59.118
17.604	28.892	59.118
17.704	28.892	59.116
17.804	28.892	59.116
17.907	28.893	59.117
18.019	28.892	59.117
18.114	28.891	59.115
18.217	28.891	59.115
18.340	28.891	59.114
18.465	28.890	59.114
18.587	28.889	59.115
18.690	28.889	59.114
18.765	28.889	59.112
18.849	28.888	59.113
18.942	28.888	59.112
19.042	28.887	59.112
19.151	28.887	59.111
19.247	28.888	59.113
19.350	28.887	59.112
19.440	28.887	59.114
19.470	28.886	59.114
19.483	28.886	59.113
19.481	28.887	59.114
19.485	28.886	59.114
19.521	28.887	59.112
19.600	28.886	59.114
19.691	28.886	59.117
19.794	28.887	59.115
19.879	28.887	59.115
19.957	28.888	59.114
20.041	28.888	59.112
20.117	28.888	59.114
20.213	28.889	59.113
20.311	28.887	59.113
20.427	28.888	59.113
20.521	28.887	59.113
20.632	28.888	59.113
20.719	28.886	59.113
20.812	28.886	59.111
20.892	28.886	59.112
20.964	28.886	59.112
21.051	28.886	59.114
21.163	28.885	59.110
21.295	28.886	59.113
21.430	28.885	59.111
21.543	28.886	59.113
21.643	28.885	59.112
21.721	28.886	59.112
21.787	28.885	59.112
21.891	28.884	59.113
21.963	28.885	59.114
22.054	28.885	59.110
22.130	28.885	59.107
22.181	28.884	59.100
22.205	28.884	59.094
22.218	28.883	59.091
22.216	28.882	59.090
22.190	28.881	59.093
22.199	28.881	59.094
22.207	28.882	59.093
22.255	28.881	59.087
22.318	28.881	59.080
22.389	28.881	59.064
22.442	28.881	58.989
22.508	28.878	58.930
22.560	28.873	58.883
22.598	28.862	58.828
22.631	28.843	58.762
22.660	28.817	58.700
22.686	28.786	58.623
22.737	28.754	58.501
22.774	28.721	58.115
22.826	28.681	57.721
22.892	28.620	57.557
22.961	28.532	57.437
23.036	28.419	57.408
23.097	28.283	57.411
23.148	28.118	57.405
23.185	27.933	57.370
23.227	27.776	57.304
23.246	27.652	57.199
23.273	27.553	57.117
23.295	27.469	57.039
23.316	27.400	56.907
23.348	27.343	56.734
23.375	27.295	56.589
23.408	27.247	56.468
23.437	27.198	56.390
23.475	27.154	56.344
23.506	27.109	56.322
23.536	27.055	56.285
23.571	26.992	56.257
23.597	26.901	56.256
23.630	26.806	56.270
23.642	26.719	56.282
23.656	26.631	56.281
23.667	26.557	56.289
23.683	26.504	56.271
23.703	26.464	56.200
23.729	26.425	56.161
23.750	26.386	56.118
23.758	26.334	56.134
23.759	26.279	56.149
23.761	26.231	56.158
23.763	26.196	56.162
23.765	26.170	56.174
23.771	26.142	56.183
23.773	26.123	56.186
23.777	26.106	56.175
23.782	26.094	56.161
23.791	26.084	56.145
23.800	26.075	56.127
23.811	26.060	56.111
23.821	26.045	56.115
23.832	26.032	56.117
23.845	26.023	56.098
23.861	26.014	56.047
23.888	26.004	56.008
23.913	25.999	55.938
23.948	26.003	55.832
23.967	26.001	55.743
23.981	25.983	55.694
23.985	25.948	55.696
23.978	25.902	55.700
23.974	25.859	55.682
23.977	25.832	55.647
23.988	25.814	55.640
24.008	25.801	55.645
24.040	25.788	55.624
24.060	25.768	55.593
24.083	25.747	55.566
24.103	25.728	55.542
24.114	25.706	55.534
24.119	25.679	55.534
24.125	25.651	55.511
24.133	25.628	55.495
24.149	25.617	55.482
24.174	25.607	55.457
24.212	25.595	55.384
24.244	25.582	55.348
24.284	25.568	55.345
24.302	25.548	55.346
24.309	25.516	55.354
24.312	25.484	55.364
24.315	25.452	55.361
24.324	25.427	55.346
24.346	25.410	55.345
24.379	25.399	55.319
24.418	25.390	55.268
24.450	25.382	55.205
24.463	25.364	55.210
24.460	25.336	55.240
24.440	25.314	55.269
24.419	25.304	55.272
24.410	25.299	55.251
24.414	25.299	55.235
24.431	25.300	55.224
24.464	25.300	55.212
24.489	25.297	55.179
24.503	25.293	55.181
24.506	25.277	55.207
24.491	25.260	55.231
24.474	25.253	55.247
24.463	25.250	55.249
24.464	25.253	55.245
24.477	25.259	55.227
24.495	25.263	55.221
24.525	25.267	55.205
24.555	25.262	55.188
24.574	25.256	55.179
24.600	25.254	55.178
24.618	25.253	55.157
24.645	25.256	55.112
24.671	25.258	55.006
24.690	25.256	54.878
24.699	25.242	54.796
24.701	25.219	54.791
24.689	25.204	54.836
24.676	25.203	54.875
24.668	25.204	54.913
24.669	25.206	54.922
24.680	25.207	54.892
24.711	25.204	54.870
24.749	25.203	54.838
24.785	25.197	54.798
24.808	25.183	54.775
24.833	25.144	54.769
24.815	25.102	54.788
24.796	25.066	54.794
24.770	25.042	54.775
24.778	25.030	54.757
24.803	25.024	54.738
24.841	25.014	54.712
24.855	24.990	54.712
24.857	24.958	54.726
24.851	24.937	54.741
24.845	24.925	54.752
24.819	24.919	54.768
24.834	24.915	54.780
24.824	24.919	54.790
24.816	24.924	54.776
24.822	24.930	54.748
24.842	24.938	54.735
24.899	24.947	54.700
24.936	24.948	54.639
24.956	24.933	54.644
24.959	24.899	54.656
24.956	24.868	54.665
24.956	24.844	54.676
24.949	24.829	54.680
24.954	24.820	54.681
24.954	24.815	54.680
24.930	24.819	54.703
24.897	24.826	54.740
24.846	24.834	54.778
24.838	24.843	54.818
24.832	24.856	54.831
24.842	24.868	54.833
24.867	24.883	54.837
24.916	24.895	54.828
24.898	24.904	54.822
24.925	24.906	54.831
24.920	24.901	54.842
24.905	24.897	54.844
24.905	24.896	54.847
24.891	24.900	54.840
24.902	24.904	54.844
24.920	24.911	54.839
24.956	24.920	54.805
24.974	24.924	54.790
24.979	24.916	54.794
24.980	24.909	54.810
24.981	24.905	54.817
24.977	24.902	54.826
24.965	24.900	54.843
24.929	24.899	54.859
24.866	24.903	54.862
24.816	24.909	54.866
24.788	24.906	54.864
24.788	24.900	54.864
24.779	24.891	54.867
24.814	24.883	54.866
24.844	24.870	54.862
24.860	24.859	54.847
24.871	24.848	54.829
24.876	24.840	54.829
24.870	24.834	54.833
24.866	24.830	54.839
24.867	24.827	54.842
24.870	24.827	54.840
24.875	24.829	54.840
24.879	24.834	54.839
24.885	24.839	54.842
24.885	24.846	54.841
24.888	24.851	54.839
24.891	24.852	54.841
24.893	24.853	54.842
24.898	24.855	54.839
24.898	24.861	54.833
24.908	24.867	54.830
24.943	24.871	54.828
24.928	24.876	54.817
24.936	24.877	54.812
24.927	24.876	54.813
24.918	24.873	54.821
24.909	24.869	54.826
24.909	24.866	54.830
24.908	24.868	54.831
24.913	24.870	54.835
24.919	24.874	54.840
24.923	24.880	54.841
24.925	24.882	54.849
24.925	24.880	54.852
24.922	24.880	54.856
24.921	24.878	54.861
24.921	24.877	54.862
24.922	24.877	54.862
24.928	24.878	54.861
24.933	24.882	54.862
24.942	24.883	54.870
24.950	24.883	54.876
24.957	24.882	54.884
24.964	24.881	54.891
24.970	24.882	54.891
24.973	24.882	54.891
24.975	24.881	54.886
24.976	24.878	54.878
24.977	24.878	54.868
24.981	24.877	54.857
24.985	24.877	54.850
24.988	24.880	54.843
24.991	24.877	54.838
24.994	24.875	54.833
24.993	24.871	54.832
24.993	24.868	54.835
24.993	24.864	54.837
24.993	24.861	54.838
24.993	24.857	54.843
24.995	24.853	54.846
24.996	24.851	54.852
24.997	24.848	54.854
25.000	24.844	54.857
25.000	24.839	54.861
25.002	24.836	54.861
25.004	24.830	54.860
25.006	24.826	54.860
25.009	24.820	54.861
25.012	24.815	54.859
25.012	24.810	54.857
25.011	24.805	54.847
25.012	24.799	54.839
25.016	24.795	54.831
25.017	24.791	54.824
25.018	24.789	54.824
25.022	24.790	54.825
25.022	24.788	54.827
25.021	24.789	54.831
25.024	24.791	54.832
25.024	24.791	54.835
25.023	24.791	54.843
25.023	24.790	54.846
25.025	24.790	54.845
25.026	24.790	54.839
25.024	24.793	54.824
25.024	24.795	54.804
25.024	24.798	54.790
24.998	24.799	54.787
25.021	24.802	54.787
25.019	24.804	54.791
25.019	24.806	54.799
25.020	24.806	54.806
25.017	24.806	54.809
25.019	24.804	54.816
25.019	24.800	54.824
25.020	24.795	54.829
25.020	24.789	54.837
25.018	24.783	54.845
25.017	24.779	54.854
25.043	24.775	54.860
25.019	24.774	54.870
25.020	24.772	54.875
25.018	24.773	54.880
25.017	24.773	54.886
25.017	24.774	54.891
25.017	24.774	54.897
25.017	24.776	54.901
25.019	24.777	54.905
25.018	24.779	54.911
25.019	24.780	54.912
25.017	24.781	54.917
25.017	24.780	54.923
25.018	24.780	54.928
25.017	24.778	54.932
25.018	24.777	54.936
25.017	24.773	54.941
25.019	24.771	54.943
25.019	24.769	54.944
25.020	24.767	54.948
25.018	24.767	54.952
25.018	24.766	54.954
25.018	24.766	54.960
25.017	24.768	54.967
25.020	24.768	54.967
25.020	24.769	54.972
25.018	24.770	54.978
25.019	24.771	54.979
25.019	24.773	54.986
25.018	24.775	54.989
25.018	24.778	54.993
25.018	24.781	54.995
25.020	24.785	54.996
25.018	24.789	55.002
25.017	24.791	55.003
25.020	24.792	55.007
25.020	24.791	55.011
25.020	24.791	55.016
25.018	24.788	55.020
25.018	24.786	55.024
25.019	24.783	55.028
25.020	24.781	55.031
25.020	24.778	55.031
25.019	24.774	55.029
25.021	24.772	55.021
25.019	24.766	55.025
25.020	24.760	55.022
25.020	24.754	55.026
25.020	24.747	55.031
25.021	24.739	55.042
25.022	24.731	55.043
25.022	24.726	55.052
25.019	24.721	55.053
25.021	24.719	55.061
25.020	24.716	55.065
25.021	24.713	55.068
25.020	24.708	55.073
25.019	24.704	55.076
25.021	24.697	55.081
25.020	24.689	55.081
25.019	24.686	55.086
25.019	24.679	55.089
25.019	24.675	55.090
25.020	24.671	55.095
25.021	24.668	55.099
25.018	24.666	55.095
25.021	24.663	55.101
25.021	24.662	55.099
25.022	24.659	55.099
25.022	24.658	55.101
25.018	24.656	55.098
25.021	24.656	55.105
25.020	24.655	55.109
25.020	24.654	55.111
25.021	24.655	55.118
25.021	24.657	55.119
25.021	24.656	55.124
25.020	24.658	55.127
25.020	24.659	55.128
25.046	24.660	55.132
25.022	24.661	55.134
25.023	24.661	55.136
25.022	24.662	55.138
25.021	24.664	55.136
25.023	24.664	55.131
25.025	24.665	55.124
25.023	24.664	55.111
25.024	24.664	55.095
25.024	24.662	55.080
25.025	24.660	55.076
25.025	24.660	55.084
25.026	24.660	55.086
25.026	24.664	55.089
25.026	24.667	55.097
25.027	24.672	55.115
25.026	24.674	55.122
25.027	24.673	55.111
25.026	24.669	55.102
25.023	24.669	55.090
25.025	24.670	55.090
25.026	24.678	55.090
25.027	24.688	55.090
25.025	24.695	55.085
25.026	24.703	55.089
25.027	24.711	55.089
25.028	24.717	55.094
25.028	24.722	55.100
25.030	24.727	55.099
25.028	24.729	55.096
25.029	24.734	55.101
25.028	24.738	55.105
25.029	24.743	55.104
25.029	24.745	55.096
25.030	24.746	55.089
25.029	24.746	55.084
25.031	24.746	55.082
25.030	24.750	55.091
25.030	24.753	55.089
25.028	24.747	55.078
25.027	24.750	55.072
25.029	24.762	55.065
25.029	24.776	55.051
25.028	24.790	55.047
25.028	24.800	55.046
25.029	24.812	55.047
25.027	24.822	55.046
25.027	24.830	55.040
25.027	24.837	55.045
25.029	24.840	55.046
25.029	24.840	55.050
25.027	24.838	55.052
25.027	24.835	55.054
25.029	24.828	55.056
25.028	24.821	55.057
25.030	24.813	55.059
25.028	24.804	55.062
25.029	24.795	55.065
25.028	24.789	55.066
25.029	24.782	55.067
25.030	24.776	55.070
25.030	24.771	55.072
25.031	24.767	55.074
25.030	24.764	55.075
25.029	24.762	55.079
25.032	24.759	55.078
25.032	24.757	55.081
25.030	24.756	55.082
25.030	24.756	55.083
25.032	24.755	55.084
25.029	24.755	55.083
25.030	24.757	55.082
25.029	24.757	55.085
25.029	24.759	55.086
25.031	24.759	55.090
25.028	24.761	55.089
25.030	24.765	55.092
25.030	24.765	55.090
25.028	24.767	55.090
25.028	24.770	55.093
25.030	24.772	55.094
25.030	24.773	55.094
25.030	24.776	55.096
25.030	24.777	55.097
25.027	24.778	55.099
25.028	24.779	55.098
25.030	24.780	55.097
25.027	24.779	55.096
25.027	24.779	55.100
25.029	24.778	55.102
25.031	24.778	55.100
25.028	24.776	55.101
25.029	24.776	55.102
25.030	24.773	55.102
25.031	24.771	55.104
25.028	24.770	55.107
25.026	24.769	55.093
25.024	24.769	55.055
25.019	24.764	55.000
24.995	24.739	54.954
24.898	24.714	54.813
24.741	24.697	54.748
24.566	24.674	54.734
24.408	24.646	54.769
24.247	24.627	54.827
24.069	24.625	54.909
23.927	24.640	54.987
23.823	24.682	55.158
23.772	24.744	55.202
23.738	24.819	55.201
23.684	24.906	55.329
23.601	24.992	55.402
23.491	25.068	55.413
23.355	25.141	55.548
23.223	25.229	55.638
23.084	25.323	55.768
22.980	25.439	55.826
22.852	25.551	56.093
22.738	25.659	56.346
22.618	25.764	56.490
22.479	25.907	56.688
22.347	26.108	56.859
22.221	26.321	57.074
22.082	26.579	57.382
21.955	26.829	57.809
21.827	27.054	58.293
21.730	27.266	58.620
21.596	27.471	58.660
21.430	27.677	58.751
21.295	27.842	58.777
21.181	28.010	58.865
21.040	28.163	58.921
20.934	28.284	58.965
20.831	28.378	58.984
20.690	28.454	58.959
20.552	28.518	58.939
20.428	28.565	58.930
20.301	28.608	58.932
20.163	28.648	58.934
20.033	28.678	58.948
19.912	28.701	58.944
19.807	28.720	58.985
19.651	28.737	58.998
19.493	28.753	59.010
19.340	28.764	59.008
19.233	28.772	59.002
19.117	28.777	59.015
19.015	28.782	59.037
18.887	28.788	59.042
18.733	28.793	59.036
18.577	28.797	59.026
18.462	28.801	59.019
18.327	28.801	59.022
18.184	28.803	59.036
18.081	28.805	59.039
17.958	28.801	59.029
17.808	28.795	59.017
17.680	28.796	59.030
17.545	28.799	59.031
17.438	28.799	59.040
17.317	28.802	59.031
17.199	28.806	59.034
17.095	28.810	59.053
16.964	28.814	59.047
16.818	28.817	59.045
16.697	28.820	59.040
16.584	28.821	59.033
16.463	28.822	59.029
16.358	28.821	59.030
16.264	28.822	59.033
16.135	28.823	59.052
15.991	28.824	59.049
15.848	28.825	59.043
15.735	28.825	59.046
15.607	28.826	59.062
15.503	28.830	59.067
15.380	28.833	59.062
15.275	28.835	59.063
15.132	28.835	59.070
14.995	28.836	59.078
14.898	28.837	59.083
14.810	28.838	59.089
14.708	28.840	59.090
14.657	28.838	59.092
14.638	28.836	59.095
14.645	28.831	59.094
14.722	28.828	59.096
14.729	28.824	59.098
14.751	28.824	59.104
14.748	28.823	59.098
14.720	28.821	59.091
14.688	28.821	59.088
14.670	28.821	59.086
14.666	28.819	59.081
14.673	28.817	59.083
14.684	28.818	59.084
14.698	28.816	59.085
14.703	28.815	59.086
14.705	28.815	59.082
14.695	28.812	59.083
14.685	28.807	59.084
14.683	28.804	59.083
14.685	28.797	59.088
14.691	28.792	59.087
14.697	28.787	59.089
14.707	28.781	59.091
14.710	28.779	59.090
14.710	28.777	59.089
14.686	28.780	59.086
14.666	28.784	59.083
14.649	28.787	59.082
14.623	28.789	59.083
14.630	28.793	59.082
14.632	28.798	59.081
14.637	28.803	59.084
14.638	28.808	59.080
14.600	28.814	59.075
14.502	28.816	59.063
14.373	28.818	59.061
14.204	28.819	59.067
14.072	28.824	59.073
13.965	28.829	59.082
13.863	28.832	59.084
13.771	28.835	59.081
13.682	28.837	59.082
13.642	28.838	59.082
13.626	28.839	59.080
13.630	28.839	59.082
13.602	28.839	59.079
13.469	28.838	59.080
13.317	28.840	59.082
13.153	28.841	59.084
13.033	28.841	59.079
12.917	28.844	59.082
12.796	28.848	59.081
12.716	28.848	59.085
12.610	28.850	59.098
12.443	28.853	59.099
12.315	28.853	59.098
12.180	28.855	59.097
12.086	28.856	59.101
11.955	28.856	59.099
11.879	28.859	59.101
11.789	28.859	59.111
11.657	28.860	59.106
11.503	28.861	59.104
11.369	28.861	59.104
11.254	28.861	59.104
11.151	28.862	59.104
11.042	28.862	59.102
10.963	28.864	59.101
10.841	28.866	59.109
10.703	28.868	59.108
10.556	28.870	59.107
10.451	28.872	59.104
10.343	28.873	59.110
10.232	28.875	59.108
10.134	28.876	59.110
10.052	28.878	59.110
09.932	28.877	59.106
09.788	28.877	59.105
09.646	28.879	59.106
09.552	28.880	59.107
09.432	28.882	59.109
09.346	28.884	59.108
09.255	28.886	59.108
09.169	28.887	59.110
09.026	28.887	59.115
08.875	28.887	59.117
08.773	28.889	59.115
08.650	28.890	59.113
08.550	28.891	59.115
08.457	28.893	59.117
08.382	28.893	59.114
08.246	28.892	59.116
08.102	28.893	59.115
07.983	28.894	59.114
07.880	28.894	59.110
07.760	28.895	59.112
07.649	28.896	59.123
07.547	28.898	59.131
07.428	28.900	59.126
07.278	28.899	59.125
07.145	28.900	59.126
07.041	28.900	59.125
06.924	28.901	59.125
06.798	28.903	59.124
06.694	28.906	59.126
06.601	28.906	59.126
06.458	28.907	59.120
06.309	28.908	59.119
06.211	28.909	59.128
06.083	28.910	59.129
05.964	28.909	59.128
05.846	28.910	59.130
05.739	28.911	59.130
05.594	28.913	59.128
05.457	28.914	59.131
05.361	28.915	59.132
05.260	28.918	59.133
05.134	28.919	59.135
05.006	28.919	59.146
04.947	28.918	59.147
04.826	28.916	59.147
04.685	28.916	59.147
04.560	28.918	59.149
04.450	28.918	59.155
04.333	28.921	59.152
04.195	28.921	59.155
04.093	28.924	59.164
04.019	28.927	59.177
03.864	28.930	59.170
03.716	28.934	59.171
03.604	28.936	59.170
03.489	28.939	59.176
03.356	28.941	59.174
03.240	28.943	59.177
03.167	28.945	59.177
03.066	28.946	59.175
02.913	28.947	59.177
02.814	28.947	59.181
02.741	28.948	59.181
02.656	28.951	59.178
02.542	28.951	59.180
02.440	28.954	59.175
02.362	28.954	59.176
02.293	28.954	59.181
02.176	28.954	59.176
02.022	28.953	59.172
01.887	28.952	59.171
01.766	28.951	59.171
01.727	28.948	59.165
01.664	28.947	59.169
01.568	28.948	59.178
01.444	28.949	59.178
01.351	28.949	59.177
01.299	28.949	59.171
01.258	28.949	59.172
01.184	28.946	59.178
01.103	28.947	59.181
01.056	28.946	59.178
01.007	28.945	59.175
00.930	28.946	59.177
00.860	28.946	59.174
00.811	28.946	59.172
00.787	28.943	59.171
00.749	28.943	59.168
00.691	28.944	59.167
00.640	28.946	59.172
00.590	28.946	59.170
00.524	28.946	59.172
00.483	28.946	59.175
00.432	28.946	59.182
00.354	28.947	59.194
00.246	28.947	59.194
00.097	28.947	59.172
00.021	28.948	47.364
00.033	28.951	17.422
00.034	28.946	14.648
00.034	28.940	11.247
00.033	28.923	-0.018
00.031	28.905	00.334
00.031	28.888	-0.021
00.032	28.869	-0.021
00.032	28.851	00.191
00.032	28.837	-0.021
00.031	28.829	00.243
00.030	28.822	00.142
00.030	28.820	-0.021
00.028	28.817	-0.023
00.029	28.813	-0.022
00.029	28.808	00.137
00.029	28.806	00.140
00.029	28.802	00.183
00.030	28.797	00.620
00.030	28.793	-0.022
00.031	28.788	-0.021
00.027	28.782	-0.021
00.024	28.776	-0.022
00.028	28.769	00.068
00.029	28.761	00.101
00.029	28.748	00.064
00.029	28.735	-0.022
00.032	28.720	-0.022
00.032	28.704	-0.021
00.031	28.690	-0.022
00.033	28.675	-0.022
00.032	28.662	-0.021
00.030	28.650	-0.021
00.029	28.636	-0.021
00.029	28.626	-0.023
00.030	28.619	-0.022
00.029	28.611	-0.022
00.028	28.604	-0.021
00.029	28.596	-0.020
00.028	28.589	-0.021
00.029	28.581	-0.022
00.028	28.573	-0.020
00.028	28.566	-0.022
00.029	28.559	-0.022
00.028	28.550	-0.021
00.025	28.539	-0.020
00.025	28.524	-0.021
00.026	28.507	-0.023
00.029	28.493	-0.021
00.028	28.487	-0.020
00.028	28.481	-0.023
00.029	28.478	-0.021
00.030	28.476	-0.023
00.028	28.475	-0.021
00.025	28.475	-0.022
00.025	28.472	-0.022
00.028	28.465	-0.020
00.028	28.455	-0.023
00.028	28.444	-0.021
00.027	28.436	-0.021
00.028	28.426	-0.022
00.028	28.417	-0.020
00.025	28.407	-0.020
00.026	28.400	-0.021
00.026	28.391	-0.023
00.026	28.384	-0.021
00.028	28.377	-0.022
00.028	28.370	-0.022
00.025	28.363	-0.021
00.023	28.356	-0.022
00.026	28.353	-0.021
00.026	28.347	-0.020
00.029	28.336	-0.020
00.029	28.326	-0.020
00.029	28.316	-0.020
00.024	28.304	-0.021
00.022	28.294	-0.020
00.021	28.283	-0.021
00.017	28.273	-0.021
00.020	28.268	-0.020
00.022	28.261	-0.021
00.022	28.253	-0.021
00.022	28.243	-0.020
00.023	28.232	-0.021
00.025	28.222	-0.021
00.026	28.212	-0.022
00.029	28.202	-0.022
00.034	28.193	-0.023
00.039	28.184	-0.021
00.040	28.176	-0.023
00.066	28.168	-0.023
00.050	28.161	-0.021
00.044	28.155	-0.021
00.045	28.151	-0.021
00.046	28.147	-0.022
00.051	28.144	-0.021
00.048	28.143	-0.022
00.047	28.141	-0.023
00.053	28.140	-0.020
00.054	28.140	-0.019
00.056	28.140	-0.022
00.055	28.141	-0.022
00.056	28.140	-0.022
00.056	28.141	-0.022
00.055	28.141	-0.023
00.055	28.140	-0.023
00.040	28.139	-0.021
00.051	28.138	-0.022
00.054	28.136	-0.021
00.054	28.135	-0.021
00.054	28.135	-0.022
00.052	28.137	-0.021
00.054	28.139	-0.021
00.049	28.143	-0.020
00.054	28.147	-0.022
00.053	28.151	-0.022
00.049	28.155	-0.023
00.049	28.160	-0.020
00.054	28.164	-0.022
00.041	28.169	-0.022
00.042	28.171	-0.023
00.050	28.178	-0.022
00.050	28.181	-0.021
00.049	28.183	-0.021
00.053	28.183	-0.021
00.055	28.183	-0.021
00.037	28.183	-0.023
00.034	28.182	-0.020
00.036	28.183	-0.021
00.036	28.181	-0.020
00.037	28.181	-0.024
00.038	28.180	-0.021
00.037	28.178	-0.021
00.037	28.178	-0.022
00.036	28.175	-0.021
00.036	28.175	-0.023
00.036	28.174	-0.022
00.035	28.173	-0.022
00.035	28.170	-0.020
00.037	28.169	-0.021
00.036	28.168	-0.021
00.034	28.168	-0.022
00.035	28.171	-0.022
00.030	28.170	-0.023
00.031	28.173	-0.022
00.031	28.174	-0.019
00.030	28.176	-0.021
00.029	28.178	-0.021
00.030	28.179	-0.023
00.030	28.178	-0.021
00.028	28.179	-0.022
00.028	28.178	-0.023
00.027	28.178	-0.022
00.027	28.179	-0.020
00.029	28.180	-0.020
00.029	28.180	-0.021
00.029	28.181	-0.023
00.028	28.181	-0.022
00.027	28.181	-0.020
00.024	28.182	-0.021
00.027	28.183	-0.022
00.027	28.182	-0.021
00.027	28.184	-0.020
00.027	28.185	-0.021
00.028	28.184	-0.022
00.027	28.185	-0.022
00.027	28.186	-0.021
00.028	28.186	-0.020
00.028	28.186	-0.023
00.028	28.185	-0.022
00.028	28.186	-0.021
00.028	28.186	-0.021
00.028	28.186	-0.021
00.028	28.187	-0.023
00.026	28.189	-0.021
00.027	28.189	-0.022
00.028	28.191	-0.022
00.028	28.192	-0.021
00.028	28.194	-0.021
00.026	28.194	-0.022
00.026	28.196	-0.021
00.026	28.198	-0.022
00.027	28.198	-0.021
00.028	28.200	-0.021
00.028	28.201	-0.022
00.028	28.201	-0.023
00.028	28.203	-0.022
00.026	28.203	-0.023
00.026	28.204	-0.021
00.026	28.206	-0.020
00.026	28.205	-0.022
00.026	28.205	-0.020
00.026	28.206	-0.022
00.026	28.208	-0.023
00.027	28.209	-0.022
00.026	28.210	-0.022
00.027	28.210	-0.022
00.025	28.210	-0.022
00.026	28.211	-0.022
00.025	28.211	-0.022
00.025	28.212	-0.022
00.025	28.212	-0.023
00.027	28.212	-0.019
00.026	28.212	-0.022
00.027	28.211	-0.021
00.028	28.214	-0.021
00.027	28.213	-0.021
00.026	28.212	-0.020
00.026	28.213	-0.021
00.025	28.213	-0.021
00.028	28.213	-0.022
00.026	28.213	-0.021
00.028	28.213	-0.021
00.029	28.212	-0.020
00.026	28.214	-0.021
00.026	28.213	-0.021
00.027	28.214	-0.021
00.027	28.214	-0.022
00.026	28.216	-0.022
00.026	28.215	-0.021
00.026	28.218	-0.021
00.024	28.219	-0.020
00.024	28.220	-0.020
00.025	28.220	-0.019
00.027	28.222	-0.022
00.027	28.224	-0.022
00.026	28.225	-0.021
00.026	28.226	-0.023
00.027	28.227	-0.023
00.025	28.227	-0.021
00.024	28.227	-0.019
00.027	28.227	-0.022
00.027	28.227	-0.022
00.024	28.229	-0.021
00.025	28.229	-0.022
00.026	28.229	-0.021
00.026	28.228	-0.023
00.027	28.229	-0.020
00.025	28.229	-0.022
00.025	28.231	-0.020
00.025	28.231	-0.023
00.025	28.233	-0.021
00.026	28.234	-0.022
00.025	28.234	-0.022
00.025	28.235	-0.021
00.027	28.237	-0.021
00.028	28.236	-0.022
00.028	28.237	-0.022
00.026	28.239	-0.020
00.026	28.238	-0.022
00.026	28.239	-0.020
00.027	28.240	-0.021
00.026	28.240	-0.021
00.027	28.242	-0.023
00.027	28.242	-0.022
00.026	28.241	-0.022
00.027	28.240	-0.022
00.027	28.239	-0.022
00.027	28.240	-0.020
00.027	28.241	-0.020
00.024	28.240	-0.020
00.026	28.243	-0.021
00.025	28.244	-0.021
00.025	28.245	-0.021
00.026	28.247	-0.022
00.024	28.247	-0.021
00.024	28.250	-0.022
00.024	28.250	-0.021
00.025	28.252	-0.020
00.025	28.255	-0.021
00.027	28.257	-0.023
00.027	28.259	-0.023
00.026	28.261	-0.020
00.026	28.264	-0.021
00.026	28.267	-0.022
00.026	28.269	-0.021
00.027	28.270	-0.022
00.027	28.272	-0.021
00.026	28.274	-0.022
00.027	28.276	-0.021
00.026	28.279	-0.021
00.027	28.280	-0.022
00.025	28.283	-0.022
00.026	28.282	-0.022
00.028	28.283	-0.020
00.027	28.285	-0.022
00.027	28.286	-0.021
00.025	28.287	-0.020
00.025	28.287	-0.022
00.027	28.289	-0.021
00.026	28.289	-0.022
00.026	28.290	-0.022
00.026	28.290	-0.022
00.029	28.292	-0.021
00.025	28.293	-0.022
00.026	28.296	-0.019
00.028	28.298	-0.021
00.028	28.299	-0.020
00.028	28.301	-0.020
00.027	28.303	-0.023
00.028	28.305	-0.022
00.027	28.307	-0.021
00.028	28.308	-0.022
00.028	28.311	-0.021
00.027	28.311	-0.021
00.027	28.313	-0.022
00.027	28.312	-0.020
00.027	28.313	-0.021
00.027	28.313	-0.021
00.027	28.313	-0.022
00.026	28.314	-0.021
00.026	28.315	-0.023
00.027	28.314	-0.022
00.028	28.314	-0.021
00.028	28.314	-0.021
00.028	28.314	-0.022
00.027	28.314	-0.023
00.025	28.314	-0.020
00.026	28.313	-0.022
00.026	28.313	-0.023
00.026	28.313	-0.021
00.026	28.313	-0.023
00.025	28.313	-0.021
00.026	28.313	-0.022
00.025	28.314	-0.021
00.027	28.314	-0.023
00.026	28.315	-0.020
00.025	28.317	-0.021
00.026	28.319	-0.021
00.026	28.322	-0.022
00.026	28.324	-0.022
00.027	28.327	-0.022
00.028	28.329	-0.021
00.025	28.332	-0.019
00.026	28.335	-0.021
00.027	28.337	-0.021
00.026	28.340	-0.021
00.027	28.343	-0.022
00.027	28.346	-0.021
00.028	28.349	-0.022
00.026	28.352	-0.022
00.026	28.355	-0.020
00.026	28.358	-0.022
00.027	28.361	-0.021
00.028	28.363	-0.024
00.028	28.365	-0.021
00.028	28.367	-0.021
00.028	28.369	-0.022
00.028	28.371	-0.020
00.026	28.372	-0.021
00.027	28.374	-0.021
00.028	28.375	-0.023
00.028	28.378	-0.021
00.028	28.379	-0.022
00.027	28.381	-0.020
00.026	28.383	-0.021
00.026	28.385	-0.023
00.027	28.386	-0.021
00.028	28.389	-0.022
00.028	28.391	-0.020
00.030	28.392	-0.021
00.024	28.392	-0.021
00.024	28.393	-0.020
00.028	28.394	-0.021
00.025	28.395	-0.023
00.026	28.396	-0.022
00.026	28.397	-0.020
00.029	28.399	-0.022
00.027	28.399	-0.022
00.027	28.401	-0.021
00.028	28.401	-0.022
00.026	28.404	-0.021
00.026	28.404	-0.022
00.025	28.406	-0.022
00.027	28.405	-0.021
00.026	28.408	-0.022
00.028	28.409	-0.022
00.028	28.412	-0.022
00.026	28.413	-0.022
00.026	28.415	-0.022
00.028	28.416	-0.021
00.026	28.419	-0.023
00.027	28.419	-0.022
00.027	28.422	-0.022
00.028	28.421	-0.021
00.026	28.425	-0.023
00.027	28.425	-0.021
00.027	28.429	-0.021
00.027	28.431	-0.022
00.025	28.432	-0.024
00.023	28.434	-0.022
00.026	28.436	-0.021
00.024	28.438	-0.021
00.028	28.442	-0.020
00.028	28.444	-0.021
00.027	28.448	-0.022
00.028	28.450	-0.022
00.028	28.452	-0.023
00.026	28.454	-0.023
00.025	28.454	-0.022
00.028	28.456	-0.022
00.028	28.456	-0.021
00.027	28.458	-0.023
00.028	28.457	-0.021
00.026	28.457	-0.020
00.027	28.457	-0.022
00.026	28.455	-0.022
00.025	28.454	-0.021
00.027	28.452	-0.020
00.027	28.450	-0.022
00.028	28.449	-0.022
00.027	28.449	-0.021
00.026	28.446	-0.022
00.026	28.444	-0.021
00.026	28.441	-0.021
00.027	28.440	-0.020
00.028	28.439	-0.023
00.026	28.436	-0.021
00.026	28.435	-0.020
00.025	28.433	-0.019
00.027	28.430	-0.022
00.027	28.427	-0.022
00.025	28.425	-0.019
00.025	28.424	-0.021
00.027	28.422	-0.022
00.027	28.420	-0.021
00.027	28.418	-0.022
00.028	28.416	-0.020
00.029	28.414	-0.021
00.026	28.412	-0.021
00.028	28.410	-0.023
00.027	28.408	-0.021
00.028	28.407	-0.021
00.028	28.405	-0.021
00.028	28.403	-0.022
00.026	28.402	-0.023
00.028	28.400	-0.022
00.027	28.399	-0.021
00.028	28.398	-0.021
00.027	28.397	-0.023
00.028	28.395	-0.021
00.028	28.394	-0.020
00.027	28.394	-0.021
00.027	28.392	-0.022
00.026	28.393	-0.021
00.025	28.392	-0.023
00.027	28.391	-0.022
00.027	28.391	-0.022
00.027	28.390	-0.022
00.027	28.389	-0.019
00.025	28.389	-0.020
00.026	28.388	-0.021
00.026	28.388	-0.020
00.025	28.388	-0.021
00.027	28.386	-0.021
00.028	28.385	-0.020
00.026	28.385	-0.021
00.028	28.383	-0.022
00.026	28.384	-0.023
00.025	28.382	-0.022
00.024	28.381	-0.023
00.027	28.380	-0.021
00.027	28.380	-0.020
00.026	28.380	-0.023
00.026	28.379	-0.022
00.029	28.378	-0.022
00.029	28.377	-0.021
00.030	28.376	-0.021
00.026	28.374	-0.022
00.027	28.372	-0.020
00.026	28.371	-0.020
00.028	28.370	-0.022
00.029	28.368	-0.022
00.029	28.366	-0.022
00.029	28.367	-0.021
00.032	28.365	-0.021
00.027	28.366	-0.021
00.027	28.363	-0.021
00.026	28.363	-0.023
00.025	28.363	-0.022
00.028	28.363	-0.021
00.028	28.361	-0.024
00.028	28.360	-0.024
00.027	28.359	-0.021
00.024	28.359	-0.020
00.028	28.357	-0.021
00.027	28.357	-0.021
00.026	28.357	-0.022
00.028	28.355	-0.020
00.028	28.354	-0.022
00.027	28.354	-0.022
00.027	28.353	-0.019
00.029	28.351	-0.022
00.027	28.350	-0.022
00.025	28.350	-0.022
00.027	28.349	-0.021
00.028	28.350	-0.020
00.025	28.349	-0.020
00.025	28.350	-0.021
00.026	28.350	-0.021
00.025	28.350	-0.019
00.027	28.349	-0.023
00.027	28.349	-0.021
00.025	28.347	-0.022
00.026	28.347	-0.022
00.026	28.345	-0.022
00.028	28.345	-0.021
00.027	28.345	-0.021
00.027	28.344	-0.022
00.027	28.345	-0.022
00.028	28.345	-0.020
00.029	28.345	-0.022
00.027	28.345	-0.022
00.027	28.344	-0.022
00.027	28.342	-0.021
00.028	28.343	-0.022
00.027	28.342	-0.022
00.029	28.342	-0.020
00.028	28.342	-0.022
00.028	28.341	-0.023
00.030	28.341	-0.021
00.028	28.340	-0.021
00.028	28.339	-0.021
00.027	28.339	-0.022
00.028	28.337	-0.022
00.026	28.337	-0.020
00.026	28.335	-0.022
00.027	28.335	-0.023
00.026	28.332	-0.023
00.026	28.331	-0.022
00.029	28.330	-0.020
00.026	28.330	-0.021
00.027	28.329	-0.021
00.029	28.329	-0.023
00.029	28.329	-0.022
00.028	28.328	-0.020
00.028	28.327	-0.021
00.026	28.327	-0.021
00.029	28.326	-0.021
00.028	28.326	-0.021
00.031	28.326	-0.021
00.030	28.326	-0.022
00.026	28.327	-0.021
00.026	28.327	-0.021
00.027	28.329	-0.022
00.028	28.328	-0.023
00.026	28.327	-0.022
00.028	28.327	-0.024
00.026	28.326	-0.021
00.026	28.325	-0.022
00.027	28.324	-0.023
00.025	28.324	-0.022
00.025	28.324	-0.022
00.027	28.323	-0.022
00.028	28.322	-0.021
00.029	28.321	-0.021
00.030	28.319	-0.022
00.029	28.319	-0.021
00.026	28.321	-0.021
00.028	28.319	-0.023
00.026	28.320	-0.020
00.026	28.319	-0.021
00.027	28.319	-0.021
00.026	28.318	-0.021
00.028	28.318	-0.022
00.027	28.318	-0.022
00.028	28.317	-0.022
00.027	28.316	-0.020
00.029	28.317	-0.022
00.028	28.317	-0.020
00.027	28.318	-0.023
00.026	28.318	-0.022
00.028	28.317	-0.021
00.029	28.318	-0.021
00.026	28.318	-0.022
00.026	28.318	-0.020
00.027	28.318	-0.020
00.029	28.317	-0.022
00.030	28.318	-0.023
00.029	28.318	-0.023
00.029	28.319	-0.021
00.030	28.318	-0.021
00.026	28.318	-0.021
00.027	28.319	-0.022
00.028	28.319	-0.022
00.030	28.319	-0.021
00.029	28.318	-0.021
00.027	28.318	-0.020
00.027	28.319	-0.022
00.028	28.319	-0.019
00.027	28.319	-0.022
00.027	28.318	-0.021
00.026	28.319	-0.021
00.028	28.319	-0.021
00.026	28.320	-0.022
00.027	28.319	-0.022
00.027	28.320	-0.020
00.029	28.320	-0.022
00.029	28.319	-0.021
00.029	28.319	-0.022
00.029	28.319	-0.021
00.029	28.319	-0.022
00.028	28.320	-0.022
00.028	28.319	-0.021
00.030	28.319	-0.022
00.029	28.318	-0.021
00.027	28.318	-0.021
00.027	28.317	-0.023
00.027	28.317	-0.022
00.029	28.318	-0.020
00.029	28.318	-0.021
00.028	28.318	-0.021
00.030	28.318	-0.023
00.028	28.319	-0.023
00.025	28.318	-0.023
00.026	28.319	-0.023
00.028	28.318	-0.021
00.028	28.319	-0.021
00.027	28.319	-0.021
00.029	28.319	-0.022
00.028	28.319	-0.021
00.028	28.319	-0.021
00.028	28.319	-0.022
00.028	28.317	-0.023
00.028	28.317	-0.020
00.027	28.317	-0.022
00.028	28.318	-0.021
00.028	28.318	-0.023
00.028	28.318	-0.021
00.027	28.318	-0.023
00.027	28.316	-0.022
00.028	28.315	-0.022
00.028	28.315	-0.020
00.028	28.314	-0.021
00.027	28.312	-0.021
00.025	28.311	-0.022
00.024	28.310	-0.021
00.022	28.309	-0.023
00.016	28.309	-0.023
00.020	28.310	-0.023
00.022	28.309	-0.023
00.022	28.311	-0.023
00.015	28.314	-0.020
00.007	28.322	-0.021
00.015	28.330	-0.021
00.017	28.341	-0.022
00.020	28.353	-0.023
00.019	28.365	-0.023
00.017	28.376	-0.021
00.017	28.383	-0.022
00.020	28.387	-0.020
00.020	28.390	-0.022
00.025	28.390	-0.023
00.025	28.391	-0.019
00.026	28.389	-0.022
00.026	28.388	-0.021
00.029	28.387	-0.021
00.028	28.385	-0.023
00.029	28.382	-0.021
00.028	28.379	-0.022
00.029	28.377	-0.024
00.029	28.374	-0.022
00.026	28.370	-0.022
00.027	28.368	-0.022
00.029	28.365	-0.020
00.029	28.363	-0.022
00.026	28.360	-0.022
00.028	28.358	-0.021
00.030	28.356	-0.022
00.025	28.356	-0.021
00.027	28.354	-0.021
00.026	28.352	-0.023
00.027	28.352	-0.021
00.027	28.351	-0.022
00.029	28.351	-0.022
00.027	28.349	-0.019
00.028	28.348	-0.021
00.029	28.347	-0.021
00.027	28.346	-0.021
00.028	28.347	-0.021
00.026	28.345	-0.021
00.028	28.344	-0.021
00.027	28.342	-0.024
00.028	28.341	-0.021
00.028	28.339	-0.024
00.028	28.338	-0.021
00.027	28.337	-0.022
00.027	28.336	-0.020
00.028	28.335	-0.020
00.028	28.334	-0.021
00.028	28.333	-0.022
00.028	28.332	-0.021
00.029	28.331	-0.022
00.028	28.330	-0.021
00.029	28.329	-0.021
00.029	28.330	-0.022
00.029	28.330	-0.023
00.028	28.329	-0.022
00.027	28.328	-0.021
00.028	28.329	-0.022
00.027	28.328	-0.022
00.030	28.328	-0.022
00.029	28.328	-0.021
00.027	28.327	-0.021
00.027	28.326	-0.021
00.027	28.327	-0.022
00.027	28.325	-0.022
00.028	28.324	-0.021
00.028	28.322	-0.019
00.028	28.322	-0.022
00.029	28.320	-0.021
00.028	28.319	-0.022
00.028	28.319	-0.022
00.028	28.318	-0.023
00.027	28.319	-0.022
00.030	28.318	-0.021
00.027	28.318	-0.023
00.029	28.317	-0.022
00.027	28.318	-0.021
00.027	28.318	-0.023
00.029	28.318	-0.020
00.029	28.318	-0.020
00.029	28.318	-0.020
00.027	28.318	-0.022
00.027	28.316	-0.021
00.028	28.317	-0.020
00.027	28.317	-0.021
00.027	28.317	-0.021
00.027	28.317	-0.022
00.028	28.316	-0.022
00.026	28.316	-0.023
00.028	28.315	-0.021
00.028	28.315	-0.020
00.027	28.315	-0.021
00.027	28.314	-0.021
00.027	28.314	-0.023
00.028	28.314	-0.023
00.027	28.314	-0.023
00.027	28.313	-0.020
00.027	28.313	-0.022
00.028	28.312	-0.021
00.028	28.312	-0.021
00.029	28.312	-0.022
00.029	28.312	-0.020
00.028	28.311	-0.020
00.027	28.311	-0.020
00.027	28.311	-0.020
00.027	28.312	-0.022
00.029	28.311	-0.020
00.029	28.310	-0.020
00.028	28.314	-0.021
00.028	28.313	-0.021
00.027	28.314	-0.021
00.028	28.313	-0.020
00.028	28.313	-0.021
00.028	28.315	-0.021
00.028	28.315	-0.021
00.028	28.315	-0.022
00.027	28.315	-0.023
00.030	28.315	-0.021
00.028	28.315	-0.022
00.028	28.315	-0.021
00.029	28.315	-0.022
00.027	28.314	-0.021
00.027	28.313	-0.020
00.028	28.313	-0.023
00.029	28.311	-0.020
00.029	28.312	-0.022
00.029	28.312	-0.022
00.027	28.311	-0.022
00.027	28.311	-0.021
00.029	28.312	-0.020
00.028	28.313	-0.022
00.028	28.314	-0.021
00.027	28.315	-0.020
00.028	28.316	-0.022
00.028	28.317	-0.021
00.028	28.320	-0.022
00.028	28.321	-0.021
00.029	28.322	-0.022
00.030	28.323	-0.021
00.028	28.323	-0.021
00.027	28.326	-0.021
00.028	28.327	-0.022
00.029	28.330	-0.021
00.029	28.331	-0.022
00.029	28.334	-0.020
00.029	28.333	-0.021
00.028	28.336	-0.022
00.027	28.337	-0.022
00.028	28.338	-0.023
00.029	28.339	-0.022
00.028	28.340	-0.022
00.028	28.342	-0.022
00.029	28.343	-0.020
00.028	28.345	-0.020
00.028	28.348	-0.021
00.029	28.348	-0.021
00.028	28.351	-0.022
00.028	28.350	-0.021
00.027	28.353	-0.019
00.027	28.355	-0.021
00.027	28.355	-0.020
00.028	28.355	-0.021
00.028	28.356	-0.022
00.028	28.355	-0.021
00.028	28.356	-0.022
00.028	28.359	-0.021
00.028	28.359	-0.022
00.028	28.361	-0.020
00.031	28.362	-0.021
00.028	28.364	-0.022
00.030	28.365	-0.021
00.028	28.366	-0.021
00.028	28.367	-0.022
00.028	28.367	-0.021
00.026	28.368	-0.021
00.026	28.369	-0.020
00.026	28.369	-0.022
00.027	28.369	-0.022
00.026	28.369	-0.022
00.027	28.369	-0.020
00.026	28.369	-0.021
00.028	28.369	-0.021
00.029	28.368	-0.020
00.029	28.369	-0.024
00.027	28.370	-0.021
00.028	28.371	-0.020
00.028	28.371	-0.022
00.027	28.373	-0.021
00.029	28.373	-0.021
00.027	28.373	-0.021
00.029	28.373	-0.021
00.029	28.375	-0.019
00.028	28.375	-0.021
00.028	28.375	-0.021
00.028	28.375	-0.022
00.028	28.375	-0.020
00.029	28.375	-0.021
00.028	28.375	-0.021
00.029	28.375	-0.022
00.029	28.375	-0.022
00.029	28.376	-0.022
00.028	28.377	-0.020
00.028	28.376	-0.021
00.028	28.377	-0.022
00.027	28.377	-0.023
00.028	28.377	-0.021
00.028	28.375	-0.020
00.029	28.375	-0.020
00.028	28.374	-0.022
00.028	28.375	-0.021
00.028	28.374	-0.021
00.028	28.374	-0.020
00.028	28.375	-0.021
00.027	28.375	-0.022
00.029	28.376	-0.023
00.030	28.377	-0.022
00.027	28.377	-0.022
00.027	28.378	-0.023
00.028	28.378	-0.022
00.028	28.379	-0.021
00.029	28.379	-0.022
00.028	28.379	-0.020
00.028	28.381	-0.022
00.027	28.381	-0.022
00.030	28.382	-0.021
00.029	28.382	-0.020
00.029	28.383	-0.022
00.027	28.385	-0.024
00.028	28.386	-0.021
00.028	28.385	-0.021
00.028	28.385	-0.021
00.028	28.386	-0.022
00.027	28.387	-0.021
00.026	28.388	-0.023
00.029	28.390	-0.023
00.029	28.392	-0.022
00.027	28.393	-0.020
00.028	28.395	-0.023
00.029	28.396	-0.020
00.030	28.399	-0.023
00.030	28.401	-0.022
00.028	28.401	-0.024
00.027	28.402	-0.022
00.027	28.403	-0.022
00.027	28.405	-0.021
00.030	28.406	-0.022
00.028	28.408	-0.021
00.028	28.409	-0.021
00.027	28.409	-0.021
00.029	28.409	-0.022
00.029	28.410	-0.021
00.027	28.409	-0.022
00.027	28.409	-0.021
00.027	28.408	-0.022
00.027	28.408	-0.022
00.027	28.409	-0.022
00.026	28.408	-0.021
00.026	28.409	-0.020
00.027	28.408	-0.019
00.027	28.408	-0.021
00.031	28.408	-0.021
00.028	28.410	-0.022
00.028	28.408	-0.021
00.028	28.409	-0.022
00.027	28.409	-0.021
00.026	28.410	-0.020
00.029	28.409	-0.022
00.027	28.409	-0.021
00.027	28.409	-0.022
00.027	28.409	-0.021
00.028	28.409	-0.022
00.028	28.409	-0.021
00.028	28.409	-0.022
00.028	28.411	-0.022
00.027	28.410	-0.023
00.027	28.410	-0.020
00.027	28.411	-0.021
00.027	28.410	-0.020
00.027	28.410	-0.020
00.027	28.411	-0.021
00.027	28.408	-0.021
00.029	28.408	-0.020
00.027	28.407	-0.022
00.030	28.405	-0.022
00.027	28.405	-0.021
00.027	28.404	-0.022
00.028	28.403	-0.022
00.029	28.401	-0.020
00.029	28.400	-0.020
00.027	28.398	-0.021
00.030	28.397	-0.022
00.027	28.396	-0.022
00.026	28.394	-0.022
00.028	28.392	-0.023
00.030	28.391	-0.022
00.027	28.389	-0.020
00.029	28.389	-0.021
00.027	28.388	-0.021
00.026	28.386	-0.022
00.027	28.384	-0.021
00.027	28.384	-0.021
00.027	28.383	-0.020
00.027	28.383	-0.022
00.028	28.383	-0.022
00.028	28.382	-0.020
00.028	28.382	-0.022
00.027	28.383	-0.022
00.029	28.382	-0.020
00.028	28.383	-0.020
00.028	28.383	-0.021
00.027	28.382	-0.021
00.027	28.383	-0.020
00.027	28.382	-0.022
00.028	28.382	-0.022
00.027	28.384	-0.020
00.028	28.386	-0.022
00.030	28.387	-0.023
00.030	28.389	-0.020
00.029	28.389	-0.021
00.028	28.389	-0.020
00.028	28.389	-0.022
00.029	28.391	-0.020
00.029	28.391	-0.019
00.027	28.390	-0.020
00.026	28.390	-0.021
00.029	28.391	-0.020
00.029	28.391	-0.020
00.027	28.391	-0.021
00.027	28.392	-0.021
00.028	28.392	-0.022
00.029	28.392	-0.022
00.028	28.391	-0.022
00.028	28.394	-0.023
00.028	28.393	-0.021
00.029	28.394	-0.023
00.029	28.394	-0.022
00.028	28.394	-0.019
00.029	28.396	-0.021
00.028	28.394	-0.022
00.028	28.395	-0.021
00.028	28.395	-0.021
00.027	28.396	-0.020
00.029	28.395	-0.021
00.026	28.396	-0.022
00.029	28.397	-0.022
00.027	28.396	-0.021
00.027	28.396	-0.021
00.027	28.397	-0.021
00.028	28.397	-0.021
00.028	28.399	-0.022
00.029	28.398	-0.021
00.029	28.400	-0.023
00.029	28.400	-0.021
00.029	28.400	-0.020
00.026	28.399	-0.020
00.026	28.399	-0.021
00.028	28.400	-0.021
00.026	28.401	-0.021
00.027	28.401	-0.022
00.028	28.401	-0.023
00.026	28.400	-0.023
00.026	28.402	-0.021
00.027	28.402	-0.020
00.027	28.403	-0.020
00.029	28.404	-0.021
00.028	28.405	-0.021
00.028	28.406	-0.021
00.029	28.405	-0.020
00.028	28.406	-0.021
00.027	28.405	-0.021
00.027	28.406	-0.022
00.029	28.405	-0.022
00.028	28.404	-0.022
00.028	28.403	-0.022
00.027	28.403	-0.023
00.027	28.403	-0.020
00.027	28.403	-0.021
00.026	28.401	-0.021
00.025	28.401	-0.021
00.027	28.400	-0.022
00.030	28.399	-0.022
00.029	28.399	-0.021
00.029	28.397	-0.021
00.030	28.398	-0.023
00.028	28.397	-0.022
00.028	28.398	-0.023
00.029	28.397	-0.021
00.030	28.396	-0.021
00.027	28.396	-0.022
00.029	28.397	-0.021
00.028	28.398	-0.022
00.026	28.397	-0.022
00.027	28.398	-0.022
00.027	28.398	-0.021
00.029	28.397	-0.019
00.026	28.398	-0.021
00.028	28.399	-0.020
00.028	28.400	-0.023
00.029	28.400	-0.022
00.026	28.401	-0.020
00.028	28.402	-0.021
00.028	28.401	-0.022
00.028	28.402	-0.020
00.028	28.403	-0.021
00.029	28.402	-0.020
00.027	28.403	-0.022
00.028	28.403	-0.022
00.029	28.404	-0.021
00.028	28.404	-0.022
00.028	28.404	-0.020
00.029	28.404	-0.022
00.029	28.403	-0.022
00.029	28.404	-0.020
00.028	28.405	-0.020
00.030	28.404	-0.021
00.027	28.405	-0.023
00.028	28.405	-0.020
00.028	28.404	-0.022
00.030	28.403	-0.022
00.027	28.403	-0.022
00.027	28.402	-0.021
00.029	28.401	-0.021
00.028	28.401	-0.022
00.028	28.401	-0.020
00.030	28.401	-0.021
00.027	28.401	-0.022
00.027	28.402	-0.020
00.028	28.400	-0.022
00.028	28.400	-0.022
00.028	28.399	-0.021
00.027	28.399	-0.023
00.027	28.399	-0.021
00.028	28.398	-0.020
00.028	28.397	-0.020
00.028	28.397	-0.022
00.030	28.396	-0.020
00.031	28.395	-0.022
00.029	28.395	-0.021
00.029	28.392	-0.023
00.027	28.392	-0.021
00.027	28.392	-0.022
00.027	28.391	-0.022
00.029	28.390	-0.024
00.030	28.390	-0.022
00.028	28.389	-0.021
00.028	28.391	-0.023
00.029	28.390	-0.020
00.027	28.390	-0.021
00.029	28.390	-0.020
00.029	28.390	-0.021
00.028	28.388	-0.021
00.028	28.389	-0.020
00.028	28.391	-0.021
00.028	28.390	-0.022
00.027	28.390	-0.021
00.026	28.389	-0.021
00.027	28.390	-0.023
00.027	28.389	-0.021
00.028	28.388	-0.022
00.028	28.389	-0.022
00.028	28.389	-0.021
00.026	28.390	-0.021
00.028	28.391	-0.022
00.029	28.392	-0.022
00.029	28.391	-0.021
00.029	28.391	-0.022
00.027	28.394	-0.021
00.027	28.394	-0.021
00.027	28.395	-0.022
00.029	28.395	-0.022
00.027	28.394	-0.021
00.027	28.395	-0.021
00.027	28.395	-0.021
00.027	28.394	-0.020
00.028	28.395	-0.020
00.027	28.394	-0.022
00.024	28.395	-0.020
00.027	28.394	-0.023
00.026	28.393	-0.021
00.029	28.394	-0.023
00.027	28.394	-0.023
00.027	28.393	-0.022
00.029	28.393	-0.020
00.029	28.392	-0.022
00.027	28.392	-0.021
00.026	28.392	-0.022
00.027	28.391	-0.022
00.027	28.390	-0.022
00.027	28.390	-0.022
00.027	28.391	-0.022
00.027	28.391	-0.022
00.027	28.391	-0.022
00.029	28.389	-0.021
00.027	28.389	-0.020
00.028	28.387	-0.022
00.027	28.383	-0.022
00.027	28.381	-0.020
00.027	28.378	-0.022
00.028	28.375	-0.021
00.028	28.371	-0.022
00.027	28.370	-0.020
00.028	28.367	-0.022
00.030	28.363	-0.021
00.028	28.362	-0.022
00.029	28.361	-0.022
00.028	28.359	-0.022
00.028	28.357	-0.022
00.029	28.354	-0.021
00.029	28.353	-0.021
00.027	28.351	-0.022
00.029	28.350	-0.021
00.027	28.347	-0.022
00.027	28.345	-0.021
00.028	28.343	-0.021
00.027	28.344	-0.020
00.027	28.339	-0.021
00.029	28.338	-0.022
00.027	28.336	-0.022
00.027	28.336	-0.020
00.029	28.335	-0.022
00.029	28.333	-0.021
00.029	28.333	-0.023
00.029	28.333	-0.020
00.028	28.334	-0.020
00.028	28.333	-0.021
00.026	28.332	-0.021
00.028	28.332	-0.022
00.027	28.332	-0.021
00.029	28.330	-0.022
00.030	28.330	-0.022
00.029	28.329	-0.021
00.028	28.329	-0.021
00.029	28.329	-0.021
00.027	28.328	-0.021
00.028	28.327	-0.023
00.028	28.327	-0.022
00.029	28.326	-0.021
00.029	28.324	-0.022
00.029	28.323	-0.023
00.027	28.322	-0.022
00.028	28.321	-0.021
00.029	28.320	-0.020
00.026	28.317	-0.021
00.027	28.316	-0.021
00.028	28.315	-0.022
00.027	28.313	-0.021
00.027	28.313	-0.020
00.027	28.310	-0.022
00.027	28.309	-0.020
00.027	28.308	-0.021
00.027	28.306	-0.021
00.027	28.304	-0.022
00.027	28.303	-0.020
00.027	28.302	-0.022
00.028	28.301	-0.019
00.030	28.302	-0.022
00.029	28.300	-0.020
00.029	28.300	-0.023
00.028	28.300	-0.022
00.028	28.300	-0.022
00.025	28.301	-0.022
00.025	28.302	-0.021
00.027	28.301	-0.022
00.027	28.303	-0.022
00.029	28.302	-0.020
00.029	28.303	-0.021
00.027	28.303	-0.022
00.026	28.305	-0.020
00.028	28.306	-0.022
00.026	28.307	-0.021
00.026	28.307	-0.019
00.028	28.307	-0.022
00.029	28.309	-0.021
00.028	28.310	-0.020
00.029	28.309	-0.021
00.029	28.310	-0.022
00.028	28.310	-0.021
00.027	28.310	-0.022
00.026	28.311	-0.021
00.028	28.311	-0.020
00.028	28.311	-0.021
00.027	28.312	-0.022
00.027	28.312	-0.021
00.026	28.313	-0.022
00.026	28.312	-0.022
00.026	28.312	-0.020
00.026	28.314	-0.022
00.027	28.314	-0.021
00.026	28.314	-0.021
00.028	28.315	-0.021
00.030	28.316	-0.021
00.030	28.316	-0.020
00.028	28.318	-0.020
00.028	28.317	-0.023
00.027	28.317	-0.022
00.028	28.319	-0.021
00.027	28.319	-0.020
00.027	28.321	-0.022
00.029	28.320	-0.022
00.030	28.320	-0.021
00.026	28.319	-0.022
00.026	28.319	-0.021
00.027	28.319	-0.021
00.027	28.318	-0.021
00.028	28.318	-0.021
00.026	28.317	-0.020
00.027	28.318	-0.022
00.027	28.316	-0.021
00.026	28.315	-0.022
00.026	28.315	-0.022
00.029	28.314	-0.022
00.029	28.311	-0.021
00.026	28.309	-0.021
00.026	28.308	-0.022
00.030	28.306	-0.021
00.028	28.306	-0.021
00.027	28.306	-0.021
00.025	28.305	-0.022
00.026	28.306	-0.021
00.027	28.307	-0.022
00.027	28.308	-0.019
00.028	28.311	-0.021
00.027	28.312	-0.023
00.028	28.313	-0.022
00.028	28.315	-0.022
00.027	28.315	-0.020
00.027	28.316	-0.022
00.026	28.318	-0.021
00.025	28.319	-0.020
00.029	28.320	-0.021
00.028	28.321	-0.021
00.028	28.321	-0.022
00.029	28.322	-0.020
00.030	28.323	-0.022
00.028	28.324	-0.021
00.026	28.326	-0.020
00.026	28.326	-0.021
00.026	28.328	-0.022
00.028	28.329	-0.020
00.027	28.328	-0.023
00.027	28.328	-0.022
00.029	28.329	-0.021
00.027	28.334	-0.022
00.027	28.341	-0.021
00.026	28.349	-0.023
00.027	28.358	-0.020
00.029	28.366	-0.022
00.027	28.376	-0.021
00.031	28.385	-0.022
00.031	28.393	-0.022
00.027	28.399	-0.020
00.027	28.405	-0.021
00.026	28.410	-0.022
00.025	28.413	-0.021
00.026	28.417	-0.023
00.028	28.421	-0.021
00.028	28.424	-0.022
00.027	28.427	-0.021
00.028	28.428	-0.022
00.028	28.432	-0.022
00.027	28.434	-0.021
00.026	28.437	-0.021
00.026	28.440	-0.022
00.026	28.443	-0.022
00.027	28.446	-0.022
00.029	28.449	-0.022
00.029	28.452	-0.020
00.028	28.455	-0.021
00.026	28.457	-0.022
00.028	28.460	-0.021
00.027	28.464	-0.021
00.027	28.467	-0.021
00.027	28.469	-0.022
00.027	28.473	-0.022
00.027	28.476	-0.022
00.027	28.478	-0.021
00.029	28.481	-0.023
00.029	28.484	-0.021
00.026	28.487	-0.021
00.028	28.490	-0.021
00.028	28.492	-0.023
00.028	28.494	-0.019
00.028	28.496	-0.021
00.027	28.500	-0.022
00.029	28.504	-0.022
00.027	28.507	-0.020
00.027	28.506	-0.021
00.026	28.508	-0.021
00.027	28.506	-0.024
00.026	28.505	-0.019
00.025	28.506	-0.022
00.026	28.505	-0.021
00.026	28.502	-0.019
00.026	28.503	-0.021
00.028	28.506	-0.021
00.026	28.513	-0.021
00.026	28.516	-0.021
00.026	28.518	-0.019
00.028	28.519	-0.023
00.028	28.520	-0.022
00.025	28.521	-0.022
00.028	28.522	-0.021
00.027	28.523	-0.021
00.027	28.520	-0.022
00.028	28.517	-0.021
00.028	28.514	-0.022
00.028	28.510	-0.021
00.027	28.506	-0.021
00.028	28.505	-0.022
00.027	28.502	-0.022
00.029	28.499	-0.020
00.028	28.497	-0.021
00.030	28.496	-0.022
00.030	28.495	-0.020
00.027	28.493	-0.020
00.027	28.492	-0.022
00.028	28.492	-0.021
00.028	28.491	-0.022
00.027	28.491	-0.021
00.026	28.491	-0.020
00.028	28.489	-0.022
00.028	28.487	-0.020
00.027	28.487	-0.022
00.027	28.487	-0.022
00.029	28.485	-0.020
00.027	28.484	-0.020
00.027	28.485	-0.022
00.027	28.484	-0.022
00.027	28.482	-0.021
00.028	28.482	-0.021
00.029	28.479	-0.022
00.029	28.476	-0.022
00.027	28.474	-0.021
00.030	28.471	-0.021
00.028	28.469	-0.021
00.030	28.467	-0.021
00.028	28.462	-0.020
00.030	28.459	-0.021
00.030	28.457	-0.020
00.027	28.454	-0.022
00.027	28.453	-0.022
00.027	28.451	-0.020
00.028	28.449	-0.021
00.028	28.449	-0.022
00.028	28.448	-0.021
00.028	28.448	-0.021
00.029	28.446	-0.021
00.028	28.445	-0.021
00.028	28.446	-0.021
00.027	28.443	-0.023
00.027	28.443	-0.022
00.028	28.442	-0.022
00.026	28.441	-0.019
00.026	28.442	-0.022
00.028	28.442	-0.020
00.028	28.441	-0.023
00.028	28.441	-0.021
00.028	28.441	-0.022
00.028	28.441	-0.022
00.029	28.441	-0.020
00.029	28.441	-0.020
00.028	28.442	-0.020
00.028	28.442	-0.020
00.028	28.443	-0.021
00.028	28.443	-0.020
00.026	28.444	-0.022
00.027	28.444	-0.022
00.027	28.443	-0.021
00.028	28.442	-0.021
00.029	28.444	-0.023
00.029	28.442	-0.022
00.028	28.442	-0.021
00.028	28.442	-0.021
00.028	28.441	-0.023
00.028	28.441	-0.022
00.030	28.441	-0.021
00.029	28.442	-0.021
00.030	28.441	-0.021
00.027	28.441	-0.022
00.027	28.439	-0.021
00.027	28.441	-0.021
00.027	28.440	-0.021
00.027	28.439	-0.021
00.028	28.440	-0.022
00.028	28.440	-0.021
00.028	28.441	-0.021
00.025	28.440	-0.021
00.027	28.441	-0.021
00.029	28.442	-0.024
00.029	28.442	-0.022
00.028	28.442	-0.022
00.028	28.441	-0.020
00.029	28.442	-0.022
00.029	28.443	-0.020
00.029	28.443	-0.023
00.028	28.444	-0.021
00.029	28.444	-0.023
00.028	28.445	-0.021
00.026	28.444	-0.021
00.025	28.444	-0.022
00.025	28.445	-0.021
00.028	28.444	-0.021
00.026	28.446	-0.020
00.027	28.445	-0.023
00.026	28.444	-0.022
00.027	28.445	-0.022
00.028	28.446	-0.021
00.027	28.446	-0.022
00.027	28.447	-0.020
00.030	28.446	-0.021
00.029	28.447	-0.021
00.027	28.448	-0.022
00.027	28.449	-0.022
00.027	28.450	-0.022
00.027	28.448	-0.022
00.026	28.448	-0.020
00.026	28.448	-0.020
00.026	28.450	-0.022
00.028	28.451	-0.021
00.029	28.453	-0.022
00.029	28.453	-0.019
00.029	28.454	-0.021
00.030	28.455	-0.021
00.028	28.456	-0.020
00.028	28.457	-0.022
00.027	28.457	-0.023
00.027	28.457	-0.021
00.025	28.459	-0.021
00.028	28.460	-0.021
00.029	28.460	-0.021
00.030	28.459	-0.021
00.028	28.458	-0.022
00.029	28.459	-0.021
00.029	28.458	-0.021
00.026	28.458	-0.022
00.026	28.456	-0.021
00.026	28.456	-0.021
00.027	28.454	-0.021
00.027	28.455	-0.021
00.030	28.454	-0.021
00.026	28.455	-0.022
00.028	28.455	-0.021
00.027	28.456	-0.022
00.027	28.457	-0.022
00.028	28.459	-0.021
00.027	28.459	-0.022
00.027	28.460	-0.020
00.028	28.462	-0.022
00.029	28.462	-0.021
00.029	28.464	-0.020
00.029	28.465	-0.021
00.025	28.464	-0.023
00.027	28.465	-0.021
00.026	28.466	-0.021
00.029	28.468	-0.022
00.028	28.467	-0.022
00.029	28.468	-0.021
00.029	28.468	-0.021
00.026	28.469	-0.021
00.026	28.469	-0.021
00.027	28.470	-0.020
00.027	28.471	-0.022
00.028	28.472	-0.021
00.027	28.474	-0.021
00.028	28.474	-0.021
00.028	28.475	-0.022
00.028	28.475	-0.022
00.027	28.476	-0.020
00.029	28.476	-0.021
00.028	28.479	-0.022
00.026	28.479	-0.022
00.026	28.479	-0.021
00.029	28.480	-0.018
00.029	28.481	-0.021
00.029	28.482	-0.020
00.029	28.482	-0.022
00.027	28.483	-0.021
00.027	28.483	-0.022
00.029	28.483	-0.022
00.027	28.483	-0.022
00.028	28.483	-0.022
00.027	28.484	-0.022
00.029	28.485	-0.021
00.028	28.486	-0.021
00.027	28.487	-0.021
00.028	28.487	-0.023
00.027	28.489	-0.020
00.028	28.489	-0.020
00.026	28.489	-0.021
00.026	28.490	-0.022
00.028	28.492	-0.020
00.028	28.492	-0.022
00.029	28.493	-0.022
00.028	28.494	-0.023
00.030	28.493	-0.022
00.029	28.493	-0.021
00.027	28.494	-0.022
00.028	28.494	-0.024
00.028	28.496	-0.021
00.028	28.497	-0.020
00.027	28.498	-0.021
00.029	28.499	-0.021
00.028	28.500	-0.021
00.028	28.501	-0.023
00.029	28.502	-0.023
00.030	28.502	-0.021
00.030	28.504	-0.021
00.026	28.505	-0.022
00.029	28.505	-0.021
00.027	28.506	-0.021
00.027	28.508	-0.022
00.028	28.509	-0.022
00.028	28.510	-0.021
00.027	28.511	-0.022
00.028	28.513	-0.019
00.028	28.516	-0.021
00.028	28.516	-0.021
00.028	28.519	-0.023
00.029	28.521	-0.021
00.030	28.521	-0.022
00.028	28.522	-0.022
00.029	28.525	-0.021
00.030	28.526	-0.021
00.030	28.528	-0.022
00.030	28.528	-0.020
00.030	28.529	-0.020
00.028	28.531	-0.022
00.028	28.532	-0.022
00.028	28.534	-0.022
00.028	28.535	-0.020
00.028	28.536	-0.021
00.028	28.537	-0.021
00.028	28.539	-0.022
00.026	28.540	-0.023
00.026	28.540	-0.021
00.028	28.541	-0.020
00.028	28.542	-0.021
00.027	28.544	-0.021
00.026	28.544	-0.022
00.026	28.545	-0.022
00.027	28.546	-0.021
00.028	28.548	-0.020
00.027	28.549	-0.021
00.030	28.550	-0.022
00.028	28.549	-0.022
00.028	28.552	-0.022
00.027	28.553	-0.022
00.027	28.551	-0.022
00.027	28.552	-0.022
00.026	28.552	-0.021
00.027	28.554	-0.022
00.028	28.554	-0.022
00.029	28.556	-0.021
00.029	28.556	-0.020
00.029	28.556	-0.022
00.026	28.557	-0.020
00.028	28.557	-0.020
00.028	28.558	-0.021
00.027	28.557	-0.022
00.027	28.556	-0.022
00.029	28.558	-0.022
00.029	28.559	-0.020
00.029	28.559	-0.022
00.028	28.560	-0.022
00.028	28.562	-0.022
00.030	28.562	-0.022
00.029	28.563	-0.023
00.027	28.562	-0.023
00.027	28.564	-0.022
00.027	28.564	-0.022
00.027	28.564	-0.020
00.028	28.564	-0.022
00.027	28.564	-0.020
00.026	28.564	-0.021
00.027	28.565	-0.022
00.027	28.566	-0.021
00.027	28.565	-0.020
00.028	28.567	-0.019
00.026	28.568	-0.021
00.026	28.569	-0.021
00.029	28.569	-0.022
00.027	28.570	-0.021
00.029	28.570	-0.022
00.028	28.570	-0.022
00.028	28.571	-0.022
00.026	28.570	-0.022
00.029	28.570	-0.022
00.026	28.570	-0.022
00.026	28.571	-0.021
00.028	28.572	-0.022
00.027	28.572	-0.020
00.028	28.573	-0.022
00.028	28.573	-0.022
00.028	28.573	-0.022
00.028	28.573	-0.022
00.028	28.574	-0.020
00.028	28.576	-0.021
00.028	28.577	-0.021
00.029	28.577	-0.021
00.029	28.578	-0.021
00.027	28.578	-0.022
00.029	28.578	-0.021
00.030	28.576	-0.022
00.030	28.575	-0.021
00.029	28.574	-0.023
00.027	28.573	-0.020
00.028	28.570	-0.021
00.029	28.571	-0.024
00.026	28.572	-0.021
00.026	28.570	-0.019
00.028	28.572	-0.023
00.028	28.572	-0.022
00.028	28.572	-0.020
00.029	28.573	-0.021
00.028	28.574	-0.022
00.029	28.574	-0.021
00.028	28.575	-0.021
00.028	28.575	-0.020
00.026	28.575	-0.023
00.028	28.575	-0.021
00.027	28.575	-0.021
00.026	28.577	-0.021
00.028	28.577	-0.021
00.029	28.576	-0.022
00.029	28.578	-0.023
00.030	28.577	-0.022
00.031	28.577	-0.022
00.031	28.577	-0.021
00.028	28.578	-0.022
00.028	28.580	-0.021
00.027	28.581	-0.023
00.028	28.581	-0.022
00.028	28.583	-0.022
00.028	28.583	-0.022
00.029	28.582	-0.022
00.028	28.584	-0.022
00.029	28.584	-0.021
00.028	28.586	-0.021
00.027	28.587	-0.022
00.027	28.587	-0.020
00.027	28.589	-0.021
00.030	28.592	-0.021
00.030	28.593	-0.022
00.029	28.593	-0.024
00.027	28.594	-0.023
00.030	28.593	-0.021
00.030	28.593	-0.020
00.028	28.595	-0.020
00.028	28.593	-0.021
00.028	28.593	-0.022
00.026	28.592	-0.022
00.026	28.591	-0.022
00.030	28.591	-0.020
00.030	28.590	-0.022
00.030	28.590	-0.021
00.027	28.589	-0.021
00.030	28.590	-0.021
00.027	28.588	-0.021
00.027	28.590	-0.023
00.029	28.589	-0.021
00.028	28.591	-0.020
00.030	28.590	-0.021
00.029	28.591	-0.020
00.028	28.590	-0.020
00.027	28.590	-0.021
00.028	28.590	-0.020
00.029	28.590	-0.019
00.028	28.591	-0.022
00.028	28.590	-0.021
00.027	28.590	-0.022
00.027	28.590	-0.020
00.027	28.591	-0.023
00.028	28.591	-0.022
00.029	28.590	-0.020
00.028	28.591	-0.022
00.028	28.591	-0.020
00.027	28.590	-0.021
00.029	28.589	-0.022
00.029	28.592	-0.024
00.030	28.589	-0.022
00.027	28.588	-0.021
00.027	28.588	-0.021
00.027	28.586	-0.022
00.027	28.585	-0.021
00.028	28.584	-0.025
00.026	28.583	-0.021
00.029	28.582	-0.022
00.028	28.583	-0.021
00.029	28.584	-0.021
00.028	28.584	-0.021
00.026	28.584	-0.022
00.029	28.583	-0.021
00.029	28.583	-0.022
00.031	28.582	-0.019
00.031	28.582	-0.023
00.029	28.582	-0.021
00.031	28.582	-0.020
00.031	28.582	-0.021
00.029	28.580	-0.023
00.029	28.580	-0.020
00.028	28.578	-0.021
00.029	28.575	-0.020
00.029	28.574	-0.023
00.029	28.573	-0.019
00.030	28.571	-0.021
00.028	28.570	-0.021
00.030	28.570	-0.021
00.029	28.569	-0.021
00.028	28.566	-0.021
00.027	28.565	-0.023
00.026	28.560	-0.023
00.025	28.560	-0.021
00.025	28.558	-0.024
00.025	28.558	-0.020
00.027	28.557	-0.020
00.028	28.557	-0.023
00.029	28.556	-0.022
00.028	28.554	-0.021
00.027	28.556	-0.019
00.027	28.556	-0.021
00.030	28.557	-0.022
00.030	28.557	-0.023
00.028	28.558	-0.021
00.028	28.559	-0.022
00.029	28.558	-0.020
00.030	28.558	-0.020
00.029	28.558	-0.020
00.029	28.559	-0.019
00.027	28.559	-0.022
00.027	28.559	-0.022
00.029	28.559	-0.023
00.029	28.560	-0.021
00.029	28.560	-0.021
00.029	28.560	-0.021
00.029	28.560	-0.022
00.030	28.561	-0.022
00.029	28.560	-0.021
00.028	28.560	-0.021
00.028	28.559	-0.021
00.028	28.558	-0.022
00.029	28.557	-0.022
00.029	28.556	-0.021
00.029	28.555	-0.020
00.030	28.554	-0.022
00.027	28.553	-0.021
00.029	28.553	-0.021
00.028	28.552	-0.021
00.028	28.552	-0.022
00.028	28.552	-0.021
00.027	28.551	-0.022
00.027	28.551	-0.020
00.029	28.551	-0.021
00.027	28.550	-0.022
00.030	28.552	-0.020
00.030	28.551	-0.020
00.028	28.549	-0.022
00.028	28.549	-0.021
00.028	28.548	-0.021
00.028	28.546	-0.022
00.027	28.547	-0.022
00.027	28.545	-0.022
00.027	28.543	-0.023
00.029	28.542	-0.022
00.026	28.542	-0.020
00.025	28.542	-0.023
00.029	28.542	-0.023
00.027	28.542	-0.024
00.027	28.543	-0.020
00.028	28.544	-0.022
00.027	28.544	-0.020
00.029	28.545	-0.021
00.028	28.545	-0.021
00.030	28.545	-0.023
00.029	28.545	-0.022
00.028	28.546	-0.022
00.030	28.548	-0.021
00.029	28.548	-0.021
00.030	28.549	-0.021
00.030	28.549	-0.020
00.029	28.550	-0.021
00.029	28.552	-0.020
00.028	28.552	-0.021
00.030	28.553	-0.021
00.027	28.553	-0.022
00.027	28.554	-0.023
00.026	28.554	-0.022
00.029	28.554	-0.021
00.029	28.556	-0.020
00.030	28.555	-0.021
00.029	28.557	-0.020
00.029	28.556	-0.022
00.028	28.557	-0.021
00.029	28.557	-0.021
00.028	28.556	-0.022
00.026	28.556	-0.020
00.030	28.556	-0.022
00.029	28.557	-0.022
00.031	28.558	-0.022
00.031	28.558	-0.021
00.027	28.560	-0.021
00.030	28.559	-0.021
00.030	28.560	-0.020
00.026	28.561	-0.020
00.030	28.561	-0.022
00.029	28.562	-0.020
00.028	28.563	-0.023
00.027	28.563	-0.023
00.027	28.564	-0.021
00.028	28.565	-0.022
00.029	28.565	-0.021
00.027	28.566	-0.021
00.027	28.566	-0.023
00.027	28.566	-0.020
00.030	28.565	-0.022
00.027	28.566	-0.021
00.031	28.567	-0.021
00.030	28.567	-0.021
00.028	28.569	-0.022
00.029	28.569	-0.021
00.029	28.569	-0.019
00.028	28.569	-0.021
00.027	28.569	-0.022
00.030	28.570	-0.020
00.029	28.570	-0.022
00.031	28.570	-0.021
00.031	28.571	-0.022
00.031	28.569	-0.021
00.028	28.570	-0.021
00.029	28.571	-0.022
00.031	28.571	-0.021
00.028	28.572	-0.019
00.030	28.571	-0.021
00.030	28.573	-0.022
00.029	28.573	-0.022
00.029	28.574	-0.021
00.029	28.574	-0.020
00.027	28.573	-0.021
00.028	28.574	-0.020
00.029	28.575	-0.021
00.027	28.574	-0.022
00.028	28.572	-0.024
00.028	28.572	-0.020
00.028	28.572	-0.021
00.028	28.571	-0.023
00.029	28.573	-0.023
00.028	28.573	-0.021
00.029	28.573	-0.022
00.027	28.573	-0.022
00.027	28.574	-0.022
00.030	28.575	-0.021
00.030	28.575	-0.020
00.029	28.576	-0.022
00.029	28.577	-0.022
00.029	28.578	-0.020
00.029	28.579	-0.021
00.028	28.580	-0.021
00.026	28.580	-0.022
00.029	28.583	-0.021
00.030	28.583	-0.020
00.031	28.582	-0.022
00.027	28.584	-0.022
00.028	28.584	-0.022
00.029	28.584	-0.023
00.029	28.585	-0.020
00.030	28.588	-0.022
00.029	28.588	-0.022
00.028	28.589	-0.022
00.029	28.589	-0.020
00.031	28.590	-0.022
00.030	28.591	-0.021
00.027	28.592	-0.022
00.029	28.592	-0.021
00.030	28.593	-0.022
00.029	28.593	-0.021
00.029	28.592	-0.022
00.029	28.592	-0.022
00.029	28.592	-0.021
00.029	28.592	-0.022
00.030	28.592	-0.022
00.031	28.591	-0.021
00.031	28.592	-0.022
00.029	28.592	-0.021
00.029	28.593	-0.022
00.029	28.593	-0.021
00.027	28.594	-0.022
00.028	28.594	-0.022
00.026	28.594	-0.021
00.027	28.594	-0.021
00.028	28.595	-0.021
00.029	28.595	-0.022
00.029	28.596	-0.021
00.027	28.596	-0.023
00.030	28.595	-0.024
00.028	28.595	-0.020
00.028	28.596	-0.022
00.029	28.595	-0.022
00.028	28.595	-0.021
00.028	28.596	-0.020
00.030	28.596	-0.021
00.029	28.597	-0.022
00.028	28.599	-0.021
00.031	28.599	-0.022
00.030	28.601	-0.020
00.030	28.602	-0.023
00.031	28.601	-0.021
00.030	28.600	-0.023
00.029	28.602	-0.022
00.029	28.602	-0.022
00.029	28.603	-0.021
00.031	28.604	-0.023
00.029	28.604	-0.022
00.029	28.604	-0.022
00.029	28.605	-0.020
00.028	28.604	-0.021
00.029	28.606	-0.022
00.028	28.606	-0.023
00.030	28.606	-0.021
00.029	28.607	-0.023
00.030	28.608	-0.022
00.030	28.608	-0.021
00.029	28.610	-0.021
00.030	28.611	-0.021
00.031	28.612	-0.022
00.031	28.613	-0.022
00.030	28.614	-0.023
00.030	28.616	-0.023
00.030	28.617	-0.021
00.030	28.619	-0.021
00.030	28.620	-0.022
00.030	28.622	-0.019
00.031	28.623	-0.020
00.028	28.624	-0.023
00.029	28.626	-0.021
00.028	28.627	-0.023
00.028	28.629	-0.023
00.029	28.630	-0.022
00.029	28.631	-0.020
00.026	28.632	-0.023
00.026	28.635	-0.022
00.028	28.634	-0.022
00.029	28.636	-0.023
00.030	28.637	-0.022
00.028	28.640	-0.021
00.028	28.641	-0.021
00.029	28.643	-0.023
00.029	28.645	-0.021
00.029	28.647	-0.022
00.030	28.648	-0.022
00.027	28.650	-0.021
00.027	28.650	-0.022
00.029	28.653	-0.022
00.028	28.653	-0.021
00.028	28.655	-0.022
00.028	28.656	-0.022
00.026	28.657	-0.021
00.029	28.659	-0.022
00.028	28.662	-0.022
00.025	28.663	-0.022
00.028	28.663	-0.022
00.028	28.664	-0.021
00.029	28.667	-0.021
00.027	28.667	-0.021
00.028	28.669	-0.022
00.029	28.669	-0.022
00.029	28.669	-0.022
00.027	28.670	-0.021
00.029	28.670	-0.021
00.029	28.671	-0.022
00.030	28.671	-0.021
00.029	28.671	-0.021
00.028	28.672	-0.021
00.030	28.672	-0.020
00.029	28.674	-0.021
00.028	28.674	-0.021
00.028	28.673	-0.023
00.028	28.673	-0.022
00.030	28.672	-0.022
00.028	28.673	-0.021
00.028	28.672	-0.021
00.029	28.673	-0.020
00.029	28.674	-0.022
00.029	28.674	-0.020
00.029	28.674	-0.023
00.027	28.674	-0.022
00.028	28.675	-0.022
00.029	28.674	-0.022
00.029	28.676	-0.021
00.028	28.674	-0.023
00.029	28.677	-0.022
00.027	28.676	-0.024
00.028	28.676	-0.022
00.028	28.677	-0.022
00.027	28.677	-0.022
00.026	28.679	-0.022
00.029	28.679	-0.021
00.029	28.679	-0.023
00.029	28.680	-0.020
00.029	28.679	-0.021
00.029	28.679	-0.021
00.029	28.679	-0.022
00.031	28.677	-0.021
00.031	28.678	-0.020
00.031	28.678	-0.022
00.030	28.677	-0.023
00.030	28.677	-0.024
00.030	28.677	-0.021
00.030	28.676	-0.022
00.029	28.675	-0.022
00.031	28.675	-0.021
00.028	28.675	-0.021
00.029	28.675	-0.022
00.028	28.676	-0.021
00.030	28.675	-0.022
00.030	28.676	-0.022
00.030	28.677	-0.021
00.028	28.677	-0.024
00.029	28.679	-0.021
00.028	28.680	-0.022
00.029	28.679	-0.021
00.029	28.679	-0.023
00.030	28.681	-0.023
00.028	28.680	-0.020
00.029	28.681	-0.021
00.029	28.681	-0.021
00.029	28.682	-0.022
00.030	28.683	-0.021
00.030	28.683	-0.022
00.030	28.684	-0.021
00.029	28.684	-0.022
00.028	28.683	-0.021
00.026	28.683	-0.023
00.028	28.684	-0.023
00.030	28.684	-0.024
00.029	28.684	-0.020
00.029	28.685	-0.021
00.029	28.685	-0.022
00.029	28.683	-0.020
00.029	28.684	-0.022
00.029	28.684	-0.022
00.029	28.684	-0.022
00.031	28.683	-0.022
00.029	28.684	-0.022
00.030	28.684	-0.020
00.029	28.683	-0.022
00.029	28.684	-0.020
00.030	28.684	-0.020
00.028	28.685	-0.021
00.028	28.686	-0.023
00.031	28.686	-0.019
00.029	28.687	-0.021
00.030	28.685	-0.023
00.032	28.687	-0.020
00.029	28.688	-0.021
00.030	28.687	-0.022
00.028	28.688	-0.022
00.030	28.688	-0.021
00.027	28.688	-0.022
00.027	28.687	-0.023
00.029	28.689	-0.022
00.030	28.688	-0.021
00.029	28.689	-0.023
00.029	28.688	-0.020
00.027	28.688	-0.023
00.030	28.687	-0.021
00.031	28.687	-0.021
00.029	28.688	-0.022
00.029	28.687	-0.021
00.031	28.686	-0.022
00.029	28.688	-0.021
00.031	28.687	-0.021
00.032	28.687	-0.021
00.028	28.685	-0.022
00.029	28.686	-0.023
00.027	28.686	-0.023
00.030	28.685	-0.021
00.027	28.686	-0.021
00.029	28.685	-0.021
00.029	28.683	-0.021
00.030	28.681	-0.019
00.030	28.682	-0.020
00.030	28.680	-0.022
00.030	28.679	-0.021
00.030	28.680	-0.023
00.026	28.679	-0.021
00.028	28.679	-0.021
00.028	28.678	-0.022
00.029	28.678	-0.020
00.029	28.677	-0.020
00.027	28.678	-0.021
00.028	28.678	-0.021
00.028	28.676	-0.020
00.028	28.676	-0.021
00.030	28.676	-0.022
00.030	28.675	-0.019
00.031	28.676	-0.023
00.029	28.675	-0.022
00.030	28.676	-0.020
00.029	28.675	-0.022
00.029	28.675	-0.020
00.028	28.675	-0.019
00.029	28.675	-0.022
00.027	28.675	-0.021
00.028	28.675	-0.022
00.029	28.674	-0.021
00.029	28.675	-0.020
00.030	28.674	-0.022
00.028	28.674	-0.022
00.028	28.675	-0.021
00.028	28.674	-0.022
00.030	28.674	-0.020
00.029	28.675	-0.021
00.028	28.673	-0.022
00.030	28.673	-0.022
00.029	28.675	-0.022
00.030	28.674	-0.021
00.029	28.674	-0.022
00.029	28.674	-0.022
00.029	28.675	-0.021
00.029	28.675	-0.021
00.031	28.676	-0.022
00.029	28.675	-0.021
00.029	28.675	-0.022
00.029	28.675	-0.022
00.031	28.676	-0.020
00.027	28.676	-0.023
00.029	28.676	-0.020
00.030	28.677	-0.022
00.029	28.678	-0.020
00.027	28.678	-0.021
00.028	28.678	-0.022
00.028	28.678	-0.022
00.030	28.678	-0.021
00.030	28.678	-0.023
00.030	28.678	-0.022
00.029	28.679	-0.020
00.030	28.679	-0.021
00.029	28.678	-0.022
00.031	28.679	-0.021
00.031	28.678	-0.021
00.029	28.679	-0.023
00.029	28.679	-0.023
00.031	28.680	-0.019
00.028	28.681	-0.022
00.031	28.679	-0.021
00.029	28.680	-0.023
00.029	28.680	-0.023
00.029	28.681	-0.021
00.029	28.679	-0.022
00.029	28.680	-0.023
00.027	28.680	-0.021
00.028	28.680	-0.022
00.029	28.679	-0.021
00.031	28.680	-0.022
00.028	28.681	-0.023
00.028	28.680	-0.021
00.028	28.679	-0.022
00.031	28.679	-0.022
00.030	28.679	-0.022
00.028	28.680	-0.022
00.028	28.680	-0.019
00.029	28.681	-0.021
00.029	28.680	-0.021
00.030	28.681	-0.020
00.030	28.681	-0.022
00.031	28.682	-0.022
00.029	28.682	-0.022
00.029	28.683	-0.022
00.029	28.682	-0.023
00.029	28.682	-0.023
00.028	28.683	-0.021
00.028	28.682	-0.022
00.027	28.682	-0.023
00.030	28.682	-0.020
00.029	28.683	-0.022
00.028	28.683	-0.020
00.027	28.684	-0.024
00.028	28.683	-0.022
00.028	28.682	-0.022
00.029	28.682	-0.022
00.030	28.681	-0.021
00.031	28.681	-0.021
00.030	28.680	-0.023
00.029	28.681	-0.022
00.030	28.682	-0.022
00.030	28.682	-0.024
00.030	28.682	-0.021
00.029	28.683	-0.022
00.029	28.682	-0.023
00.029	28.684	-0.020
00.030	28.684	-0.023
00.030	28.683	-0.022
00.030	28.683	-0.020
00.030	28.684	-0.022
00.030	28.685	-0.021
00.031	28.685	-0.022
00.030	28.685	-0.022
00.028	28.685	-0.023
00.030	28.686	-0.021
00.028	28.686	-0.021
00.028	28.685	-0.022
00.028	28.686	-0.021
00.031	28.686	-0.022
00.031	28.686	-0.022
00.030	28.686	-0.021
00.030	28.687	-0.021
00.030	28.687	-0.022
00.031	28.686	-0.023
00.029	28.686	-0.021
00.030	28.687	-0.022
00.030	28.686	-0.020
00.028	28.685	-0.022
00.029	28.685	-0.023
00.027	28.685	-0.019
00.030	28.685	-0.020
00.029	28.685	-0.021
00.028	28.685	-0.020
00.027	28.684	-0.021
00.030	28.684	-0.021
00.029	28.684	-0.021
00.028	28.683	-0.021
00.029	28.681	-0.022
00.029	28.681	-0.020
00.028	28.680	-0.023
00.029	28.680	-0.021
00.029	28.680	-0.021
00.029	28.679	-0.021
00.028	28.680	-0.022
00.028	28.680	-0.023
00.030	28.679	-0.022
00.028	28.680	-0.024
00.029	28.679	-0.022
00.029	28.679	-0.021
00.030	28.677	-0.020
00.030	28.676	-0.021
00.030	28.676	-0.022
00.031	28.675	-0.020
00.030	28.674	-0.021
00.030	28.675	-0.022
00.031	28.675	-0.021
00.027	28.676	-0.020
00.027	28.677	-0.021
00.027	28.675	-0.023
00.027	28.676	-0.021
00.030	28.676	-0.022
00.033	28.676	-0.020
00.030	28.677	-0.022
00.029	28.677	-0.021
00.029	28.677	-0.022
00.028	28.676	-0.021
00.028	28.676	-0.022
00.027	28.675	-0.021
00.027	28.675	-0.020
00.029	28.674	-0.022
00.030	28.673	-0.022
00.030	28.673	-0.021
00.031	28.672	-0.023
00.030	28.673	-0.022
00.030	28.673	-0.021
00.029	28.673	-0.021
00.028	28.673	-0.023
00.029	28.673	-0.021
00.030	28.674	-0.020
00.029	28.674	-0.021
00.028	28.673	-0.021
00.028	28.674	-0.022
00.031	28.674	-0.023
00.031	28.674	-0.020
00.029	28.675	-0.021
00.030	28.675	-0.020
00.027	28.676	-0.021
00.027	28.676	-0.024
00.027	28.675	-0.021
00.029	28.676	-0.020
00.030	28.676	-0.021
00.028	28.676	-0.021
00.028	28.675	-0.021
00.030	28.675	-0.022
00.029	28.676	-0.021
00.029	28.677	-0.021
00.031	28.677	-0.022
00.029	28.678	-0.021
00.030	28.678	-0.019
00.030	28.678	-0.022
00.028	28.678	-0.021
00.029	28.678	-0.021
00.028	28.678	-0.020
00.030	28.677	-0.022
00.029	28.678	-0.021
00.030	28.678	-0.021
00.030	28.678	-0.023
00.030	28.679	-0.021
00.028	28.678	-0.023
00.027	28.677	-0.022
00.027	28.677	-0.023
00.029	28.678	-0.021
00.027	28.678	-0.022
00.029	28.677	-0.022
00.029	28.676	-0.021
00.029	28.676	-0.022
00.029	28.676	-0.022
00.029	28.675	-0.021
00.029	28.673	-0.022
00.030	28.674	-0.021
00.031	28.673	-0.021
00.030	28.673	-0.023
00.030	28.674	-0.021
00.029	28.673	-0.022
00.029	28.675	-0.022
00.029	28.673	-0.022
00.030	28.673	-0.020
00.030	28.673	-0.020
00.029	28.672	-0.021
00.030	28.672	-0.022
00.030	28.672	-0.021
00.029	28.672	-0.022
00.031	28.672	-0.021
00.030	28.673	-0.022
00.027	28.673	-0.022
00.028	28.673	-0.020
00.029	28.674	-0.022
00.028	28.677	-0.022
00.028	28.677	-0.020
00.030	28.676	-0.021
00.030	28.679	-0.021
00.028	28.678	-0.021
00.026	28.678	-0.021
00.026	28.677	-0.020
00.027	28.678	-0.024
00.027	28.677	-0.022
00.029	28.678	-0.021
00.029	28.678	-0.022
00.029	28.678	-0.022
00.031	28.678	-0.020
00.029	28.678	-0.021
00.030	28.680	-0.021
00.030	28.680	-0.023
00.028	28.679	-0.020
00.028	28.680	-0.020
00.029	28.680	-0.022
00.030	28.681	-0.023
00.030	28.681	-0.021
00.029	28.681	-0.024
00.029	28.682	-0.021
00.028	28.681	-0.021
00.030	28.680	-0.022
00.030	28.680	-0.023
00.030	28.680	-0.022
00.031	28.681	-0.021
00.029	28.681	-0.023
00.028	28.680	-0.022
00.029	28.681	-0.023
00.030	28.681	-0.021
00.029	28.682	-0.022
00.030	28.682	-0.021
00.031	28.680	-0.022
00.030	28.681	-0.021
00.030	28.681	-0.022
00.029	28.682	-0.023
00.030	28.682	-0.022
00.028	28.683	-0.020
00.028	28.685	-0.022
00.027	28.685	-0.022
00.029	28.685	-0.022
00.031	28.686	-0.019
00.028	28.686	-0.021
00.029	28.685	-0.022
00.030	28.684	-0.022
00.030	28.683	-0.021
00.029	28.686	-0.020
00.029	28.686	-0.023
00.030	28.685	-0.021
00.030	28.686	-0.021
00.029	28.686	-0.021
00.027	28.686	-0.022
00.031	28.686	-0.020
00.029	28.685	-0.021
00.030	28.686	-0.021
00.031	28.686	-0.021
00.031	28.688	-0.022
00.028	28.689	-0.021
00.030	28.688	-0.021
00.028	28.688	-0.022
00.028	28.689	-0.021
00.028	28.689	-0.021
00.028	28.689	-0.022
00.027	28.690	-0.022
00.027	28.690	-0.022
00.029	28.691	-0.023
00.029	28.690	-0.023
00.029	28.690	-0.023
00.028	28.691	-0.022
00.029	28.691	-0.021
00.030	28.691	-0.022
00.030	28.691	-0.020
00.029	28.689	-0.021
00.029	28.691	-0.021
00.030	28.690	-0.020
00.028	28.691	-0.022
00.028	28.692	-0.021
00.026	28.693	-0.021
00.029	28.692	-0.021
00.029	28.692	-0.022
00.031	28.693	-0.020
00.029	28.693	-0.021
00.028	28.693	-0.020
00.031	28.693	-0.020
00.029	28.693	-0.023
00.027	28.693	-0.022
00.027	28.694	-0.021
00.026	28.694	-0.020
00.028	28.694	-0.023
00.028	28.694	-0.022
00.027	28.694	-0.020
00.028	28.693	-0.022
00.031	28.695	-0.021
00.030	28.694	-0.021
00.028	28.693	-0.021
00.028	28.693	-0.021
00.028	28.693	-0.022
00.028	28.693	-0.022
00.030	28.692	-0.020
00.030	28.691	-0.022
00.030	28.690	-0.021
00.029	28.690	-0.022
00.029	28.692	-0.021
00.029	28.691	-0.022
00.028	28.691	-0.022
00.029	28.690	-0.021
00.030	28.691	-0.022
00.029	28.691	-0.021
00.030	28.691	-0.022
00.029	28.691	-0.021
00.029	28.692	-0.022
00.030	28.692	-0.021
00.028	28.693	-0.022
00.027	28.693	-0.022
00.029	28.692	-0.022
00.028	28.692	-0.021
00.028	28.693	-0.020
00.028	28.693	-0.021
00.028	28.692	-0.022
00.028	28.691	-0.022
00.031	28.691	-0.022
00.031	28.691	-0.021
00.026	28.691	-0.023
00.027	28.692	-0.022
00.028	28.691	-0.022
00.029	28.693	-0.020
00.029	28.692	-0.020
00.031	28.692	-0.019
00.030	28.692	-0.022
00.031	28.693	-0.021
00.030	28.694	-0.022
00.028	28.695	-0.022
00.030	28.692	-0.022
00.030	28.693	-0.022
00.028	28.692	-0.022
00.028	28.693	-0.020
00.027	28.693	-0.021
00.028	28.693	-0.022
00.027	28.693	-0.021
00.028	28.693	-0.021
00.029	28.693	-0.023
00.029	28.693	-0.021
00.029	28.693	-0.022
00.029	28.693	-0.021
00.029	28.693	-0.023
00.029	28.693	-0.020
00.028	28.694	-0.022
00.030	28.693	-0.021
00.029	28.694	-0.020
00.030	28.693	-0.021
00.029	28.695	-0.021
00.029	28.693	-0.022
00.028	28.694	-0.023
00.028	28.693	-0.021
00.028	28.693	-0.023
00.029	28.693	-0.020
00.028	28.693	-0.021
00.030	28.693	-0.025
00.029	28.693	-0.022
00.029	28.694	-0.021
00.028	28.692	-0.022
00.030	28.692	-0.022
00.030	28.693	-0.022
00.029	28.694	-0.022
00.029	28.693	-0.022
00.029	28.694	-0.022
00.027	28.693	-0.021
00.027	28.693	-0.021
00.028	28.693	-0.021
00.029	28.694	-0.019
00.029	28.693	-0.021
00.029	28.693	-0.021
00.030	28.693	-0.022
00.029	28.693	-0.023
00.028	28.694	-0.021
00.028	28.695	-0.023
00.028	28.693	-0.021
00.031	28.693	-0.022
00.030	28.692	-0.021
00.028	28.693	-0.021
00.029	28.693	-0.022
00.027	28.692	-0.021
00.028	28.692	-0.023
00.029	28.692	-0.020
00.029	28.693	-0.021
00.027	28.693	-0.022
00.029	28.695	-0.021
00.028	28.693	-0.021
00.028	28.693	-0.020
00.029	28.694	-0.021
00.029	28.693	-0.022
00.028	28.693	-0.020
00.028	28.693	-0.022
00.026	28.693	-0.021
00.028	28.694	-0.022
00.030	28.694	-0.022
00.031	28.694	-0.021
00.030	28.694	-0.020
00.029	28.695	-0.021
00.028	28.694	-0.021
00.029	28.694	-0.021
00.029	28.694	-0.020
00.028	28.692	-0.021
00.029	28.693	-0.021
00.028	28.693	-0.023
00.028	28.694	-0.020
00.029	28.694	-0.021
00.029	28.693	-0.023
00.029	28.693	-0.023
00.029	28.693	-0.021
00.029	28.693	-0.020
00.028	28.694	-0.022
00.029	28.694	-0.022
00.029	28.694	-0.020
00.028	28.695	-0.022
00.028	28.696	-0.023
00.029	28.696	-0.021
00.029	28.698	-0.021
00.029	28.698	-0.021
00.028	28.698	-0.021
00.030	28.698	-0.022
00.032	28.697	-0.021
00.030	28.698	-0.021
00.028	28.698	-0.022
00.029	28.698	-0.021
