Now: 18/09/2024 13:36:52
Battery Level: 1.1V
MiniCTD: S/N 60818
Site info: BERMUDA_2024
Calibrated: 09/08/2017
Latitude: 32.000000
Mode: M8
Tare: 10.1493
Pressure units: dBar
00.011	27.628	-0.024
00.010	27.629	-0.027
00.011	27.631	-0.027
00.010	27.632	-0.025
00.009	27.632	-0.027
00.008	27.633	-0.028
00.010	27.633	-0.027
00.011	27.633	-0.025
00.011	27.633	-0.028
00.011	27.634	-0.027
00.010	27.634	-0.027
00.010	27.635	-0.025
00.011	27.635	-0.027
00.013	27.635	-0.026
00.008	27.636	-0.026
00.011	27.635	-0.026
00.010	27.635	-0.025
00.012	27.636	-0.025
00.011	27.636	-0.026
00.009	27.635	-0.028
00.011	27.635	-0.026
00.011	27.635	-0.027
00.010	27.635	-0.027
00.009	27.635	-0.027
00.009	27.636	-0.025
00.009	27.635	-0.028
00.010	27.636	-0.027
00.011	27.637	-0.027
00.009	27.636	-0.027
00.011	27.636	-0.027
00.008	27.636	-0.028
00.010	27.637	-0.026
00.009	27.637	-0.026
00.009	27.636	-0.026
00.010	27.636	-0.026
00.011	27.635	-0.027
00.009	27.636	-0.026
00.010	27.636	-0.027
00.010	27.637	-0.028
00.011	27.636	-0.026
00.009	27.637	-0.026
00.010	27.635	-0.027
00.011	27.637	-0.027
00.010	27.635	-0.025
00.010	27.635	-0.027
00.010	27.635	-0.026
00.011	27.636	-0.029
00.011	27.636	-0.027
00.008	27.636	-0.027
00.009	27.636	-0.027
00.012	27.635	-0.027
00.011	27.636	-0.027
00.010	27.636	-0.026
00.010	27.636	-0.026
00.011	27.635	-0.025
00.011	27.635	-0.026
00.011	27.635	-0.028
00.013	27.635	-0.028
00.010	27.635	-0.025
00.013	27.634	-0.026
00.010	27.634	-0.025
00.010	27.635	-0.026
00.009	27.634	-0.027
00.008	27.634	-0.027
00.010	27.635	-0.026
00.011	27.635	-0.027
00.012	27.634	-0.027
00.011	27.635	-0.026
00.010	27.635	-0.026
00.010	27.635	-0.027
00.012	27.636	-0.027
00.012	27.635	-0.025
00.011	27.634	-0.027
00.010	27.635	-0.026
00.012	27.633	-0.027
00.012	27.635	-0.026
00.014	27.634	-0.026
00.010	27.634	-0.027
00.012	27.634	-0.026
00.011	27.634	-0.025
00.010	27.632	-0.026
00.011	27.633	-0.026
00.010	27.633	-0.026
00.010	27.633	-0.027
00.011	27.633	-0.027
00.012	27.632	-0.026
00.012	27.633	-0.027
00.014	27.632	-0.026
00.011	27.633	-0.028
00.010	27.632	-0.026
00.006	27.632	-0.028
00.009	27.632	-0.027
00.010	27.632	-0.025
00.012	27.632	-0.025
00.010	27.632	-0.027
00.009	27.632	-0.026
00.010	27.632	-0.025
00.011	27.631	-0.026
00.012	27.631	-0.028
00.013	27.631	-0.025
00.011	27.632	-0.027
00.011	27.631	-0.027
00.010	27.630	-0.026
00.011	27.631	-0.026
00.012	27.630	-0.026
00.012	27.630	-0.027
00.011	27.631	-0.027
00.010	27.631	-0.029
00.011	27.631	-0.026
00.011	27.630	-0.025
00.012	27.631	-0.025
00.012	27.630	-0.029
00.011	27.631	-0.026
00.011	27.632	-0.026
00.010	27.632	-0.026
00.012	27.631	-0.027
00.010	27.632	-0.027
00.010	27.633	-0.027
00.010	27.632	-0.026
00.010	27.632	-0.027
00.011	27.633	-0.026
00.010	27.633	-0.027
00.010	27.633	-0.028
00.010	27.634	-0.027
00.011	27.633	-0.025
00.013	27.634	-0.027
00.009	27.634	-0.027
00.011	27.633	-0.026
00.013	27.633	-0.026
00.011	27.632	-0.027
00.012	27.633	-0.026
00.012	27.633	-0.026
00.013	27.633	-0.026
00.012	27.633	-0.027
00.011	27.633	-0.027
00.009	27.633	-0.027
00.009	27.632	-0.024
00.009	27.635	-0.026
00.011	27.635	-0.026
00.011	27.634	-0.028
00.011	27.635	-0.026
00.009	27.635	-0.025
00.010	27.635	-0.026
00.011	27.635	-0.028
00.010	27.635	-0.026
00.010	27.634	-0.027
00.011	27.635	-0.027
00.011	27.635	-0.026
00.011	27.636	-0.027
00.013	27.636	-0.028
00.011	27.635	-0.026
00.011	27.636	-0.027
00.011	27.637	-0.027
00.008	27.637	-0.028
00.010	27.636	-0.026
00.012	27.636	-0.026
00.012	27.636	-0.026
00.010	27.636	-0.027
00.013	27.637	-0.026
00.012	27.636	-0.027
00.011	27.637	-0.027
00.010	27.637	-0.024
00.010	27.636	-0.026
00.010	27.636	-0.027
00.011	27.637	-0.027
00.013	27.636	-0.025
00.013	27.637	-0.024
00.010	27.638	-0.026
00.011	27.637	-0.026
00.012	27.636	-0.027
00.012	27.636	-0.026
00.010	27.637	-0.027
00.013	27.636	-0.027
00.013	27.635	-0.028
00.012	27.632	-0.025
00.011	27.633	-0.029
00.011	27.634	-0.027
00.010	27.634	-0.026
00.012	27.633	-0.028
00.010	27.633	-0.027
00.012	27.633	-0.026
00.012	27.633	-0.026
00.012	27.633	-0.027
00.012	27.632	-0.026
00.010	27.632	-0.028
00.012	27.633	-0.028
00.011	27.635	-0.027
00.011	27.633	-0.026
00.011	27.634	-0.025
00.011	27.634	-0.026
00.013	27.634	-0.026
00.012	27.635	-0.027
00.013	27.634	-0.027
00.013	27.635	-0.027
00.011	27.634	-0.027
00.011	27.635	-0.028
00.011	27.635	-0.026
00.011	27.635	-0.029
00.012	27.634	-0.027
00.010	27.633	-0.027
00.011	27.632	-0.028
00.011	27.634	-0.025
00.012	27.633	-0.025
00.011	27.633	-0.027
00.011	27.633	-0.027
00.012	27.634	-0.025
00.013	27.633	-0.028
00.011	27.634	-0.028
00.012	27.634	-0.027
00.012	27.634	-0.025
00.012	27.635	-0.028
00.011	27.633	-0.026
00.010	27.635	-0.025
00.009	27.635	-0.028
00.011	27.634	-0.026
00.011	27.634	-0.025
00.013	27.635	-0.025
00.012	27.635	-0.027
00.013	27.635	-0.026
00.012	27.635	-0.026
00.011	27.636	-0.026
00.011	27.637	-0.026
00.012	27.636	-0.028
00.013	27.636	-0.026
00.012	27.637	-0.025
00.013	27.638	-0.026
00.013	27.637	-0.026
00.013	27.637	-0.025
00.011	27.638	-0.025
00.012	27.637	-0.026
00.013	27.638	-0.027
00.011	27.638	-0.026
00.011	27.638	-0.027
00.010	27.639	-0.025
00.011	27.639	-0.027
00.010	27.638	-0.028
00.011	27.639	-0.027
00.011	27.639	-0.026
00.010	27.640	-0.027
00.010	27.639	-0.028
00.011	27.641	-0.026
00.011	27.641	-0.025
00.011	27.640	-0.026
00.011	27.641	-0.028
00.013	27.641	-0.025
00.012	27.642	-0.026
00.013	27.641	-0.026
00.013	27.642	-0.025
00.011	27.643	-0.027
00.010	27.644	-0.026
00.010	27.643	-0.027
00.010	27.645	-0.026
00.012	27.644	-0.025
00.013	27.644	-0.026
00.012	27.645	-0.026
00.011	27.645	-0.028
00.010	27.647	-0.026
00.010	27.647	-0.026
00.010	27.647	-0.028
00.010	27.648	-0.026
00.011	27.648	-0.026
00.012	27.648	-0.025
00.012	27.649	-0.027
00.013	27.650	-0.026
00.008	27.649	-0.025
00.010	27.650	-0.027
00.012	27.649	-0.027
00.011	27.650	-0.027
00.011	27.649	-0.026
00.011	27.649	-0.027
00.011	27.649	-0.025
00.011	27.650	-0.027
00.010	27.650	-0.027
00.011	27.651	-0.026
00.010	27.651	-0.025
00.010	27.650	-0.026
00.012	27.652	-0.027
00.012	27.651	-0.027
00.011	27.650	-0.025
00.010	27.652	-0.027
00.009	27.652	-0.027
00.012	27.652	-0.025
00.009	27.653	-0.025
00.009	27.651	-0.025
00.010	27.652	-0.026
00.010	27.653	-0.026
00.013	27.652	-0.026
00.013	27.652	-0.027
00.012	27.653	-0.026
00.012	27.654	-0.026
00.011	27.655	-0.025
00.013	27.654	-0.029
00.011	27.654	-0.026
00.012	27.654	-0.026
00.014	27.654	-0.027
00.013	27.654	-0.028
00.011	27.654	-0.025
00.011	27.655	-0.028
00.012	27.655	-0.027
00.012	27.654	-0.026
00.009	27.653	-0.025
00.011	27.654	-0.027
00.011	27.655	-0.026
00.011	27.654	-0.025
00.011	27.654	-0.025
00.012	27.656	-0.026
00.012	27.655	-0.025
00.010	27.656	-0.025
00.012	27.656	-0.026
00.012	27.655	-0.026
00.008	27.658	-0.027
00.011	27.657	-0.026
00.010	27.657	-0.027
00.008	27.657	-0.026
00.010	27.658	-0.024
00.010	27.656	-0.025
00.013	27.656	-0.026
00.012	27.659	-0.027
00.014	27.657	-0.026
00.011	27.657	-0.027
00.010	27.657	-0.026
00.010	27.657	-0.026
00.010	27.657	-0.027
00.010	27.657	-0.028
00.012	27.657	-0.026
00.012	27.657	-0.027
00.012	27.658	-0.026
00.013	27.657	-0.025
00.011	27.656	-0.027
00.011	27.657	-0.026
00.011	27.659	-0.025
00.012	27.658	-0.025
00.011	27.658	-0.025
00.010	27.658	-0.027
00.011	27.659	-0.027
00.008	27.659	-0.025
00.011	27.659	-0.026
00.011	27.660	-0.026
00.012	27.660	-0.025
00.011	27.660	-0.027
00.012	27.660	-0.027
00.012	27.661	-0.027
00.012	27.661	-0.026
00.012	27.662	-0.026
00.012	27.661	-0.026
00.012	27.662	-0.027
00.011	27.662	-0.028
00.010	27.662	-0.026
00.010	27.663	-0.028
00.010	27.663	-0.026
00.011	27.663	-0.025
00.011	27.664	-0.028
00.010	27.664	-0.029
00.011	27.664	-0.027
00.010	27.664	-0.026
00.010	27.664	-0.026
00.010	27.664	-0.027
00.012	27.665	-0.027
00.011	27.665	-0.025
00.011	27.665	-0.028
00.011	27.666	-0.027
00.011	27.666	-0.026
00.011	27.667	-0.026
00.015	27.666	-0.026
00.012	27.667	-0.025
00.012	27.667	-0.028
00.013	27.668	-0.026
00.012	27.667	-0.027
00.011	27.668	-0.027
00.011	27.668	-0.026
00.013	27.669	-0.026
00.014	27.671	-0.027
00.011	27.671	-0.028
00.012	27.669	-0.026
00.012	27.671	-0.027
00.012	27.671	-0.027
00.011	27.671	-0.025
00.012	27.672	-0.026
00.012	27.673	-0.026
00.011	27.672	-0.026
00.011	27.671	-0.028
00.010	27.672	-0.025
00.011	27.673	-0.028
00.011	27.672	-0.026
00.013	27.672	-0.025
00.012	27.671	-0.026
00.013	27.670	-0.025
00.013	27.670	-0.026
00.013	27.669	-0.027
00.012	27.669	-0.027
00.011	27.668	-0.026
00.010	27.668	-0.026
00.012	27.668	-0.026
00.012	27.668	-0.025
00.013	27.667	-0.026
00.013	27.668	-0.028
00.011	27.667	-0.024
00.010	27.667	-0.027
00.010	27.667	-0.026
00.013	27.667	-0.028
00.013	27.665	-0.024
00.012	27.666	-0.028
00.011	27.666	-0.028
00.011	27.665	-0.027
00.013	27.666	-0.025
00.011	27.665	-0.028
00.012	27.665	-0.026
00.012	27.665	-0.027
00.011	27.664	-0.027
00.011	27.665	-0.026
00.010	27.663	-0.026
00.013	27.663	-0.026
00.012	27.663	-0.027
00.012	27.662	-0.026
00.012	27.662	-0.026
00.012	27.661	-0.028
00.011	27.660	-0.027
00.010	27.660	-0.026
00.010	27.659	-0.026
00.012	27.659	-0.026
00.011	27.658	-0.027
00.011	27.658	-0.025
00.012	27.657	-0.026
00.013	27.658	-0.028
00.010	27.656	-0.025
00.010	27.657	-0.027
00.012	27.657	-0.026
00.013	27.658	-0.026
00.008	27.657	-0.027
00.011	27.657	-0.025
00.013	27.658	-0.026
00.012	27.657	-0.027
00.012	27.657	-0.027
00.012	27.658	-0.026
00.012	27.656	-0.027
00.011	27.657	-0.028
00.012	27.658	-0.026
00.011	27.659	-0.027
00.010	27.658	-0.026
00.013	27.658	-0.027
00.012	27.657	-0.026
00.013	27.658	-0.026
00.013	27.658	-0.027
00.009	27.658	-0.027
00.012	27.657	-0.026
00.012	27.657	-0.027
00.012	27.657	-0.026
00.012	27.658	-0.025
00.012	27.658	-0.026
00.013	27.657	-0.026
00.012	27.657	-0.026
00.012	27.659	-0.025
00.012	27.657	-0.026
00.012	27.659	-0.028
00.012	27.656	-0.027
00.012	27.657	-0.028
00.010	27.656	-0.026
00.011	27.656	-0.027
00.012	27.655	-0.026
00.014	27.656	-0.026
00.010	27.656	-0.027
00.011	27.656	-0.029
00.010	27.655	-0.027
00.010	27.654	-0.027
00.010	27.654	-0.025
00.012	27.654	-0.027
00.012	27.654	-0.026
00.011	27.652	-0.027
00.011	27.653	-0.027
00.012	27.655	-0.027
00.011	27.654	-0.026
00.012	27.655	-0.028
00.012	27.656	-0.027
00.014	27.655	-0.026
00.014	27.654	-0.028
00.014	27.656	-0.027
00.011	27.657	-0.026
00.011	27.656	-0.027
00.012	27.658	-0.026
00.013	27.659	-0.026
00.013	27.659	-0.027
00.012	27.659	-0.025
00.014	27.660	-0.027
00.012	27.660	-0.027
00.014	27.660	-0.027
00.014	27.661	-0.026
00.009	27.662	-0.025
00.011	27.663	-0.027
00.011	27.663	-0.028
00.011	27.664	-0.025
00.012	27.663	-0.026
00.011	27.664	-0.026
00.013	27.663	-0.029
00.013	27.664	-0.026
00.012	27.665	-0.025
00.014	27.664	-0.026
00.013	27.663	-0.024
00.012	27.664	-0.024
00.013	27.664	-0.027
00.013	27.664	-0.025
00.012	27.664	-0.026
00.013	27.664	-0.026
00.011	27.664	-0.028
00.011	27.665	-0.026
00.012	27.665	-0.028
00.012	27.665	-0.026
00.010	27.665	-0.026
00.010	27.666	-0.026
00.012	27.666	-0.026
00.010	27.667	-0.026
00.013	27.666	-0.026
00.011	27.667	-0.024
00.010	27.668	-0.026
00.011	27.668	-0.027
00.012	27.670	-0.028
00.012	27.669	-0.025
00.012	27.669	-0.026
00.010	27.670	-0.026
00.011	27.670	-0.027
00.010	27.671	-0.025
00.013	27.671	-0.028
00.010	27.671	-0.025
00.011	27.672	-0.027
00.012	27.673	-0.026
00.012	27.673	-0.026
00.011	27.673	-0.025
00.012	27.673	-0.025
00.012	27.674	-0.027
00.012	27.674	-0.027
00.012	27.674	-0.026
00.013	27.675	-0.027
00.011	27.675	-0.026
00.012	27.675	-0.025
00.010	27.676	-0.024
00.010	27.676	-0.026
00.012	27.678	-0.026
00.012	27.677	-0.027
00.011	27.677	-0.026
00.013	27.677	-0.025
00.011	27.678	-0.027
00.013	27.678	-0.027
00.012	27.678	-0.026
00.009	27.678	-0.024
00.012	27.677	-0.026
00.011	27.678	-0.026
00.011	27.678	-0.026
00.011	27.678	-0.028
00.012	27.679	-0.026
00.013	27.678	-0.026
00.012	27.679	-0.028
00.012	27.677	-0.024
00.011	27.677	-0.027
00.011	27.677	-0.027
00.013	27.676	-0.026
00.012	27.677	-0.027
00.011	27.675	-0.027
00.009	27.675	-0.027
00.009	27.676	-0.028
00.013	27.676	-0.026
00.011	27.676	-0.026
00.010	27.677	-0.025
00.010	27.676	-0.027
00.010	27.676	-0.027
00.012	27.677	-0.028
00.013	27.676	-0.026
00.012	27.677	-0.027
00.012	27.676	-0.028
00.012	27.676	-0.028
00.012	27.678	-0.027
00.012	27.677	-0.027
00.013	27.677	-0.026
00.011	27.676	-0.026
00.011	27.676	-0.026
00.011	27.677	-0.026
00.013	27.676	-0.027
00.012	27.675	-0.024
00.013	27.677	-0.026
00.014	27.676	-0.026
00.012	27.675	-0.027
00.012	27.675	-0.026
00.012	27.675	-0.027
00.011	27.676	-0.027
00.011	27.676	-0.026
00.013	27.676	-0.025
00.013	27.676	-0.026
00.011	27.676	-0.027
00.011	27.677	-0.026
00.012	27.677	-0.027
00.010	27.676	-0.026
00.010	27.677	-0.027
00.010	27.678	-0.024
00.010	27.678	-0.026
00.010	27.678	-0.026
00.010	27.679	-0.025
00.011	27.679	-0.025
00.011	27.679	-0.025
00.011	27.678	-0.027
00.011	27.678	-0.027
00.012	27.679	-0.026
00.012	27.678	-0.027
00.014	27.677	-0.026
00.013	27.679	-0.027
00.011	27.677	-0.027
00.010	27.678	-0.028
00.011	27.679	-0.026
00.012	27.679	-0.027
00.012	27.679	-0.026
00.012	27.679	-0.027
00.013	27.679	-0.027
00.010	27.680	-0.026
00.013	27.680	-0.026
00.014	27.681	-0.027
00.011	27.681	-0.026
00.011	27.680	-0.026
00.014	27.680	-0.027
00.012	27.680	-0.028
00.013	27.681	-0.026
00.012	27.680	-0.028
00.012	27.680	-0.026
00.012	27.681	-0.027
00.012	27.681	-0.027
00.014	27.682	-0.027
00.014	27.682	-0.026
00.011	27.682	-0.025
00.010	27.680	-0.027
00.012	27.682	-0.026
00.012	27.680	-0.026
00.011	27.680	-0.027
00.013	27.680	-0.026
00.012	27.681	-0.026
00.012	27.681	-0.026
00.011	27.681	-0.028
00.011	27.681	-0.026
00.011	27.681	-0.025
00.011	27.681	-0.025
00.011	27.680	-0.025
00.011	27.680	-0.026
00.012	27.680	-0.026
00.013	27.682	-0.027
00.012	27.681	-0.025
00.011	27.681	-0.027
00.011	27.681	-0.024
00.012	27.682	-0.025
00.011	27.682	-0.025
00.011	27.681	-0.026
00.014	27.682	-0.027
00.012	27.681	-0.026
00.014	27.683	-0.026
00.013	27.682	-0.027
00.013	27.682	-0.026
00.012	27.683	-0.027
00.013	27.683	-0.025
00.013	27.684	-0.028
00.013	27.684	-0.028
00.012	27.684	-0.027
00.013	27.684	-0.027
00.013	27.685	-0.029
00.010	27.685	-0.026
00.010	27.684	-0.025
00.011	27.684	-0.025
00.013	27.686	-0.026
00.013	27.685	-0.028
00.010	27.685	-0.027
00.010	27.685	-0.026
00.010	27.685	-0.029
00.010	27.686	-0.027
00.013	27.685	-0.026
00.010	27.686	-0.026
00.010	27.685	-0.026
00.011	27.686	-0.026
00.012	27.686	-0.027
00.014	27.686	-0.026
00.011	27.686	-0.027
00.011	27.686	-0.025
00.011	27.686	-0.026
00.010	27.687	-0.024
00.011	27.688	-0.028
00.013	27.687	-0.027
00.013	27.687	-0.024
00.012	27.688	-0.025
00.013	27.687	-0.027
00.012	27.687	-0.025
00.012	27.687	-0.025
00.012	27.689	-0.024
00.012	27.689	-0.027
00.013	27.689	-0.026
00.010	27.690	-0.026
00.011	27.689	-0.027
00.014	27.689	-0.025
00.011	27.689	-0.024
00.012	27.690	-0.027
00.013	27.690	-0.026
00.014	27.689	-0.027
00.014	27.689	-0.025
00.013	27.690	-0.027
00.012	27.690	-0.027
00.011	27.691	-0.025
00.011	27.690	-0.027
00.012	27.690	-0.024
00.012	27.691	-0.028
00.012	27.690	-0.029
00.011	27.690	-0.027
00.012	27.690	-0.025
00.009	27.690	-0.026
00.012	27.690	-0.029
00.013	27.689	-0.029
00.012	27.690	-0.027
00.012	27.690	-0.028
00.011	27.690	-0.026
00.012	27.691	-0.027
00.009	27.691	-0.027
00.011	27.692	-0.026
00.011	27.691	-0.026
00.011	27.691	-0.026
00.013	27.692	-0.026
00.012	27.692	-0.026
00.012	27.691	-0.025
00.012	27.692	-0.026
00.012	27.692	-0.026
00.013	27.693	-0.028
00.014	27.691	-0.027
00.014	27.691	-0.027
00.011	27.691	-0.028
00.009	27.690	-0.026
00.009	27.690	-0.025
00.012	27.691	-0.026
00.012	27.689	-0.027
00.013	27.690	-0.025
00.012	27.690	-0.025
00.014	27.690	-0.026
00.013	27.690	-0.027
00.011	27.691	-0.026
00.011	27.691	-0.027
00.010	27.690	-0.026
00.013	27.691	-0.026
00.016	27.690	-0.027
00.018	27.692	-0.029
00.017	27.689	-0.026
00.018	27.688	-0.025
00.018	27.689	-0.028
00.018	27.688	-0.027
00.021	27.689	-0.026
00.021	27.688	-0.027
00.025	27.687	-0.026
00.022	27.688	-0.026
00.022	27.687	-0.028
00.020	27.688	-0.029
00.018	27.688	-0.029
00.020	27.688	-0.025
00.020	27.687	-0.028
00.020	27.686	-0.028
00.017	27.687	-0.027
00.021	27.687	-0.026
00.019	27.688	-0.027
00.021	27.687	-0.027
00.021	27.688	-0.028
00.020	27.688	-0.027
00.018	27.689	-0.026
00.018	27.689	-0.028
00.018	27.690	-0.028
00.016	27.689	-0.027
00.015	27.689	-0.027
00.015	27.690	-0.026
00.017	27.689	-0.028
00.018	27.689	-0.025
00.018	27.689	-0.026
00.019	27.689	-0.026
00.021	27.689	-0.025
00.023	27.689	-0.026
00.023	27.688	-0.027
00.023	27.688	-0.027
00.020	27.688	-0.028
00.021	27.686	-0.027
00.023	27.685	-0.029
00.023	27.685	-0.026
00.023	27.685	-0.029
00.023	27.684	-0.027
00.022	27.684	-0.026
00.021	27.683	-0.026
00.021	27.682	-0.027
00.022	27.682	-0.027
00.022	27.681	-0.027
00.022	27.681	-0.025
00.023	27.680	-0.026
00.022	27.679	-0.027
00.023	27.679	-0.028
00.024	27.679	-0.027
00.025	27.678	-0.027
00.023	27.677	-0.026
00.024	27.676	-0.025
00.024	27.676	-0.027
00.023	27.675	-0.026
00.025	27.676	-0.027
00.024	27.677	-0.027
00.022	27.675	-0.027
00.047	27.676	-0.027
00.021	27.675	-0.027
00.018	27.676	-0.027
00.016	27.675	-0.026
00.017	27.675	-0.025
00.016	27.675	-0.026
00.014	27.675	-0.026
00.013	27.677	-0.026
00.017	27.676	-0.026
00.015	27.676	-0.028
00.012	27.677	-0.026
00.014	27.677	-0.028
00.012	27.678	-0.027
00.013	27.677	-0.026
00.013	27.679	-0.026
00.013	27.679	-0.026
00.010	27.681	-0.027
00.009	27.683	-0.024
00.011	27.682	-0.027
00.012	27.683	-0.026
00.013	27.684	-0.026
00.013	27.685	-0.028
00.009	27.685	-0.026
00.012	27.685	-0.026
00.010	27.686	-0.028
00.012	27.686	-0.027
00.013	27.686	-0.025
00.013	27.686	-0.026
00.013	27.685	-0.026
00.010	27.686	-0.026
00.013	27.686	-0.025
00.014	27.687	-0.026
00.011	27.686	-0.026
00.011	27.686	-0.027
00.013	27.687	-0.025
00.013	27.687	-0.026
00.012	27.687	-0.026
00.012	27.686	-0.025
00.013	27.687	-0.027
00.013	27.687	-0.027
00.013	27.687	-0.026
00.014	27.686	-0.026
00.012	27.688	-0.026
00.012	27.687	-0.025
00.014	27.688	-0.027
00.013	27.688	-0.027
00.013	27.688	-0.027
00.013	27.689	-0.025
00.015	27.688	-0.026
00.012	27.688	-0.026
00.013	27.688	-0.026
00.013	27.689	-0.028
00.012	27.688	-0.027
00.014	27.688	-0.026
00.014	27.688	-0.025
00.012	27.688	-0.027
00.013	27.687	-0.029
00.010	27.685	-0.026
00.012	27.685	-0.027
00.011	27.684	-0.028
00.012	27.683	-0.027
00.013	27.683	-0.024
00.012	27.682	-0.026
00.013	27.682	-0.025
00.014	27.681	-0.028
00.010	27.681	-0.026
00.010	27.682	-0.027
00.013	27.681	-0.026
00.013	27.683	-0.027
00.014	27.681	-0.027
00.014	27.682	-0.026
00.012	27.680	-0.027
00.012	27.681	-0.026
00.010	27.681	-0.027
00.010	27.681	-0.027
00.013	27.681	-0.026
00.014	27.681	-0.028
00.013	27.682	-0.027
00.013	27.682	-0.026
00.012	27.682	-0.025
00.012	27.683	-0.026
00.011	27.684	-0.026
00.012	27.684	-0.025
00.012	27.684	-0.025
00.011	27.685	-0.025
00.011	27.683	-0.028
00.010	27.684	-0.026
00.013	27.685	-0.024
00.013	27.685	-0.026
00.011	27.686	-0.027
00.011	27.685	-0.026
00.010	27.686	-0.024
00.013	27.684	-0.027
00.011	27.684	-0.026
00.012	27.684	-0.027
00.012	27.684	-0.026
00.012	27.684	-0.026
00.013	27.685	-0.026
00.013	27.684	-0.029
00.011	27.684	-0.026
00.012	27.684	-0.025
00.013	27.684	-0.026
00.011	27.684	-0.026
00.012	27.684	-0.026
00.011	27.685	-0.027
00.014	27.685	-0.026
00.014	27.684	-0.026
00.011	27.685	-0.027
00.011	27.684	-0.023
00.011	27.686	-0.027
00.011	27.685	-0.026
00.011	27.686	-0.027
00.012	27.686	-0.026
00.012	27.686	-0.027
00.013	27.686	-0.027
00.012	27.688	-0.026
00.012	27.688	-0.024
00.012	27.688	-0.027
00.012	27.689	-0.027
00.013	27.689	-0.025
00.009	27.688	-0.026
00.012	27.689	-0.026
00.011	27.689	-0.028
00.010	27.689	-0.027
00.009	27.689	-0.028
00.011	27.690	-0.025
00.014	27.689	-0.026
00.015	27.690	-0.025
00.015	27.690	-0.026
00.011	27.689	-0.025
00.012	27.690	-0.025
00.012	27.688	-0.027
00.012	27.689	-0.026
00.013	27.688	-0.026
00.011	27.688	-0.025
00.012	27.689	-0.025
00.012	27.689	-0.026
00.015	27.689	-0.027
00.014	27.690	-0.027
00.014	27.690	-0.027
00.013	27.691	-0.026
00.013	27.691	-0.027
00.012	27.691	-0.026
00.013	27.691	-0.027
00.011	27.692	-0.027
00.011	27.691	-0.026
00.013	27.692	-0.026
00.012	27.692	-0.026
00.013	27.692	-0.029
00.014	27.694	-0.028
00.013	27.693	-0.028
00.011	27.694	-0.027
00.013	27.693	-0.025
00.013	27.693	-0.026
00.012	27.694	-0.026
00.010	27.694	-0.028
00.011	27.694	-0.027
00.013	27.695	-0.027
00.008	27.695	-0.026
00.012	27.696	-0.025
00.013	27.695	-0.028
00.013	27.697	-0.027
00.013	27.696	-0.027
00.012	27.697	-0.027
00.010	27.698	-0.029
00.011	27.697	-0.026
00.011	27.697	-0.026
00.013	27.698	-0.028
00.011	27.697	-0.026
00.011	27.698	-0.028
00.012	27.699	-0.026
00.013	27.699	-0.025
00.014	27.699	-0.027
00.014	27.698	-0.025
00.012	27.700	-0.026
00.011	27.700	-0.026
00.011	27.700	-0.028
00.013	27.700	-0.025
00.013	27.701	-0.026
00.014	27.702	-0.026
00.013	27.701	-0.027
00.012	27.702	-0.027
00.011	27.701	-0.024
00.011	27.702	-0.025
00.011	27.703	-0.025
00.011	27.703	-0.028
00.013	27.702	-0.026
00.012	27.703	-0.026
00.013	27.703	-0.026
00.013	27.703	-0.026
00.013	27.702	-0.025
00.011	27.703	-0.025
00.012	27.704	-0.026
00.012	27.704	-0.027
00.014	27.706	-0.026
00.011	27.705	-0.027
00.012	27.706	-0.025
00.011	27.706	-0.027
00.011	27.706	-0.026
00.012	27.706	-0.028
00.012	27.706	-0.027
00.014	27.707	-0.028
00.014	27.707	-0.026
00.012	27.708	-0.028
00.013	27.708	-0.025
00.012	27.707	-0.027
00.012	27.709	-0.026
00.013	27.708	-0.029
00.011	27.708	-0.026
00.012	27.707	-0.026
00.011	27.709	-0.024
00.011	27.709	-0.026
00.014	27.709	-0.026
00.013	27.709	-0.028
00.012	27.709	-0.026
00.011	27.709	-0.027
00.012	27.710	-0.026
00.012	27.710	-0.026
00.010	27.710	-0.028
00.013	27.711	-0.028
00.013	27.710	-0.027
00.014	27.711	-0.027
00.012	27.712	-0.025
00.011	27.711	-0.026
00.011	27.712	-0.027
00.012	27.712	-0.026
00.013	27.712	-0.027
00.014	27.713	-0.024
00.013	27.713	-0.027
00.014	27.713	-0.026
00.011	27.714	-0.028
00.015	27.713	-0.026
00.014	27.714	-0.026
00.014	27.714	-0.026
00.013	27.714	-0.027
00.011	27.714	-0.025
00.012	27.714	-0.025
00.011	27.715	-0.027
00.012	27.715	-0.025
00.013	27.715	-0.026
00.013	27.716	-0.026
00.011	27.716	-0.027
00.011	27.716	-0.026
00.011	27.716	-0.028
00.012	27.715	-0.026
00.015	27.716	-0.027
00.014	27.714	-0.027
00.014	27.716	-0.026
00.014	27.715	-0.027
00.012	27.717	-0.028
00.012	27.716	-0.026
00.012	27.715	-0.027
00.011	27.716	-0.026
00.011	27.716	-0.028
00.013	27.715	-0.025
00.011	27.716	-0.026
00.011	27.716	-0.027
00.014	27.717	-0.026
00.012	27.717	-0.025
00.012	27.717	-0.025
00.014	27.717	-0.027
00.012	27.717	-0.026
00.013	27.717	-0.027
00.015	27.717	-0.028
00.015	27.717	-0.027
00.013	27.716	-0.026
00.015	27.716	-0.026
00.015	27.717	-0.027
00.012	27.717	-0.027
00.012	27.716	-0.027
00.013	27.716	-0.027
00.014	27.717	-0.028
00.015	27.716	-0.027
00.011	27.717	-0.026
00.013	27.717	-0.026
00.013	27.716	-0.027
00.012	27.715	-0.026
00.013	27.714	-0.027
00.013	27.714	-0.028
00.014	27.714	-0.026
00.012	27.713	-0.025
00.012	27.712	-0.028
00.012	27.712	-0.027
00.012	27.712	-0.027
00.012	27.711	-0.027
00.015	27.711	-0.028
00.015	27.710	-0.027
00.013	27.709	-0.026
00.013	27.710	-0.027
00.014	27.708	-0.027
00.013	27.709	-0.027
00.013	27.708	-0.027
00.013	27.708	-0.027
00.012	27.706	-0.027
00.012	27.707	-0.027
00.012	27.706	-0.028
00.012	27.705	-0.025
00.013	27.706	-0.027
00.012	27.705	-0.026
00.012	27.706	-0.026
00.014	27.706	-0.027
00.015	27.705	-0.025
00.011	27.706	-0.027
00.013	27.706	-0.026
00.015	27.706	-0.028
00.014	27.707	-0.026
00.014	27.706	-0.026
00.015	27.706	-0.026
00.014	27.706	-0.026
00.012	27.707	-0.026
00.013	27.708	-0.027
00.013	27.707	-0.025
00.013	27.707	-0.026
00.011	27.710	-0.026
00.013	27.708	-0.027
00.013	27.709	-0.027
00.012	27.711	-0.027
00.012	27.710	-0.026
00.013	27.710	-0.026
00.011	27.710	-0.026
00.012	27.710	-0.025
00.012	27.712	-0.026
00.014	27.710	-0.025
00.014	27.711	-0.026
00.012	27.713	-0.025
00.012	27.712	-0.026
00.014	27.712	-0.025
00.013	27.711	-0.025
00.013	27.712	-0.028
00.012	27.712	-0.028
00.010	27.713	-0.025
00.012	27.712	-0.026
00.012	27.712	-0.027
00.013	27.712	-0.026
00.014	27.712	-0.027
00.013	27.711	-0.028
00.013	27.711	-0.028
00.012	27.711	-0.026
00.012	27.710	-0.026
00.012	27.712	-0.026
00.012	27.711	-0.028
00.013	27.711	-0.027
00.013	27.712	-0.026
00.015	27.712	-0.025
00.015	27.711	-0.026
00.014	27.711	-0.029
00.015	27.712	-0.026
00.015	27.711	-0.027
00.015	27.713	-0.027
00.015	27.712	-0.026
00.015	27.713	-0.026
00.015	27.714	-0.028
00.015	27.714	-0.027
00.014	27.714	-0.027
00.014	27.714	-0.025
00.014	27.715	-0.027
00.013	27.715	-0.028
00.013	27.714	-0.026
00.011	27.715	-0.025
00.013	27.714	-0.027
00.012	27.715	-0.027
00.013	27.714	-0.026
00.013	27.714	-0.026
00.014	27.714	-0.027
00.015	27.714	-0.027
00.012	27.714	-0.027
00.012	27.713	-0.027
00.014	27.713	-0.025
00.014	27.713	-0.025
00.014	27.712	-0.025
00.013	27.712	-0.026
00.013	27.713	-0.026
00.013	27.712	-0.026
00.014	27.712	-0.027
00.013	27.712	-0.027
00.014	27.711	-0.027
00.014	27.712	-0.028
00.014	27.713	-0.026
00.013	27.712	-0.027
00.012	27.712	-0.026
00.012	27.712	-0.027
00.012	27.712	-0.026
00.012	27.711	-0.026
00.011	27.710	-0.026
00.013	27.711	-0.025
00.014	27.710	-0.027
00.015	27.710	-0.027
00.012	27.709	-0.025
00.012	27.708	-0.026
00.012	27.709	-0.028
00.012	27.708	-0.026
00.013	27.708	-0.024
00.013	27.707	-0.027
00.012	27.707	-0.026
00.012	27.708	-0.027
00.012	27.707	-0.027
00.013	27.707	-0.028
00.013	27.708	-0.027
00.014	27.707	-0.026
00.013	27.707	-0.027
00.014	27.706	-0.025
00.014	27.707	-0.025
00.014	27.706	-0.025
00.012	27.708	-0.028
00.012	27.707	-0.028
00.011	27.707	-0.026
00.012	27.708	-0.025
00.014	27.707	-0.028
00.013	27.709	-0.027
00.011	27.708	-0.026
00.013	27.709	-0.025
00.015	27.708	-0.027
00.015	27.708	-0.025
00.013	27.709	-0.026
00.013	27.709	-0.027
00.013	27.709	-0.027
00.014	27.709	-0.027
00.014	27.710	-0.028
00.014	27.711	-0.026
00.014	27.710	-0.027
00.016	27.711	-0.027
00.014	27.711	-0.028
00.014	27.711	-0.025
00.013	27.712	-0.026
00.013	27.711	-0.025
00.014	27.711	-0.025
00.014	27.710	-0.026
00.013	27.710	-0.026
00.014	27.711	-0.026
00.013	27.711	-0.027
00.014	27.710	-0.027
00.012	27.710	-0.026
00.012	27.710	-0.025
00.013	27.710	-0.026
00.013	27.710	-0.027
00.013	27.711	-0.026
00.013	27.711	-0.026
00.013	27.711	-0.026
00.014	27.712	-0.025
00.012	27.711	-0.026
00.013	27.712	-0.028
00.013	27.712	-0.029
00.013	27.712	-0.026
00.012	27.713	-0.028
00.012	27.713	-0.027
00.012	27.714	-0.027
00.012	27.713	-0.026
00.012	27.713	-0.028
00.014	27.715	-0.026
00.014	27.714	-0.026
00.011	27.714	-0.025
00.011	27.715	-0.027
00.013	27.715	-0.025
00.014	27.716	-0.027
00.014	27.715	-0.027
00.015	27.717	-0.028
00.012	27.717	-0.026
00.012	27.716	-0.026
00.012	27.717	-0.028
00.010	27.717	-0.027
00.012	27.718	-0.027
00.014	27.717	-0.028
00.013	27.717	-0.027
00.013	27.717	-0.025
00.015	27.718	-0.027
00.013	27.717	-0.027
00.013	27.718	-0.025
00.013	27.719	-0.027
00.014	27.718	-0.026
00.014	27.718	-0.027
00.013	27.718	-0.026
00.011	27.719	-0.025
00.011	27.719	-0.025
00.012	27.719	-0.026
00.012	27.719	-0.028
00.013	27.720	-0.029
00.013	27.720	-0.024
00.012	27.720	-0.026
00.013	27.720	-0.027
00.013	27.720	-0.026
00.013	27.720	-0.027
00.014	27.721	-0.028
00.013	27.721	-0.026
00.013	27.722	-0.024
00.012	27.721	-0.027
00.014	27.722	-0.026
00.011	27.722	-0.027
00.012	27.721	-0.028
00.012	27.722	-0.026
00.013	27.722	-0.026
00.013	27.722	-0.026
00.013	27.723	-0.028
00.012	27.723	-0.027
00.013	27.723	-0.027
00.013	27.723	-0.026
00.012	27.723	-0.024
00.011	27.723	-0.026
00.013	27.723	-0.026
00.013	27.723	-0.027
00.013	27.723	-0.026
00.012	27.723	-0.027
00.013	27.723	-0.026
00.013	27.723	-0.026
00.011	27.723	-0.027
00.011	27.724	-0.025
00.014	27.723	-0.025
00.013	27.723	-0.026
00.013	27.724	-0.025
00.013	27.723	-0.028
00.014	27.722	-0.028
00.014	27.723	-0.027
00.013	27.723	-0.027
00.012	27.724	-0.027
00.012	27.725	-0.026
00.014	27.726	-0.027
00.013	27.725	-0.028
00.015	27.725	-0.026
00.014	27.725	-0.027
00.014	27.725	-0.026
00.012	27.726	-0.026
00.013	27.726	-0.027
00.013	27.726	-0.027
00.013	27.726	-0.026
00.012	27.726	-0.028
00.011	27.727	-0.025
00.014	27.726	-0.026
00.013	27.727	-0.024
00.013	27.727	-0.026
00.011	27.727	-0.024
00.012	27.727	-0.025
00.012	27.728	-0.026
00.011	27.728	-0.027
00.011	27.728	-0.027
00.012	27.727	-0.026
00.012	27.729	-0.027
00.010	27.728	-0.026
00.013	27.728	-0.025
00.013	27.728	-0.026
00.012	27.727	-0.025
00.012	27.729	-0.028
00.011	27.729	-0.025
00.012	27.728	-0.026
00.012	27.729	-0.027
00.012	27.728	-0.026
00.012	27.728	-0.026
00.011	27.729	-0.028
00.013	27.728	-0.026
00.013	27.729	-0.027
00.014	27.729	-0.028
00.014	27.731	-0.026
00.011	27.731	-0.027
00.013	27.731	-0.027
00.013	27.732	-0.027
00.015	27.732	-0.026
00.012	27.733	-0.026
00.013	27.733	-0.028
00.012	27.733	-0.028
00.012	27.734	-0.025
00.013	27.734	-0.026
00.013	27.735	-0.027
00.013	27.736	-0.026
00.015	27.736	-0.028
00.015	27.736	-0.028
00.015	27.736	-0.026
00.011	27.737	-0.027
00.012	27.737	-0.025
00.011	27.737	-0.027
00.011	27.737	-0.027
00.013	27.738	-0.025
00.014	27.739	-0.027
00.014	27.740	-0.026
00.012	27.739	-0.026
00.014	27.739	-0.027
00.013	27.740	-0.026
00.013	27.740	-0.027
00.012	27.741	-0.027
00.013	27.741	-0.025
00.013	27.741	-0.029
00.012	27.742	-0.026
00.014	27.742	-0.027
00.014	27.741	-0.026
00.012	27.742	-0.026
00.012	27.742	-0.029
00.013	27.742	-0.027
00.013	27.743	-0.029
00.013	27.742	-0.028
00.014	27.741	-0.025
00.011	27.741	-0.027
00.013	27.742	-0.027
00.013	27.741	-0.027
00.013	27.742	-0.027
00.012	27.742	-0.026
00.014	27.742	-0.026
00.011	27.742	-0.025
00.013	27.741	-0.027
00.013	27.741	-0.027
00.012	27.741	-0.026
00.013	27.740	-0.026
00.012	27.741	-0.028
00.013	27.741	-0.027
00.012	27.741	-0.024
00.012	27.740	-0.026
00.014	27.741	-0.027
00.014	27.741	-0.026
00.014	27.741	-0.026
00.013	27.741	-0.026
00.014	27.740	-0.026
00.013	27.741	-0.024
00.014	27.740	-0.025
00.015	27.741	-0.027
00.015	27.741	-0.027
00.014	27.742	-0.027
00.014	27.741	-0.026
00.012	27.741	-0.026
00.012	27.741	-0.026
00.011	27.741	-0.027
00.013	27.741	-0.025
00.013	27.740	-0.028
00.013	27.741	-0.026
00.013	27.740	-0.026
00.013	27.740	-0.027
00.011	27.740	-0.027
00.012	27.739	-0.028
00.011	27.738	-0.026
00.012	27.739	-0.026
00.012	27.739	-0.025
00.013	27.738	-0.026
00.014	27.738	-0.027
00.013	27.739	-0.025
00.014	27.738	-0.026
00.014	27.738	-0.027
00.013	27.737	-0.028
00.013	27.738	-0.025
00.012	27.738	-0.027
00.012	27.737	-0.026
00.012	27.739	-0.027
00.011	27.739	-0.028
00.014	27.739	-0.027
00.014	27.739	-0.027
00.013	27.740	-0.026
00.013	27.739	-0.025
00.013	27.740	-0.026
00.014	27.740	-0.025
00.014	27.742	-0.027
00.015	27.740	-0.027
00.014	27.741	-0.025
00.013	27.741	-0.026
00.013	27.740	-0.026
00.013	27.739	-0.027
00.013	27.741	-0.028
00.013	27.741	-0.026
00.013	27.742	-0.027
00.014	27.741	-0.027
00.014	27.741	-0.026
00.014	27.742	-0.027
00.013	27.742	-0.026
00.013	27.740	-0.024
00.014	27.740	-0.026
00.014	27.741	-0.028
00.012	27.741	-0.025
00.014	27.740	-0.027
00.012	27.740	-0.027
00.012	27.740	-0.026
00.012	27.740	-0.027
00.012	27.738	-0.027
00.012	27.738	-0.026
00.014	27.738	-0.026
00.013	27.738	-0.026
00.014	27.738	-0.025
00.013	27.737	-0.027
00.014	27.737	-0.027
00.015	27.737	-0.027
00.013	27.737	-0.027
00.012	27.736	-0.026
00.013	27.737	-0.026
00.011	27.738	-0.027
00.011	27.736	-0.026
00.014	27.738	-0.026
00.013	27.738	-0.026
00.013	27.737	-0.025
00.013	27.738	-0.026
00.013	27.738	-0.025
00.012	27.738	-0.026
00.012	27.739	-0.027
00.012	27.738	-0.026
00.013	27.738	-0.027
00.012	27.739	-0.026
00.013	27.738	-0.028
00.013	27.738	-0.027
00.014	27.739	-0.028
00.016	27.739	-0.027
00.016	27.739	-0.026
00.012	27.739	-0.027
00.013	27.739	-0.026
00.012	27.740	-0.024
00.013	27.739	-0.027
00.011	27.738	-0.027
00.012	27.739	-0.026
00.014	27.740	-0.026
00.012	27.738	-0.027
00.012	27.739	-0.027
00.013	27.739	-0.025
00.013	27.738	-0.027
00.013	27.739	-0.026
00.012	27.738	-0.026
00.012	27.739	-0.027
00.015	27.739	-0.025
00.014	27.739	-0.027
00.014	27.738	-0.028
00.015	27.738	-0.026
00.015	27.737	-0.026
00.012	27.738	-0.026
00.013	27.738	-0.026
00.013	27.736	-0.027
00.015	27.737	-0.027
00.013	27.737	-0.027
00.013	27.736	-0.027
00.012	27.735	-0.026
00.012	27.736	-0.027
00.014	27.736	-0.028
00.012	27.734	-0.027
00.011	27.735	-0.026
00.013	27.734	-0.027
00.011	27.734	-0.027
00.013	27.733	-0.026
00.015	27.733	-0.028
00.015	27.732	-0.026
00.016	27.732	-0.025
00.016	27.731	-0.026
00.013	27.732	-0.027
00.013	27.732	-0.027
00.015	27.732	-0.026
00.014	27.732	-0.026
00.013	27.732	-0.027
00.013	27.732	-0.026
00.013	27.733	-0.027
00.014	27.734	-0.027
00.013	27.733	-0.027
00.013	27.734	-0.027
00.012	27.733	-0.027
00.014	27.734	-0.028
00.015	27.735	-0.025
00.015	27.735	-0.028
00.015	27.735	-0.027
00.015	27.735	-0.026
00.013	27.735	-0.027
00.013	27.735	-0.025
00.014	27.736	-0.027
00.013	27.736	-0.027
00.012	27.737	-0.026
00.012	27.736	-0.027
00.013	27.737	-0.027
00.011	27.736	-0.026
00.013	27.738	-0.026
00.014	27.738	-0.025
00.013	27.738	-0.027
00.014	27.738	-0.027
00.013	27.739	-0.026
00.013	27.739	-0.027
00.015	27.740	-0.026
00.014	27.739	-0.028
00.012	27.739	-0.026
00.013	27.739	-0.026
00.013	27.741	-0.025
00.013	27.740	-0.026
00.014	27.741	-0.024
00.012	27.741	-0.025
00.016	27.742	-0.028
00.012	27.743	-0.028
00.014	27.743	-0.026
00.012	27.743	-0.027
00.013	27.744	-0.024
00.015	27.744	-0.026
00.014	27.744	-0.027
00.014	27.746	-0.026
00.014	27.746	-0.028
00.013	27.747	-0.026
00.013	27.746	-0.027
00.013	27.747	-0.025
00.013	27.748	-0.026
00.014	27.748	-0.027
00.011	27.748	-0.026
00.013	27.749	-0.028
00.013	27.750	-0.026
00.014	27.751	-0.026
00.012	27.750	-0.027
00.012	27.751	-0.027
00.013	27.752	-0.027
00.012	27.752	-0.025
00.013	27.752	-0.026
00.013	27.753	-0.027
00.012	27.753	-0.026
00.014	27.754	-0.026
00.013	27.755	-0.026
00.013	27.756	-0.028
00.014	27.756	-0.026
00.011	27.756	-0.027
00.011	27.757	-0.027
00.011	27.757	-0.028
00.010	27.757	-0.027
00.013	27.757	-0.027
00.013	27.757	-0.026
00.015	27.757	-0.026
00.013	27.757	-0.026
00.015	27.757	-0.026
00.011	27.758	-0.026
00.011	27.757	-0.027
00.013	27.758	-0.026
00.013	27.758	-0.026
00.013	27.759	-0.026
00.014	27.759	-0.024
00.014	27.759	-0.028
00.015	27.759	-0.026
00.015	27.760	-0.029
00.012	27.760	-0.027
00.014	27.760	-0.026
00.014	27.759	-0.024
00.016	27.760	-0.026
00.017	27.762	-0.026
00.017	27.762	-0.027
00.017	27.763	-0.027
00.018	27.763	-0.027
00.024	27.763	-0.029
00.025	27.764	-0.027
00.022	27.766	-0.027
00.021	27.767	-0.026
00.019	27.768	-0.027
00.019	27.769	-0.027
00.021	27.769	-0.027
00.021	27.772	-0.028
00.025	27.772	-0.029
00.025	27.773	-0.026
00.025	27.775	-0.026
00.022	27.778	-0.028
00.022	27.779	-0.026
00.020	27.781	-0.027
00.022	27.782	-0.027
00.021	27.783	-0.027
00.021	27.785	-0.027
00.020	27.787	-0.027
00.020	27.788	-0.027
00.019	27.789	-0.027
00.021	27.790	-0.026
00.021	27.792	-0.027
00.021	27.794	-0.027
00.020	27.794	-0.026
00.020	27.796	-0.026
00.019	27.797	-0.026
00.018	27.798	-0.025
00.017	27.799	-0.026
00.017	27.800	-0.026
00.020	27.802	-0.026
00.021	27.803	-0.026
00.016	27.803	-0.026
00.016	27.804	-0.026
00.017	27.806	-0.026
00.017	27.806	-0.025
00.017	27.806	-0.025
00.015	27.807	-0.028
00.013	27.807	-0.028
00.013	27.807	-0.026
00.011	27.807	-0.025
00.010	27.808	-0.027
00.010	27.807	-0.025
00.013	27.809	-0.028
00.012	27.808	-0.025
00.014	27.809	-0.027
00.015	27.809	-0.025
00.015	27.810	-0.027
00.015	27.810	-0.026
00.013	27.809	-0.026
00.015	27.809	-0.026
00.012	27.811	-0.026
00.012	27.811	-0.026
00.012	27.811	-0.026
00.012	27.811	-0.028
00.013	27.812	-0.027
00.012	27.811	-0.028
00.012	27.812	-0.027
00.012	27.813	-0.025
00.013	27.813	-0.027
00.014	27.813	-0.026
00.015	27.814	-0.026
00.015	27.816	-0.026
00.013	27.815	-0.028
00.013	27.818	-0.025
00.013	27.818	-0.026
00.014	27.818	-0.028
00.011	27.820	-0.025
00.013	27.819	-0.026
00.013	27.820	-0.025
00.013	27.819	-0.027
00.013	27.821	-0.027
00.013	27.821	-0.026
00.013	27.821	-0.026
00.014	27.821	-0.026
00.014	27.820	-0.027
00.013	27.822	-0.027
00.013	27.822	-0.027
00.013	27.822	-0.027
00.011	27.823	-0.027
00.012	27.823	-0.026
00.014	27.824	-0.026
00.012	27.825	-0.027
00.012	27.824	-0.027
00.012	27.825	-0.027
00.014	27.826	-0.028
00.014	27.826	-0.028
00.016	27.826	-0.026
00.014	27.827	-0.029
00.014	27.829	-0.027
00.012	27.829	-0.027
00.013	27.830	-0.027
00.013	27.831	-0.026
00.012	27.831	-0.026
00.012	27.831	-0.026
00.013	27.832	-0.028
00.013	27.833	-0.027
00.012	27.835	-0.029
00.014	27.833	-0.027
00.013	27.836	-0.026
00.015	27.837	-0.028
00.013	27.837	-0.026
00.014	27.839	-0.026
00.013	27.839	-0.027
00.013	27.840	-0.027
00.014	27.841	-0.025
00.014	27.841	-0.027
00.014	27.842	-0.027
00.014	27.843	-0.027
00.012	27.845	-0.025
00.012	27.844	-0.026
00.014	27.844	-0.025
00.013	27.846	-0.025
00.014	27.846	-0.026
00.013	27.846	-0.027
00.013	27.847	-0.026
00.013	27.847	-0.028
00.012	27.848	-0.026
00.013	27.847	-0.029
00.010	27.849	-0.026
00.012	27.850	-0.027
00.012	27.851	-0.028
00.013	27.852	-0.028
00.014	27.852	-0.027
00.014	27.853	-0.028
00.015	27.854	-0.027
00.014	27.853	-0.025
00.013	27.855	-0.026
00.014	27.854	-0.025
00.014	27.855	-0.028
00.014	27.856	-0.025
00.014	27.857	-0.025
00.013	27.856	-0.027
00.014	27.856	-0.026
00.014	27.857	-0.028
00.014	27.857	-0.029
00.014	27.858	-0.026
00.014	27.859	-0.027
00.014	27.858	-0.027
00.014	27.858	-0.026
00.014	27.859	-0.025
00.014	27.861	-0.026
00.014	27.860	-0.027
00.013	27.861	-0.026
00.012	27.861	-0.028
00.013	27.861	-0.027
00.014	27.862	-0.026
00.014	27.862	-0.027
00.013	27.863	-0.026
00.014	27.863	-0.028
00.015	27.865	-0.029
00.015	27.865	-0.027
00.013	27.866	-0.026
00.013	27.865	-0.025
00.013	27.866	-0.027
00.012	27.867	-0.027
00.012	27.868	-0.026
00.012	27.869	-0.026
00.012	27.869	-0.027
00.014	27.870	-0.026
00.012	27.870	-0.025
00.012	27.871	-0.026
00.012	27.871	-0.025
00.013	27.871	-0.028
00.013	27.871	-0.025
00.012	27.873	-0.026
00.013	27.874	-0.026
00.012	27.873	-0.027
00.014	27.873	-0.026
00.014	27.874	-0.025
00.013	27.875	-0.025
00.014	27.876	-0.025
00.013	27.877	-0.026
00.013	27.877	-0.029
00.013	27.877	-0.027
00.014	27.878	-0.028
00.015	27.879	-0.026
00.012	27.879	-0.026
00.012	27.879	-0.025
00.013	27.880	-0.029
00.014	27.881	-0.027
00.014	27.881	-0.023
00.014	27.882	-0.027
00.016	27.882	-0.026
00.014	27.882	-0.026
00.013	27.882	-0.026
00.010	27.881	-0.027
00.008	27.882	-0.027
00.011	27.882	-0.026
00.011	27.882	-0.025
00.012	27.882	-0.027
00.013	27.882	-0.027
00.013	27.882	-0.026
00.013	27.883	-0.025
00.013	27.882	-0.027
00.013	27.883	-0.027
00.013	27.884	-0.027
00.013	27.884	-0.027
00.012	27.885	-0.026
00.012	27.885	-0.027
00.013	27.887	-0.026
00.013	27.886	-0.027
00.013	27.887	-0.026
00.013	27.888	-0.027
00.012	27.888	-0.028
00.013	27.890	-0.028
00.013	27.889	-0.027
00.013	27.891	-0.027
00.014	27.891	-0.026
00.014	27.892	-0.027
00.015	27.893	-0.026
00.015	27.893	-0.026
00.014	27.895	-0.027
00.014	27.896	-0.026
00.014	27.896	-0.026
00.013	27.896	-0.026
00.010	27.898	-0.027
00.010	27.898	-0.025
00.011	27.898	-0.027
00.012	27.900	-0.027
00.013	27.900	-0.027
00.012	27.901	-0.026
00.012	27.903	-0.028
00.015	27.904	-0.025
00.013	27.904	-0.027
00.013	27.904	-0.026
00.014	27.906	-0.023
00.014	27.905	-0.026
00.012	27.907	-0.027
00.012	27.907	-0.026
00.013	27.909	-0.026
00.013	27.909	-0.026
00.014	27.910	-0.027
00.013	27.911	-0.027
00.012	27.912	-0.026
00.012	27.912	-0.026
00.013	27.912	-0.026
00.014	27.914	-0.026
00.012	27.914	-0.027
00.013	27.913	-0.027
00.013	27.915	-0.025
00.013	27.915	-0.027
00.015	27.915	-0.027
00.014	27.917	-0.025
00.014	27.917	-0.028
00.013	27.917	-0.027
00.013	27.919	-0.025
00.012	27.919	-0.027
00.013	27.919	-0.028
00.014	27.921	-0.025
00.015	27.921	-0.028
00.013	27.921	-0.025
00.015	27.923	-0.027
00.013	27.923	-0.025
00.013	27.923	-0.026
00.013	27.923	-0.026
00.012	27.923	-0.027
00.013	27.926	-0.027
00.014	27.927	-0.027
00.013	27.927	-0.027
00.012	27.927	-0.027
00.012	27.927	-0.027
00.011	27.926	-0.027
00.012	27.925	-0.026
00.012	27.926	-0.026
00.012	27.925	-0.026
00.014	27.924	-0.026
00.015	27.924	-0.026
00.014	27.924	-0.026
00.013	27.924	-0.026
00.014	27.924	-0.027
00.014	27.925	-0.028
00.014	27.925	-0.027
00.012	27.926	-0.026
00.015	27.926	-0.027
00.014	27.926	-0.027
00.015	27.927	-0.027
00.015	27.928	-0.027
00.012	27.928	-0.026
00.013	27.930	-0.027
00.014	27.929	-0.026
00.014	27.931	-0.027
00.013	27.932	-0.027
00.014	27.931	-0.029
00.012	27.931	-0.026
00.011	27.932	-0.026
00.011	27.932	-0.027
00.014	27.932	-0.028
00.013	27.933	-0.026
00.015	27.934	-0.025
00.012	27.934	-0.025
00.014	27.934	-0.026
00.015	27.935	-0.027
00.014	27.935	-0.026
00.014	27.936	-0.025
00.012	27.935	-0.026
00.012	27.936	-0.027
00.014	27.937	-0.026
00.013	27.937	-0.027
00.014	27.938	-0.027
00.014	27.937	-0.028
00.015	27.938	-0.027
00.013	27.937	-0.026
00.015	27.936	-0.028
00.014	27.935	-0.027
00.015	27.933	-0.027
00.015	27.934	-0.027
00.015	27.933	-0.026
00.015	27.932	-0.028
00.013	27.930	-0.026
00.013	27.931	-0.026
00.013	27.930	-0.026
00.013	27.931	-0.027
00.015	27.931	-0.026
00.013	27.930	-0.025
00.013	27.930	-0.027
00.014	27.931	-0.028
00.014	27.931	-0.027
00.014	27.933	-0.028
00.014	27.934	-0.025
00.012	27.934	-0.027
00.012	27.934	-0.025
00.013	27.934	-0.026
00.013	27.934	-0.027
00.012	27.933	-0.025
00.012	27.934	-0.026
00.015	27.934	-0.028
00.013	27.933	-0.026
00.015	27.933	-0.028
00.014	27.932	-0.026
00.014	27.932	-0.025
00.014	27.931	-0.026
00.013	27.930	-0.025
00.012	27.929	-0.026
00.013	27.930	-0.027
00.014	27.927	-0.025
00.013	27.928	-0.027
00.013	27.927	-0.027
00.016	27.927	-0.027
00.013	27.924	-0.025
00.012	27.924	-0.028
00.013	27.924	-0.026
00.013	27.923	-0.026
00.015	27.924	-0.027
00.015	27.923	-0.026
00.015	27.923	-0.028
00.012	27.922	-0.025
00.014	27.922	-0.025
00.013	27.923	-0.027
00.015	27.920	-0.025
00.013	27.920	-0.026
00.014	27.920	-0.027
00.015	27.920	-0.027
00.015	27.922	-0.028
00.014	27.921	-0.027
00.014	27.923	-0.028
00.014	27.922	-0.028
00.013	27.923	-0.028
00.016	27.923	-0.028
00.014	27.922	-0.025
00.013	27.921	-0.028
00.012	27.920	-0.026
00.011	27.919	-0.025
00.011	27.919	-0.027
00.013	27.919	-0.026
00.014	27.917	-0.025
00.014	27.917	-0.027
00.013	27.917	-0.025
00.014	27.917	-0.026
00.014	27.917	-0.026
00.014	27.917	-0.026
00.013	27.916	-0.027
00.013	27.918	-0.028
00.014	27.917	-0.028
00.014	27.917	-0.026
00.013	27.916	-0.027
00.015	27.916	-0.028
00.015	27.915	-0.025
00.015	27.915	-0.025
00.015	27.914	-0.026
00.012	27.914	-0.026
00.014	27.914	-0.025
00.014	27.915	-0.026
00.014	27.915	-0.028
00.014	27.915	-0.027
00.014	27.916	-0.027
00.013	27.915	-0.028
00.013	27.917	-0.027
00.013	27.916	-0.025
00.013	27.918	-0.025
00.013	27.918	-0.026
00.014	27.917	-0.025
00.011	27.916	-0.025
00.013	27.917	-0.027
00.014	27.917	-0.026
00.014	27.916	-0.027
00.012	27.916	-0.026
00.012	27.916	-0.026
00.012	27.917	-0.028
00.013	27.915	-0.027
00.013	27.916	-0.026
00.013	27.918	-0.027
00.012	27.916	-0.026
00.012	27.918	-0.027
00.011	27.918	-0.025
00.011	27.919	-0.026
00.013	27.919	-0.025
00.015	27.921	-0.025
00.013	27.921	-0.027
00.014	27.922	-0.028
00.014	27.922	-0.025
00.015	27.923	-0.026
00.014	27.925	-0.026
00.012	27.926	-0.027
00.012	27.925	-0.026
00.014	27.925	-0.025
00.014	27.926	-0.025
00.014	27.926	-0.028
00.015	27.928	-0.027
00.015	27.927	-0.027
00.015	27.929	-0.027
00.014	27.927	-0.026
00.014	27.928	-0.027
00.014	27.930	-0.027
00.014	27.930	-0.027
00.014	27.930	-0.025
00.013	27.930	-0.026
00.015	27.930	-0.027
00.014	27.930	-0.027
00.015	27.931	-0.024
00.014	27.929	-0.027
00.012	27.928	-0.027
00.013	27.927	-0.026
00.013	27.925	-0.027
00.015	27.925	-0.027
00.013	27.925	-0.028
00.013	27.924	-0.027
00.013	27.924	-0.026
00.014	27.925	-0.025
00.014	27.924	-0.027
00.013	27.923	-0.026
00.015	27.925	-0.027
00.014	27.926	-0.024
00.012	27.926	-0.026
00.014	27.925	-0.026
00.013	27.928	-0.027
00.015	27.927	-0.027
00.013	27.928	-0.026
00.014	27.929	-0.025
00.014	27.931	-0.026
00.013	27.931	-0.025
00.013	27.932	-0.029
00.012	27.934	-0.026
00.012	27.935	-0.028
00.012	27.936	-0.028
00.013	27.936	-0.027
00.014	27.937	-0.028
00.014	27.938	-0.027
00.013	27.939	-0.027
00.014	27.941	-0.025
00.012	27.941	-0.028
00.012	27.941	-0.029
00.013	27.942	-0.026
00.013	27.942	-0.027
00.015	27.942	-0.027
00.013	27.941	-0.026
00.015	27.942	-0.027
00.013	27.942	-0.027
00.013	27.940	-0.026
00.014	27.940	-0.027
00.013	27.940	-0.024
00.012	27.939	-0.026
00.013	27.941	-0.027
00.013	27.941	-0.026
00.015	27.942	-0.028
00.013	27.942	-0.025
00.013	27.943	-0.027
00.013	27.943	-0.025
00.015	27.944	-0.027
00.013	27.943	-0.027
00.013	27.944	-0.027
00.013	27.942	-0.026
00.015	27.941	-0.027
00.012	27.941	-0.027
00.012	27.942	-0.029
00.014	27.942	-0.027
00.013	27.941	-0.025
00.012	27.942	-0.027
00.014	27.942	-0.027
00.013	27.943	-0.026
00.013	27.943	-0.027
00.013	27.943	-0.027
00.012	27.943	-0.027
00.012	27.944	-0.027
00.013	27.945	-0.027
00.014	27.944	-0.026
00.013	27.943	-0.025
00.013	27.945	-0.027
00.014	27.945	-0.028
00.013	27.945	-0.026
00.013	27.946	-0.025
00.013	27.946	-0.025
00.013	27.946	-0.026
00.012	27.947	-0.027
00.013	27.948	-0.026
00.013	27.948	-0.027
00.012	27.948	-0.027
00.012	27.949	-0.027
00.013	27.949	-0.027
00.012	27.950	-0.026
00.011	27.949	-0.027
00.014	27.950	-0.027
00.013	27.950	-0.026
00.016	27.950	-0.026
00.015	27.950	-0.027
00.014	27.950	-0.025
00.014	27.950	-0.027
00.014	27.950	-0.027
00.013	27.951	-0.026
00.012	27.951	-0.027
00.012	27.952	-0.026
00.013	27.952	-0.027
00.013	27.954	-0.028
00.014	27.953	-0.027
00.012	27.954	-0.026
00.013	27.954	-0.027
00.013	27.955	-0.027
00.012	27.954	-0.027
00.012	27.953	-0.027
00.015	27.952	-0.028
00.013	27.951	-0.028
00.013	27.951	-0.027
00.013	27.950	-0.028
00.012	27.953	-0.027
00.012	27.952	-0.026
00.012	27.952	-0.025
00.013	27.953	-0.028
00.015	27.955	-0.027
00.013	27.955	-0.027
00.013	27.955	-0.025
00.013	27.955	-0.027
00.013	27.956	-0.027
00.012	27.957	-0.027
00.012	27.959	-0.027
00.013	27.958	-0.026
00.012	27.958	-0.029
00.013	27.959	-0.026
00.013	27.961	-0.025
00.012	27.960	-0.028
00.014	27.961	-0.027
00.012	27.963	-0.026
00.014	27.962	-0.027
00.014	27.963	-0.027
00.014	27.964	-0.027
00.013	27.963	-0.027
00.013	27.964	-0.026
00.011	27.964	-0.024
00.014	27.963	-0.026
00.014	27.962	-0.027
00.016	27.963	-0.027
00.016	27.963	-0.026
00.012	27.963	-0.026
00.012	27.963	-0.027
00.013	27.963	-0.025
00.014	27.964	-0.026
00.013	27.965	-0.026
00.013	27.965	-0.026
00.013	27.965	-0.027
00.013	27.965	-0.028
00.014	27.966	-0.028
00.013	27.966	-0.027
00.013	27.968	-0.027
00.011	27.968	-0.026
00.011	27.968	-0.026
00.012	27.968	-0.026
00.012	27.969	-0.029
00.013	27.970	-0.026
00.013	27.969	-0.026
00.012	27.971	-0.026
00.011	27.969	-0.026
00.011	27.970	-0.026
00.014	27.971	-0.026
00.012	27.972	-0.025
00.014	27.972	-0.028
00.011	27.970	-0.028
00.011	27.971	-0.026
00.014	27.972	-0.026
00.012	27.973	-0.025
00.014	27.973	-0.026
00.014	27.972	-0.026
00.012	27.973	-0.028
00.012	27.974	-0.026
00.013	27.975	-0.026
00.014	27.975	-0.026
00.014	27.975	-0.026
00.013	27.976	-0.025
00.014	27.976	-0.027
00.014	27.977	-0.027
00.014	27.977	-0.025
00.012	27.979	-0.025
00.013	27.979	-0.027
00.013	27.979	-0.028
00.014	27.981	-0.027
00.014	27.980	-0.026
00.013	27.981	-0.027
00.014	27.981	-0.024
00.011	27.982	-0.024
00.013	27.983	-0.026
00.015	27.983	-0.027
00.013	27.983	-0.027
00.012	27.984	-0.027
00.013	27.985	-0.024
00.013	27.986	-0.026
00.014	27.986	-0.026
00.013	27.986	-0.027
00.013	27.987	-0.027
00.015	27.985	-0.026
00.017	27.985	-0.027
00.018	27.984	-0.026
00.016	27.983	-0.030
00.015	27.980	-0.025
00.014	27.978	-0.026
00.013	27.976	-0.025
00.016	27.976	-0.026
00.014	27.975	-0.028
00.014	27.974	-0.025
00.013	27.973	-0.027
00.013	27.971	-0.026
00.012	27.971	-0.027
00.012	27.971	-0.027
00.011	27.968	-0.027
00.012	27.968	-0.026
00.012	27.965	-0.027
00.011	27.966	-0.027
00.012	27.966	-0.029
00.012	27.964	-0.026
00.012	27.964	-0.024
00.012	27.965	-0.026
00.013	27.965	-0.028
00.015	27.964	-0.026
00.012	27.964	-0.028
00.014	27.964	-0.026
00.012	27.965	-0.026
00.012	27.965	-0.026
00.013	27.965	-0.027
00.012	27.965	-0.025
00.015	27.965	-0.026
00.012	27.964	-0.025
00.013	27.965	-0.028
00.013	27.965	-0.026
00.013	27.965	-0.027
00.012	27.966	-0.026
00.012	27.966	-0.027
00.013	27.966	-0.027
00.013	27.967	-0.024
00.014	27.968	-0.026
00.012	27.967	-0.025
00.014	27.967	-0.027
00.013	27.968	-0.026
00.013	27.968	-0.027
00.014	27.968	-0.025
00.014	27.967	-0.027
00.015	27.969	-0.025
00.013	27.969	-0.027
00.013	27.969	-0.026
00.013	27.969	-0.028
00.013	27.971	-0.028
00.013	27.971	-0.027
00.012	27.971	-0.026
00.013	27.970	-0.026
00.014	27.970	-0.026
00.013	27.970	-0.026
00.011	27.970	-0.026
00.011	27.968	-0.028
00.012	27.969	-0.026
00.014	27.968	-0.026
00.014	27.969	-0.026
00.012	27.969	-0.026
00.012	27.969	-0.026
00.013	27.970	-0.026
00.013	27.971	-0.026
00.012	27.971	-0.026
00.012	27.971	-0.027
00.012	27.971	-0.027
00.013	27.972	-0.029
00.013	27.970	-0.027
00.013	27.971	-0.026
00.011	27.969	-0.027
00.012	27.968	-0.027
00.012	27.968	-0.025
00.013	27.968	-0.027
00.014	27.968	-0.027
00.014	27.968	-0.026
00.013	27.967	-0.027
00.015	27.968	-0.026
00.014	27.968	-0.027
00.012	27.968	-0.027
00.013	27.969	-0.027
00.011	27.968	-0.027
00.013	27.969	-0.026
00.012	27.968	-0.025
00.013	27.969	-0.027
00.013	27.969	-0.026
00.012	27.968	-0.027
00.012	27.968	-0.026
00.012	27.969	-0.026
00.012	27.969	-0.027
00.014	27.969	-0.029
00.012	27.969	-0.025
00.014	27.970	-0.025
00.011	27.970	-0.026
00.011	27.972	-0.026
00.014	27.973	-0.028
00.015	27.973	-0.026
00.015	27.973	-0.026
00.013	27.975	-0.025
00.014	27.975	-0.027
00.013	27.975	-0.025
00.014	27.975	-0.027
00.013	27.976	-0.027
00.012	27.975	-0.027
00.014	27.976	-0.027
00.014	27.977	-0.027
00.012	27.976	-0.026
00.013	27.976	-0.026
00.012	27.976	-0.027
00.012	27.977	-0.027
00.011	27.977	-0.026
00.011	27.977	-0.027
00.011	27.976	-0.026
00.013	27.977	-0.025
00.015	27.976	-0.027
00.013	27.977	-0.026
00.013	27.977	-0.025
00.015	27.976	-0.025
00.014	27.977	-0.026
00.014	27.976	-0.027
00.014	27.976	-0.027
00.011	27.976	-0.027
00.013	27.976	-0.026
00.011	27.976	-0.027
00.011	27.977	-0.027
00.013	27.975	-0.026
00.012	27.975	-0.026
00.013	27.975	-0.025
00.013	27.976	-0.027
00.012	27.976	-0.026
00.012	27.978	-0.027
00.013	27.976	-0.027
00.011	27.976	-0.025
00.013	27.976	-0.026
00.012	27.974	-0.025
00.012	27.974	-0.026
00.011	27.975	-0.027
00.012	27.975	-0.028
00.010	27.974	-0.027
00.012	27.975	-0.027
00.013	27.974	-0.028
00.014	27.974	-0.026
00.012	27.973	-0.028
00.013	27.974	-0.029
00.011	27.975	-0.026
00.012	27.975	-0.026
00.014	27.976	-0.027
00.014	27.975	-0.024
00.014	27.977	-0.028
00.012	27.974	-0.026
00.012	27.975	-0.026
00.014	27.976	-0.027
00.013	27.977	-0.026
00.013	27.975	-0.026
00.014	27.975	-0.026
00.012	27.975	-0.027
00.012	27.974	-0.026
00.013	27.973	-0.026
00.012	27.974	-0.025
00.012	27.973	-0.026
00.011	27.973	-0.026
00.011	27.973	-0.027
00.013	27.974	-0.027
00.013	27.974	-0.027
00.013	27.975	-0.027
00.013	27.976	-0.026
00.014	27.977	-0.027
00.015	27.978	-0.025
00.012	27.979	-0.027
00.012	27.979	-0.027
00.012	27.979	-0.026
00.013	27.980	-0.026
00.013	27.981	-0.027
00.012	27.981	-0.025
00.013	27.983	-0.027
00.014	27.983	-0.027
00.012	27.983	-0.029
00.013	27.983	-0.026
00.013	27.984	-0.027
00.013	27.983	-0.027
00.013	27.985	-0.026
00.013	27.985	-0.026
00.014	27.984	-0.025
00.014	27.986	-0.026
00.014	27.986	-0.028
00.013	27.987	-0.025
00.014	27.987	-0.027
00.011	27.987	-0.028
00.012	27.986	-0.025
00.014	27.987	-0.028
00.014	27.987	-0.026
00.013	27.987	-0.026
00.014	27.987	-0.027
00.014	27.989	-0.025
00.015	27.989	-0.026
00.015	27.991	-0.025
00.011	27.992	-0.026
00.012	27.993	-0.026
00.014	27.996	-0.027
00.013	27.996	-0.025
00.013	27.998	-0.027
00.013	27.998	-0.025
00.015	27.999	-0.025
00.014	27.999	-0.027
00.013	27.999	-0.026
00.014	27.999	-0.026
00.014	27.999	-0.026
00.012	27.999	-0.026
00.012	27.997	-0.027
00.011	27.999	-0.025
00.011	28.000	-0.028
00.011	27.998	-0.026
00.011	27.998	-0.027
00.013	27.998	-0.027
00.013	27.999	-0.026
00.011	27.999	-0.027
00.011	28.000	-0.027
00.013	28.001	-0.026
00.014	28.002	-0.025
00.013	28.003	-0.025
00.013	28.003	-0.026
00.016	28.005	-0.025
00.016	28.007	-0.027
00.015	28.007	-0.026
00.014	28.009	-0.028
00.014	28.010	-0.027
00.012	28.011	-0.028
00.012	28.011	-0.027
00.016	28.012	-0.027
00.013	28.013	-0.027
00.016	28.011	-0.027
00.016	28.013	-0.026
00.016	28.015	-0.028
00.014	28.015	-0.027
00.014	28.015	-0.025
00.015	28.016	-0.026
00.014	28.015	-0.026
00.016	28.014	-0.027
00.015	28.014	-0.026
00.014	28.014	-0.025
00.013	28.014	-0.026
00.015	28.013	-0.025
00.015	28.013	-0.026
00.016	28.014	-0.024
00.013	28.015	-0.026
00.013	28.013	-0.027
00.014	28.016	-0.027
00.016	28.015	-0.025
00.014	28.015	-0.027
00.014	28.016	-0.026
00.015	28.016	-0.026
00.014	28.018	-0.026
00.013	28.018	-0.027
00.014	28.018	-0.026
00.015	28.018	-0.026
00.014	28.018	-0.026
00.012	28.019	-0.026
00.013	28.020	-0.026
00.017	28.019	-0.026
00.015	28.020	-0.028
00.013	28.020	-0.026
00.018	28.020	-0.026
00.016	28.021	-0.025
00.014	28.023	-0.028
00.015	28.024	-0.027
00.014	28.023	-0.027
00.013	28.023	-0.026
00.015	28.023	-0.027
00.015	28.022	-0.025
00.012	28.023	-0.026
00.012	28.023	-0.026
00.013	28.023	-0.026
00.013	28.024	-0.027
00.012	28.025	-0.027
00.012	28.025	-0.026
00.011	28.026	-0.027
00.012	28.027	-0.025
00.010	28.028	-0.026
00.010	28.028	-0.027
00.011	28.030	-0.027
00.011	28.030	-0.026
00.014	28.031	-0.026
00.012	28.031	-0.027
00.012	28.032	-0.026
00.013	28.034	-0.026
00.010	28.035	-0.026
00.013	28.035	-0.026
00.014	28.036	-0.027
00.014	28.037	-0.027
00.014	28.038	-0.026
00.013	28.038	-0.026
00.012	28.039	-0.026
00.013	28.039	-0.028
00.013	28.040	-0.028
00.014	28.038	-0.026
00.013	28.038	-0.028
00.013	28.039	-0.027
00.013	28.038	-0.027
00.012	28.037	-0.027
00.012	28.038	-0.026
00.013	28.038	-0.027
00.013	28.039	-0.027
00.013	28.039	-0.026
00.012	28.040	-0.026
00.013	28.041	-0.026
00.013	28.043	-0.026
00.011	28.042	-0.025
00.012	28.043	-0.026
00.013	28.044	-0.026
00.011	28.044	-0.026
00.013	28.046	-0.027
00.014	28.046	-0.026
00.013	28.047	-0.024
00.013	28.048	-0.028
00.012	28.050	-0.026
00.014	28.049	-0.026
00.013	28.051	-0.027
00.013	28.052	-0.026
00.014	28.052	-0.027
00.012	28.053	-0.025
00.013	28.053	-0.024
00.012	28.053	-0.028
00.012	28.054	-0.026
00.013	28.053	-0.027
00.012	28.054	-0.026
00.014	28.053	-0.026
00.012	28.055	-0.026
00.014	28.053	-0.027
00.013	28.054	-0.026
00.009	28.054	-0.026
00.015	28.053	-0.026
00.012	28.053	-0.026
00.012	28.051	-0.027
00.014	28.051	-0.026
00.012	28.050	-0.028
00.012	28.050	-0.025
00.014	28.049	-0.026
00.013	28.050	-0.027
00.015	28.050	-0.027
00.013	28.049	-0.025
00.014	28.051	-0.027
00.013	28.051	-0.027
00.013	28.052	-0.026
00.012	28.053	-0.027
00.012	28.054	-0.026
00.013	28.054	-0.027
00.013	28.055	-0.026
00.014	28.056	-0.026
00.014	28.056	-0.027
00.014	28.057	-0.027
00.013	28.057	-0.026
00.012	28.057	-0.027
00.012	28.057	-0.026
00.012	28.056	-0.028
00.011	28.058	-0.026
00.011	28.058	-0.026
00.011	28.058	-0.025
00.013	28.058	-0.028
00.013	28.058	-0.026
00.012	28.058	-0.026
00.015	28.059	-0.027
00.014	28.060	-0.026
00.013	28.060	-0.026
00.015	28.059	-0.025
00.012	28.061	-0.027
00.014	28.060	-0.026
00.012	28.062	-0.026
00.011	28.061	-0.026
00.013	28.062	-0.026
00.014	28.062	-0.026
00.013	28.062	-0.026
00.014	28.063	-0.028
00.012	28.062	-0.027
00.015	28.063	-0.025
00.013	28.064	-0.027
00.011	28.064	-0.026
00.011	28.062	-0.028
00.012	28.062	-0.026
00.014	28.061	-0.025
00.012	28.061	-0.027
00.012	28.060	-0.027
00.013	28.060	-0.027
00.014	28.062	-0.028
00.014	28.060	-0.025
00.014	28.062	-0.026
00.015	28.061	-0.025
00.015	28.060	-0.026
00.015	28.058	-0.025
00.013	28.059	-0.028
00.013	28.059	-0.027
00.013	28.061	-0.025
00.014	28.060	-0.026
00.012	28.059	-0.027
00.012	28.059	-0.026
00.010	28.060	-0.025
00.012	28.060	-0.027
00.014	28.061	-0.027
00.013	28.060	-0.026
00.012	28.061	-0.026
00.012	28.059	-0.027
00.013	28.059	-0.028
00.012	28.060	-0.026
00.014	28.060	-0.026
00.013	28.061	-0.026
00.013	28.060	-0.027
00.015	28.063	-0.026
00.015	28.062	-0.027
00.014	28.062	-0.025
00.013	28.063	-0.027
00.013	28.063	-0.027
00.012	28.064	-0.026
00.012	28.064	-0.026
00.012	28.065	-0.027
00.013	28.064	-0.025
00.013	28.063	-0.026
00.013	28.064	-0.027
00.013	28.064	-0.027
00.013	28.065	-0.026
00.013	28.065	-0.026
00.013	28.064	-0.027
00.013	28.064	-0.027
00.013	28.065	-0.026
00.013	28.065	-0.025
00.011	28.066	-0.025
00.012	28.065	-0.026
00.012	28.067	-0.024
00.013	28.067	-0.026
00.013	28.067	-0.026
00.012	28.069	-0.026
00.013	28.069	-0.025
00.014	28.070	-0.027
00.013	28.070	-0.027
00.012	28.072	-0.027
00.015	28.072	-0.026
00.012	28.072	-0.027
00.015	28.073	-0.028
00.010	28.073	-0.026
00.012	28.074	-0.027
00.013	28.073	-0.028
00.014	28.075	-0.024
00.014	28.075	-0.026
00.014	28.076	-0.025
00.014	28.076	-0.026
00.012	28.077	-0.025
00.013	28.077	-0.027
00.012	28.077	-0.025
00.013	28.078	-0.026
00.011	28.078	-0.026
00.012	28.077	-0.025
00.012	28.078	-0.026
00.012	28.079	-0.027
00.013	28.078	-0.025
00.010	28.078	-0.026
00.011	28.077	-0.026
00.011	28.077	-0.027
00.013	28.077	-0.028
00.011	28.077	-0.026
00.012	28.079	-0.025
00.013	28.078	-0.026
00.012	28.078	-0.026
00.012	28.079	-0.026
00.013	28.079	-0.028
00.014	28.080	-0.027
00.015	28.079	-0.026
00.014	28.080	-0.027
00.014	28.080	-0.026
00.014	28.081	-0.027
00.013	28.080	-0.026
00.013	28.078	-0.028
00.013	28.079	-0.026
00.014	28.079	-0.025
00.014	28.078	-0.025
00.015	28.079	-0.028
00.017	28.077	-0.027
00.017	28.079	-0.025
00.016	28.078	-0.026
00.018	28.075	-0.025
00.018	28.075	-0.026
00.018	28.072	-0.026
00.016	28.072	-0.025
00.018	28.070	-0.026
00.015	28.068	-0.027
00.013	28.068	-0.028
00.015	28.067	-0.026
00.014	28.066	-0.026
00.015	28.065	-0.024
00.015	28.065	-0.028
00.017	28.065	-0.026
00.015	28.063	-0.027
00.016	28.064	-0.026
00.016	28.065	-0.024
00.017	28.065	-0.026
00.015	28.066	-0.026
00.015	28.067	-0.026
00.015	28.067	-0.026
00.016	28.068	-0.027
00.017	28.069	-0.029
00.017	28.070	-0.026
00.017	28.070	-0.025
00.017	28.070	-0.027
00.014	28.072	-0.025
00.017	28.072	-0.026
00.019	28.072	-0.026
00.017	28.073	-0.027
00.017	28.072	-0.026
00.015	28.072	-0.026
00.016	28.071	-0.027
00.016	28.073	-0.026
00.016	28.073	-0.024
00.017	28.075	-0.027
00.015	28.076	-0.029
00.017	28.076	-0.027
00.018	28.076	-0.026
00.015	28.075	-0.027
00.016	28.076	-0.026
00.015	28.075	-0.027
00.016	28.077	-0.027
00.017	28.078	-0.026
00.017	28.078	-0.027
00.016	28.079	-0.025
00.016	28.080	-0.025
00.015	28.079	-0.027
00.017	28.082	-0.026
00.017	28.081	-0.025
00.015	28.082	-0.026
00.016	28.082	-0.027
00.016	28.083	-0.026
00.016	28.083	-0.027
00.016	28.084	-0.026
00.015	28.086	-0.024
00.016	28.087	-0.027
00.018	28.087	-0.026
00.016	28.088	-0.025
00.015	28.086	-0.027
00.017	28.087	-0.025
00.015	28.087	-0.025
00.015	28.089	-0.027
00.015	28.090	-0.026
00.017	28.091	-0.027
00.015	28.091	-0.026
00.017	28.092	-0.027
00.017	28.092	-0.027
00.017	28.093	-0.026
00.018	28.093	-0.025
00.018	28.092	-0.026
00.019	28.095	-0.028
00.016	28.095	-0.026
00.016	28.094	-0.026
00.018	28.094	-0.025
00.016	28.094	-0.027
00.017	28.094	-0.027
00.017	28.093	-0.026
00.017	28.096	-0.026
00.015	28.097	-0.025
00.016	28.096	-0.027
00.018	28.098	-0.028
00.015	28.099	-0.026
00.016	28.098	-0.026
00.016	28.099	-0.027
00.017	28.100	-0.028
00.017	28.102	-0.025
00.016	28.102	-0.025
00.017	28.103	-0.025
00.015	28.103	-0.025
00.016	28.104	-0.026
00.017	28.104	-0.026
00.016	28.103	-0.028
00.016	28.103	-0.028
00.015	28.104	-0.026
00.014	28.104	-0.026
00.014	28.104	-0.027
00.017	28.107	-0.026
00.016	28.107	-0.027
00.018	28.106	-0.025
00.019	28.107	-0.027
00.018	28.107	-0.026
00.018	28.109	-0.026
00.015	28.108	-0.028
00.013	28.110	-0.027
00.013	28.108	-0.027
00.013	28.109	-0.026
00.014	28.109	-0.026
00.012	28.108	-0.029
00.010	28.108	-0.027
00.013	28.107	-0.027
00.013	28.106	-0.027
00.015	28.107	-0.027
00.012	28.107	-0.025
00.013	28.109	-0.027
00.013	28.109	-0.029
00.012	28.109	-0.026
00.013	28.110	-0.026
00.011	28.111	-0.026
00.011	28.111	-0.027
00.012	28.112	-0.025
00.012	28.111	-0.027
00.013	28.111	-0.026
00.013	28.110	-0.029
00.012	28.111	-0.027
00.012	28.110	-0.026
00.013	28.110	-0.025
00.013	28.110	-0.026
00.011	28.110	-0.025
00.014	28.111	-0.025
00.014	28.112	-0.026
00.012	28.111	-0.026
00.013	28.111	-0.027
00.014	28.111	-0.025
00.013	28.112	-0.026
00.012	28.111	-0.025
00.012	28.113	-0.026
00.013	28.113	-0.028
00.013	28.110	-0.026
00.013	28.112	-0.026
00.014	28.110	-0.026
00.013	28.110	-0.027
00.014	28.110	-0.026
00.014	28.109	-0.026
00.015	28.110	-0.026
00.014	28.108	-0.026
00.014	28.107	-0.026
00.014	28.107	-0.028
00.015	28.106	-0.025
00.016	28.107	-0.026
00.014	28.106	-0.025
00.013	28.107	-0.027
00.013	28.107	-0.027
00.013	28.108	-0.025
00.011	28.107	-0.028
00.012	28.105	-0.025
00.014	28.104	-0.026
00.014	28.103	-0.028
00.014	28.102	-0.026
00.015	28.102	-0.027
00.015	28.101	-0.027
00.015	28.101	-0.027
00.012	28.101	-0.025
00.012	28.101	-0.025
00.014	28.101	-0.027
00.011	28.103	-0.027
00.011	28.103	-0.025
00.014	28.102	-0.026
00.009	28.103	-0.026
00.011	28.103	-0.026
00.011	28.104	-0.025
00.014	28.105	-0.027
00.017	28.106	-0.026
00.016	28.106	-0.025
00.014	28.106	-0.027
00.010	28.106	-0.027
00.013	28.107	-0.026
00.014	28.108	-0.026
00.014	28.107	-0.026
00.015	28.107	-0.027
00.013	28.109	-0.026
00.013	28.109	-0.149
00.012	28.109	38.060
00.013	28.099	38.370
00.036	28.043	39.814
00.088	27.969	42.632
00.118	27.899	42.904
00.147	27.841	42.896
00.164	27.795	42.706
00.177	27.760	41.929
00.200	27.735	41.809
00.239	27.715	43.701
00.296	27.695	48.652
00.335	27.677	57.521
00.360	27.664	57.530
00.378	27.653	57.530
00.401	27.645	57.526
00.438	27.640	57.531
00.469	27.633	57.526
00.508	27.630	57.467
00.580	27.626	57.466
00.625	27.624	57.534
00.664	27.621	57.531
00.680	27.619	57.520
00.685	27.618	57.516
00.687	27.615	57.515
00.696	27.613	57.517
00.711	27.613	57.514
00.720	27.614	57.514
00.721	27.615	57.514
00.721	27.619	57.516
00.711	27.621	57.516
00.712	27.624	57.513
00.710	27.624	57.512
00.703	27.625	57.513
00.699	27.625	57.514
00.697	27.625	57.511
00.702	27.625	57.511
00.709	27.626	57.512
00.713	27.625	57.510
00.711	27.623	57.512
00.706	27.623	57.514
00.696	27.619	57.516
00.681	27.619	57.518
00.681	27.617	57.520
00.677	27.617	57.523
00.683	27.617	57.522
00.687	27.617	57.517
00.687	27.617	57.516
00.682	27.616	57.514
00.681	27.616	57.518
00.682	27.616	57.520
00.685	27.616	57.519
00.684	27.617	57.519
00.690	27.618	57.518
00.694	27.618	57.512
00.695	27.619	57.510
00.698	27.620	57.513
00.694	27.622	57.512
00.688	27.623	57.513
00.678	27.622	57.513
00.673	27.624	57.513
00.671	27.624	57.513
00.671	27.627	57.514
00.679	27.626	57.510
00.686	27.626	57.507
00.695	27.624	57.507
00.701	27.625	57.506
00.706	27.625	57.506
00.705	27.626	57.508
00.700	27.625	57.508
00.693	27.623	57.508
00.690	27.622	57.506
00.686	27.621	57.507
00.677	27.620	57.508
00.668	27.620	57.508
00.658	27.619	57.511
00.649	27.621	57.513
00.649	27.620	57.513
00.638	27.621	57.513
00.640	27.620	57.515
00.648	27.619	57.515
00.656	27.618	57.514
00.658	27.618	57.514
00.661	27.620	57.515
00.662	27.620	57.513
00.662	27.619	57.515
00.688	27.619	57.514
00.667	27.620	57.514
00.667	27.620	57.517
00.671	27.622	57.518
00.674	27.622	57.519
00.677	27.621	57.520
00.682	27.622	57.519
00.682	27.623	57.521
00.691	27.623	57.521
00.695	27.624	57.521
00.699	27.626	57.522
00.702	27.627	57.521
00.702	27.629	57.521
00.703	27.629	57.521
00.704	27.630	57.521
00.700	27.630	57.524
00.698	27.627	57.523
00.697	27.626	57.520
00.695	27.626	57.520
00.695	27.625	57.521
00.693	27.627	57.520
00.695	27.626	57.520
00.698	27.626	57.518
00.701	27.626	57.516
00.700	27.627	57.516
00.693	27.627	57.517
00.686	27.628	57.518
00.686	27.628	57.521
00.678	27.628	57.520
00.677	27.630	57.517
00.678	27.629	57.522
00.678	27.629	57.517
00.683	27.629	57.517
00.688	27.629	57.515
00.693	27.627	57.516
00.696	27.625	57.516
00.701	27.626	57.517
00.703	27.623	57.516
00.701	27.622	57.517
00.697	27.618	57.517
00.695	27.616	57.516
00.692	27.615	57.513
00.693	27.616	57.515
00.694	27.617	57.515
00.698	27.620	57.518
00.700	27.620	57.516
00.696	27.621	57.517
00.695	27.622	57.516
00.693	27.620	57.511
00.693	27.620	57.508
00.693	27.620	57.508
00.691	27.619	57.511
00.691	27.619	57.516
00.693	27.618	57.513
00.697	27.616	57.513
00.695	27.615	57.514
00.695	27.615	57.512
00.688	27.614	57.512
00.687	27.615	57.515
00.683	27.614	57.512
00.683	27.615	57.511
00.677	27.615	57.514
00.672	27.615	57.514
00.675	27.615	57.512
00.682	27.614	57.511
00.689	27.614	57.511
00.694	27.612	57.513
00.698	27.613	57.509
00.698	27.612	57.513
00.694	27.612	57.511
00.693	27.612	57.511
00.696	27.611	57.513
00.696	27.611	57.513
00.692	27.611	57.513
00.690	27.610	57.512
00.690	27.612	57.512
00.692	27.611	57.512
00.692	27.612	57.511
00.690	27.611	57.511
00.691	27.612	57.513
00.692	27.611	57.513
00.693	27.612	57.513
00.693	27.611	57.512
00.690	27.612	57.512
00.692	27.612	57.512
00.694	27.613	57.513
00.694	27.614	57.511
00.691	27.613	57.511
00.691	27.614	57.510
00.692	27.614	57.511
00.694	27.614	57.510
00.694	27.613	57.511
00.693	27.613	57.509
00.696	27.614	57.512
00.699	27.614	57.513
00.699	27.612	57.509
00.703	27.611	57.511
00.703	27.611	57.509
00.700	27.611	57.508
00.695	27.609	57.507
00.697	27.609	57.508
00.692	27.610	57.507
00.690	27.610	57.507
00.690	27.611	57.505
00.687	27.611	57.502
00.689	27.611	57.503
00.695	27.610	57.504
00.699	27.610	57.503
00.699	27.608	57.504
00.698	27.609	57.506
00.697	27.609	57.504
00.698	27.608	57.504
00.700	27.608	57.504
00.704	27.608	57.503
00.705	27.607	57.504
00.703	27.606	57.505
00.699	27.607	57.504
00.694	27.606	57.502
00.692	27.606	57.501
00.689	27.606	57.501
00.689	27.606	57.501
00.694	27.605	57.503
00.696	27.606	57.504
00.696	27.605	57.505
00.696	27.604	57.503
00.700	27.604	57.504
00.704	27.604	57.506
00.704	27.603	57.507
00.702	27.605	57.511
00.697	27.604	57.511
00.695	27.603	57.509
00.691	27.603	57.510
00.689	27.604	57.509
00.688	27.605	57.505
00.687	27.605	57.507
00.713	27.605	57.507
00.694	27.607	57.509
00.697	27.605	57.508
00.701	27.606	57.508
00.699	27.606	57.505
00.700	27.605	57.505
00.699	27.607	57.509
00.697	27.606	57.509
00.697	27.606	57.510
00.699	27.605	57.509
00.698	27.606	57.510
00.695	27.606	57.511
00.695	27.606	57.510
00.695	27.607	57.509
00.695	27.606	57.509
00.699	27.605	57.508
00.699	27.607	57.509
00.701	27.605	57.509
00.705	27.606	57.509
00.709	27.606	57.507
00.710	27.606	57.509
00.710	27.606	57.509
00.709	27.606	57.509
00.705	27.606	57.508
00.701	27.607	57.508
00.699	27.605	57.509
00.696	27.607	57.510
00.697	27.607	57.510
00.695	27.608	57.508
00.699	27.608	57.511
00.703	27.608	57.506
00.708	27.609	57.509
00.712	27.608	57.511
00.714	27.608	57.508
00.715	27.610	57.509
00.708	27.609	57.508
00.705	27.608	57.508
00.705	27.608	57.508
00.700	27.607	57.506
00.700	27.608	57.505
00.700	27.607	57.506
00.706	27.607	57.503
00.708	27.608	57.503
00.708	27.608	57.506
00.709	27.609	57.508
00.709	27.609	57.510
00.709	27.609	57.508
00.709	27.609	57.506
00.704	27.610	57.501
00.700	27.611	57.501
00.699	27.611	57.503
00.697	27.611	57.500
00.697	27.612	57.502
00.697	27.612	57.502
00.698	27.612	57.502
00.701	27.612	57.506
00.701	27.611	57.505
00.706	27.612	57.506
00.705	27.610	57.506
00.706	27.611	57.507
00.706	27.610	57.506
00.701	27.611	57.506
00.698	27.609	57.506
00.701	27.607	57.507
00.701	27.608	57.505
00.704	27.607	57.507
00.706	27.607	57.506
00.710	27.605	57.506
00.710	27.605	57.505
00.710	27.605	57.506
00.711	27.605	57.507
00.709	27.605	57.505
00.709	27.603	57.506
00.707	27.604	57.505
00.706	27.603	57.504
00.707	27.604	57.504
00.708	27.603	57.505
00.708	27.605	57.507
00.709	27.604	57.506
00.709	27.605	57.504
00.704	27.604	57.505
00.698	27.605	57.506
00.699	27.605	57.504
00.702	27.605	57.505
00.706	27.606	57.506
00.706	27.608	57.505
00.712	27.609	57.506
00.715	27.609	57.506
00.715	27.610	57.507
00.720	27.609	57.506
00.720	27.609	57.508
00.721	27.609	57.509
00.721	27.609	57.507
00.716	27.609	57.505
00.714	27.610	57.506
00.712	27.610	57.506
00.712	27.609	57.507
00.708	27.611	57.506
00.709	27.611	57.506
00.710	27.611	57.505
00.713	27.611	57.506
00.713	27.610	57.505
00.714	27.609	57.507
00.715	27.609	57.507
00.714	27.610	57.507
00.689	27.609	57.507
00.712	27.608	57.509
00.709	27.608	57.508
00.708	27.608	57.506
00.709	27.608	57.506
00.710	27.608	57.508
00.710	27.607	57.507
00.713	27.608	57.506
00.714	27.609	57.508
00.715	27.608	57.508
00.714	27.608	57.505
00.714	27.608	57.506
00.688	27.607	57.507
00.710	27.609	57.507
00.707	27.608	57.506
00.705	27.610	57.504
00.703	27.609	57.507
00.702	27.610	57.505
00.702	27.611	57.506
00.705	27.610	57.506
00.707	27.610	57.508
00.707	27.611	57.505
00.708	27.611	57.506
00.710	27.610	57.506
00.713	27.611	57.504
00.715	27.612	57.508
00.715	27.612	57.504
00.717	27.610	57.505
00.717	27.611	57.503
00.712	27.611	57.505
00.710	27.611	57.504
00.710	27.611	57.506
00.709	27.611	57.505
00.710	27.612	57.504
00.711	27.611	57.507
00.713	27.610	57.507
00.717	27.610	57.504
00.719	27.609	57.504
00.718	27.609	57.506
00.716	27.608	57.507
00.716	27.608	57.507
00.713	27.607	57.507
00.713	27.607	57.507
00.713	27.608	57.506
00.712	27.608	57.506
00.712	27.610	57.506
00.714	27.610	57.506
00.714	27.609	57.509
00.713	27.609	57.507
00.711	27.609	57.507
00.710	27.610	57.508
00.710	27.609	57.509
00.710	27.609	57.506
00.711	27.609	57.505
00.713	27.608	57.509
00.738	27.608	57.508
00.718	27.609	57.507
00.718	27.609	57.509
00.715	27.609	57.507
00.715	27.608	57.508
00.716	27.610	57.510
00.715	27.610	57.510
00.715	27.610	57.513
00.713	27.610	57.510
00.712	27.611	57.513
00.713	27.611	57.513
00.711	27.611	57.513
00.712	27.611	57.511
00.713	27.610	57.512
00.716	27.608	57.511
00.720	27.608	57.513
00.722	27.607	57.512
00.723	27.607	57.511
00.722	27.606	57.512
00.721	27.606	57.512
00.721	27.605	57.510
00.718	27.607	57.513
00.711	27.606	57.512
00.711	27.605	57.510
00.702	27.606	57.508
00.699	27.605	57.509
00.701	27.606	57.507
00.703	27.606	57.507
00.709	27.606	57.507
00.710	27.607	57.507
00.714	27.607	57.507
00.711	27.607	57.505
00.711	27.607	57.504
00.709	27.607	57.507
00.710	27.607	57.507
00.705	27.607	57.508
00.700	27.608	57.506
00.698	27.607	57.507
00.698	27.607	57.504
00.688	27.606	57.505
00.687	27.607	57.505
00.686	27.606	57.507
00.689	27.606	57.505
00.693	27.606	57.506
00.699	27.606	57.502
00.703	27.605	57.502
00.703	27.606	57.505
00.707	27.604	57.506
00.707	27.605	57.504
00.708	27.605	57.504
00.709	27.605	57.504
00.704	27.604	57.504
00.700	27.605	57.507
00.697	27.605	57.503
00.697	27.605	57.504
00.700	27.604	57.506
00.700	27.604	57.506
00.710	27.604	57.506
00.714	27.604	57.505
00.712	27.603	57.503
00.711	27.603	57.505
00.710	27.603	57.503
00.710	27.603	57.506
00.702	27.602	57.506
00.701	27.603	57.506
00.698	27.604	57.505
00.696	27.604	57.506
00.698	27.604	57.507
00.704	27.604	57.506
00.709	27.604	57.506
00.716	27.606	57.505
00.719	27.605	57.506
00.719	27.605	57.507
00.725	27.605	57.506
00.722	27.606	57.507
00.721	27.605	57.506
00.720	27.605	57.507
00.717	27.606	57.506
00.691	27.606	57.507
00.712	27.605	57.507
00.712	27.606	57.506
00.712	27.606	57.506
00.711	27.606	57.506
00.714	27.606	57.509
00.715	27.607	57.510
00.718	27.606	57.507
00.723	27.608	57.509
00.724	27.607	57.510
00.724	27.607	57.508
00.718	27.605	57.510
00.715	27.605	57.508
00.712	27.605	57.510
00.711	27.604	57.509
00.710	27.604	57.508
00.711	27.603	57.508
00.714	27.602	57.507
00.739	27.603	57.508
00.718	27.600	57.507
00.722	27.601	57.508
00.721	27.600	57.511
00.722	27.599	57.511
00.722	27.598	57.510
00.719	27.598	57.511
00.715	27.597	57.511
00.715	27.598	57.512
00.714	27.597	57.513
00.713	27.597	57.514
00.716	27.597	57.513
00.717	27.598	57.514
00.717	27.598	57.514
00.718	27.599	57.512
00.720	27.599	57.511
00.717	27.599	57.511
00.717	27.600	57.512
00.716	27.601	57.511
00.714	27.601	57.509
00.712	27.601	57.509
00.712	27.601	57.509
00.712	27.602	57.508
00.738	27.601	57.508
00.718	27.601	57.511
00.719	27.600	57.508
00.723	27.601	57.507
00.725	27.602	57.509
00.724	27.602	57.509
00.724	27.602	57.507
00.718	27.602	57.508
00.715	27.601	57.508
00.715	27.602	57.507
00.715	27.601	57.508
00.716	27.602	57.507
00.718	27.602	57.506
00.717	27.603	57.508
00.715	27.602	57.507
00.715	27.602	57.506
00.711	27.602	57.507
00.712	27.603	57.507
00.709	27.601	57.506
00.705	27.603	57.505
00.706	27.603	57.507
00.705	27.602	57.508
00.705	27.603	57.508
00.709	27.603	57.509
00.710	27.603	57.507
00.712	27.602	57.509
00.712	27.603	57.506
00.714	27.602	57.507
00.715	27.603	57.506
00.716	27.602	57.509
00.716	27.602	57.506
00.714	27.602	57.506
00.711	27.602	57.506
00.707	27.603	57.506
00.705	27.604	57.505
00.704	27.603	57.504
00.705	27.604	57.505
00.704	27.604	57.505
00.707	27.604	57.507
00.707	27.604	57.504
00.707	27.603	57.504
00.707	27.602	57.503
00.706	27.603	57.506
00.705	27.604	57.507
00.705	27.604	57.507
00.706	27.603	57.507
00.706	27.605	57.506
00.709	27.605	57.506
00.714	27.606	57.506
00.715	27.605	57.506
00.715	27.605	57.507
00.716	27.605	57.506
00.715	27.605	57.507
00.715	27.606	57.505
00.712	27.605	57.506
00.712	27.606	57.509
00.706	27.606	57.510
00.704	27.606	57.510
00.701	27.607	57.510
00.701	27.607	57.510
00.702	27.606	57.509
00.706	27.606	57.509
00.706	27.606	57.510
00.714	27.606	57.509
00.718	27.606	57.506
00.718	27.606	57.507
00.718	27.607	57.505
00.716	27.605	57.504
00.712	27.605	57.504
00.711	27.606	57.503
00.708	27.605	57.502
00.708	27.607	57.505
00.705	27.605	57.504
00.706	27.607	57.502
00.710	27.606	57.504
00.713	27.606	57.505
00.715	27.607	57.506
00.717	27.606	57.506
00.718	27.607	57.505
00.715	27.606	57.506
00.690	27.607	57.506
00.708	27.606	57.507
00.707	27.604	57.510
00.708	27.605	57.506
00.705	27.605	57.505
00.706	27.605	57.506
00.708	27.604	57.505
00.711	27.602	57.508
00.716	27.603	57.507
00.716	27.603	57.507
00.725	27.603	57.504
00.726	27.603	57.508
00.726	27.603	57.508
00.723	27.603	57.505
00.722	27.602	57.505
00.716	27.602	57.504
00.714	27.601	57.503
00.712	27.600	57.501
00.714	27.599	57.501
00.717	27.600	57.501
00.720	27.598	57.501
00.724	27.597	57.501
00.724	27.596	57.502
00.729	27.597	57.501
00.730	27.596	57.502
00.728	27.595	57.502
00.723	27.596	57.501
00.722	27.594	57.502
00.720	27.595	57.500
00.718	27.595	57.503
00.719	27.594	57.503
00.721	27.594	57.502
00.721	27.592	57.502
00.720	27.593	57.502
00.720	27.592	57.500
00.722	27.591	57.501
00.723	27.590	57.501
00.725	27.592	57.503
00.725	27.592	57.503
00.727	27.592	57.503
00.727	27.591	57.504
00.724	27.592	57.502
00.721	27.593	57.502
00.720	27.594	57.506
00.720	27.594	57.504
00.719	27.595	57.506
00.718	27.595	57.504
00.716	27.594	57.505
00.718	27.595	57.506
00.718	27.595	57.504
00.720	27.596	57.503
00.722	27.594	57.505
00.723	27.596	57.503
00.724	27.596	57.503
00.722	27.595	57.506
00.719	27.595	57.505
00.718	27.595	57.504
00.715	27.596	57.505
00.718	27.595	57.504
00.717	27.597	57.504
00.717	27.596	57.502
00.721	27.595	57.504
00.726	27.597	57.502
00.728	27.596	57.505
00.731	27.596	57.504
00.731	27.598	57.504
00.729	27.597	57.503
00.726	27.597	57.505
00.721	27.598	57.504
00.721	27.598	57.504
00.717	27.597	57.505
00.715	27.597	57.506
00.718	27.598	57.506
00.718	27.596	57.505
00.720	27.598	57.505
00.722	27.597	57.505
00.724	27.597	57.505
00.725	27.597	57.505
00.722	27.597	57.504
00.721	27.597	57.504
00.721	27.597	57.504
00.717	27.595	57.503
00.718	27.597	57.504
00.718	27.597	57.505
00.721	27.596	57.504
00.723	27.596	57.504
00.723	27.596	57.503
00.724	27.596	57.503
00.725	27.596	57.502
00.722	27.595	57.504
00.725	27.596	57.503
00.725	27.596	57.504
00.724	27.597	57.502
00.725	27.596	57.503
00.725	27.595	57.503
00.726	27.594	57.503
00.730	27.594	57.502
00.736	27.595	57.502
00.738	27.595	57.503
00.737	27.594	57.505
00.735	27.594	57.502
00.735	27.594	57.504
00.728	27.595	57.503
00.725	27.596	57.503
00.725	27.595	57.502
00.723	27.595	57.503
00.727	27.595	57.503
00.731	27.595	57.502
00.734	27.595	57.503
00.738	27.595	57.504
00.738	27.595	57.505
00.739	27.595	57.503
00.740	27.595	57.504
00.740	27.595	57.504
00.746	27.596	57.505
00.749	27.596	57.505
00.749	27.596	57.505
00.751	27.594	57.507
00.750	27.596	57.505
00.749	27.595	57.506
00.749	27.596	57.504
00.748	27.596	57.505
00.748	27.596	57.503
00.748	27.595	57.503
00.749	27.595	57.503
00.750	27.595	57.502
00.749	27.595	57.502
00.748	27.594	57.503
00.749	27.594	57.504
00.743	27.593	57.505
00.743	27.593	57.504
00.737	27.593	57.503
00.738	27.593	57.503
00.735	27.594	57.504
00.729	27.593	57.503
00.730	27.594	57.500
00.727	27.594	57.499
00.725	27.593	57.499
00.728	27.593	57.500
00.727	27.593	57.499
00.729	27.593	57.498
00.732	27.593	57.498
00.737	27.593	57.500
00.740	27.594	57.498
00.738	27.593	57.501
00.738	27.593	57.503
00.736	27.593	57.501
00.731	27.592	57.501
00.724	27.593	57.501
00.719	27.592	57.500
00.717	27.591	57.501
00.718	27.592	57.501
00.718	27.592	57.501
00.726	27.593	57.503
00.731	27.593	57.502
00.738	27.594	57.504
00.744	27.595	57.502
00.746	27.594	57.502
00.742	27.593	57.504
00.742	27.593	57.502
00.739	27.592	57.502
00.736	27.593	57.504
00.730	27.593	57.504
00.727	27.593	57.505
00.732	27.594	57.503
00.734	27.594	57.502
00.739	27.593	57.501
00.744	27.594	57.500
00.748	27.593	57.500
00.750	27.593	57.498
00.752	27.593	57.497
00.754	27.594	57.497
00.752	27.594	57.499
00.749	27.594	57.497
00.747	27.594	57.495
00.747	27.593	57.493
00.747	27.593	57.493
00.750	27.593	57.494
00.757	27.591	57.493
00.765	27.593	57.495
00.772	27.592	57.493
00.780	27.592	57.495
00.782	27.593	57.496
00.787	27.592	57.495
00.791	27.593	57.494
00.787	27.591	57.493
00.778	27.591	57.494
00.774	27.589	57.493
00.773	27.590	57.494
00.773	27.589	57.493
00.753	27.590	57.493
00.743	27.589	57.496
00.717	27.588	57.495
00.737	27.589	57.494
00.745	27.589	57.492
00.761	27.588	57.494
00.778	27.587	57.492
00.794	27.587	57.491
00.805	27.587	57.493
00.807	27.588	57.493
00.805	27.587	57.492
00.800	27.588	57.493
00.793	27.587	57.490
00.786	27.586	57.490
00.787	27.586	57.490
00.788	27.588	57.490
00.814	27.587	57.492
00.794	27.587	57.493
00.798	27.588	57.496
00.803	27.588	57.495
00.809	27.588	57.496
00.813	27.588	57.495
00.815	27.586	57.493
00.819	27.586	57.494
00.819	27.587	57.494
00.835	27.587	57.495
00.847	27.587	57.497
00.862	27.588	57.496
00.876	27.588	57.496
00.895	27.588	57.495
00.908	27.588	57.492
00.923	27.589	57.494
00.932	27.589	57.494
00.943	27.588	57.495
00.953	27.589	57.494
00.966	27.591	57.494
00.979	27.589	57.494
00.991	27.589	57.494
00.998	27.589	57.494
01.001	27.589	57.493
01.001	27.589	57.490
01.003	27.588	57.492
01.008	27.588	57.491
01.018	27.588	57.490
01.032	27.588	57.493
01.045	27.589	57.494
01.057	27.588	57.492
01.070	27.589	57.495
01.096	27.589	57.494
01.093	27.588	57.491
01.109	27.588	57.493
01.134	27.588	57.494
01.150	27.589	57.496
01.161	27.588	57.495
01.176	27.588	57.495
01.176	27.588	57.494
01.206	27.589	57.494
01.227	27.589	57.494
01.246	27.589	57.494
01.265	27.589	57.495
01.276	27.589	57.496
01.277	27.590	57.494
01.274	27.589	57.495
01.274	27.590	57.494
01.261	27.589	57.497
01.261	27.589	57.496
01.266	27.589	57.496
01.277	27.590	57.497
01.297	27.590	57.496
01.325	27.591	57.494
01.347	27.590	57.495
01.371	27.590	57.495
01.384	27.590	57.494
01.396	27.591	57.495
01.408	27.591	57.492
01.418	27.592	57.495
01.424	27.591	57.495
01.430	27.593	57.492
01.433	27.593	57.493
01.442	27.592	57.494
01.455	27.593	57.492
01.471	27.592	57.493
01.496	27.594	57.494
01.504	27.593	57.491
01.518	27.592	57.493
01.533	27.592	57.494
01.543	27.593	57.492
01.552	27.592	57.492
01.577	27.592	57.493
01.566	27.592	57.494
01.568	27.592	57.494
01.575	27.592	57.493
01.582	27.592	57.493
01.585	27.592	57.494
01.588	27.592	57.497
01.591	27.592	57.495
01.597	27.592	57.497
01.609	27.591	57.497
01.635	27.592	57.494
01.644	27.592	57.497
01.658	27.591	57.498
01.672	27.590	57.497
01.685	27.591	57.498
01.711	27.590	57.497
01.729	27.590	57.496
01.755	27.591	57.495
01.767	27.590	57.493
01.782	27.591	57.494
01.800	27.591	57.494
01.824	27.590	57.494
01.847	27.591	57.492
01.858	27.592	57.495
01.858	27.590	57.493
01.846	27.591	57.492
01.830	27.590	57.491
01.829	27.591	57.493
01.829	27.589	57.490
01.844	27.589	57.489
01.859	27.589	57.488
01.878	27.589	57.491
01.897	27.590	57.495
01.923	27.589	57.498
01.946	27.589	57.495
01.972	27.589	57.493
01.996	27.588	57.493
02.020	27.588	57.492
02.039	27.587	57.493
02.065	27.588	57.496
02.063	27.588	57.494
02.067	27.588	57.495
02.069	27.589	57.492
02.069	27.589	57.491
02.076	27.589	57.490
02.084	27.589	57.493
02.093	27.589	57.491
02.106	27.589	57.490
02.106	27.590	57.492
02.131	27.589	57.492
02.147	27.588	57.491
02.172	27.589	57.496
02.186	27.588	57.493
02.210	27.588	57.494
02.225	27.589	57.492
02.241	27.589	57.492
02.256	27.588	57.493
02.269	27.588	57.492
02.295	27.587	57.493
02.285	27.588	57.494
02.291	27.588	57.495
02.304	27.588	57.493
02.320	27.587	57.493
02.345	27.588	57.492
02.348	27.588	57.493
02.360	27.588	57.492
02.372	27.588	57.493
02.387	27.588	57.491
02.410	27.588	57.490
02.422	27.588	57.489
02.434	27.588	57.489
02.449	27.590	57.488
02.459	27.588	57.488
02.464	27.588	57.489
02.464	27.588	57.488
02.480	27.588	57.489
02.497	27.588	57.488
02.525	27.588	57.487
02.545	27.588	57.488
02.569	27.587	57.487
02.607	27.586	57.483
02.629	27.584	57.484
02.655	27.585	57.485
02.663	27.584	57.484
02.671	27.583	57.484
02.676	27.584	57.484
02.684	27.584	57.485
02.692	27.583	57.487
02.702	27.583	57.485
02.712	27.585	57.483
02.725	27.584	57.484
02.741	27.583	57.484
02.759	27.584	57.485
02.774	27.582	57.486
02.791	27.584	57.485
02.806	27.583	57.486
02.824	27.583	57.485
02.850	27.582	57.486
02.875	27.581	57.485
02.885	27.582	57.487
02.903	27.581	57.488
02.914	27.581	57.486
02.924	27.582	57.488
02.933	27.580	57.484
02.933	27.580	57.488
02.946	27.580	57.487
02.958	27.580	57.488
02.984	27.580	57.489
02.991	27.581	57.488
03.013	27.581	57.487
03.039	27.581	57.488
03.062	27.581	57.487
03.083	27.580	57.487
03.109	27.580	57.486
03.116	27.578	57.486
03.136	27.578	57.488
03.163	27.578	57.487
03.186	27.579	57.487
03.199	27.579	57.487
03.214	27.578	57.488
03.226	27.578	57.487
03.232	27.579	57.485
03.236	27.578	57.488
03.246	27.579	57.485
03.262	27.578	57.485
03.295	27.578	57.484
03.336	27.578	57.485
03.360	27.577	57.483
03.379	27.577	57.482
03.396	27.577	57.483
03.415	27.577	57.481
03.434	27.578	57.482
03.451	27.577	57.482
03.462	27.577	57.482
03.471	27.577	57.482
03.482	27.577	57.484
03.482	27.577	57.482
03.500	27.577	57.483
03.512	27.577	57.482
03.521	27.577	57.484
03.547	27.578	57.483
03.546	27.577	57.483
03.559	27.577	57.483
03.576	27.578	57.485
03.602	27.578	57.484
03.622	27.579	57.483
03.656	27.579	57.484
03.694	27.579	57.483
03.720	27.579	57.481
03.751	27.578	57.480
03.777	27.577	57.480
03.772	27.576	57.481
03.779	27.577	57.481
03.779	27.576	57.483
03.775	27.576	57.481
03.779	27.575	57.481
03.791	27.575	57.481
03.811	27.576	57.482
03.847	27.575	57.481
03.888	27.576	57.481
03.921	27.575	57.479
03.948	27.575	57.481
03.976	27.575	57.481
04.002	27.574	57.479
04.023	27.575	57.478
04.035	27.575	57.481
04.038	27.575	57.479
04.029	27.575	57.479
04.014	27.574	57.480
04.009	27.573	57.478
04.015	27.573	57.480
04.031	27.574	57.480
04.068	27.573	57.479
04.109	27.573	57.480
04.139	27.573	57.478
04.181	27.573	57.480
04.212	27.573	57.478
04.260	27.572	57.480
04.278	27.572	57.479
04.304	27.573	57.480
04.318	27.572	57.480
04.322	27.573	57.481
04.317	27.573	57.480
04.317	27.572	57.481
04.319	27.573	57.482
04.336	27.573	57.480
04.363	27.572	57.481
04.399	27.572	57.479
04.435	27.572	57.481
04.473	27.572	57.480
04.507	27.573	57.480
04.533	27.574	57.480
04.545	27.573	57.479
04.560	27.572	57.478
04.560	27.572	57.478
04.583	27.573	57.482
04.592	27.573	57.481
04.606	27.573	57.481
04.624	27.574	57.481
04.660	27.574	57.479
04.685	27.573	57.478
04.732	27.573	57.484
04.769	27.573	57.479
04.787	27.573	57.480
04.808	27.574	57.479
04.829	27.573	57.481
04.854	27.572	57.479
04.882	27.573	57.480
04.896	27.573	57.479
04.903	27.573	57.479
04.901	27.573	57.480
04.888	27.574	57.480
04.888	27.572	57.479
04.878	27.573	57.481
04.878	27.573	57.479
04.899	27.573	57.481
04.921	27.573	57.481
04.947	27.573	57.482
04.984	27.574	57.481
05.020	27.573	57.483
05.055	27.573	57.482
05.091	27.573	57.481
05.108	27.573	57.481
05.127	27.572	57.479
05.139	27.573	57.479
05.150	27.572	57.480
05.150	27.573	57.480
05.159	27.573	57.480
05.154	27.572	57.481
05.150	27.573	57.480
05.154	27.573	57.481
05.165	27.572	57.480
05.181	27.572	57.480
05.209	27.572	57.481
05.234	27.572	57.480
05.276	27.573	57.481
05.316	27.572	57.482
05.351	27.573	57.479
05.372	27.572	57.481
05.397	27.572	57.478
05.393	27.571	57.479
05.400	27.572	57.481
05.403	27.572	57.481
05.405	27.571	57.479
05.405	27.571	57.482
05.409	27.571	57.480
05.418	27.571	57.482
05.438	27.571	57.482
05.468	27.571	57.480
05.501	27.570	57.482
05.536	27.572	57.481
05.561	27.572	57.482
05.585	27.571	57.482
05.603	27.571	57.481
05.618	27.571	57.483
05.618	27.571	57.480
05.644	27.571	57.481
05.662	27.572	57.480
05.662	27.572	57.484
05.682	27.571	57.485
05.681	27.572	57.483
05.681	27.571	57.483
05.687	27.572	57.482
05.702	27.573	57.482
05.721	27.572	57.482
05.748	27.571	57.480
05.773	27.573	57.480
05.798	27.572	57.480
05.833	27.571	57.479
05.857	27.572	57.479
05.886	27.571	57.479
05.919	27.571	57.480
05.949	27.572	57.480
05.969	27.571	57.479
05.982	27.571	57.479
05.990	27.570	57.479
05.998	27.571	57.479
06.010	27.571	57.480
06.027	27.570	57.481
06.047	27.571	57.480
06.072	27.570	57.481
06.098	27.571	57.480
06.118	27.571	57.480
06.132	27.571	57.478
06.158	27.570	57.479
06.185	27.569	57.481
06.218	27.571	57.481
06.246	27.570	57.480
06.256	27.570	57.478
06.257	27.569	57.482
06.255	27.570	57.480
06.245	27.569	57.481
06.244	27.570	57.485
06.255	27.569	57.483
06.277	27.569	57.482
06.321	27.569	57.481
06.372	27.570	57.480
06.414	27.569	57.479
06.450	27.569	57.481
06.460	27.569	57.480
06.470	27.568	57.479
06.474	27.568	57.479
06.471	27.568	57.480
06.461	27.567	57.480
06.449	27.568	57.478
06.444	27.567	57.480
06.447	27.568	57.481
06.457	27.568	57.481
06.491	27.567	57.479
06.526	27.568	57.480
06.570	27.567	57.479
06.612	27.568	57.477
06.645	27.568	57.477
06.686	27.567	57.480
06.704	27.567	57.478
06.717	27.567	57.479
06.713	27.567	57.479
06.695	27.567	57.480
06.674	27.567	57.481
06.668	27.567	57.481
06.678	27.567	57.481
06.709	27.568	57.482
06.750	27.567	57.480
06.801	27.566	57.476
06.830	27.566	57.477
06.856	27.566	57.476
06.893	27.567	57.479
06.919	27.566	57.480
06.944	27.566	57.481
06.955	27.566	57.480
06.952	27.567	57.480
06.938	27.566	57.478
06.926	27.566	57.480
06.926	27.566	57.480
06.935	27.566	57.481
06.965	27.566	57.479
07.005	27.566	57.480
07.052	27.567	57.478
07.075	27.567	57.479
07.103	27.566	57.478
07.134	27.565	57.479
07.154	27.566	57.480
07.160	27.565	57.478
07.153	27.565	57.480
07.152	27.567	57.481
07.158	27.566	57.480
07.182	27.567	57.478
07.220	27.566	57.481
07.273	27.565	57.480
07.314	27.566	57.481
07.341	27.566	57.480
07.366	27.566	57.480
07.363	27.565	57.480
07.364	27.567	57.481
07.364	27.567	57.481
07.363	27.567	57.480
07.365	27.567	57.480
07.368	27.567	57.481
07.376	27.566	57.481
07.389	27.567	57.482
07.403	27.568	57.481
07.424	27.566	57.481
07.456	27.567	57.481
07.477	27.566	57.482
07.499	27.568	57.480
07.529	27.565	57.481
07.543	27.567	57.481
07.552	27.566	57.482
07.577	27.565	57.482
07.555	27.565	57.483
07.553	27.566	57.483
07.548	27.565	57.483
07.542	27.565	57.482
07.529	27.566	57.484
07.525	27.566	57.482
07.532	27.566	57.483
07.558	27.566	57.485
07.606	27.566	57.483
07.653	27.566	57.484
07.730	27.565	57.483
07.727	27.565	57.483
07.742	27.565	57.482
07.753	27.566	57.483
07.763	27.564	57.485
07.777	27.565	57.483
07.789	27.565	57.484
07.797	27.565	57.484
07.807	27.566	57.484
07.823	27.566	57.485
07.851	27.565	57.482
07.898	27.566	57.483
07.926	27.565	57.482
07.957	27.565	57.482
07.981	27.566	57.479
08.006	27.565	57.480
08.008	27.565	57.483
08.015	27.564	57.484
08.020	27.564	57.483
08.019	27.563	57.482
08.023	27.564	57.484
08.023	27.564	57.484
08.055	27.563	57.483
08.097	27.564	57.484
08.144	27.563	57.484
08.166	27.563	57.483
08.190	27.564	57.482
08.210	27.563	57.484
08.236	27.562	57.484
08.241	27.563	57.483
08.259	27.564	57.483
08.273	27.564	57.482
08.282	27.564	57.481
08.279	27.565	57.482
08.271	27.563	57.482
08.271	27.564	57.484
08.277	27.565	57.483
08.292	27.565	57.482
08.326	27.565	57.481
08.360	27.564	57.483
08.385	27.565	57.480
08.409	27.565	57.481
08.425	27.565	57.480
08.440	27.565	57.480
08.458	27.565	57.482
08.477	27.566	57.480
08.490	27.565	57.482
08.493	27.565	57.479
08.486	27.565	57.481
08.481	27.566	57.482
08.483	27.565	57.479
08.497	27.566	57.481
08.531	27.566	57.481
08.566	27.565	57.482
08.615	27.566	57.479
08.640	27.565	57.479
08.657	27.566	57.480
08.670	27.565	57.481
08.684	27.564	57.479
08.700	27.565	57.479
08.711	27.564	57.481
08.711	27.565	57.480
08.704	27.564	57.480
08.691	27.565	57.478
08.679	27.564	57.479
08.680	27.564	57.479
08.688	27.564	57.480
08.713	27.563	57.481
08.739	27.564	57.480
08.782	27.563	57.477
08.818	27.563	57.478
08.840	27.563	57.480
08.862	27.564	57.479
08.888	27.563	57.481
08.901	27.564	57.479
08.909	27.564	57.479
08.906	27.564	57.481
08.893	27.564	57.481
08.883	27.564	57.479
08.883	27.563	57.481
08.888	27.564	57.481
08.904	27.564	57.478
08.926	27.564	57.481
08.948	27.564	57.482
08.972	27.565	57.480
08.981	27.564	57.479
08.989	27.564	57.482
09.000	27.566	57.483
09.026	27.565	57.480
09.043	27.565	57.481
09.070	27.564	57.481
09.084	27.565	57.482
09.110	27.565	57.481
09.107	27.565	57.481
09.115	27.564	57.481
09.128	27.565	57.480
09.148	27.565	57.481
09.171	27.565	57.480
09.204	27.565	57.480
09.227	27.565	57.482
09.262	27.565	57.481
09.294	27.564	57.480
09.319	27.565	57.481
09.344	27.565	57.480
09.322	27.565	57.481
09.312	27.564	57.480
09.305	27.565	57.481
09.311	27.565	57.482
09.330	27.566	57.479
09.368	27.564	57.482
09.412	27.564	57.480
09.442	27.565	57.481
09.467	27.564	57.481
09.498	27.565	57.480
09.537	27.565	57.483
09.558	27.565	57.481
09.568	27.566	57.481
09.573	27.565	57.481
09.576	27.564	57.479
09.584	27.564	57.480
09.601	27.565	57.481
09.630	27.564	57.481
09.652	27.564	57.482
09.679	27.565	57.482
09.699	27.565	57.479
09.721	27.565	57.481
09.746	27.565	57.480
09.772	27.565	57.481
09.783	27.564	57.483
09.779	27.564	57.481
09.771	27.564	57.481
09.755	27.565	57.482
09.755	27.565	57.482
09.760	27.564	57.481
09.784	27.565	57.482
09.823	27.565	57.479
09.863	27.564	57.482
09.906	27.564	57.482
09.932	27.564	57.480
09.958	27.565	57.482
09.972	27.565	57.482
09.984	27.564	57.481
09.984	27.564	57.483
09.982	27.564	57.481
09.975	27.565	57.482
09.975	27.565	57.482
09.990	27.565	57.482
10.021	27.565	57.482
10.069	27.564	57.481
10.105	27.565	57.481
10.142	27.564	57.480
10.185	27.564	57.480
10.211	27.565	57.479
10.223	27.565	57.481
10.230	27.565	57.479
10.228	27.565	57.479
10.223	27.564	57.481
10.224	27.565	57.481
10.236	27.565	57.482
10.268	27.565	57.482
10.316	27.564	57.483
10.367	27.565	57.481
10.387	27.565	57.482
10.424	27.565	57.482
10.447	27.564	57.481
10.468	27.565	57.483
10.494	27.565	57.481
10.468	27.565	57.481
10.455	27.565	57.481
10.455	27.565	57.483
10.463	27.566	57.480
10.508	27.565	57.481
10.551	27.566	57.479
10.604	27.566	57.484
10.649	27.567	57.483
10.698	27.565	57.482
10.730	27.565	57.481
10.758	27.564	57.480
10.768	27.565	57.479
10.772	27.565	57.480
10.773	27.566	57.482
10.798	27.565	57.482
10.799	27.565	57.481
10.842	27.565	57.479
10.876	27.566	57.483
10.927	27.566	57.480
10.974	27.565	57.480
11.024	27.564	57.478
11.076	27.564	57.480
11.105	27.564	57.480
11.109	27.565	57.479
11.093	27.564	57.480
11.079	27.564	57.481
11.070	27.562	57.480
11.076	27.563	57.480
11.091	27.563	57.482
11.116	27.563	57.482
11.164	27.561	57.482
11.200	27.562	57.480
11.221	27.562	57.483
11.237	27.561	57.481
11.263	27.563	57.482
11.276	27.562	57.480
11.295	27.562	57.481
11.295	27.561	57.484
11.314	27.561	57.480
11.309	27.561	57.482
11.310	27.561	57.482
11.320	27.560	57.483
11.345	27.561	57.482
11.413	27.560	57.480
11.461	27.561	57.480
11.514	27.561	57.478
11.555	27.560	57.477
11.580	27.560	57.477
11.620	27.560	57.476
11.633	27.559	57.477
11.633	27.559	57.477
11.624	27.559	57.477
11.619	27.558	57.478
11.624	27.559	57.477
11.642	27.558	57.478
11.678	27.559	57.479
11.725	27.558	57.479
11.756	27.558	57.479
11.785	27.558	57.478
11.815	27.559	57.480
11.860	27.559	57.478
11.887	27.557	57.479
11.913	27.558	57.481
11.924	27.558	57.479
11.925	27.558	57.477
11.925	27.557	57.480
11.924	27.557	57.480
11.950	27.558	57.480
11.961	27.557	57.480
11.983	27.559	57.480
12.015	27.559	57.480
12.062	27.559	57.482
12.113	27.557	57.479
12.134	27.558	57.480
12.145	27.558	57.480
12.146	27.558	57.479
12.146	27.558	57.479
12.156	27.558	57.476
12.181	27.557	57.478
12.218	27.558	57.479
12.268	27.558	57.478
12.294	27.559	57.479
12.347	27.558	57.478
12.394	27.558	57.479
12.431	27.558	57.478
12.452	27.557	57.480
12.457	27.557	57.479
12.448	27.556	57.479
12.434	27.556	57.478
12.431	27.556	57.479
12.440	27.557	57.479
12.477	27.556	57.478
12.517	27.556	57.478
12.571	27.556	57.478
12.602	27.556	57.476
12.628	27.555	57.479
12.663	27.556	57.478
12.700	27.556	57.478
12.719	27.556	57.478
12.734	27.556	57.477
12.738	27.556	57.476
12.738	27.556	57.480
12.727	27.555	57.478
12.729	27.556	57.478
12.742	27.556	57.479
12.774	27.557	57.477
12.809	27.556	57.478
12.854	27.556	57.479
12.892	27.555	57.477
12.916	27.555	57.479
12.916	27.556	57.479
12.933	27.556	57.479
12.940	27.556	57.480
12.944	27.555	57.479
12.948	27.557	57.478
12.955	27.556	57.478
12.965	27.556	57.482
12.979	27.556	57.478
13.010	27.556	57.478
13.036	27.556	57.478
13.078	27.557	57.480
13.115	27.557	57.481
13.140	27.555	57.481
13.156	27.556	57.481
13.167	27.556	57.480
13.171	27.556	57.478
13.163	27.556	57.480
13.138	27.556	57.479
13.117	27.555	57.481
13.109	27.556	57.480
13.113	27.556	57.481
13.131	27.556	57.479
13.171	27.558	57.478
13.223	27.556	57.477
13.254	27.556	57.480
13.285	27.557	57.478
13.308	27.556	57.476
13.326	27.557	57.476
13.355	27.557	57.473
13.377	27.556	57.473
13.387	27.556	57.475
13.394	27.556	57.475
13.420	27.555	57.474
13.406	27.556	57.474
13.422	27.556	57.474
13.449	27.556	57.473
13.469	27.556	57.474
13.508	27.555	57.476
13.534	27.554	57.473
13.555	27.554	57.471
13.580	27.554	57.468
13.628	27.555	57.469
13.664	27.554	57.468
13.682	27.554	57.467
13.689	27.553	57.468
13.693	27.552	57.469
13.697	27.553	57.471
13.711	27.552	57.466
13.740	27.552	57.468
13.766	27.552	57.465
13.820	27.552	57.467
13.839	27.551	57.465
13.861	27.550	57.463
13.886	27.551	57.464
13.907	27.550	57.465
13.922	27.549	57.466
13.926	27.549	57.465
13.924	27.549	57.466
13.922	27.548	57.467
13.926	27.549	57.467
13.952	27.548	57.466
13.957	27.548	57.467
13.976	27.547	57.466
14.009	27.547	57.467
14.043	27.548	57.468
14.084	27.547	57.467
14.126	27.549	57.468
14.162	27.548	57.471
14.188	27.546	57.472
14.198	27.548	57.477
14.191	27.546	57.477
14.179	27.548	57.479
14.179	27.548	57.478
14.206	27.549	57.479
14.222	27.548	57.479
14.268	27.548	57.480
14.294	27.548	57.479
14.376	27.549	57.480
14.399	27.550	57.483
14.429	27.550	57.481
14.440	27.552	57.479
14.439	27.552	57.479
14.428	27.555	57.481
14.419	27.554	57.479
14.419	27.554	57.479
14.454	27.555	57.480
14.514	27.556	57.478
14.565	27.555	57.478
14.610	27.555	57.473
14.658	27.556	57.472
14.678	27.556	57.471
14.708	27.555	57.471
14.708	27.555	57.471
14.720	27.554	57.469
14.725	27.553	57.469
14.739	27.553	57.471
14.774	27.553	57.470
14.820	27.553	57.470
14.846	27.552	57.468
14.894	27.552	57.471
14.911	27.551	57.471
14.923	27.550	57.470
14.934	27.550	57.469
14.938	27.549	57.470
14.948	27.550	57.471
14.952	27.550	57.468
14.978	27.550	57.468
14.972	27.550	57.468
15.005	27.548	57.466
15.043	27.550	57.469
15.105	27.549	57.469
15.136	27.549	57.468
15.173	27.549	57.468
15.199	27.548	57.467
15.239	27.548	57.464
15.245	27.549	57.466
15.245	27.548	57.465
15.226	27.548	57.464
15.214	27.547	57.464
15.226	27.549	57.465
15.252	27.547	57.464
15.320	27.547	57.464
15.378	27.547	57.466
15.420	27.545	57.465
15.446	27.546	57.464
15.467	27.546	57.464
15.467	27.546	57.465
15.449	27.546	57.465
15.430	27.545	57.464
15.421	27.546	57.464
15.421	27.547	57.464
15.454	27.545	57.464
15.496	27.545	57.464
15.525	27.545	57.465
15.576	27.546	57.465
15.610	27.545	57.466
15.635	27.544	57.465
15.662	27.545	57.462
15.667	27.546	57.463
15.671	27.545	57.465
15.676	27.545	57.465
15.688	27.546	57.465
15.706	27.545	57.465
15.741	27.544	57.465
15.786	27.545	57.465
15.818	27.544	57.463
15.864	27.545	57.464
15.889	27.544	57.466
15.905	27.544	57.464
15.918	27.544	57.466
15.933	27.545	57.465
15.933	27.544	57.465
15.972	27.544	57.465
15.974	27.545	57.466
16.011	27.544	57.466
16.067	27.544	57.465
16.127	27.543	57.462
16.182	27.544	57.464
16.258	27.544	57.462
16.266	27.544	57.464
16.297	27.543	57.462
16.311	27.544	57.464
16.310	27.543	57.462
16.291	27.543	57.465
16.277	27.542	57.464
16.275	27.544	57.464
16.291	27.543	57.463
16.345	27.543	57.465
16.406	27.543	57.463
16.483	27.544	57.461
16.526	27.543	57.462
16.575	27.543	57.460
16.592	27.542	57.461
16.595	27.541	57.463
16.582	27.542	57.461
16.556	27.543	57.461
16.536	27.542	57.462
16.525	27.542	57.462
16.523	27.541	57.461
16.531	27.542	57.460
16.545	27.542	57.461
16.563	27.541	57.461
16.577	27.542	57.460
16.577	27.542	57.460
16.584	27.541	57.460
16.576	27.542	57.462
16.576	27.542	57.460
16.572	27.541	57.458
16.574	27.541	57.460
16.586	27.541	57.459
16.623	27.542	57.460
16.665	27.541	57.462
16.718	27.541	57.460
16.757	27.542	57.459
16.785	27.541	57.460
16.802	27.542	57.463
16.801	27.542	57.461
16.788	27.540	57.462
16.779	27.542	57.462
16.778	27.541	57.461
16.787	27.541	57.462
16.815	27.541	57.462
16.849	27.541	57.462
16.900	27.541	57.463
16.915	27.542	57.463
16.936	27.542	57.462
16.952	27.541	57.463
16.960	27.543	57.464
16.934	27.541	57.462
16.935	27.542	57.464
16.920	27.542	57.465
16.913	27.541	57.465
16.913	27.542	57.465
16.923	27.541	57.464
16.940	27.541	57.464
16.970	27.542	57.463
17.001	27.543	57.465
17.052	27.542	57.464
17.051	27.542	57.464
17.069	27.541	57.464
17.082	27.542	57.463
17.090	27.542	57.463
17.096	27.543	57.465
17.098	27.542	57.465
17.096	27.543	57.464
17.095	27.542	57.463
17.093	27.542	57.465
17.093	27.542	57.463
17.096	27.542	57.465
17.109	27.543	57.463
17.133	27.543	57.465
17.173	27.544	57.464
17.224	27.542	57.465
17.271	27.542	57.465
17.311	27.543	57.464
17.362	27.543	57.465
17.356	27.542	57.464
17.358	27.542	57.463
17.351	27.542	57.465
17.345	27.541	57.466
17.340	27.542	57.467
17.340	27.542	57.468
17.342	27.544	57.465
17.360	27.544	57.467
17.387	27.544	57.466
17.432	27.543	57.468
17.477	27.543	57.466
17.515	27.543	57.465
17.539	27.543	57.465
17.565	27.542	57.466
17.567	27.544	57.465
17.575	27.544	57.467
17.578	27.544	57.465
17.580	27.544	57.465
17.593	27.543	57.465
17.625	27.544	57.465
17.680	27.543	57.464
17.738	27.544	57.465
17.790	27.543	57.465
17.827	27.543	57.465
17.844	27.542	57.465
17.848	27.543	57.465
17.840	27.543	57.465
17.819	27.543	57.465
17.797	27.542	57.465
17.783	27.542	57.466
17.781	27.542	57.466
17.792	27.542	57.466
17.820	27.543	57.466
17.878	27.542	57.465
17.918	27.543	57.467
17.958	27.542	57.467
17.987	27.542	57.466
18.001	27.544	57.468
18.001	27.542	57.466
17.997	27.542	57.465
17.988	27.542	57.468
17.980	27.543	57.466
17.980	27.543	57.468
18.000	27.543	57.467
18.036	27.542	57.468
18.079	27.543	57.467
18.134	27.543	57.466
18.186	27.542	57.466
18.186	27.543	57.466
18.232	27.543	57.467
18.237	27.543	57.466
18.230	27.542	57.467
18.217	27.542	57.465
18.212	27.543	57.468
18.215	27.544	57.466
18.217	27.543	57.467
18.224	27.542	57.466
18.228	27.543	57.467
18.236	27.543	57.466
18.258	27.544	57.467
18.309	27.543	57.466
18.356	27.543	57.467
18.414	27.543	57.467
18.441	27.542	57.465
18.466	27.542	57.468
18.470	27.542	57.467
18.445	27.542	57.469
18.446	27.542	57.468
18.433	27.543	57.467
18.425	27.542	57.466
18.422	27.542	57.465
18.430	27.542	57.468
18.447	27.542	57.467
18.493	27.543	57.467
18.527	27.543	57.466
18.569	27.543	57.466
18.620	27.542	57.468
18.662	27.542	57.467
18.685	27.543	57.466
18.701	27.543	57.467
18.718	27.543	57.468
18.731	27.542	57.468
18.735	27.542	57.468
18.735	27.542	57.469
18.727	27.542	57.468
18.733	27.544	57.467
18.747	27.543	57.468
18.781	27.543	57.469
18.816	27.543	57.470
18.861	27.543	57.468
18.894	27.543	57.470
18.924	27.543	57.469
18.949	27.542	57.468
18.946	27.543	57.469
18.957	27.544	57.469
18.966	27.543	57.470
18.976	27.543	57.470
18.981	27.542	57.469
18.985	27.543	57.468
18.991	27.542	57.468
19.005	27.543	57.471
19.005	27.542	57.469
19.064	27.543	57.469
19.097	27.543	57.469
19.128	27.543	57.471
19.159	27.544	57.471
19.179	27.543	57.469
19.196	27.543	57.468
19.205	27.543	57.469
19.207	27.543	57.468
19.207	27.543	57.470
19.216	27.542	57.470
19.225	27.543	57.470
19.231	27.542	57.471
19.231	27.543	57.468
19.231	27.542	57.470
19.227	27.542	57.471
19.233	27.543	57.470
19.244	27.543	57.471
19.270	27.544	57.470
19.313	27.544	57.469
19.359	27.543	57.471
19.379	27.543	57.470
19.397	27.543	57.469
19.397	27.544	57.469
19.380	27.541	57.468
19.360	27.543	57.469
19.330	27.543	57.469
19.307	27.543	57.471
19.297	27.543	57.469
19.302	27.543	57.469
19.327	27.543	57.469
19.355	27.543	57.471
19.407	27.543	57.469
19.441	27.542	57.468
19.476	27.543	57.470
19.514	27.542	57.467
19.530	27.543	57.469
19.543	27.543	57.469
19.546	27.542	57.469
19.520	27.543	57.468
19.535	27.543	57.468
19.537	27.543	57.471
19.549	27.544	57.467
19.577	27.543	57.471
19.625	27.544	57.470
19.678	27.543	57.468
19.729	27.543	57.469
19.768	27.543	57.466
19.793	27.542	57.468
19.808	27.543	57.468
19.808	27.543	57.469
19.785	27.542	57.469
19.765	27.543	57.468
19.763	27.543	57.468
19.778	27.542	57.469
19.816	27.542	57.471
19.882	27.542	57.471
19.934	27.542	57.469
19.984	27.542	57.468
19.999	27.542	57.469
20.007	27.543	57.469
20.005	27.543	57.467
19.998	27.542	57.469
19.986	27.542	57.469
19.975	27.543	57.469
19.973	27.543	57.470
19.986	27.543	57.469
20.012	27.543	57.470
20.062	27.542	57.469
20.099	27.543	57.468
20.151	27.543	57.470
20.202	27.542	57.471
20.211	27.542	57.469
20.218	27.544	57.472
20.218	27.543	57.472
20.208	27.542	57.472
20.208	27.543	57.470
20.187	27.542	57.471
20.183	27.544	57.470
20.191	27.543	57.470
20.220	27.543	57.472
20.287	27.543	57.475
20.331	27.542	57.475
20.394	27.545	57.476
20.440	27.544	57.478
20.466	27.542	57.477
20.472	27.544	57.476
20.462	27.544	57.476
20.441	27.546	57.477
20.421	27.545	57.476
20.402	27.546	57.477
20.396	27.546	57.478
20.401	27.546	57.479
20.419	27.546	57.480
20.455	27.547	57.478
20.504	27.546	57.479
20.581	27.546	57.476
20.610	27.546	57.475
20.649	27.546	57.477
20.673	27.547	57.475
20.676	27.546	57.475
20.650	27.546	57.476
20.640	27.546	57.473
20.623	27.547	57.475
20.612	27.547	57.475
20.612	27.546	57.476
20.631	27.546	57.476
20.699	27.546	57.476
20.785	27.546	57.475
20.863	27.545	57.474
20.914	27.546	57.475
20.959	27.545	57.473
20.967	27.546	57.474
20.959	27.546	57.474
20.941	27.546	57.474
20.912	27.545	57.473
20.887	27.545	57.474
20.880	27.545	57.473
20.886	27.545	57.475
20.920	27.544	57.474
20.959	27.545	57.473
21.006	27.546	57.473
21.054	27.545	57.474
21.070	27.545	57.475
21.090	27.546	57.475
21.095	27.545	57.476
21.086	27.545	57.474
21.075	27.544	57.473
21.070	27.546	57.475
21.072	27.546	57.476
21.083	27.545	57.473
21.096	27.547	57.473
21.112	27.546	57.475
21.120	27.547	57.475
21.120	27.546	57.475
21.112	27.545	57.474
21.100	27.546	57.475
21.094	27.546	57.475
21.096	27.546	57.473
21.099	27.546	57.475
21.108	27.545	57.475
21.118	27.546	57.475
21.122	27.545	57.477
21.122	27.547	57.475
21.120	27.545	57.472
21.113	27.545	57.474
21.107	27.545	57.476
21.105	27.546	57.475
21.108	27.546	57.475
21.108	27.546	57.475
21.112	27.546	57.475
21.115	27.546	57.475
21.118	27.546	57.477
21.122	27.546	57.475
21.122	27.545	57.476
21.122	27.546	57.476
21.127	27.545	57.476
21.128	27.546	57.475
21.125	27.547	57.475
21.119	27.546	57.475
21.122	27.547	57.475
21.128	27.546	57.474
21.136	27.546	57.474
21.144	27.546	57.474
21.150	27.546	57.473
21.153	27.545	57.475
21.141	27.545	57.473
21.115	27.544	57.471
21.078	27.545	57.473
21.050	27.545	57.472
21.036	27.545	57.472
21.025	27.547	57.473
21.024	27.545	57.471
21.033	27.545	57.473
21.040	27.545	57.473
21.044	27.545	57.472
21.046	27.544	57.473
21.050	27.545	57.473
21.066	27.545	57.473
21.098	27.544	57.473
21.154	27.544	57.475
21.196	27.544	57.476
21.251	27.545	57.474
21.312	27.544	57.473
21.363	27.544	57.474
21.390	27.544	57.475
21.401	27.544	57.475
21.403	27.545	57.476
21.404	27.544	57.475
21.412	27.545	57.476
21.421	27.543	57.476
21.440	27.545	57.477
21.466	27.544	57.475
21.517	27.544	57.476
21.550	27.544	57.476
21.604	27.544	57.479
21.646	27.543	57.478
21.683	27.544	57.481
21.694	27.544	57.479
21.703	27.544	57.480
21.708	27.545	57.479
21.711	27.545	57.477
21.717	27.544	57.479
21.724	27.545	57.476
21.737	27.545	57.477
21.761	27.545	57.476
21.800	27.545	57.476
21.838	27.545	57.476
21.887	27.546	57.473
21.907	27.545	57.474
21.907	27.544	57.475
21.934	27.544	57.474
21.938	27.544	57.475
21.931	27.544	57.477
21.921	27.544	57.475
21.916	27.544	57.475
21.921	27.544	57.473
21.936	27.544	57.474
21.981	27.544	57.475
22.035	27.544	57.474
22.068	27.544	57.474
22.115	27.545	57.476
22.126	27.544	57.478
22.130	27.545	57.476
22.104	27.544	57.476
22.120	27.545	57.476
22.112	27.544	57.475
22.115	27.545	57.477
22.130	27.545	57.476
22.171	27.545	57.478
22.240	27.544	57.477
22.290	27.545	57.476
22.326	27.544	57.477
22.359	27.545	57.475
22.371	27.544	57.477
22.380	27.544	57.476
22.386	27.544	57.475
22.395	27.544	57.478
22.415	27.544	57.479
22.457	27.544	57.477
22.499	27.545	57.478
22.551	27.544	57.477
22.591	27.544	57.477
22.591	27.544	57.477
22.624	27.544	57.478
22.626	27.544	57.479
22.625	27.545	57.477
22.627	27.545	57.477
22.627	27.545	57.477
22.685	27.545	57.477
22.768	27.545	57.478
22.849	27.545	57.480
22.941	27.543	57.476
22.985	27.545	57.478
23.010	27.544	57.481
23.008	27.544	57.479
22.984	27.545	57.478
22.958	27.544	57.478
22.941	27.544	57.478
22.941	27.544	57.477
22.967	27.543	57.477
23.031	27.545	57.476
23.122	27.544	57.477
23.199	27.544	57.477
23.254	27.544	57.477
23.284	27.545	57.475
23.288	27.544	57.478
23.270	27.544	57.477
23.233	27.545	57.477
23.201	27.544	57.480
23.181	27.544	57.476
23.177	27.544	57.478
23.189	27.545	57.478
23.224	27.544	57.478
23.282	27.545	57.478
23.340	27.543	57.478
23.397	27.544	57.478
23.455	27.544	57.479
23.482	27.544	57.476
23.496	27.544	57.475
23.496	27.544	57.475
23.476	27.544	57.476
23.461	27.543	57.477
23.449	27.544	57.479
23.454	27.544	57.477
23.480	27.544	57.476
23.551	27.543	57.475
23.598	27.544	57.478
23.658	27.543	57.477
23.699	27.543	57.479
23.717	27.542	57.477
23.720	27.542	57.477
23.714	27.543	57.477
23.706	27.543	57.478
23.705	27.542	57.477
23.719	27.543	57.477
23.761	27.542	57.478
23.823	27.543	57.478
23.881	27.542	57.479
23.933	27.543	57.479
23.965	27.544	57.477
23.975	27.542	57.477
23.972	27.542	57.478
23.973	27.542	57.477
23.976	27.543	57.476
23.986	27.543	57.478
24.003	27.542	57.478
24.036	27.542	57.476
24.097	27.543	57.477
24.135	27.543	57.478
24.173	27.542	57.477
24.195	27.542	57.477
24.221	27.544	57.479
24.218	27.543	57.479
24.219	27.542	57.478
24.214	27.542	57.476
24.209	27.544	57.477
24.212	27.544	57.476
24.226	27.544	57.480
24.270	27.542	57.478
24.314	27.542	57.477
24.347	27.543	57.476
24.364	27.542	57.475
24.374	27.543	57.476
24.372	27.542	57.477
24.368	27.543	57.476
24.368	27.543	57.477
24.382	27.542	57.477
24.389	27.542	57.476
24.394	27.543	57.478
24.400	27.543	57.477
24.409	27.542	57.477
24.423	27.542	57.476
24.437	27.541	57.478
24.461	27.542	57.479
24.481	27.542	57.477
24.491	27.543	57.477
24.484	27.543	57.476
24.458	27.543	57.478
24.434	27.542	57.478
24.437	27.543	57.478
24.445	27.543	57.479
24.450	27.543	57.477
24.447	27.544	57.478
24.443	27.543	57.479
24.444	27.542	57.478
24.444	27.543	57.478
24.448	27.544	57.479
24.449	27.543	57.479
24.449	27.544	57.477
24.452	27.543	57.478
24.451	27.544	57.479
24.450	27.544	57.478
24.449	27.544	57.477
24.449	27.543	57.477
24.448	27.544	57.479
24.450	27.543	57.478
24.448	27.544	57.478
24.451	27.543	57.477
24.450	27.545	57.478
24.449	27.543	57.478
24.450	27.544	57.479
24.451	27.543	57.477
24.452	27.544	57.479
24.452	27.544	57.477
24.452	27.544	57.477
24.449	27.544	57.478
24.446	27.544	57.478
24.447	27.544	57.477
24.448	27.544	57.477
24.447	27.543	57.478
24.446	27.544	57.478
24.445	27.544	57.478
24.447	27.544	57.477
24.444	27.544	57.478
24.446	27.544	57.477
24.448	27.543	57.478
24.448	27.546	57.476
24.448	27.545	57.479
24.447	27.543	57.478
24.447	27.544	57.477
24.449	27.543	57.478
24.449	27.543	57.479
24.446	27.543	57.476
24.445	27.544	57.476
24.446	27.544	57.476
24.446	27.544	57.477
24.445	27.543	57.478
24.446	27.543	57.478
24.445	27.544	57.478
24.443	27.543	57.478
24.444	27.544	57.477
24.443	27.545	57.479
24.442	27.544	57.477
24.441	27.545	57.479
24.442	27.544	57.478
24.444	27.545	57.479
24.443	27.545	57.479
24.443	27.544	57.478
24.443	27.544	57.478
24.444	27.543	57.477
24.444	27.544	57.480
24.441	27.545	57.479
24.440	27.545	57.477
24.438	27.545	57.477
24.438	27.544	57.479
24.435	27.545	57.477
24.436	27.545	57.477
24.435	27.545	57.478
24.433	27.545	57.476
24.429	27.545	57.478
24.429	27.546	57.476
24.431	27.546	57.478
24.431	27.545	57.477
24.427	27.545	57.478
24.427	27.545	57.479
24.428	27.546	57.478
24.426	27.545	57.479
24.428	27.546	57.480
24.428	27.545	57.479
24.430	27.546	57.478
24.428	27.545	57.478
24.429	27.545	57.479
24.429	27.546	57.478
24.429	27.545	57.479
24.430	27.546	57.481
24.427	27.545	57.478
24.426	27.545	57.479
24.424	27.546	57.477
24.425	27.545	57.479
24.424	27.545	57.478
24.424	27.546	57.477
24.423	27.546	57.480
24.423	27.546	57.479
24.424	27.546	57.478
24.424	27.546	57.478
24.422	27.546	57.479
24.421	27.545	57.478
24.416	27.546	57.478
24.412	27.545	57.480
24.412	27.545	57.478
24.386	27.546	57.477
24.407	27.546	57.479
24.405	27.546	57.479
24.404	27.546	57.477
24.402	27.546	57.478
24.400	27.545	57.478
24.399	27.545	57.478
24.397	27.545	57.479
24.397	27.544	57.476
24.393	27.544	57.475
24.388	27.545	57.480
24.386	27.545	57.477
24.360	27.545	57.477
24.383	27.545	57.479
24.381	27.544	57.476
24.381	27.544	57.477
24.383	27.544	57.474
24.382	27.543	57.478
24.386	27.544	57.477
24.388	27.543	57.476
24.390	27.543	57.474
24.390	27.543	57.476
24.389	27.542	57.475
24.389	27.542	57.478
24.386	27.543	57.478
24.387	27.542	57.474
24.382	27.544	57.476
24.381	27.542	57.477
24.378	27.542	57.476
24.377	27.543	57.476
24.377	27.542	57.476
24.378	27.543	57.476
24.378	27.542	57.475
24.385	27.543	57.476
24.387	27.542	57.476
24.391	27.541	57.477
24.393	27.543	57.477
24.395	27.542	57.476
24.398	27.544	57.479
24.398	27.544	57.475
24.392	27.543	57.476
24.389	27.543	57.477
24.386	27.543	57.477
24.382	27.543	57.477
24.379	27.543	57.477
24.378	27.543	57.476
24.380	27.543	57.477
24.380	27.544	57.476
24.381	27.543	57.477
24.384	27.544	57.478
24.387	27.544	57.476
24.390	27.544	57.476
24.389	27.543	57.477
24.389	27.543	57.477
24.389	27.543	57.477
24.387	27.544	57.478
24.388	27.543	57.477
24.383	27.544	57.478
24.383	27.544	57.477
24.384	27.544	57.477
24.388	27.544	57.477
24.388	27.545	57.479
24.391	27.545	57.477
24.390	27.545	57.478
24.391	27.546	57.478
24.390	27.543	57.480
24.388	27.545	57.478
24.388	27.545	57.479
24.388	27.545	57.478
24.381	27.544	57.479
24.381	27.545	57.477
24.381	27.545	57.478
24.381	27.545	57.479
24.384	27.546	57.478
24.387	27.545	57.480
24.386	27.545	57.476
24.386	27.546	57.477
24.387	27.545	57.477
24.391	27.545	57.480
24.390	27.545	57.476
24.391	27.545	57.478
24.393	27.545	57.479
24.395	27.546	57.477
24.394	27.544	57.477
24.390	27.545	57.476
24.392	27.545	57.477
24.392	27.545	57.478
24.386	27.546	57.479
24.383	27.544	57.478
24.383	27.545	57.480
24.385	27.544	57.477
24.386	27.545	57.476
24.387	27.544	57.480
24.390	27.545	57.477
24.389	27.544	57.479
24.389	27.544	57.479
24.388	27.544	57.478
24.387	27.544	57.480
24.385	27.544	57.477
24.379	27.544	57.479
24.379	27.545	57.480
24.379	27.545	57.477
24.380	27.544	57.478
24.406	27.545	57.478
24.386	27.544	57.478
24.388	27.544	57.478
24.389	27.545	57.477
24.392	27.544	57.478
24.393	27.544	57.478
24.393	27.545	57.477
24.391	27.545	57.478
24.390	27.545	57.475
24.389	27.544	57.479
24.387	27.545	57.478
24.387	27.544	57.478
24.387	27.545	57.478
24.390	27.545	57.477
24.391	27.545	57.477
24.394	27.544	57.480
24.398	27.545	57.477
24.398	27.546	57.479
24.403	27.546	57.476
24.403	27.544	57.477
24.404	27.545	57.477
24.404	27.545	57.476
24.400	27.546	57.477
24.396	27.545	57.476
24.393	27.545	57.478
24.393	27.545	57.478
24.393	27.545	57.477
24.394	27.545	57.475
24.394	27.545	57.477
24.397	27.545	57.477
24.397	27.545	57.477
24.397	27.545	57.474
24.400	27.546	57.475
24.400	27.545	57.478
24.401	27.546	57.476
24.399	27.545	57.478
24.398	27.545	57.476
24.400	27.545	57.478
24.396	27.545	57.479
24.395	27.546	57.475
24.396	27.546	57.478
24.393	27.546	57.476
24.392	27.545	57.476
24.392	27.546	57.477
24.393	27.545	57.476
24.395	27.546	57.478
24.395	27.545	57.477
24.399	27.546	57.477
24.401	27.545	57.477
24.403	27.545	57.476
24.406	27.545	57.476
24.405	27.545	57.476
24.401	27.544	57.476
24.398	27.545	57.477
24.395	27.544	57.477
24.393	27.544	57.475
24.391	27.544	57.474
24.393	27.544	57.476
24.393	27.544	57.478
24.399	27.545	57.476
24.403	27.544	57.479
24.407	27.544	57.476
24.413	27.544	57.476
24.419	27.545	57.478
24.421	27.545	57.478
24.420	27.545	57.476
24.417	27.546	57.478
24.413	27.545	57.477
24.409	27.545	57.476
24.403	27.545	57.478
24.399	27.545	57.476
24.397	27.545	57.477
24.399	27.545	57.478
24.401	27.545	57.477
24.404	27.545	57.477
24.407	27.545	57.476
24.412	27.545	57.477
24.416	27.545	57.476
24.416	27.544	57.477
24.416	27.545	57.478
24.416	27.545	57.477
24.416	27.546	57.479
24.411	27.545	57.477
24.409	27.545	57.477
24.410	27.545	57.478
24.413	27.544	57.475
24.413	27.545	57.476
24.418	27.545	57.477
24.421	27.545	57.476
24.422	27.545	57.478
24.422	27.545	57.479
24.420	27.545	57.476
24.419	27.545	57.477
24.415	27.546	57.476
24.416	27.546	57.479
24.416	27.546	57.478
24.412	27.545	57.477
24.406	27.545	57.477
24.408	27.546	57.478
24.411	27.546	57.478
24.413	27.545	57.476
24.408	27.545	57.477
24.407	27.545	57.478
24.399	27.545	57.479
24.397	27.545	57.478
24.395	27.545	57.476
24.394	27.545	57.478
24.394	27.544	57.477
24.398	27.545	57.476
24.398	27.546	57.477
24.400	27.545	57.478
24.406	27.544	57.476
24.406	27.545	57.478
24.411	27.545	57.477
24.412	27.544	57.477
24.410	27.545	57.479
24.411	27.545	57.477
24.408	27.545	57.476
24.409	27.545	57.476
24.411	27.545	57.476
24.408	27.545	57.476
24.433	27.545	57.476
24.411	27.545	57.477
24.411	27.547	57.476
24.412	27.545	57.477
24.411	27.545	57.476
24.386	27.545	57.477
24.408	27.546	57.476
24.410	27.545	57.479
24.410	27.546	57.477
24.410	27.546	57.477
24.413	27.546	57.476
24.415	27.545	57.478
24.416	27.545	57.478
24.416	27.545	57.476
24.417	27.546	57.478
24.413	27.545	57.477
24.410	27.545	57.476
24.407	27.545	57.478
24.406	27.545	57.479
24.405	27.544	57.478
24.406	27.545	57.477
24.407	27.545	57.478
24.406	27.544	57.478
24.408	27.545	57.477
24.403	27.545	57.477
24.400	27.545	57.478
24.400	27.545	57.476
24.397	27.545	57.479
24.395	27.544	57.477
24.389	27.544	57.477
24.390	27.545	57.478
24.393	27.544	57.478
24.391	27.545	57.478
24.393	27.544	57.478
24.392	27.545	57.478
24.392	27.544	57.475
24.394	27.544	57.477
24.394	27.544	57.476
24.396	27.544	57.478
24.406	27.545	57.477
24.413	27.545	57.478
24.420	27.545	57.477
24.427	27.544	57.479
24.437	27.544	57.478
24.446	27.544	57.478
24.453	27.545	57.476
24.454	27.545	57.477
24.456	27.545	57.476
24.453	27.545	57.479
24.447	27.546	57.478
24.441	27.545	57.478
24.437	27.545	57.478
24.438	27.545	57.479
24.440	27.545	57.477
24.441	27.544	57.477
24.445	27.545	57.478
24.448	27.544	57.478
24.451	27.544	57.476
24.454	27.545	57.478
24.457	27.544	57.477
24.458	27.545	57.480
24.454	27.545	57.480
24.446	27.545	57.478
24.436	27.545	57.477
24.429	27.545	57.476
24.428	27.545	57.478
24.426	27.544	57.479
24.429	27.544	57.479
24.431	27.545	57.477
24.434	27.545	57.479
24.438	27.545	57.478
24.440	27.545	57.478
24.445	27.545	57.478
24.448	27.545	57.478
24.453	27.543	57.478
24.451	27.544	57.477
24.451	27.544	57.478
24.439	27.544	57.478
24.428	27.544	57.476
24.417	27.544	57.478
24.413	27.546	57.479
24.413	27.545	57.479
24.413	27.544	57.476
24.416	27.544	57.478
24.422	27.544	57.478
24.427	27.546	57.478
24.427	27.545	57.478
24.436	27.544	57.478
24.435	27.544	57.479
24.435	27.544	57.479
24.423	27.545	57.479
24.411	27.543	57.479
24.393	27.545	57.479
24.374	27.544	57.479
24.361	27.545	57.477
24.348	27.543	57.478
24.346	27.544	57.478
24.339	27.544	57.479
24.342	27.544	57.477
24.353	27.545	57.478
24.367	27.543	57.477
24.375	27.545	57.478
24.376	27.543	57.477
24.366	27.545	57.477
24.340	27.544	57.480
24.317	27.544	57.478
24.291	27.544	57.478
24.263	27.543	57.477
24.241	27.544	57.478
24.225	27.544	57.478
24.225	27.542	57.478
24.251	27.543	57.477
24.231	27.544	57.478
24.263	27.544	57.478
24.289	27.543	57.476
24.296	27.543	57.475
24.296	27.543	57.475
24.252	27.543	57.478
24.197	27.543	57.478
24.148	27.544	57.476
24.100	27.543	57.478
24.071	27.543	57.478
24.059	27.543	57.479
24.062	27.543	57.480
24.076	27.544	57.480
24.094	27.543	57.479
24.117	27.544	57.479
24.129	27.544	57.480
24.132	27.544	57.479
24.116	27.543	57.480
24.079	27.544	57.478
24.020	27.543	57.478
23.985	27.543	57.480
23.945	27.544	57.480
23.917	27.544	57.479
23.903	27.544	57.479
23.895	27.544	57.482
23.898	27.544	57.478
23.909	27.544	57.479
23.929	27.545	57.478
23.949	27.544	57.478
23.962	27.545	57.479
23.966	27.545	57.481
23.947	27.544	57.479
23.917	27.544	57.480
23.886	27.545	57.478
23.858	27.544	57.480
23.837	27.544	57.478
23.822	27.543	57.479
23.814	27.545	57.480
23.813	27.544	57.478
23.816	27.544	57.479
23.824	27.545	57.479
23.833	27.544	57.480
23.842	27.544	57.479
23.843	27.544	57.479
23.828	27.545	57.477
23.803	27.544	57.479
23.775	27.545	57.478
23.751	27.545	57.478
23.728	27.544	57.478
23.717	27.544	57.478
23.713	27.546	57.479
23.721	27.545	57.478
23.728	27.544	57.479
23.739	27.544	57.478
23.749	27.544	57.479
23.749	27.544	57.479
23.756	27.545	57.479
23.748	27.545	57.479
23.736	27.545	57.477
23.720	27.544	57.479
23.716	27.545	57.480
23.727	27.546	57.478
23.753	27.545	57.480
23.775	27.545	57.478
23.790	27.544	57.480
23.785	27.544	57.480
23.758	27.545	57.481
23.722	27.545	57.480
23.697	27.544	57.480
23.684	27.543	57.479
23.681	27.543	57.481
23.682	27.543	57.480
23.684	27.544	57.479
23.681	27.543	57.480
23.674	27.544	57.481
23.653	27.544	57.479
23.625	27.545	57.478
23.593	27.545	57.482
23.574	27.544	57.479
23.571	27.544	57.479
23.579	27.544	57.479
23.597	27.545	57.479
23.620	27.544	57.479
23.636	27.545	57.480
23.648	27.544	57.480
23.649	27.545	57.480
23.631	27.545	57.480
23.608	27.544	57.481
23.580	27.544	57.481
23.551	27.543	57.480
23.535	27.545	57.480
23.535	27.546	57.481
23.515	27.545	57.481
23.517	27.545	57.480
23.523	27.544	57.480
23.532	27.544	57.480
23.542	27.545	57.479
23.542	27.544	57.480
23.523	27.545	57.479
23.477	27.545	57.478
23.443	27.545	57.477
23.404	27.544	57.480
23.383	27.544	57.480
23.368	27.544	57.480
23.364	27.544	57.479
23.371	27.545	57.480
23.371	27.545	57.481
23.399	27.545	57.479
23.406	27.545	57.480
23.396	27.544	57.480
23.363	27.545	57.479
23.323	27.544	57.480
23.287	27.545	57.479
23.260	27.545	57.480
23.236	27.544	57.481
23.210	27.544	57.480
23.225	27.545	57.481
23.233	27.545	57.480
23.250	27.545	57.479
23.264	27.544	57.480
23.271	27.544	57.479
23.257	27.543	57.481
23.229	27.545	57.481
23.192	27.545	57.478
23.155	27.543	57.479
23.128	27.545	57.481
23.104	27.544	57.480
23.091	27.544	57.481
23.086	27.543	57.478
23.093	27.545	57.479
23.107	27.544	57.478
23.122	27.545	57.479
23.130	27.544	57.480
23.123	27.544	57.478
23.100	27.546	57.479
23.059	27.544	57.480
23.032	27.545	57.475
23.006	27.544	57.477
22.988	27.545	57.480
22.963	27.544	57.477
22.963	27.545	57.478
22.968	27.545	57.477
22.978	27.545	57.476
22.988	27.544	57.477
22.998	27.545	57.477
22.992	27.544	57.478
22.973	27.544	57.475
22.939	27.545	57.478
22.903	27.544	57.477
22.864	27.544	57.479
22.837	27.544	57.477
22.820	27.545	57.478
22.807	27.545	57.478
22.794	27.544	57.477
22.795	27.545	57.476
22.798	27.544	57.479
22.807	27.545	57.479
22.817	27.545	57.480
22.817	27.545	57.478
22.806	27.544	57.477
22.775	27.544	57.477
22.733	27.544	57.476
22.704	27.544	57.478
22.683	27.545	57.477
22.667	27.544	57.480
22.661	27.545	57.478
22.660	27.545	57.477
22.665	27.544	57.477
22.674	27.546	57.476
22.685	27.545	57.478
22.686	27.544	57.477
22.671	27.544	57.478
22.634	27.544	57.478
22.584	27.544	57.478
22.532	27.545	57.479
22.474	27.544	57.478
22.437	27.544	57.478
22.415	27.544	57.478
22.409	27.544	57.479
22.414	27.544	57.476
22.428	27.543	57.478
22.438	27.544	57.477
22.446	27.544	57.477
22.448	27.543	57.477
22.440	27.544	57.478
22.432	27.542	57.477
22.416	27.544	57.478
22.392	27.543	57.477
22.363	27.543	57.479
22.331	27.544	57.477
22.296	27.544	57.479
22.277	27.544	57.478
22.264	27.543	57.477
22.257	27.544	57.477
22.248	27.544	57.478
22.232	27.543	57.477
22.216	27.543	57.478
22.210	27.544	57.477
22.210	27.543	57.476
22.225	27.543	57.476
22.234	27.543	57.477
22.232	27.543	57.476
22.207	27.543	57.477
22.147	27.543	57.475
22.070	27.544	57.478
22.019	27.545	57.476
21.979	27.544	57.475
21.963	27.543	57.477
21.964	27.543	57.475
21.979	27.543	57.476
22.007	27.543	57.476
22.035	27.544	57.475
22.055	27.543	57.478
22.062	27.545	57.477
22.051	27.544	57.477
22.026	27.543	57.476
21.969	27.545	57.474
21.923	27.543	57.476
21.860	27.543	57.474
21.807	27.544	57.475
21.773	27.544	57.475
21.757	27.544	57.473
21.764	27.543	57.473
21.789	27.544	57.476
21.798	27.544	57.476
21.815	27.544	57.474
21.824	27.544	57.476
21.816	27.544	57.475
21.801	27.543	57.475
21.771	27.544	57.474
21.732	27.544	57.475
21.685	27.544	57.475
21.633	27.544	57.475
21.588	27.545	57.475
21.548	27.544	57.475
21.527	27.546	57.476
21.520	27.545	57.475
21.523	27.545	57.474
21.530	27.546	57.473
21.540	27.545	57.474
21.547	27.545	57.475
21.547	27.546	57.472
21.559	27.547	57.475
21.562	27.546	57.475
21.549	27.546	57.475
21.521	27.545	57.475
21.474	27.545	57.473
21.401	27.545	57.473
21.342	27.545	57.475
21.285	27.545	57.475
21.255	27.545	57.474
21.243	27.545	57.475
21.247	27.546	57.474
21.255	27.545	57.475
21.268	27.545	57.476
21.279	27.546	57.474
21.285	27.545	57.474
21.289	27.546	57.474
21.293	27.546	57.476
21.298	27.545	57.476
21.298	27.545	57.477
21.251	27.545	57.477
21.209	27.546	57.476
21.132	27.547	57.476
21.072	27.546	57.476
21.022	27.547	57.476
21.003	27.546	57.475
20.977	27.545	57.475
21.001	27.545	57.475
21.015	27.545	57.475
21.032	27.546	57.474
21.050	27.545	57.474
21.061	27.545	57.473
21.059	27.546	57.473
21.037	27.546	57.475
20.988	27.545	57.474
20.912	27.546	57.474
20.858	27.546	57.474
20.787	27.546	57.475
20.748	27.545	57.474
20.719	27.546	57.475
20.707	27.546	57.473
20.708	27.546	57.474
20.715	27.546	57.473
20.718	27.545	57.473
20.712	27.544	57.476
20.697	27.546	57.476
20.678	27.545	57.474
20.654	27.545	57.475
20.633	27.545	57.472
20.616	27.545	57.474
20.612	27.546	57.472
20.614	27.545	57.474
20.615	27.546	57.472
20.604	27.546	57.474
20.573	27.544	57.475
20.532	27.545	57.475
20.472	27.546	57.473
20.414	27.546	57.476
20.373	27.546	57.475
20.321	27.546	57.474
20.291	27.545	57.473
20.272	27.546	57.475
20.261	27.545	57.474
20.262	27.546	57.473
20.267	27.546	57.474
20.275	27.546	57.473
20.283	27.546	57.475
20.272	27.545	57.474
20.220	27.544	57.474
20.156	27.545	57.472
20.085	27.546	57.474
20.008	27.546	57.475
19.975	27.545	57.475
19.945	27.546	57.473
19.933	27.546	57.473
19.933	27.546	57.474
19.944	27.546	57.474
19.950	27.546	57.474
19.952	27.546	57.470
19.952	27.546	57.473
19.943	27.546	57.472
19.918	27.545	57.473
19.864	27.546	57.473
19.799	27.546	57.475
19.751	27.545	57.474
19.700	27.546	57.474
19.674	27.546	57.474
19.663	27.547	57.473
19.657	27.546	57.475
19.656	27.546	57.473
19.644	27.546	57.475
19.625	27.546	57.474
19.608	27.546	57.473
19.599	27.547	57.473
19.603	27.545	57.471
19.599	27.546	57.473
19.571	27.546	57.472
19.511	27.546	57.471
19.439	27.547	57.473
19.387	27.546	57.471
19.306	27.545	57.469
19.265	27.545	57.470
19.244	27.545	57.470
19.244	27.545	57.471
19.256	27.545	57.469
19.269	27.544	57.468
19.284	27.545	57.468
19.300	27.544	57.473
19.311	27.544	57.470
19.311	27.545	57.470
19.291	27.544	57.468
19.237	27.545	57.466
19.167	27.544	57.468
19.119	27.545	57.468
19.053	27.544	57.468
19.007	27.543	57.467
18.984	27.543	57.468
18.974	27.543	57.467
18.963	27.542	57.470
18.942	27.544	57.469
18.918	27.544	57.468
18.892	27.543	57.470
18.881	27.543	57.469
18.883	27.543	57.469
18.890	27.543	57.469
18.889	27.543	57.468
18.860	27.542	57.469
18.817	27.543	57.468
18.752	27.543	57.468
18.692	27.543	57.469
18.650	27.542	57.467
18.620	27.542	57.468
18.603	27.544	57.467
18.598	27.543	57.468
18.596	27.543	57.468
18.589	27.544	57.467
18.584	27.542	57.468
18.585	27.543	57.468
18.594	27.543	57.467
18.599	27.543	57.466
18.583	27.543	57.467
18.547	27.542	57.467
18.488	27.543	57.468
18.428	27.543	57.467
18.373	27.542	57.468
18.341	27.543	57.467
18.323	27.542	57.470
18.320	27.542	57.468
18.315	27.542	57.467
18.298	27.543	57.466
18.264	27.541	57.468
18.231	27.542	57.467
18.210	27.542	57.465
18.207	27.542	57.466
18.219	27.541	57.467
18.250	27.542	57.466
18.291	27.541	57.467
18.317	27.541	57.466
18.317	27.542	57.468
18.301	27.541	57.466
18.268	27.541	57.467
18.219	27.541	57.465
18.162	27.542	57.465
18.117	27.542	57.467
18.066	27.542	57.467
18.018	27.541	57.467
17.984	27.541	57.467
17.954	27.542	57.467
17.923	27.542	57.466
17.916	27.541	57.466
17.921	27.542	57.468
17.940	27.542	57.468
17.966	27.541	57.469
18.001	27.542	57.466
18.014	27.542	57.466
18.008	27.541	57.469
17.976	27.541	57.466
17.916	27.541	57.468
17.868	27.541	57.465
17.817	27.541	57.466
17.765	27.541	57.469
17.729	27.541	57.468
17.702	27.541	57.467
17.671	27.541	57.466
17.642	27.542	57.467
17.618	27.542	57.467
17.606	27.542	57.467
17.606	27.541	57.466
17.619	27.541	57.466
17.645	27.542	57.468
17.663	27.541	57.468
17.679	27.542	57.468
17.688	27.542	57.466
17.678	27.541	57.468
17.652	27.541	57.467
17.621	27.542	57.468
17.578	27.542	57.466
17.534	27.542	57.467
17.494	27.541	57.467
17.463	27.542	57.467
17.435	27.541	57.467
17.402	27.543	57.467
17.350	27.543	57.468
17.317	27.541	57.467
17.281	27.543	57.467
17.257	27.541	57.467
17.252	27.541	57.467
17.262	27.542	57.469
17.290	27.542	57.466
17.319	27.542	57.466
17.336	27.541	57.467
17.344	27.542	57.468
17.338	27.542	57.468
17.327	27.541	57.468
17.308	27.541	57.467
17.275	27.541	57.467
17.244	27.542	57.465
17.210	27.542	57.468
17.169	27.541	57.464
17.119	27.542	57.467
17.084	27.542	57.465
17.045	27.542	57.464
17.005	27.542	57.466
16.965	27.542	57.466
16.934	27.541	57.467
16.912	27.540	57.465
16.886	27.541	57.464
16.901	27.542	57.465
16.915	27.540	57.467
16.942	27.541	57.465
16.952	27.543	57.465
16.952	27.542	57.467
16.879	27.542	57.464
16.817	27.541	57.466
16.746	27.540	57.465
16.691	27.541	57.464
16.657	27.540	57.467
16.642	27.541	57.464
16.636	27.541	57.466
16.636	27.541	57.465
16.629	27.542	57.466
16.607	27.541	57.464
16.572	27.542	57.466
16.530	27.541	57.465
16.514	27.541	57.464
16.513	27.541	57.466
16.516	27.540	57.465
16.505	27.541	57.467
16.465	27.540	57.465
16.406	27.541	57.463
16.330	27.540	57.467
16.253	27.541	57.465
16.202	27.541	57.465
16.168	27.541	57.467
16.152	27.541	57.464
16.154	27.541	57.466
16.157	27.541	57.464
16.152	27.540	57.466
16.125	27.541	57.465
16.077	27.541	57.467
16.033	27.540	57.466
16.008	27.541	57.467
16.005	27.540	57.466
16.013	27.542	57.465
16.015	27.539	57.464
15.994	27.541	57.465
15.951	27.542	57.466
15.887	27.542	57.466
15.810	27.540	57.465
15.777	27.541	57.465
15.751	27.541	57.466
15.732	27.541	57.465
15.721	27.541	57.466
15.713	27.542	57.467
15.688	27.541	57.464
15.646	27.541	57.465
15.594	27.541	57.464
15.557	27.540	57.467
15.525	27.540	57.464
15.502	27.540	57.465
15.501	27.540	57.465
15.516	27.540	57.466
15.556	27.541	57.464
15.571	27.542	57.465
15.577	27.541	57.466
15.558	27.541	57.463
15.514	27.541	57.463
15.473	27.542	57.466
15.434	27.540	57.464
15.404	27.541	57.464
15.378	27.541	57.462
15.361	27.540	57.464
15.315	27.541	57.463
15.264	27.541	57.466
15.206	27.540	57.462
15.160	27.540	57.465
15.131	27.541	57.464
15.126	27.540	57.464
15.139	27.541	57.465
15.177	27.541	57.464
15.196	27.541	57.463
15.195	27.540	57.464
15.176	27.540	57.465
15.143	27.539	57.464
15.109	27.541	57.465
15.087	27.540	57.464
15.066	27.540	57.464
15.049	27.540	57.464
15.022	27.539	57.465
14.968	27.540	57.464
14.896	27.540	57.464
14.847	27.541	57.464
14.802	27.540	57.465
14.788	27.540	57.464
14.791	27.540	57.466
14.808	27.541	57.463
14.836	27.540	57.465
14.855	27.540	57.464
14.870	27.540	57.462
14.879	27.540	57.463
14.873	27.540	57.463
14.846	27.541	57.463
14.786	27.540	57.463
14.737	27.540	57.463
14.674	27.541	57.462
14.629	27.540	57.464
14.604	27.541	57.464
14.581	27.541	57.463
14.549	27.540	57.465
14.501	27.540	57.462
14.458	27.541	57.462
14.417	27.540	57.464
14.393	27.541	57.463
14.389	27.541	57.465
14.400	27.540	57.463
14.420	27.540	57.465
14.443	27.540	57.465
14.452	27.541	57.465
14.430	27.540	57.463
14.387	27.541	57.465
14.328	27.541	57.466
14.277	27.542	57.464
14.242	27.541	57.463
14.211	27.540	57.463
14.186	27.540	57.466
14.151	27.540	57.465
14.091	27.540	57.465
14.039	27.541	57.464
14.015	27.540	57.466
13.990	27.540	57.466
13.989	27.540	57.465
14.000	27.541	57.464
14.017	27.540	57.464
14.029	27.540	57.464
14.025	27.541	57.465
14.000	27.540	57.465
13.968	27.540	57.464
13.942	27.540	57.464
13.932	27.541	57.466
13.924	27.540	57.466
13.913	27.541	57.465
13.880	27.541	57.463
13.814	27.541	57.462
13.747	27.540	57.464
13.691	27.542	57.466
13.666	27.542	57.465
13.643	27.540	57.464
13.639	27.542	57.466
13.653	27.541	57.465
13.679	27.542	57.464
13.704	27.541	57.463
13.715	27.542	57.464
13.714	27.541	57.465
13.708	27.542	57.464
13.703	27.541	57.463
13.699	27.543	57.463
13.691	27.542	57.466
13.678	27.541	57.464
13.653	27.542	57.463
13.652	27.541	57.464
13.627	27.541	57.466
13.591	27.540	57.464
13.523	27.541	57.467
13.453	27.542	57.465
13.387	27.542	57.465
13.356	27.542	57.466
13.332	27.543	57.467
13.329	27.541	57.466
13.334	27.542	57.467
13.351	27.542	57.464
13.381	27.543	57.465
13.432	27.542	57.466
13.447	27.542	57.469
13.447	27.543	57.469
13.457	27.543	57.466
13.434	27.543	57.466
13.405	27.544	57.466
13.373	27.544	57.467
13.340	27.544	57.469
13.296	27.544	57.466
13.229	27.544	57.467
13.152	27.545	57.466
13.083	27.545	57.466
13.027	27.544	57.468
13.012	27.544	57.467
13.015	27.545	57.466
13.037	27.545	57.468
13.077	27.545	57.469
13.113	27.544	57.468
13.149	27.545	57.467
13.178	27.545	57.467
13.190	27.545	57.468
13.192	27.546	57.468
13.173	27.545	57.468
13.133	27.545	57.470
13.076	27.545	57.468
13.030	27.546	57.466
12.951	27.546	57.467
12.888	27.546	57.467
12.832	27.547	57.470
12.802	27.545	57.469
12.779	27.546	57.467
12.773	27.547	57.469
12.784	27.547	57.469
12.818	27.546	57.468
12.843	27.548	57.467
12.861	27.546	57.467
12.873	27.547	57.468
12.873	27.547	57.469
12.864	27.547	57.467
12.870	27.546	57.466
12.878	27.546	57.469
12.879	27.548	57.470
12.869	27.548	57.466
12.845	27.548	57.467
12.808	27.547	57.467
12.747	27.549	57.468
12.679	27.548	57.468
12.615	27.548	57.469
12.555	27.547	57.467
12.526	27.548	57.467
12.515	27.547	57.469
12.528	27.548	57.466
12.570	27.546	57.469
12.619	27.548	57.467
12.646	27.547	57.466
12.672	27.546	57.466
12.660	27.547	57.467
12.636	27.548	57.467
12.599	27.546	57.466
12.556	27.547	57.466
12.518	27.547	57.466
12.491	27.547	57.467
12.480	27.547	57.468
12.462	27.546	57.470
12.408	27.547	57.470
12.341	27.549	57.471
12.279	27.547	57.470
12.230	27.546	57.469
12.187	27.549	57.473
12.170	27.547	57.474
12.177	27.549	57.476
12.215	27.549	57.475
12.266	27.550	57.477
12.303	27.551	57.479
12.316	27.551	57.478
12.313	27.551	57.480
12.291	27.553	57.480
12.262	27.553	57.481
12.237	27.554	57.481
12.211	27.555	57.480
12.192	27.554	57.479
12.163	27.554	57.480
12.106	27.554	57.482
12.032	27.555	57.479
11.970	27.555	57.481
11.918	27.555	57.481
11.898	27.556	57.481
11.887	27.555	57.480
11.895	27.556	57.481
11.926	27.554	57.483
11.951	27.556	57.480
11.978	27.556	57.481
12.003	27.557	57.481
12.008	27.557	57.481
12.019	27.557	57.481
12.010	27.556	57.481
11.980	27.556	57.482
11.948	27.556	57.481
11.915	27.557	57.483
11.889	27.557	57.481
11.850	27.558	57.480
11.790	27.558	57.483
11.713	27.556	57.482
11.673	27.558	57.481
11.633	27.558	57.481
11.605	27.557	57.484
11.592	27.558	57.484
11.591	27.558	57.484
11.605	27.557	57.483
11.629	27.559	57.483
11.655	27.557	57.483
11.668	27.558	57.483
11.684	27.559	57.483
11.710	27.559	57.484
11.714	27.559	57.485
11.707	27.558	57.483
11.677	27.558	57.485
11.638	27.558	57.485
11.589	27.559	57.485
11.526	27.559	57.488
11.423	27.559	57.485
11.374	27.559	57.485
11.323	27.559	57.487
11.298	27.560	57.484
11.294	27.560	57.485
11.308	27.560	57.487
11.344	27.560	57.485
11.393	27.560	57.486
11.425	27.561	57.486
11.438	27.561	57.485
11.424	27.561	57.486
11.393	27.561	57.486
11.350	27.561	57.488
11.312	27.561	57.487
11.284	27.561	57.487
11.233	27.561	57.487
11.169	27.560	57.488
11.109	27.561	57.488
11.055	27.560	57.489
11.017	27.560	57.487
10.996	27.561	57.488
10.991	27.562	57.487
10.999	27.561	57.488
11.016	27.561	57.488
11.016	27.563	57.487
11.059	27.562	57.484
11.095	27.561	57.487
11.120	27.562	57.490
11.129	27.562	57.488
11.126	27.563	57.488
11.105	27.562	57.489
11.076	27.563	57.487
11.024	27.562	57.487
10.945	27.562	57.488
10.868	27.562	57.487
10.796	27.561	57.488
10.750	27.562	57.486
10.713	27.561	57.487
10.700	27.562	57.489
10.706	27.561	57.488
10.736	27.562	57.487
10.790	27.562	57.489
10.846	27.561	57.488
10.872	27.562	57.488
10.892	27.562	57.487
10.892	27.562	57.489
10.874	27.562	57.487
10.848	27.562	57.487
10.816	27.562	57.489
10.781	27.563	57.488
10.717	27.563	57.484
10.650	27.562	57.488
10.586	27.561	57.487
10.534	27.561	57.486
10.481	27.562	57.487
10.456	27.561	57.487
10.455	27.560	57.485
10.473	27.560	57.486
10.528	27.562	57.486
10.578	27.561	57.487
10.603	27.560	57.488
10.618	27.561	57.487
10.617	27.561	57.488
10.597	27.560	57.486
10.570	27.561	57.487
10.540	27.560	57.486
10.494	27.561	57.486
10.420	27.561	57.488
10.345	27.562	57.488
10.280	27.562	57.487
10.233	27.562	57.489
10.199	27.564	57.490
10.188	27.563	57.489
10.197	27.562	57.489
10.225	27.563	57.489
10.263	27.563	57.487
10.281	27.562	57.489
10.296	27.562	57.487
10.307	27.563	57.490
10.324	27.563	57.489
10.338	27.562	57.489
10.345	27.563	57.489
10.341	27.563	57.488
10.326	27.563	57.487
10.299	27.563	57.489
10.264	27.563	57.489
10.208	27.563	57.489
10.136	27.563	57.490
10.058	27.563	57.487
10.006	27.563	57.488
09.960	27.563	57.486
09.933	27.562	57.486
09.925	27.564	57.486
09.935	27.564	57.488
09.962	27.563	57.487
10.001	27.564	57.485
10.046	27.563	57.484
10.082	27.564	57.488
10.085	27.563	57.485
10.060	27.563	57.487
10.018	27.564	57.485
09.975	27.564	57.487
09.949	27.563	57.487
09.889	27.564	57.488
09.822	27.563	57.486
09.744	27.563	57.487
09.682	27.564	57.488
09.653	27.564	57.487
09.633	27.564	57.485
09.639	27.564	57.486
09.665	27.564	57.486
09.713	27.563	57.486
09.752	27.563	57.486
09.771	27.565	57.486
09.777	27.563	57.485
09.758	27.562	57.485
09.719	27.563	57.486
09.664	27.564	57.484
09.618	27.564	57.487
09.581	27.563	57.484
09.530	27.563	57.485
09.517	27.563	57.484
09.484	27.564	57.483
09.431	27.564	57.484
09.378	27.564	57.485
09.319	27.564	57.483
09.280	27.563	57.484
09.246	27.564	57.483
09.239	27.564	57.484
09.245	27.565	57.485
09.261	27.564	57.484
09.297	27.564	57.483
09.320	27.565	57.486
09.329	27.564	57.485
09.315	27.564	57.487
09.281	27.564	57.485
09.229	27.565	57.487
09.208	27.565	57.487
09.185	27.565	57.485
09.173	27.564	57.484
09.162	27.565	57.484
09.131	27.565	57.485
09.054	27.565	57.486
08.963	27.564	57.482
08.906	27.564	57.484
08.854	27.565	57.484
08.819	27.564	57.484
08.794	27.565	57.487
08.820	27.565	57.485
08.858	27.565	57.485
08.898	27.565	57.487
08.924	27.565	57.486
08.949	27.565	57.487
08.955	27.565	57.484
08.950	27.564	57.485
08.930	27.564	57.485
08.903	27.566	57.487
08.879	27.564	57.486
08.879	27.566	57.486
08.856	27.565	57.488
08.843	27.564	57.487
08.791	27.566	57.486
08.721	27.566	57.486
08.632	27.565	57.485
08.577	27.566	57.487
08.522	27.565	57.484
08.503	27.565	57.486
08.506	27.566	57.483
08.532	27.566	57.485
08.569	27.566	57.486
08.590	27.567	57.484
08.600	27.567	57.485
08.609	27.567	57.485
08.609	27.567	57.484
08.629	27.567	57.485
08.635	27.567	57.485
08.629	27.568	57.485
08.617	27.567	57.485
08.613	27.567	57.485
08.611	27.567	57.487
08.603	27.567	57.487
08.568	27.568	57.485
08.483	27.568	57.486
08.394	27.568	57.484
08.320	27.568	57.486
08.251	27.567	57.484
08.209	27.567	57.486
08.185	27.568	57.486
08.185	27.568	57.486
08.207	27.567	57.486
08.241	27.567	57.486
08.287	27.568	57.486
08.338	27.568	57.487
08.363	27.567	57.485
08.381	27.567	57.486
08.387	27.567	57.484
08.370	27.568	57.485
08.340	27.568	57.485
08.308	27.568	57.484
08.273	27.567	57.486
08.223	27.567	57.484
08.172	27.568	57.487
08.096	27.569	57.485
08.023	27.567	57.486
07.957	27.568	57.485
07.900	27.567	57.484
07.874	27.568	57.487
07.868	27.568	57.485
07.877	27.567	57.485
07.902	27.568	57.487
07.925	27.567	57.485
07.950	27.568	57.487
07.998	27.568	57.484
08.023	27.567	57.486
08.039	27.568	57.486
08.030	27.568	57.485
07.998	27.567	57.487
07.959	27.567	57.483
07.930	27.569	57.486
07.883	27.569	57.487
07.818	27.569	57.486
07.749	27.569	57.486
07.698	27.569	57.485
07.641	27.569	57.485
07.610	27.569	57.484
07.594	27.569	57.487
07.585	27.569	57.483
07.579	27.569	57.487
07.573	27.568	57.484
07.572	27.569	57.485
07.572	27.569	57.485
07.579	27.568	57.486
07.604	27.569	57.486
07.595	27.569	57.487
07.612	27.568	57.485
07.635	27.568	57.485
07.635	27.568	57.486
07.671	27.568	57.486
07.678	27.568	57.484
07.691	27.568	57.487
07.707	27.568	57.485
07.717	27.569	57.486
07.711	27.568	57.485
07.690	27.569	57.485
07.664	27.569	57.485
07.597	27.568	57.485
07.518	27.569	57.486
07.466	27.569	57.484
07.402	27.569	57.485
07.368	27.568	57.486
07.361	27.568	57.484
07.372	27.568	57.485
07.422	27.569	57.483
07.452	27.568	57.485
07.471	27.569	57.487
07.474	27.567	57.486
07.453	27.567	57.486
07.411	27.568	57.485
07.347	27.568	57.485
07.271	27.567	57.483
07.220	27.567	57.485
07.170	27.568	57.485
07.127	27.567	57.486
07.078	27.566	57.483
07.039	27.567	57.486
07.039	27.568	57.484
07.021	27.567	57.485
07.047	27.567	57.482
07.073	27.567	57.484
07.088	27.567	57.485
07.084	27.567	57.486
07.052	27.567	57.485
06.997	27.567	57.485
06.938	27.568	57.483
06.884	27.567	57.487
06.836	27.566	57.483
06.805	27.566	57.484
06.787	27.566	57.483
06.769	27.567	57.485
06.723	27.567	57.486
06.674	27.567	57.486
06.623	27.566	57.485
06.589	27.567	57.483
06.569	27.566	57.483
06.569	27.566	57.483
06.576	27.566	57.483
06.587	27.566	57.482
06.593	27.567	57.482
06.593	27.566	57.484
06.574	27.566	57.482
06.537	27.567	57.483
06.484	27.567	57.484
06.427	27.566	57.484
06.370	27.566	57.484
06.324	27.566	57.485
06.285	27.566	57.483
06.256	27.566	57.486
06.245	27.566	57.484
06.232	27.566	57.486
06.205	27.567	57.484
06.154	27.566	57.485
06.105	27.567	57.483
06.068	27.566	57.483
06.057	27.567	57.484
06.068	27.566	57.484
06.102	27.567	57.483
06.124	27.567	57.484
06.130	27.566	57.483
06.116	27.566	57.484
06.092	27.567	57.483
06.059	27.567	57.484
06.025	27.567	57.483
05.990	27.567	57.484
05.965	27.567	57.483
05.913	27.567	57.483
05.858	27.567	57.484
05.796	27.567	57.485
05.744	27.568	57.483
05.715	27.568	57.486
05.696	27.569	57.484
05.670	27.568	57.483
05.652	27.568	57.483
05.587	27.568	57.483
05.522	27.568	57.482
05.490	27.569	57.483
05.472	27.568	57.482
05.472	27.569	57.484
05.477	27.569	57.484
05.484	27.569	57.482
05.488	27.569	57.482
05.490	27.568	57.483
05.500	27.568	57.482
05.526	27.568	57.483
05.524	27.568	57.483
05.519	27.567	57.486
05.501	27.567	57.486
05.469	27.568	57.484
05.434	27.568	57.483
05.387	27.568	57.482
05.343	27.567	57.485
05.317	27.568	57.485
05.299	27.568	57.483
05.281	27.568	57.483
05.249	27.568	57.484
05.191	27.568	57.482
05.140	27.568	57.486
05.087	27.567	57.485
05.062	27.568	57.484
05.044	27.568	57.484
05.040	27.569	57.485
05.051	27.568	57.485
05.069	27.568	57.484
05.081	27.569	57.486
05.081	27.568	57.485
05.081	27.569	57.485
05.083	27.568	57.487
05.097	27.568	57.487
05.112	27.569	57.484
05.110	27.568	57.483
05.087	27.568	57.483
05.051	27.569	57.483
04.999	27.568	57.482
04.954	27.568	57.483
04.921	27.568	57.483
04.897	27.569	57.484
04.877	27.569	57.482
04.826	27.568	57.484
04.774	27.568	57.484
04.731	27.569	57.484
04.688	27.569	57.482
04.662	27.569	57.485
04.654	27.569	57.484
04.668	27.569	57.486
04.704	27.570	57.486
04.734	27.570	57.483
04.760	27.569	57.483
04.777	27.569	57.484
04.774	27.569	57.484
04.749	27.569	57.485
04.703	27.569	57.483
04.647	27.569	57.485
04.578	27.569	57.483
04.526	27.569	57.483
04.489	27.570	57.485
04.472	27.568	57.483
04.436	27.569	57.484
04.383	27.569	57.482
04.327	27.569	57.483
04.276	27.569	57.485
04.267	27.570	57.484
04.253	27.570	57.485
04.256	27.570	57.486
04.263	27.570	57.484
04.281	27.571	57.485
04.305	27.571	57.485
04.337	27.571	57.484
04.353	27.570	57.485
04.343	27.570	57.484
04.306	27.569	57.483
04.229	27.569	57.484
04.183	27.570	57.483
04.109	27.569	57.485
04.041	27.570	57.483
03.992	27.570	57.486
03.992	27.569	57.485
03.956	27.570	57.483
03.915	27.570	57.484
03.850	27.570	57.486
03.809	27.569	57.484
03.780	27.570	57.486
03.768	27.570	57.486
03.772	27.571	57.484
03.781	27.570	57.484
03.794	27.572	57.484
03.812	27.571	57.484
03.838	27.571	57.485
03.826	27.571	57.486
03.805	27.572	57.486
03.765	27.572	57.487
03.706	27.571	57.485
03.641	27.571	57.488
03.580	27.571	57.486
03.515	27.571	57.486
03.461	27.571	57.486
03.410	27.572	57.483
03.377	27.571	57.486
03.356	27.571	57.486
03.332	27.572	57.485
03.280	27.572	57.486
03.258	27.573	57.486
03.233	27.572	57.486
03.224	27.573	57.487
03.226	27.573	57.485
03.235	27.572	57.486
03.243	27.574	57.487
03.245	27.573	57.487
03.246	27.573	57.487
03.249	27.573	57.487
03.234	27.573	57.485
03.188	27.573	57.486
03.116	27.572	57.485
03.064	27.572	57.485
02.975	27.572	57.486
02.907	27.572	57.486
02.838	27.573	57.485
02.793	27.572	57.487
02.767	27.572	57.485
02.758	27.573	57.486
02.742	27.573	57.486
02.707	27.572	57.486
02.674	27.572	57.487
02.654	27.574	57.484
02.654	27.573	57.487
02.658	27.573	57.487
02.669	27.574	57.485
02.680	27.573	57.486
02.693	27.573	57.487
02.710	27.574	57.487
02.712	27.573	57.484
02.683	27.573	57.485
02.634	27.574	57.487
02.567	27.573	57.488
02.490	27.574	57.485
02.406	27.574	57.484
02.355	27.572	57.487
02.303	27.573	57.484
02.274	27.574	57.486
02.274	27.573	57.486
02.250	27.572	57.488
02.247	27.572	57.486
02.230	27.573	57.486
02.202	27.573	57.487
02.151	27.573	57.488
02.153	27.572	57.485
02.147	27.574	57.487
02.152	27.573	57.488
02.163	27.573	57.488
02.165	27.573	57.487
02.148	27.574	57.488
02.122	27.572	57.486
02.086	27.573	57.487
02.073	27.574	57.488
02.073	27.574	57.487
02.088	27.574	57.487
02.142	27.573	57.489
02.168	27.573	57.488
02.169	27.574	57.486
02.167	27.574	57.488
02.167	27.574	57.488
02.118	27.573	57.487
02.077	27.575	57.490
02.038	27.575	57.488
02.013	27.574	57.489
01.977	27.574	57.488
01.942	27.575	57.487
01.891	27.574	57.488
01.857	27.574	57.487
01.823	27.573	57.488
01.811	27.574	57.487
01.810	27.575	57.489
01.819	27.576	57.485
01.828	27.576	57.487
01.830	27.575	57.488
01.829	27.575	57.487
01.826	27.575	57.488
01.827	27.575	57.487
01.833	27.575	57.486
01.851	27.575	57.489
01.877	27.575	57.487
01.893	27.575	57.486
01.871	27.574	57.486
01.794	27.575	57.487
01.727	27.574	57.487
01.640	27.575	57.486
01.576	27.575	57.487
01.512	27.574	57.487
01.485	27.573	57.486
01.463	27.575	57.487
01.437	27.575	57.490
01.395	27.575	57.487
01.350	27.576	57.487
01.313	27.575	57.492
01.287	27.576	57.495
01.273	27.576	57.491
01.261	27.576	57.494
01.262	27.576	57.489
01.270	27.576	57.489
01.277	27.577	57.489
01.287	27.578	57.489
01.297	27.577	57.492
01.303	27.577	57.492
01.307	27.577	57.494
01.315	27.577	57.495
01.318	27.578	57.492
01.317	27.578	57.493
01.293	27.577	57.496
01.240	27.577	57.496
01.173	27.577	57.502
01.090	27.580	57.505
01.027	27.580	57.504
00.975	27.582	57.506
00.935	27.583	57.506
00.900	27.585	57.505
00.874	27.586	57.507
00.844	27.588	57.504
00.803	27.588	57.504
00.772	27.589	57.503
00.756	27.589	57.503
00.756	27.590	57.501
00.752	27.591	57.502
00.760	27.591	57.503
00.769	27.591	57.503
00.780	27.591	57.502
00.797	27.591	57.499
00.805	27.590	57.503
00.775	27.589	57.502
00.709	27.588	57.503
00.603	27.590	57.504
00.530	27.589	57.505
00.436	27.589	57.507
00.363	27.589	57.508
00.320	27.590	57.507
00.311	27.590	57.506
00.336	27.591	57.507
00.388	27.590	57.505
00.416	27.590	57.507
00.439	27.590	57.508
00.486	27.590	57.508
00.512	27.590	57.509
00.527	27.591	57.509
00.526	27.591	57.508
00.533	27.591	57.512
00.547	27.592	57.514
00.562	27.592	57.512
00.572	27.592	57.511
00.576	27.591	57.511
00.581	27.592	57.512
00.586	27.592	57.512
00.589	27.593	57.512
00.593	27.593	57.512
00.592	27.595	57.514
00.592	27.594	57.512
00.596	27.594	57.514
00.596	27.593	57.512
00.599	27.595	57.515
00.601	27.594	57.511
00.605	27.595	57.513
00.610	27.596	57.516
00.615	27.595	57.516
00.614	27.594	57.517
00.612	27.595	57.518
00.607	27.596	57.517
00.595	27.596	57.516
00.595	27.596	57.517
00.593	27.596	57.515
00.597	27.597	57.515
00.599	27.596	57.515
00.599	27.596	57.513
00.602	27.597	57.515
00.602	27.597	57.514
00.601	27.598	57.514
00.601	27.597	57.512
00.605	27.596	57.516
00.607	27.598	57.515
00.608	27.597	57.513
00.606	27.597	57.510
00.606	27.598	57.514
00.606	27.597	57.515
00.607	27.597	57.514
00.605	27.598	57.514
00.603	27.598	57.513
00.604	27.598	57.513
00.604	27.598	57.513
00.604	27.597	57.514
00.603	27.597	57.512
00.602	27.597	57.513
00.601	27.598	57.515
00.601	27.598	57.515
00.604	27.596	57.512
00.607	27.597	57.513
00.607	27.596	57.515
00.607	27.597	57.512
00.609	27.596	57.511
00.613	27.598	57.514
00.617	27.597	57.511
00.617	27.597	57.514
00.618	27.596	57.512
00.621	27.596	57.511
00.627	27.597	57.513
00.628	27.596	57.511
00.622	27.596	57.512
00.618	27.596	57.514
00.618	27.596	57.511
00.608	27.596	57.510
00.607	27.597	57.512
00.605	27.597	57.513
00.606	27.596	57.514
00.607	27.597	57.513
00.611	27.597	57.512
00.618	27.596	57.512
00.618	27.595	57.512
00.617	27.597	57.509
00.615	27.596	57.514
00.610	27.597	57.512
00.610	27.597	57.514
00.605	27.597	57.512
00.607	27.597	57.512
00.607	27.596	57.510
00.609	27.597	57.510
00.612	27.596	57.510
00.615	27.596	57.510
00.616	27.597	57.511
00.618	27.595	57.510
00.620	27.595	57.509
00.622	27.595	57.515
00.620	27.595	57.517
00.619	27.595	57.516
00.615	27.595	57.517
00.614	27.595	57.516
00.613	27.595	57.516
00.611	27.595	57.517
00.607	27.595	57.515
00.606	27.597	57.516
00.605	27.597	57.516
00.605	27.597	57.516
00.607	27.597	57.514
00.606	27.596	57.516
00.606	27.596	57.515
00.611	27.597	57.516
00.612	27.596	57.514
00.611	27.598	57.514
00.614	27.597	57.514
00.617	27.598	57.514
00.618	27.597	57.513
00.618	27.597	57.517
00.618	27.596	57.517
00.616	27.596	57.515
00.609	27.597	57.516
00.605	27.596	57.515
00.609	27.597	57.516
00.612	27.597	57.517
00.617	27.597	57.516
00.622	27.596	57.515
00.626	27.599	57.515
00.628	27.598	57.516
00.629	27.599	57.515
00.629	27.599	57.514
00.632	27.599	57.513
00.636	27.599	57.512
00.638	27.599	57.511
00.638	27.599	57.514
00.636	27.599	57.515
00.639	27.599	57.515
00.641	27.599	57.515
00.644	27.599	57.517
00.643	27.599	57.516
00.643	27.598	57.516
00.641	27.598	57.516
00.636	27.598	57.512
00.632	27.598	57.512
00.632	27.597	57.514
00.630	27.597	57.515
00.633	27.597	57.514
00.631	27.597	57.518
00.631	27.598	57.517
00.632	27.597	57.516
00.634	27.596	57.518
00.634	27.598	57.517
00.634	27.599	57.520
00.633	27.597	57.518
00.632	27.598	57.515
00.637	27.598	57.514
00.637	27.597	57.514
00.638	27.599	57.514
00.639	27.597	57.514
00.643	27.599	57.515
00.646	27.599	57.521
00.644	27.599	57.522
00.642	27.598	57.522
00.616	27.599	57.524
00.631	27.599	57.524
00.630	27.598	57.521
00.630	27.599	57.523
00.625	27.600	57.523
00.624	27.599	57.524
00.623	27.601	57.520
00.624	27.602	57.523
00.626	27.602	57.522
00.626	27.601	57.523
00.630	27.602	57.523
00.631	27.602	57.522
00.634	27.603	57.519
00.638	27.605	57.519
00.638	27.603	57.520
00.644	27.603	57.521
00.642	27.604	57.521
00.643	27.603	57.520
00.643	27.605	57.521
00.641	27.604	57.520
00.641	27.604	57.518
00.642	27.604	57.517
00.646	27.604	57.517
00.650	27.604	57.518
00.652	27.603	57.516
00.652	27.604	57.517
00.649	27.603	57.514
00.647	27.603	57.516
00.644	27.602	57.517
00.647	27.602	57.514
00.647	27.602	57.514
00.648	27.601	57.514
00.653	27.601	57.513
00.657	27.600	57.515
00.657	27.600	57.513
00.658	27.601	57.517
00.660	27.600	57.516
00.659	27.600	57.515
00.651	27.599	57.514
00.642	27.600	57.515
00.631	27.600	57.516
00.615	27.599	57.516
00.606	27.599	57.517
00.609	27.599	57.517
00.615	27.599	57.513
00.618	27.599	57.515
00.603	27.600	57.516
00.595	27.598	57.517
00.597	27.599	57.515
00.604	27.599	57.516
00.608	27.599	57.516
00.594	27.598	57.517
00.586	27.599	57.516
00.585	27.600	57.515
00.588	27.599	57.513
00.585	27.598	57.514
00.583	27.599	57.514
00.588	27.598	57.516
00.598	27.599	57.515
00.604	27.599	57.518
00.605	27.598	57.516
00.607	27.599	57.516
00.608	27.599	57.514
00.604	27.598	57.517
00.604	27.598	57.517
00.594	27.599	57.518
00.595	27.599	57.515
00.591	27.599	57.516
00.585	27.599	57.516
00.586	27.599	57.516
00.586	27.599	57.516
00.596	27.599	57.515
00.595	27.599	57.519
00.593	27.598	57.515
00.598	27.598	57.515
00.598	27.599	57.514
00.593	27.599	57.514
00.587	27.598	57.515
00.584	27.599	57.516
00.584	27.598	57.515
00.582	27.598	57.513
00.581	27.597	57.516
00.574	27.597	57.516
00.570	27.597	57.513
00.572	27.597	57.515
00.576	27.597	57.513
00.575	27.597	57.514
00.573	27.598	57.513
00.576	27.598	57.515
00.579	27.597	57.515
00.583	27.596	57.514
00.583	27.597	57.513
00.581	27.597	57.514
00.581	27.597	57.515
00.580	27.598	57.513
00.577	27.597	57.513
00.576	27.597	57.513
00.576	27.598	57.511
00.577	27.598	57.513
00.576	27.597	57.514
00.574	27.598	57.514
00.570	27.598	57.515
00.570	27.598	57.516
00.578	27.599	57.515
00.578	27.600	57.515
00.578	27.597	57.515
00.579	27.598	57.514
00.582	27.598	57.513
00.581	27.599	57.512
00.575	27.598	57.513
00.573	27.599	57.514
00.576	27.598	57.509
00.576	27.597	57.509
00.579	27.599	57.508
00.581	27.598	57.508
00.581	27.598	57.509
00.581	27.597	57.508
00.583	27.597	57.509
00.581	27.597	57.509
00.578	27.599	57.509
00.578	27.598	57.510
00.578	27.598	57.512
00.578	27.598	57.510
00.577	27.598	57.513
00.577	27.597	57.514
00.581	27.597	57.514
00.581	27.597	57.512
00.581	27.596	57.514
00.581	27.597	57.512
00.582	27.596	57.514
00.581	27.597	57.514
00.573	27.597	57.516
00.562	27.597	57.514
00.553	27.596	57.515
00.553	27.596	57.513
00.553	27.597	57.513
00.566	27.596	57.513
00.570	27.596	57.512
00.573	27.596	57.515
00.571	27.597	57.514
00.577	27.596	57.514
00.577	27.596	57.515
00.579	27.597	57.515
00.582	27.598	57.516
00.583	27.597	57.514
00.609	27.597	57.515
00.590	27.597	57.515
00.590	27.598	57.517
00.587	27.597	57.513
00.586	27.598	57.517
00.590	27.599	57.516
00.600	27.597	57.514
00.611	27.598	57.515
00.615	27.599	57.514
00.616	27.598	57.515
00.618	27.598	57.513
00.619	27.598	57.512
00.624	27.599	57.512
00.624	27.599	57.512
00.632	27.598	57.514
00.631	27.598	57.512
00.629	27.598	57.513
00.624	27.598	57.513
00.614	27.598	57.513
00.609	27.598	57.513
00.606	27.597	57.514
00.606	27.597	57.514
00.604	27.597	57.513
00.604	27.598	57.514
00.600	27.596	57.514
00.599	27.598	57.514
00.601	27.596	57.515
00.603	27.597	57.513
00.605	27.597	57.514
00.605	27.597	57.514
00.609	27.597	57.514
00.607	27.597	57.514
00.607	27.596	57.513
00.608	27.597	57.513
00.610	27.597	57.514
00.606	27.596	57.513
00.604	27.596	57.513
00.600	27.597	57.514
00.600	27.597	57.515
00.590	27.597	57.515
00.595	27.598	57.515
00.600	27.597	57.514
00.605	27.597	57.516
00.608	27.598	57.514
00.616	27.598	57.515
00.621	27.597	57.512
00.627	27.597	57.512
00.632	27.597	57.514
00.633	27.597	57.514
00.634	27.597	57.514
00.633	27.597	57.514
00.632	27.597	57.515
00.627	27.598	57.515
00.625	27.597	57.515
00.622	27.597	57.515
00.620	27.596	57.516
00.617	27.597	57.516
00.617	27.597	57.519
00.616	27.597	57.516
00.615	27.597	57.516
00.615	27.597	57.516
00.612	27.598	57.516
00.612	27.597	57.517
00.616	27.597	57.515
00.620	27.598	57.517
00.621	27.597	57.518
00.622	27.598	57.517
00.617	27.598	57.517
00.612	27.599	57.517
00.609	27.598	57.517
00.609	27.599	57.516
00.604	27.599	57.516
00.604	27.599	57.515
00.605	27.599	57.517
00.601	27.599	57.517
00.604	27.599	57.516
00.605	27.599	57.517
00.608	27.599	57.517
00.610	27.601	57.515
00.635	27.601	57.516
00.613	27.600	57.517
00.613	27.600	57.517
00.611	27.600	57.518
00.611	27.599	57.515
00.610	27.598	57.517
00.613	27.600	57.516
00.617	27.600	57.516
00.621	27.600	57.514
00.621	27.601	57.514
00.630	27.599	57.514
00.633	27.598	57.514
00.635	27.599	57.515
00.636	27.599	57.516
00.640	27.599	57.514
00.638	27.600	57.517
00.636	27.599	57.513
00.635	27.599	57.516
00.625	27.599	57.517
00.621	27.600	57.514
00.618	27.599	57.513
00.618	27.600	57.514
00.618	27.600	57.516
00.619	27.600	57.515
00.620	27.600	57.515
00.624	27.600	57.515
00.625	27.599	57.516
00.626	27.600	57.515
00.621	27.600	57.517
00.618	27.601	57.516
00.614	27.599	57.516
00.611	27.599	57.516
00.603	27.599	57.516
00.592	27.600	57.514
00.581	27.599	57.516
00.580	27.600	57.515
00.575	27.600	57.517
00.572	27.599	57.516
00.572	27.600	57.517
00.576	27.599	57.516
00.582	27.599	57.515
00.587	27.599	57.515
00.587	27.599	57.516
00.589	27.598	57.514
00.589	27.599	57.513
00.588	27.599	57.515
00.590	27.598	57.514
00.594	27.599	57.516
00.594	27.597	57.516
00.607	27.599	57.514
00.610	27.599	57.515
00.603	27.599	57.515
00.594	27.599	57.516
00.591	27.599	57.514
00.590	27.599	57.515
00.589	27.599	57.514
00.585	27.598	57.514
00.581	27.598	57.517
00.582	27.599	57.515
00.584	27.600	57.516
00.587	27.599	57.514
00.589	27.599	57.514
00.589	27.599	57.513
00.582	27.599	57.515
00.576	27.598	57.512
00.576	27.598	57.513
00.569	27.599	57.512
00.566	27.598	57.511
00.566	27.598	57.509
00.561	27.598	57.509
00.557	27.597	57.512
00.561	27.597	57.512
00.564	27.598	57.510
00.567	27.596	57.511
00.565	27.596	57.513
00.559	27.598	57.512
00.551	27.598	57.512
00.551	27.597	57.511
00.550	27.597	57.511
00.553	27.596	57.510
00.557	27.595	57.510
00.555	27.595	57.511
00.547	27.595	57.510
00.545	27.596	57.511
00.546	27.594	57.509
00.545	27.596	57.509
00.543	27.595	57.511
00.537	27.596	57.511
00.535	27.596	57.512
00.533	27.596	57.514
00.533	27.595	57.512
00.529	27.595	57.513
00.525	27.596	57.511
00.520	27.595	57.513
00.521	27.596	57.513
00.521	27.596	57.514
00.520	27.596	57.513
00.515	27.596	57.514
00.515	27.597	57.511
00.514	27.598	57.510
00.514	27.597	57.513
00.514	27.597	57.512
00.514	27.598	57.510
00.514	27.598	57.511
00.511	27.598	57.514
00.511	27.597	57.514
00.511	27.598	57.517
00.513	27.598	57.517
00.515	27.599	57.515
00.515	27.598	57.517
00.515	27.599	57.518
00.511	27.598	57.515
00.506	27.599	57.514
00.506	27.600	57.518
00.501	27.600	57.517
00.503	27.599	57.514
00.500	27.600	57.514
00.498	27.600	57.513
00.498	27.600	57.513
00.503	27.599	57.512
00.504	27.600	57.511
00.508	27.599	57.512
00.508	27.599	57.511
00.512	27.599	57.513
00.517	27.599	57.511
00.523	27.599	57.513
00.523	27.599	57.508
00.529	27.599	57.510
00.528	27.598	57.514
00.528	27.597	57.519
00.524	27.597	57.519
00.523	27.597	57.518
00.520	27.597	57.517
00.514	27.595	57.514
00.503	27.595	57.516
00.498	27.596	57.516
00.506	27.595	57.518
00.517	27.595	57.517
00.527	27.595	57.518
00.531	27.595	57.518
00.532	27.596	57.518
00.528	27.595	57.518
00.527	27.595	57.516
00.530	27.596	57.517
00.530	27.596	57.516
00.527	27.596	57.517
00.523	27.596	57.516
00.520	27.597	57.518
00.519	27.598	57.515
00.522	27.598	57.516
00.533	27.598	57.515
00.560	27.598	57.516
00.588	27.599	57.515
00.613	27.599	57.514
00.634	27.598	57.514
00.663	27.598	57.510
00.682	27.598	57.510
00.708	27.598	57.513
00.711	27.598	57.512
00.709	27.598	57.512
00.709	27.597	57.510
00.704	27.597	57.509
00.711	27.597	57.508
00.710	27.597	57.514
00.708	27.595	57.513
00.710	27.596	57.512
00.710	27.596	57.515
00.711	27.596	57.514
00.710	27.597	57.514
00.714	27.596	57.515
00.739	27.596	57.513
00.714	27.597	57.513
00.714	27.595	57.515
00.710	27.596	57.513
00.708	27.595	57.514
00.709	27.595	57.513
00.708	27.595	57.512
00.706	27.595	57.515
00.701	27.596	57.513
00.696	27.596	57.513
00.695	27.595	57.512
00.695	27.596	57.515
00.690	27.596	57.513
00.690	27.595	57.513
00.689	27.596	57.512
00.690	27.596	57.516
00.690	27.596	57.513
00.692	27.596	57.514
00.695	27.596	57.513
00.696	27.595	57.514
00.696	27.596	57.515
00.701	27.595	57.517
00.701	27.597	57.515
00.703	27.596	57.514
00.695	27.598	57.515
00.688	27.596	57.515
00.685	27.597	57.517
00.684	27.597	57.518
00.676	27.596	57.516
00.672	27.597	57.516
00.672	27.597	57.516
00.668	27.598	57.515
00.672	27.597	57.514
00.678	27.597	57.514
00.681	27.597	57.512
00.683	27.596	57.514
00.686	27.598	57.512
00.684	27.597	57.515
00.684	27.597	57.518
00.679	27.598	57.523
00.681	27.597	57.522
00.688	27.599	57.521
00.697	27.597	57.522
00.704	27.598	57.521
00.730	27.598	57.518
00.735	27.599	57.522
00.754	27.599	57.521
00.801	27.600	57.520
00.837	27.599	57.518
00.870	27.600	57.519
00.909	27.601	57.521
00.961	27.600	57.519
01.012	27.600	57.517
01.026	27.600	57.516
01.056	27.601	57.514
01.089	27.601	57.515
01.139	27.600	57.515
01.173	27.601	57.514
01.205	27.600	57.515
01.230	27.600	57.513
01.272	27.599	57.515
01.302	27.599	57.512
01.327	27.598	57.512
01.353	27.599	57.515
01.351	27.598	57.512
01.361	27.598	57.510
01.394	27.596	57.511
01.448	27.598	57.509
01.500	27.596	57.509
01.506	27.597	57.507
01.508	27.596	57.507
01.505	27.596	57.507
01.514	27.595	57.505
01.533	27.594	57.507
01.549	27.595	57.505
01.574	27.594	57.506
01.582	27.594	57.505
01.614	27.594	57.504
01.654	27.594	57.504
01.705	27.593	57.505
01.729	27.591	57.503
01.755	27.590	57.505
01.767	27.590	57.504
01.769	27.590	57.506
01.770	27.591	57.506
01.775	27.590	57.505
01.793	27.590	57.505
01.818	27.588	57.503
01.835	27.589	57.504
01.851	27.588	57.506
01.870	27.588	57.503
01.921	27.589	57.505
01.947	27.588	57.507
02.010	27.587	57.506
02.031	27.588	57.504
02.050	27.588	57.505
02.068	27.587	57.505
02.096	27.588	57.504
02.129	27.588	57.505
02.163	27.587	57.505
02.181	27.588	57.505
02.191	27.588	57.505
02.199	27.589	57.505
02.208	27.587	57.504
02.219	27.588	57.505
02.235	27.588	57.504
02.245	27.587	57.504
02.254	27.588	57.504
02.254	27.587	57.503
02.256	27.588	57.502
02.256	27.587	57.504
02.261	27.587	57.503
02.279	27.589	57.503
02.307	27.588	57.504
02.339	27.588	57.503
02.353	27.587	57.504
02.366	27.588	57.503
02.372	27.588	57.503
02.379	27.588	57.502
02.404	27.586	57.500
02.406	27.586	57.502
02.425	27.587	57.503
02.449	27.587	57.502
02.501	27.586	57.502
02.518	27.587	57.500
02.545	27.587	57.501
02.565	27.587	57.501
02.596	27.586	57.501
02.633	27.587	57.501
02.665	27.586	57.501
02.697	27.586	57.502
02.728	27.586	57.501
02.752	27.586	57.502
02.771	27.586	57.499
02.771	27.585	57.500
02.767	27.585	57.501
02.770	27.585	57.500
02.787	27.585	57.503
02.847	27.584	57.500
02.903	27.584	57.498
02.928	27.583	57.499
02.929	27.584	57.498
02.904	27.584	57.499
02.908	27.584	57.499
02.917	27.581	57.500
02.948	27.580	57.499
02.997	27.581	57.497
03.063	27.581	57.500
03.120	27.580	57.499
03.174	27.580	57.498
03.209	27.580	57.498
03.260	27.581	57.501
03.333	27.580	57.501
03.384	27.581	57.499
03.408	27.580	57.496
03.418	27.582	57.495
03.417	27.582	57.493
03.412	27.581	57.497
03.417	27.581	57.494
03.437	27.581	57.496
03.479	27.580	57.494
03.514	27.580	57.493
03.540	27.580	57.496
03.555	27.580	57.494
03.578	27.580	57.493
03.621	27.579	57.493
03.672	27.580	57.495
03.723	27.578	57.493
03.775	27.579	57.490
03.793	27.579	57.492
03.809	27.578	57.492
03.835	27.578	57.491
03.864	27.577	57.493
03.912	27.578	57.492
03.952	27.578	57.492
03.978	27.577	57.492
03.998	27.576	57.492
04.002	27.576	57.489
04.018	27.576	57.492
04.067	27.576	57.492
04.109	27.576	57.491
04.139	27.576	57.491
04.165	27.577	57.491
04.190	27.576	57.492
04.202	27.575	57.491
04.212	27.576	57.492
04.230	27.576	57.490
04.275	27.575	57.490
04.328	27.576	57.490
04.393	27.576	57.492
04.439	27.575	57.489
04.493	27.575	57.491
04.556	27.576	57.493
04.591	27.575	57.491
04.655	27.575	57.492
04.707	27.574	57.492
04.760	27.575	57.494
04.815	27.575	57.494
04.859	27.575	57.494
04.901	27.575	57.494
04.947	27.577	57.495
04.981	27.575	57.495
05.020	27.576	57.495
05.057	27.576	57.495
05.089	27.576	57.494
05.131	27.576	57.496
05.192	27.576	57.497
05.243	27.575	57.496
05.294	27.576	57.493
05.338	27.578	57.493
05.353	27.577	57.494
05.367	27.577	57.492
05.389	27.577	57.492
05.439	27.577	57.493
05.486	27.577	57.490
05.552	27.577	57.490
05.590	27.577	57.491
05.611	27.576	57.491
05.647	27.576	57.489
05.696	27.575	57.491
05.743	27.576	57.491
05.788	27.575	57.490
05.841	27.574	57.488
05.874	27.574	57.490
05.921	27.574	57.489
05.955	27.574	57.490
06.016	27.574	57.489
06.074	27.574	57.489
06.138	27.573	57.489
06.183	27.573	57.492
06.229	27.573	57.490
06.252	27.574	57.490
06.268	27.572	57.490
06.300	27.573	57.489
06.350	27.573	57.490
06.409	27.572	57.489
06.469	27.572	57.490
06.512	27.572	57.491
06.549	27.572	57.490
06.594	27.571	57.490
06.651	27.572	57.491
06.690	27.573	57.490
06.733	27.573	57.489
06.770	27.573	57.490
06.821	27.574	57.490
06.876	27.575	57.490
06.945	27.573	57.492
07.014	27.574	57.491
07.059	27.574	57.491
07.111	27.574	57.493
07.153	27.574	57.492
07.198	27.574	57.492
07.234	27.575	57.492
07.285	27.575	57.492
07.337	27.574	57.492
07.377	27.575	57.491
07.417	27.576	57.492
07.470	27.576	57.491
07.535	27.575	57.493
07.586	27.575	57.492
07.620	27.575	57.491
07.654	27.575	57.490
07.693	27.575	57.491
07.728	27.574	57.490
07.783	27.575	57.490
07.839	27.575	57.491
07.879	27.575	57.488
07.933	27.575	57.486
08.010	27.573	57.489
08.057	27.573	57.489
08.108	27.573	57.491
08.141	27.573	57.487
08.164	27.572	57.489
08.193	27.572	57.490
08.244	27.572	57.489
08.296	27.572	57.488
08.343	27.572	57.486
08.381	27.573	57.488
08.412	27.573	57.490
08.443	27.572	57.487
08.506	27.571	57.486
08.543	27.572	57.486
08.598	27.572	57.489
08.675	27.571	57.484
08.687	27.572	57.487
08.726	27.570	57.486
08.775	27.571	57.488
08.821	27.571	57.486
08.885	27.570	57.484
08.936	27.569	57.485
08.990	27.570	57.487
09.051	27.569	57.486
09.100	27.569	57.486
09.132	27.569	57.484
09.171	27.568	57.485
09.232	27.569	57.486
09.274	27.568	57.488
09.336	27.568	57.485
09.395	27.568	57.487
09.428	27.568	57.485
09.453	27.568	57.484
09.472	27.568	57.485
09.523	27.567	57.487
09.548	27.568	57.484
09.584	27.567	57.486
09.629	27.568	57.485
09.673	27.568	57.485
09.714	27.568	57.487
09.765	27.568	57.484
09.821	27.567	57.485
09.866	27.569	57.487
09.924	27.568	57.486
09.986	27.567	57.488
10.035	27.567	57.485
10.106	27.568	57.486
10.157	27.567	57.487
10.217	27.566	57.486
10.260	27.567	57.487
10.319	27.566	57.486
10.364	27.568	57.487
10.415	27.567	57.486
10.437	27.566	57.488
10.449	27.567	57.485
10.453	27.565	57.486
10.464	27.565	57.488
10.500	27.566	57.488
10.577	27.565	57.488
10.628	27.565	57.488
10.684	27.566	57.488
10.722	27.565	57.486
10.754	27.566	57.488
10.831	27.564	57.486
10.849	27.565	57.486
10.893	27.565	57.487
10.939	27.564	57.485
10.990	27.565	57.488
11.041	27.564	57.486
11.106	27.564	57.485
11.187	27.564	57.486
11.264	27.564	57.488
11.302	27.565	57.488
11.366	27.563	57.488
11.407	27.564	57.488
11.461	27.564	57.489
11.493	27.563	57.489
11.520	27.562	57.487
11.544	27.564	57.489
11.570	27.563	57.487
11.597	27.565	57.489
11.648	27.564	57.488
11.707	27.563	57.488
11.754	27.565	57.489
11.831	27.565	57.486
11.867	27.564	57.488
11.932	27.564	57.488
11.981	27.563	57.488
12.049	27.564	57.487
12.096	27.563	57.489
12.156	27.563	57.487
12.204	27.563	57.489
12.255	27.563	57.488
12.305	27.563	57.489
12.356	27.562	57.489
12.397	27.562	57.490
12.448	27.564	57.489
12.479	27.563	57.488
12.512	27.563	57.488
12.537	27.564	57.489
12.583	27.563	57.488
12.622	27.563	57.487
12.673	27.562	57.485
12.736	27.563	57.484
12.788	27.562	57.483
12.811	27.562	57.484
12.834	27.561	57.481
12.853	27.561	57.481
12.883	27.562	57.480
12.937	27.562	57.481
12.999	27.561	57.480
13.064	27.560	57.474
13.115	27.559	57.472
13.182	27.560	57.474
13.246	27.559	57.475
13.296	27.558	57.474
13.321	27.557	57.472
13.340	27.555	57.473
13.350	27.555	57.475
13.367	27.555	57.474
13.403	27.553	57.472
13.455	27.554	57.472
13.490	27.553	57.469
13.542	27.553	57.471
13.600	27.552	57.471
13.648	27.552	57.469
13.710	27.552	57.470
13.761	27.552	57.469
13.787	27.551	57.469
13.813	27.552	57.470
13.834	27.551	57.471
13.894	27.551	57.468
13.915	27.551	57.471
13.933	27.550	57.469
13.967	27.550	57.472
14.007	27.550	57.471
14.084	27.550	57.472
14.153	27.549	57.469
14.213	27.549	57.468
14.254	27.550	57.466
14.278	27.549	57.468
14.298	27.549	57.470
14.337	27.549	57.471
14.398	27.550	57.469
14.424	27.548	57.467
14.488	27.550	57.470
14.535	27.550	57.467
14.581	27.550	57.470
14.625	27.550	57.471
14.666	27.549	57.468
14.682	27.549	57.468
14.693	27.549	57.468
14.707	27.549	57.469
14.735	27.549	57.469
14.761	27.548	57.475
14.771	27.547	57.475
14.793	27.548	57.471
14.827	27.547	57.473
14.892	27.548	57.474
14.948	27.548	57.473
14.993	27.548	57.476
15.020	27.548	57.474
15.045	27.550	57.475
15.064	27.549	57.474
15.106	27.550	57.474
15.174	27.549	57.475
15.248	27.549	57.469
15.297	27.549	57.470
15.348	27.550	57.472
15.401	27.549	57.471
15.486	27.549	57.471
15.547	27.548	57.470
15.603	27.549	57.473
15.625	27.549	57.472
15.644	27.549	57.472
15.663	27.549	57.473
15.691	27.550	57.474
15.710	27.550	57.474
15.731	27.550	57.475
15.760	27.551	57.473
15.793	27.551	57.475
15.841	27.551	57.475
15.894	27.551	57.474
15.937	27.551	57.474
15.958	27.552	57.475
15.979	27.551	57.474
16.003	27.552	57.476
16.037	27.551	57.476
16.075	27.552	57.475
16.125	27.551	57.473
16.187	27.551	57.473
16.241	27.552	57.473
16.292	27.552	57.471
16.377	27.550	57.469
16.440	27.549	57.469
16.471	27.550	57.471
16.491	27.548	57.471
16.502	27.548	57.470
16.517	27.548	57.471
16.549	27.548	57.472
16.579	27.546	57.471
16.615	27.547	57.469
16.641	27.546	57.470
16.698	27.547	57.473
16.747	27.546	57.471
16.809	27.545	57.472
16.847	27.545	57.470
16.865	27.546	57.472
16.876	27.545	57.472
16.886	27.544	57.473
16.903	27.545	57.473
16.941	27.544	57.472
16.970	27.545	57.473
17.010	27.545	57.473
17.060	27.545	57.472
17.127	27.544	57.472
17.177	27.545	57.471
17.224	27.545	57.473
17.250	27.544	57.469
17.291	27.544	57.473
17.320	27.544	57.472
17.365	27.543	57.472
17.423	27.543	57.472
17.480	27.543	57.471
17.531	27.545	57.472
17.572	27.544	57.473
17.619	27.543	57.471
17.666	27.543	57.472
17.717	27.544	57.472
17.750	27.545	57.473
17.799	27.544	57.471
17.870	27.544	57.470
17.915	27.545	57.469
17.975	27.544	57.468
17.993	27.545	57.470
18.018	27.544	57.469
18.064	27.544	57.470
18.115	27.543	57.470
18.150	27.543	57.470
18.165	27.544	57.471
18.179	27.544	57.470
18.207	27.544	57.470
18.252	27.545	57.470
18.319	27.544	57.470
18.378	27.544	57.468
18.443	27.544	57.470
18.481	27.544	57.470
18.528	27.543	57.472
18.571	27.543	57.470
18.613	27.543	57.471
18.659	27.544	57.471
18.707	27.543	57.471
18.729	27.544	57.470
18.792	27.543	57.470
18.829	27.543	57.472
18.885	27.543	57.472
18.913	27.543	57.470
18.949	27.543	57.472
18.992	27.542	57.471
19.024	27.543	57.468
19.071	27.543	57.470
19.110	27.543	57.472
19.132	27.543	57.471
19.178	27.543	57.471
19.215	27.543	57.471
19.278	27.543	57.470
19.342	27.544	57.471
19.397	27.543	57.470
19.434	27.543	57.469
19.474	27.542	57.470
19.509	27.543	57.469
19.550	27.543	57.471
19.595	27.544	57.470
19.643	27.543	57.472
19.685	27.543	57.472
19.735	27.544	57.472
19.802	27.543	57.473
19.864	27.542	57.473
19.910	27.544	57.471
19.945	27.544	57.474
19.981	27.544	57.471
20.028	27.543	57.473
20.075	27.544	57.473
20.115	27.544	57.476
20.159	27.543	57.474
20.198	27.544	57.473
20.251	27.543	57.474
20.293	27.543	57.474
20.321	27.544	57.472
20.347	27.543	57.472
20.365	27.543	57.472
20.394	27.544	57.472
20.437	27.544	57.474
20.488	27.544	57.475
20.541	27.544	57.473
20.574	27.543	57.473
20.609	27.544	57.473
20.643	27.544	57.474
20.677	27.544	57.470
20.732	27.545	57.476
20.763	27.542	57.472
20.819	27.544	57.474
20.886	27.543	57.473
20.945	27.544	57.476
20.998	27.542	57.476
21.058	27.544	57.475
21.085	27.543	57.475
21.116	27.543	57.474
21.149	27.544	57.472
21.193	27.543	57.474
21.239	27.543	57.474
21.282	27.544	57.474
21.307	27.544	57.474
21.332	27.543	57.474
21.357	27.544	57.476
21.400	27.543	57.474
21.436	27.543	57.475
21.472	27.543	57.476
21.486	27.544	57.475
21.510	27.544	57.473
21.553	27.544	57.477
21.617	27.544	57.476
21.673	27.543	57.475
21.725	27.544	57.474
21.784	27.544	57.475
21.848	27.544	57.475
21.906	27.544	57.473
21.979	27.544	57.474
22.018	27.543	57.475
22.063	27.543	57.476
22.109	27.543	57.475
22.139	27.544	57.476
22.168	27.543	57.477
22.184	27.543	57.474
22.196	27.544	57.476
22.206	27.544	57.476
22.225	27.544	57.477
22.274	27.544	57.476
22.322	27.544	57.476
22.366	27.545	57.477
22.387	27.545	57.476
22.402	27.545	57.475
22.426	27.546	57.478
22.463	27.545	57.478
22.504	27.545	57.478
22.555	27.546	57.480
22.576	27.546	57.480
22.620	27.545	57.478
22.668	27.546	57.477
22.722	27.546	57.478
22.784	27.546	57.481
22.814	27.546	57.481
22.858	27.546	57.480
22.906	27.547	57.479
22.947	27.546	57.479
22.999	27.547	57.479
23.050	27.546	57.481
23.098	27.546	57.480
23.164	27.545	57.479
23.210	27.546	57.480
23.258	27.545	57.480
23.279	27.546	57.481
23.294	27.545	57.481
23.310	27.545	57.479
23.345	27.544	57.481
23.404	27.546	57.481
23.471	27.546	57.483
23.546	27.545	57.481
23.595	27.544	57.481
23.642	27.544	57.482
23.682	27.546	57.481
23.711	27.544	57.481
23.726	27.543	57.480
23.744	27.545	57.481
23.792	27.544	57.483
23.835	27.544	57.482
23.893	27.545	57.481
23.944	27.545	57.480
23.994	27.545	57.480
24.041	27.545	57.482
24.090	27.545	57.479
24.131	27.545	57.481
24.177	27.544	57.481
24.223	27.544	57.481
24.278	27.544	57.480
24.352	27.544	57.481
24.391	27.544	57.482
24.430	27.544	57.481
24.441	27.544	57.480
24.437	27.544	57.480
24.441	27.544	57.480
24.450	27.543	57.480
24.452	27.543	57.480
24.457	27.543	57.481
24.463	27.543	57.479
24.469	27.543	57.481
24.472	27.543	57.478
24.474	27.542	57.478
24.470	27.542	57.480
24.468	27.542	57.482
24.469	27.542	57.479
24.472	27.542	57.481
24.476	27.542	57.482
24.475	27.542	57.481
24.469	27.543	57.482
24.461	27.542	57.481
24.457	27.542	57.480
24.452	27.542	57.480
24.453	27.541	57.481
24.456	27.543	57.481
24.456	27.543	57.483
24.453	27.543	57.482
24.450	27.543	57.481
24.454	27.543	57.482
24.456	27.543	57.483
24.455	27.544	57.483
24.456	27.544	57.484
24.455	27.544	57.482
24.456	27.543	57.483
24.456	27.544	57.481
24.457	27.544	57.480
24.457	27.544	57.483
24.453	27.544	57.481
24.454	27.544	57.482
24.453	27.544	57.481
24.450	27.544	57.481
24.449	27.543	57.482
24.450	27.544	57.483
24.448	27.545	57.481
24.445	27.543	57.481
24.441	27.545	57.483
24.440	27.545	57.482
24.432	27.544	57.481
24.426	27.544	57.482
24.416	27.545	57.482
24.402	27.544	57.482
24.388	27.544	57.482
24.376	27.544	57.481
24.355	27.544	57.481
24.321	27.545	57.482
24.283	27.545	57.482
24.249	27.545	57.481
24.211	27.545	57.484
24.176	27.544	57.481
24.145	27.544	57.482
24.101	27.545	57.480
24.044	27.544	57.481
23.991	27.543	57.482
23.922	27.543	57.481
23.896	27.544	57.483
23.817	27.544	57.480
23.766	27.544	57.483
23.743	27.545	57.482
23.724	27.544	57.480
23.705	27.545	57.481
23.679	27.544	57.481
23.628	27.544	57.481
23.578	27.543	57.481
23.522	27.544	57.481
23.445	27.544	57.480
23.417	27.544	57.480
23.396	27.545	57.480
23.367	27.545	57.481
23.329	27.545	57.479
23.283	27.545	57.480
23.223	27.545	57.480
23.161	27.545	57.481
23.106	27.545	57.481
23.062	27.546	57.479
23.019	27.545	57.480
22.979	27.546	57.479
22.937	27.545	57.478
22.896	27.544	57.480
22.866	27.544	57.481
22.851	27.545	57.480
22.842	27.545	57.480
22.831	27.546	57.479
22.804	27.546	57.478
22.751	27.545	57.480
22.674	27.546	57.479
22.610	27.546	57.480
22.547	27.546	57.478
22.496	27.546	57.479
22.449	27.546	57.480
22.401	27.547	57.479
22.361	27.546	57.478
22.327	27.546	57.478
22.301	27.545	57.475
22.292	27.545	57.477
22.296	27.545	57.475
22.322	27.546	57.476
22.317	27.547	57.477
22.309	27.545	57.475
22.276	27.544	57.479
22.212	27.545	57.477
22.146	27.544	57.476
22.082	27.544	57.477
22.005	27.546	57.476
21.970	27.543	57.474
21.912	27.544	57.477
21.872	27.544	57.475
21.819	27.545	57.476
21.778	27.544	57.475
21.750	27.544	57.476
21.733	27.545	57.476
21.733	27.544	57.476
21.738	27.543	57.478
21.738	27.544	57.476
21.695	27.544	57.474
21.626	27.543	57.477
21.558	27.543	57.475
21.496	27.543	57.475
21.440	27.543	57.475
21.389	27.545	57.474
21.339	27.544	57.474
21.284	27.544	57.473
21.233	27.544	57.477
21.203	27.543	57.476
21.185	27.543	57.473
21.181	27.543	57.476
21.177	27.543	57.476
21.156	27.543	57.474
21.108	27.543	57.476
21.039	27.543	57.476
20.956	27.544	57.474
20.888	27.543	57.476
20.824	27.543	57.476
20.751	27.543	57.476
20.685	27.543	57.474
20.624	27.543	57.474
20.559	27.544	57.476
20.522	27.544	57.475
20.496	27.544	57.474
20.484	27.543	57.474
20.462	27.543	57.474
20.424	27.543	57.473
20.360	27.543	57.474
20.285	27.544	57.473
20.208	27.543	57.475
20.151	27.543	57.473
20.103	27.543	57.473
20.063	27.543	57.472
19.993	27.543	57.474
19.930	27.543	57.472
19.857	27.543	57.474
19.806	27.544	57.473
19.773	27.542	57.474
19.759	27.544	57.472
19.762	27.544	57.471
19.773	27.543	57.474
19.777	27.544	57.474
19.761	27.543	57.472
19.716	27.543	57.471
19.650	27.544	57.473
19.580	27.543	57.473
19.524	27.543	57.471
19.472	27.544	57.472
19.419	27.543	57.473
19.365	27.543	57.472
19.288	27.543	57.471
19.228	27.542	57.472
19.178	27.544	57.471
19.136	27.542	57.473
19.103	27.543	57.473
19.062	27.542	57.471
19.011	27.542	57.472
18.946	27.543	57.471
18.888	27.543	57.472
18.839	27.543	57.472
18.800	27.542	57.470
18.768	27.542	57.472
18.722	27.543	57.471
18.671	27.542	57.471
18.597	27.543	57.470
18.523	27.543	57.471
18.478	27.542	57.470
18.446	27.542	57.468
18.416	27.542	57.469
18.371	27.542	57.471
18.294	27.542	57.470
18.218	27.541	57.468
18.136	27.541	57.468
18.073	27.542	57.468
18.031	27.542	57.469
17.995	27.541	57.467
17.953	27.542	57.466
17.893	27.540	57.465
17.828	27.541	57.463
17.775	27.540	57.466
17.732	27.541	57.464
17.705	27.540	57.464
17.668	27.540	57.465
17.604	27.541	57.464
17.527	27.540	57.464
17.440	27.541	57.463
17.391	27.540	57.464
17.346	27.541	57.464
17.296	27.540	57.462
17.248	27.540	57.464
17.197	27.540	57.464
17.154	27.541	57.464
17.124	27.539	57.465
17.113	27.540	57.463
17.105	27.540	57.464
17.088	27.540	57.463
17.039	27.541	57.464
16.947	27.541	57.463
16.878	27.540	57.462
16.797	27.540	57.464
16.737	27.540	57.462
16.691	27.541	57.466
16.634	27.540	57.464
16.578	27.541	57.464
16.490	27.541	57.464
16.427	27.542	57.466
16.369	27.541	57.466
16.341	27.542	57.465
16.316	27.542	57.466
16.280	27.543	57.466
16.217	27.543	57.467
16.144	27.544	57.466
16.065	27.544	57.468
16.022	27.544	57.467
15.992	27.545	57.465
15.963	27.545	57.468
15.914	27.545	57.465
15.848	27.545	57.465
15.771	27.546	57.469
15.692	27.545	57.470
15.637	27.546	57.468
15.586	27.546	57.467
15.545	27.546	57.468
15.485	27.547	57.467
15.413	27.546	57.466
15.336	27.547	57.468
15.270	27.546	57.469
15.223	27.546	57.469
15.189	27.547	57.468
15.138	27.545	57.469
15.062	27.546	57.470
14.989	27.546	57.467
14.925	27.546	57.470
14.883	27.546	57.468
14.842	27.547	57.468
14.815	27.546	57.471
14.794	27.547	57.467
14.765	27.546	57.468
14.705	27.546	57.470
14.644	27.546	57.470
14.564	27.546	57.468
14.513	27.547	57.469
14.475	27.547	57.468
14.433	27.547	57.471
14.375	27.546	57.472
14.290	27.547	57.471
14.238	27.548	57.473
14.165	27.548	57.473
14.105	27.549	57.474
14.077	27.549	57.477
14.048	27.551	57.476
14.008	27.550	57.477
13.957	27.551	57.477
13.880	27.553	57.478
13.822	27.553	57.479
13.776	27.554	57.479
13.758	27.554	57.478
13.746	27.554	57.479
13.709	27.554	57.480
13.607	27.555	57.481
13.522	27.555	57.480
13.440	27.553	57.480
13.376	27.555	57.480
13.336	27.557	57.480
13.310	27.555	57.481
13.277	27.555	57.481
13.222	27.555	57.481
13.161	27.557	57.481
13.096	27.557	57.481
13.040	27.557	57.481
13.009	27.556	57.481
12.976	27.557	57.481
12.939	27.557	57.483
12.887	27.557	57.484
12.811	27.557	57.484
12.750	27.557	57.481
12.680	27.557	57.483
12.632	27.557	57.483
12.588	27.557	57.483
12.546	27.558	57.483
12.495	27.558	57.483
12.403	27.557	57.484
12.341	27.559	57.484
12.282	27.557	57.483
12.250	27.557	57.484
12.237	27.557	57.483
12.218	27.557	57.486
12.168	27.558	57.484
12.109	27.558	57.485
12.062	27.558	57.484
12.012	27.559	57.485
11.980	27.558	57.485
11.948	27.558	57.484
11.899	27.560	57.484
11.825	27.558	57.483
11.743	27.560	57.484
11.673	27.559	57.484
11.612	27.558	57.486
11.584	27.559	57.486
11.558	27.559	57.485
11.546	27.558	57.486
11.542	27.559	57.486
11.543	27.558	57.485
11.540	27.559	57.486
11.510	27.560	57.489
11.419	27.560	57.486
11.313	27.560	57.487
11.208	27.559	57.485
11.116	27.560	57.483
11.085	27.560	57.486
11.054	27.561	57.488
11.025	27.560	57.485
10.948	27.560	57.485
10.879	27.560	57.487
10.776	27.560	57.488
10.729	27.560	57.486
10.678	27.560	57.485
10.635	27.560	57.487
10.575	27.559	57.487
10.511	27.562	57.487
10.448	27.561	57.486
10.407	27.561	57.488
10.374	27.561	57.489
10.345	27.560	57.487
10.320	27.562	57.485
10.287	27.561	57.487
10.251	27.561	57.488
10.207	27.562	57.487
10.159	27.562	57.487
10.108	27.562	57.486
10.066	27.562	57.487
09.999	27.561	57.488
09.922	27.562	57.488
09.854	27.562	57.487
09.798	27.562	57.488
09.767	27.562	57.488
09.727	27.562	57.487
09.662	27.562	57.486
09.590	27.562	57.486
09.513	27.562	57.488
09.465	27.562	57.487
09.426	27.563	57.486
09.387	27.562	57.485
09.336	27.563	57.487
09.281	27.563	57.487
09.234	27.564	57.487
09.183	27.563	57.485
09.171	27.563	57.487
09.159	27.563	57.486
09.126	27.564	57.487
09.075	27.563	57.486
09.004	27.563	57.484
08.947	27.564	57.487
08.896	27.564	57.485
08.835	27.564	57.486
08.789	27.563	57.487
08.725	27.564	57.485
08.660	27.564	57.486
08.583	27.564	57.486
08.539	27.564	57.486
08.504	27.565	57.486
08.476	27.565	57.488
08.434	27.564	57.488
08.376	27.565	57.488
08.306	27.566	57.486
08.252	27.566	57.487
08.175	27.566	57.489
08.154	27.568	57.489
08.130	27.567	57.490
08.105	27.568	57.490
08.074	27.568	57.490
08.011	27.569	57.490
07.938	27.570	57.489
07.840	27.570	57.490
07.750	27.571	57.489
07.674	27.570	57.490
07.605	27.571	57.492
07.560	27.571	57.491
07.472	27.570	57.493
07.391	27.572	57.489
07.316	27.572	57.493
07.263	27.573	57.492
07.225	27.573	57.491
07.198	27.573	57.491
07.147	27.572	57.491
07.098	27.574	57.493
07.040	27.573	57.493
06.996	27.575	57.493
06.991	27.573	57.493
06.995	27.574	57.494
06.984	27.574	57.494
06.939	27.575	57.496
06.866	27.574	57.495
06.789	27.576	57.494
06.707	27.575	57.498
06.656	27.575	57.496
06.592	27.575	57.496
06.541	27.576	57.496
06.492	27.577	57.496
06.424	27.576	57.498
06.346	27.577	57.497
06.278	27.576	57.496
06.227	27.576	57.497
06.206	27.577	57.497
06.183	27.577	57.498
06.134	27.577	57.497
06.067	27.577	57.497
05.999	27.577	57.495
05.913	27.576	57.494
05.835	27.577	57.497
05.766	27.578	57.496
05.715	27.576	57.495
05.695	27.576	57.497
05.681	27.576	57.496
05.645	27.577	57.497
05.574	27.575	57.496
05.497	27.576	57.494
05.408	27.576	57.496
05.338	27.577	57.494
05.290	27.576	57.495
05.249	27.577	57.497
05.199	27.577	57.497
05.128	27.577	57.498
05.049	27.576	57.495
04.972	27.577	57.495
04.927	27.576	57.494
04.901	27.576	57.495
04.901	27.576	57.494
04.897	27.577	57.496
04.846	27.577	57.497
04.758	27.577	57.493
04.625	27.577	57.495
04.540	27.577	57.495
04.466	27.576	57.494
04.416	27.577	57.494
04.374	27.576	57.494
04.336	27.576	57.494
04.271	27.576	57.494
04.195	27.575	57.495
04.132	27.576	57.493
04.080	27.575	57.495
04.073	27.577	57.496
04.067	27.576	57.494
04.034	27.576	57.493
03.964	27.576	57.494
03.903	27.575	57.494
03.846	27.575	57.497
03.809	27.576	57.497
03.784	27.576	57.495
03.756	27.576	57.497
03.744	27.576	57.498
03.727	27.576	57.499
03.696	27.578	57.497
03.657	27.578	57.499
03.625	27.577	57.502
03.598	27.577	57.502
03.573	27.578	57.502
03.562	27.579	57.501
03.558	27.578	57.502
03.557	27.577	57.502
03.534	27.579	57.502
03.458	27.580	57.501
03.362	27.579	57.502
03.248	27.580	57.502
03.145	27.580	57.500
03.030	27.581	57.501
02.969	27.580	57.501
02.915	27.581	57.503
02.881	27.581	57.503
02.819	27.582	57.504
02.738	27.583	57.505
02.657	27.583	57.503
02.578	27.584	57.503
02.484	27.584	57.505
02.434	27.584	57.504
02.397	27.584	57.502
02.376	27.586	57.502
02.317	27.585	57.503
02.226	27.586	57.504
02.119	27.585	57.504
02.017	27.585	57.504
01.929	27.585	57.504
01.862	27.586	57.504
01.819	27.586	57.506
01.794	27.589	57.506
01.746	27.587	57.508
01.680	27.588	57.506
01.605	27.588	57.509
01.554	27.588	57.509
01.485	27.588	57.510
01.429	27.588	57.507
01.392	27.588	57.510
01.374	27.587	57.507
01.374	27.587	57.506
01.371	27.588	57.508
01.333	27.588	57.508
01.228	27.588	57.508
01.118	27.587	57.509
01.021	27.587	57.509
00.933	27.587	57.509
00.870	27.588	57.509
00.837	27.589	57.510
00.827	27.590	57.510
00.828	27.590	57.512
00.828	27.592	57.513
00.842	27.593	57.512
00.837	27.593	57.514
00.837	27.593	57.513
00.823	27.594	57.513
00.798	27.594	57.514
00.804	27.595	57.515
00.802	27.595	57.519
00.802	27.596	57.522
00.803	27.595	57.521
00.795	27.595	57.526
00.786	27.595	57.526
00.786	27.595	57.525
00.783	27.596	57.525
00.777	27.596	57.524
00.773	27.596	57.526
00.773	27.596	57.525
00.769	27.596	57.524
00.763	27.596	57.522
00.758	27.597	57.524
00.743	27.595	57.523
00.695	27.596	57.522
00.638	27.598	57.525
00.587	27.600	57.524
00.536	27.600	57.526
00.545	27.601	57.527
00.553	27.601	57.527
00.582	27.603	57.526
00.649	27.602	57.527
00.678	27.603	57.526
00.698	27.603	57.528
00.698	27.604	57.527
00.701	27.605	57.527
00.696	27.606	57.527
00.693	27.605	57.525
00.681	27.604	57.527
00.663	27.605	57.525
00.651	27.605	57.525
00.647	27.605	57.525
00.651	27.605	57.524
00.655	27.605	57.524
00.655	27.605	57.526
00.646	27.605	57.524
00.637	27.606	57.526
00.632	27.606	57.526
00.635	27.605	57.525
00.634	27.606	57.525
00.628	27.605	57.525
00.627	27.605	57.525
00.629	27.605	57.523
00.631	27.606	57.524
00.631	27.606	57.525
00.622	27.606	57.522
00.612	27.607	57.524
00.607	27.606	57.524
00.609	27.605	57.523
00.614	27.606	57.525
00.610	27.605	57.524
00.606	27.605	57.523
00.607	27.605	57.524
00.612	27.606	57.523
00.618	27.606	57.525
00.618	27.606	57.525
00.619	27.606	57.525
00.620	27.605	57.526
00.618	27.605	57.526
00.617	27.606	57.526
00.611	27.605	57.527
00.609	27.606	57.527
00.609	27.605	57.527
00.610	27.605	57.525
00.610	27.604	57.524
00.613	27.605	57.526
00.618	27.605	57.524
00.621	27.606	57.524
00.621	27.606	57.525
00.622	27.605	57.525
00.618	27.606	57.525
00.612	27.606	57.524
00.594	27.605	57.525
00.572	27.605	57.524
00.548	27.605	57.524
00.521	27.606	57.526
00.495	27.606	57.525
00.477	27.606	57.525
00.459	27.606	57.525
00.445	27.606	57.525
00.432	27.606	57.526
00.411	27.606	57.524
00.379	27.606	57.526
00.345	27.606	57.526
00.293	27.606	57.522
00.241	27.605	57.524
00.207	27.605	57.523
00.174	27.606	57.521
00.151	27.606	57.522
00.131	27.605	57.523
00.119	27.606	57.524
00.111	27.607	57.522
00.101	27.606	57.522
00.091	27.607	57.522
00.082	27.606	57.522
00.071	27.607	57.521
00.043	27.606	57.510
00.017	27.605	55.107
00.018	27.599	04.992
00.015	27.590	04.248
00.015	27.585	02.728
00.015	27.581	03.593
00.016	27.576	01.932
00.016	27.572	-0.016
00.015	27.568	-0.028
00.016	27.562	-0.025
00.014	27.555	-0.027
00.015	27.550	-0.024
00.014	27.545	-0.025
00.014	27.542	-0.028
00.014	27.540	-0.027
00.013	27.538	-0.026
00.012	27.537	-0.027
00.015	27.534	-0.027
00.014	27.529	-0.027
00.014	27.524	-0.025
00.012	27.522	-0.024
00.014	27.516	-0.027
00.014	27.512	-0.026
00.014	27.510	-0.026
00.014	27.506	-0.026
00.013	27.503	-0.025
00.016	27.503	-0.026
00.016	27.503	-0.028
00.013	27.504	-0.026
00.014	27.500	-0.026
00.015	27.495	-0.027
00.015	27.486	-0.024
00.015	27.479	-0.026
00.013	27.473	-0.026
00.015	27.469	-0.026
00.015	27.464	-0.025
00.016	27.462	-0.025
00.016	27.458	-0.027
00.014	27.457	-0.025
00.014	27.456	-0.029
00.015	27.455	-0.025
00.016	27.454	-0.025
00.015	27.452	-0.026
00.015	27.448	-0.025
00.016	27.447	-0.028
00.016	27.444	-0.026
00.014	27.440	-0.025
00.014	27.436	-0.026
00.013	27.435	-0.027
00.012	27.432	-0.024
00.015	27.432	-0.024
00.015	27.432	-0.026
00.016	27.432	-0.025
00.015	27.433	-0.026
00.015	27.435	-0.025
00.015	27.437	-0.027
00.015	27.438	-0.026
00.016	27.441	-0.026
00.014	27.442	-0.026
00.014	27.441	-0.027
00.014	27.443	-0.024
00.016	27.444	-0.026
00.016	27.445	-0.026
00.016	27.445	-0.028
00.015	27.444	-0.027
00.015	27.446	-0.026
00.016	27.445	-0.026
00.016	27.445	-0.026
00.015	27.443	-0.026
00.015	27.443	-0.026
00.016	27.443	-0.027
00.016	27.443	-0.026
00.016	27.445	00.258
00.015	27.445	13.108
00.015	27.445	47.361
00.015	27.445	57.061
00.015	27.447	57.520
00.015	27.455	57.524
00.025	27.476	57.524
00.062	27.501	57.527
00.086	27.524	57.528
00.097	27.541	57.528
00.123	27.556	57.526
00.109	27.569	57.528
00.108	27.576	57.529
00.109	27.584	57.526
00.108	27.587	57.526
00.108	27.592	57.527
00.099	27.595	57.527
00.094	27.598	57.525
00.090	27.600	57.525
00.093	27.601	57.527
00.098	27.604	57.528
00.107	27.603	57.524
00.117	27.604	57.521
00.122	27.605	57.524
00.124	27.607	57.520
00.124	27.606	57.520
00.120	27.608	57.519
00.115	27.608	57.519
00.114	27.608	57.522
00.112	27.607	57.525
00.113	27.608	57.524
00.115	27.608	57.526
00.115	27.608	57.521
00.121	27.607	57.524
00.129	27.607	57.522
00.143	27.607	57.524
00.173	27.607	57.521
00.195	27.608	57.524
00.223	27.608	57.524
00.286	27.607	57.522
00.322	27.606	57.522
00.393	27.605	57.519
00.444	27.606	57.517
00.463	27.605	57.511
00.474	27.604	57.516
00.480	27.605	57.512
00.494	27.604	57.511
00.517	27.605	57.511
00.538	27.604	57.512
00.556	27.603	57.510
00.579	27.604	57.508
00.605	27.604	57.508
00.616	27.602	57.507
00.621	27.602	57.509
00.624	27.602	57.507
00.628	27.601	57.509
00.637	27.601	57.506
00.643	27.600	57.508
00.649	27.600	57.508
00.662	27.598	57.505
00.670	27.598	57.507
00.665	27.598	57.507
00.647	27.597	57.506
00.628	27.597	57.507
00.609	27.597	57.511
00.602	27.597	57.509
00.606	27.598	57.509
00.615	27.597	57.512
00.622	27.597	57.512
00.620	27.597	57.512
00.617	27.598	57.511
00.614	27.597	57.508
00.605	27.597	57.509
00.605	27.597	57.508
00.609	27.597	57.505
00.608	27.597	57.509
00.608	27.598	57.506
00.596	27.598	57.509
00.593	27.598	57.506
00.580	27.598	57.506
00.565	27.597	57.509
00.540	27.598	57.507
00.571	27.597	57.508
00.598	27.597	57.507
00.631	27.596	57.508
00.642	27.595	57.510
00.651	27.595	57.508
00.663	27.595	57.509
00.676	27.594	57.510
00.679	27.595	57.511
00.680	27.593	57.512
00.680	27.594	57.510
00.698	27.594	57.510
00.718	27.593	57.510
00.729	27.593	57.506
00.729	27.593	57.513
00.711	27.592	57.514
00.709	27.592	57.511
00.735	27.593	57.512
00.746	27.592	57.511
00.755	27.592	57.511
00.740	27.592	57.510
00.722	27.593	57.510
00.722	27.592	57.509
00.726	27.593	57.512
00.720	27.593	57.512
00.709	27.593	57.515
00.704	27.595	57.514
00.705	27.594	57.516
00.708	27.594	57.514
00.715	27.595	57.515
00.724	27.594	57.514
00.734	27.595	57.515
00.739	27.595	57.514
00.739	27.596	57.515
00.740	27.595	57.513
00.735	27.595	57.514
00.728	27.595	57.514
00.724	27.595	57.511
00.720	27.595	57.510
00.716	27.596	57.516
00.717	27.597	57.512
00.724	27.595	57.513
00.732	27.596	57.511
00.740	27.596	57.513
00.742	27.596	57.511
00.747	27.596	57.513
00.748	27.596	57.510
00.747	27.596	57.512
00.744	27.595	57.513
00.718	27.596	57.514
00.723	27.596	57.514
00.716	27.596	57.514
00.717	27.595	57.513
00.720	27.596	57.511
00.724	27.595	57.513
00.728	27.596	57.515
00.732	27.596	57.513
00.737	27.596	57.514
00.740	27.597	57.511
00.743	27.596	57.513
00.744	27.597	57.513
00.742	27.596	57.513
00.739	27.596	57.511
00.734	27.595	57.512
00.730	27.596	57.510
00.725	27.596	57.512
00.722	27.596	57.512
00.717	27.597	57.512
00.718	27.596	57.514
00.721	27.595	57.514
00.727	27.596	57.512
00.727	27.597	57.513
00.740	27.597	57.510
00.746	27.595	57.513
00.751	27.596	57.514
00.749	27.596	57.512
00.746	27.595	57.512
00.743	27.597	57.512
00.743	27.596	57.514
00.735	27.596	57.517
00.729	27.596	57.520
00.726	27.597	57.517
00.728	27.596	57.516
00.728	27.596	57.520
00.734	27.596	57.519
00.738	27.594	57.515
00.741	27.596	57.512
00.741	27.594	57.512
00.743	27.595	57.511
00.742	27.595	57.511
00.739	27.594	57.510
00.740	27.595	57.510
00.738	27.596	57.512
00.736	27.596	57.512
00.735	27.596	57.514
00.736	27.598	57.515
00.738	27.596	57.517
00.740	27.596	57.517
00.740	27.596	57.515
00.739	27.595	57.517
00.740	27.596	57.517
00.745	27.595	57.517
00.748	27.596	57.517
00.748	27.596	57.517
00.746	27.596	57.516
00.743	27.596	57.516
00.739	27.597	57.517
00.729	27.597	57.518
00.721	27.596	57.516
00.714	27.597	57.517
00.688	27.597	57.518
00.710	27.598	57.516
00.718	27.598	57.517
00.724	27.599	57.517
00.729	27.599	57.516
00.734	27.598	57.519
00.741	27.599	57.518
00.745	27.599	57.517
00.746	27.598	57.518
00.746	27.599	57.518
00.737	27.599	57.517
00.738	27.601	57.517
00.731	27.601	57.517
00.728	27.601	57.518
00.728	27.600	57.520
00.729	27.602	57.517
00.731	27.601	57.520
00.731	27.601	57.519
00.743	27.602	57.519
00.748	27.602	57.520
00.750	27.603	57.519
00.752	27.603	57.517
00.755	27.604	57.519
00.751	27.603	57.518
00.751	27.603	57.520
00.737	27.603	57.519
00.729	27.603	57.518
00.729	27.604	57.519
00.725	27.604	57.518
00.727	27.604	57.518
00.730	27.603	57.519
00.735	27.604	57.520
00.761	27.604	57.521
00.747	27.605	57.520
00.753	27.604	57.520
00.757	27.604	57.519
00.757	27.604	57.519
00.751	27.605	57.518
00.747	27.604	57.519
00.741	27.605	57.516
00.715	27.605	57.515
00.729	27.605	57.516
00.729	27.604	57.517
00.732	27.605	57.517
00.738	27.604	57.516
00.747	27.606	57.517
00.754	27.604	57.518
00.759	27.605	57.520
00.759	27.604	57.517
00.762	27.604	57.517
00.761	27.605	57.520
00.752	27.605	57.517
00.745	27.605	57.517
00.719	27.604	57.516
00.736	27.604	57.516
00.732	27.604	57.517
00.735	27.603	57.516
00.740	27.603	57.516
00.747	27.604	57.516
00.754	27.604	57.515
00.756	27.603	57.514
00.761	27.603	57.516
00.761	27.603	57.514
00.759	27.603	57.514
00.758	27.603	57.511
00.752	27.603	57.510
00.749	27.601	57.512
00.748	27.602	57.512
00.745	27.602	57.509
00.742	27.602	57.511
00.741	27.602	57.511
00.744	27.601	57.512
00.747	27.602	57.513
00.751	27.601	57.512
00.754	27.603	57.513
00.757	27.602	57.514
00.757	27.602	57.516
00.759	27.602	57.515
00.756	27.602	57.517
00.752	27.601	57.516
00.752	27.600	57.515
00.748	27.602	57.516
00.745	27.601	57.516
00.746	27.601	57.515
00.749	27.600	57.517
00.752	27.600	57.516
00.756	27.600	57.517
00.760	27.600	57.517
00.763	27.601	57.515
00.763	27.600	57.515
00.760	27.600	57.517
00.755	27.601	57.515
00.751	27.600	57.515
00.743	27.600	57.515
00.734	27.600	57.515
00.732	27.600	57.515
00.730	27.600	57.516
00.730	27.600	57.515
00.739	27.601	57.516
00.742	27.600	57.516
00.748	27.601	57.515
00.748	27.601	57.514
00.762	27.601	57.515
00.765	27.602	57.514
00.790	27.601	57.514
00.759	27.602	57.515
00.758	27.602	57.513
00.752	27.602	57.515
00.747	27.602	57.517
00.739	27.601	57.516
00.741	27.603	57.514
00.745	27.601	57.514
00.750	27.603	57.514
00.750	27.602	57.515
00.758	27.601	57.515
00.762	27.601	57.514
00.762	27.602	57.515
00.763	27.601	57.515
00.761	27.601	57.515
00.755	27.602	57.514
00.755	27.601	57.515
00.748	27.601	57.515
00.746	27.601	57.516
00.746	27.602	57.514
00.746	27.600	57.515
00.752	27.601	57.516
00.756	27.601	57.516
00.761	27.601	57.516
00.765	27.601	57.516
00.790	27.600	57.514
00.769	27.601	57.516
00.768	27.601	57.516
00.763	27.601	57.516
00.756	27.600	57.515
00.752	27.600	57.517
00.750	27.600	57.513
00.751	27.598	57.516
00.754	27.599	57.515
00.759	27.600	57.515
00.762	27.600	57.514
00.765	27.601	57.515
00.768	27.600	57.516
00.768	27.600	57.517
00.770	27.600	57.516
00.768	27.600	57.517
00.765	27.600	57.516
00.761	27.600	57.516
00.758	27.599	57.515
00.754	27.600	57.514
00.752	27.600	57.514
00.758	27.599	57.514
00.760	27.600	57.515
00.763	27.600	57.515
00.764	27.600	57.516
00.768	27.600	57.514
00.770	27.601	57.516
00.770	27.600	57.514
00.769	27.599	57.514
00.765	27.599	57.514
00.763	27.601	57.515
00.763	27.599	57.515
00.757	27.600	57.516
00.755	27.600	57.515
00.759	27.599	57.515
00.761	27.600	57.515
00.765	27.601	57.514
00.768	27.600	57.515
00.770	27.600	57.515
00.771	27.600	57.513
00.771	27.601	57.515
00.771	27.601	57.515
00.769	27.601	57.515
00.764	27.601	57.515
00.761	27.600	57.515
00.756	27.599	57.515
00.753	27.600	57.514
00.753	27.600	57.515
00.741	27.599	57.513
00.744	27.599	57.514
00.750	27.600	57.515
00.751	27.600	57.515
00.750	27.599	57.516
00.751	27.599	57.515
00.752	27.600	57.516
00.749	27.599	57.514
00.739	27.599	57.513
00.728	27.599	57.515
00.728	27.599	57.514
00.729	27.598	57.513
00.739	27.599	57.515
00.753	27.599	57.515
00.783	27.598	57.514
00.822	27.598	57.515
00.861	27.599	57.514
00.915	27.598	57.516
00.974	27.597	57.513
01.022	27.598	57.510
01.082	27.597	57.510
01.106	27.597	57.514
01.156	27.597	57.513
01.223	27.597	57.513
01.299	27.597	57.513
01.356	27.596	57.511
01.397	27.596	57.510
01.423	27.597	57.511
01.455	27.596	57.511
01.525	27.596	57.508
01.605	27.595	57.505
01.714	27.593	57.504
01.811	27.594	57.501
01.877	27.592	57.501
01.896	27.591	57.499
01.874	27.590	57.501
01.845	27.589	57.500
01.844	27.588	57.502
01.858	27.589	57.499
01.869	27.589	57.499
01.875	27.589	57.503
01.881	27.588	57.503
01.890	27.588	57.503
01.898	27.587	57.504
01.914	27.588	57.503
01.959	27.588	57.502
02.020	27.588	57.502
02.096	27.587	57.505
02.172	27.587	57.506
02.247	27.587	57.508
02.293	27.586	57.507
02.369	27.588	57.508
02.464	27.587	57.506
02.541	27.588	57.508
02.633	27.587	57.505
02.715	27.589	57.503
02.774	27.588	57.504
02.817	27.588	57.504
02.862	27.589	57.502
02.900	27.587	57.501
02.957	27.587	57.499
03.030	27.585	57.497
03.120	27.585	57.498
03.230	27.584	57.495
03.328	27.583	57.496
03.430	27.584	57.497
03.507	27.582	57.498
03.594	27.581	57.498
03.660	27.581	57.499
03.762	27.580	57.500
03.864	27.581	57.502
03.960	27.581	57.503
04.011	27.582	57.503
04.036	27.583	57.504
04.027	27.583	57.502
04.015	27.583	57.502
04.023	27.584	57.504
04.071	27.584	57.504
04.154	27.583	57.502
04.237	27.584	57.503
04.315	27.584	57.499
04.425	27.584	57.491
04.477	27.583	57.491
04.540	27.583	57.498
04.586	27.581	57.496
04.688	27.581	57.490
04.808	27.581	57.492
04.904	27.580	57.492
04.990	27.577	57.493
05.041	27.579	57.491
05.095	27.578	57.490
05.146	27.577	57.493
05.236	27.578	57.495
05.311	27.578	57.496
05.406	27.578	57.497
05.505	27.577	57.491
05.633	27.578	57.492
05.752	27.577	57.493
05.885	27.577	57.489
05.984	27.576	57.489
06.055	27.576	57.484
06.138	27.576	57.487
06.202	27.574	57.485
06.279	27.575	57.488
06.371	27.572	57.487
06.424	27.571	57.487
06.478	27.570	57.488
06.523	27.570	57.488
06.567	27.570	57.487
06.639	27.569	57.487
06.704	27.571	57.486
06.784	27.569	57.487
06.843	27.570	57.485
06.905	27.570	57.485
06.928	27.570	57.485
06.979	27.570	57.485
07.021	27.569	57.486
07.083	27.570	57.485
07.166	27.569	57.484
07.236	27.569	57.485
07.340	27.568	57.483
07.436	27.569	57.486
07.538	27.568	57.484
07.571	27.568	57.487
07.616	27.569	57.485
07.667	27.568	57.484
07.712	27.568	57.486
07.752	27.569	57.485
07.829	27.568	57.487
07.885	27.568	57.484
07.973	27.567	57.488
08.059	27.568	57.485
08.162	27.568	57.488
08.251	27.568	57.486
08.316	27.566	57.485
08.399	27.567	57.487
08.506	27.567	57.484
08.567	27.567	57.486
08.644	27.567	57.484
08.697	27.567	57.487
08.762	27.566	57.484
08.817	27.566	57.485
08.888	27.566	57.487
08.971	27.566	57.485
09.035	27.566	57.486
09.139	27.567	57.486
09.220	27.567	57.486
09.314	27.567	57.486
09.383	27.567	57.484
09.456	27.566	57.485
09.512	27.566	57.487
09.584	27.566	57.485
09.662	27.566	57.490
09.761	27.568	57.487
09.860	27.565	57.486
09.937	27.566	57.485
10.031	27.567	57.486
10.088	27.566	57.485
10.151	27.566	57.487
10.201	27.565	57.486
10.277	27.567	57.485
10.343	27.566	57.486
10.416	27.566	57.487
10.518	27.565	57.488
10.616	27.566	57.487
10.701	27.565	57.487
10.776	27.565	57.486
10.806	27.565	57.486
10.864	27.564	57.487
10.904	27.564	57.485
10.951	27.565	57.485
11.028	27.564	57.486
11.082	27.563	57.486
11.128	27.564	57.487
11.184	27.563	57.486
11.254	27.564	57.488
11.316	27.563	57.484
11.389	27.562	57.488
11.466	27.562	57.488
11.540	27.561	57.484
11.629	27.562	57.483
11.696	27.561	57.483
11.770	27.563	57.481
11.841	27.561	57.483
11.910	27.560	57.483
11.961	27.560	57.483
12.050	27.559	57.481
12.109	27.559	57.482
12.151	27.558	57.481
12.194	27.559	57.480
12.252	27.558	57.480
12.329	27.557	57.476
12.403	27.559	57.477
12.465	27.557	57.481
12.512	27.556	57.480
12.589	27.557	57.479
12.642	27.555	57.472
12.712	27.557	57.480
12.772	27.556	57.474
12.844	27.555	57.472
12.921	27.556	57.478
12.987	27.555	57.480
13.071	27.555	57.473
13.137	27.554	57.473
13.209	27.554	57.472
13.309	27.554	57.472
13.386	27.554	57.472
13.482	27.552	57.471
13.568	27.552	57.470
13.615	27.551	57.473
13.686	27.550	57.473
13.720	27.550	57.470
13.745	27.551	57.473
13.741	27.551	57.472
13.745	27.551	57.474
13.771	27.551	57.473
13.796	27.549	57.470
13.869	27.550	57.472
13.967	27.550	57.472
14.074	27.551	57.472
14.176	27.551	57.471
14.246	27.550	57.472
14.349	27.550	57.472
14.420	27.549	57.471
14.446	27.550	57.473
14.477	27.548	57.471
14.483	27.550	57.470
14.492	27.549	57.471
14.524	27.550	57.472
14.589	27.549	57.473
14.681	27.549	57.470
14.747	27.550	57.472
14.820	27.550	57.474
14.933	27.550	57.472
15.014	27.549	57.471
15.104	27.549	57.472
15.175	27.549	57.473
15.247	27.550	57.474
15.319	27.550	57.475
15.389	27.550	57.473
15.460	27.551	57.474
15.553	27.552	57.473
15.606	27.551	57.473
15.678	27.550	57.477
15.764	27.550	57.473
15.867	27.550	57.471
15.943	27.551	57.473
16.019	27.549	57.473
16.073	27.550	57.474
16.125	27.550	57.473
16.148	27.549	57.476
16.181	27.549	57.474
16.221	27.549	57.475
16.264	27.551	57.474
16.339	27.550	57.475
16.441	27.550	57.474
16.495	27.551	57.471
16.565	27.551	57.472
16.655	27.551	57.473
16.732	27.551	57.473
16.837	27.550	57.473
16.908	27.550	57.470
16.971	27.549	57.471
17.046	27.549	57.472
17.118	27.549	57.470
17.188	27.549	57.470
17.239	27.549	57.470
17.305	27.547	57.470
17.357	27.548	57.470
17.401	27.547	57.471
17.433	27.548	57.473
17.461	27.547	57.473
17.489	27.546	57.472
17.517	27.546	57.476
17.570	27.547	57.473
17.621	27.548	57.474
17.693	27.548	57.473
17.766	27.548	57.472
17.833	27.548	57.472
17.905	27.548	57.471
17.952	27.548	57.474
18.039	27.548	57.472
18.084	27.549	57.471
18.147	27.549	57.471
18.172	27.548	57.473
18.216	27.547	57.471
18.249	27.547	57.470
18.289	27.547	57.471
18.312	27.546	57.472
18.347	27.547	57.471
18.401	27.546	57.473
18.444	27.546	57.472
18.512	27.546	57.471
18.595	27.546	57.472
18.691	27.545	57.471
18.799	27.545	57.472
18.927	27.544	57.471
19.010	27.544	57.471
19.083	27.544	57.472
19.172	27.544	57.473
19.257	27.544	57.473
19.317	27.544	57.473
19.364	27.545	57.472
19.402	27.544	57.473
19.454	27.544	57.473
19.524	27.544	57.472
19.594	27.544	57.472
19.671	27.545	57.472
19.756	27.545	57.473
19.839	27.544	57.471
19.938	27.544	57.473
20.045	27.545	57.473
20.118	27.544	57.472
20.189	27.544	57.471
20.243	27.545	57.474
20.290	27.544	57.471
20.344	27.545	57.474
20.417	27.544	57.473
20.462	27.545	57.471
20.546	27.544	57.474
20.610	27.544	57.474
20.683	27.545	57.474
20.763	27.545	57.473
20.852	27.545	57.473
20.898	27.543	57.475
20.965	27.544	57.475
21.005	27.544	57.474
21.062	27.543	57.473
21.145	27.543	57.475
21.214	27.544	57.473
21.278	27.545	57.475
21.357	27.543	57.474
21.433	27.543	57.475
21.475	27.544	57.474
21.528	27.544	57.477
21.582	27.543	57.473
21.647	27.544	57.476
21.721	27.544	57.477
21.791	27.544	57.477
21.882	27.545	57.478
21.970	27.544	57.476
22.061	27.544	57.479
22.130	27.544	57.476
22.195	27.543	57.479
22.264	27.544	57.476
22.321	27.544	57.478
22.362	27.544	57.477
22.388	27.545	57.478
22.411	27.544	57.477
22.437	27.545	57.478
22.462	27.545	57.478
22.525	27.544	57.477
22.615	27.543	57.478
22.707	27.544	57.476
22.812	27.544	57.477
22.884	27.544	57.478
22.929	27.543	57.478
22.976	27.544	57.479
23.000	27.545	57.479
23.053	27.545	57.477
23.116	27.545	57.477
23.193	27.543	57.478
23.287	27.544	57.477
23.379	27.544	57.478
23.455	27.544	57.477
23.504	27.544	57.478
23.552	27.545	57.479
23.567	27.544	57.478
23.580	27.544	57.479
23.596	27.543	57.478
23.622	27.543	57.479
23.666	27.543	57.479
23.731	27.544	57.477
23.799	27.544	57.479
23.843	27.544	57.477
23.868	27.544	57.474
23.878	27.543	57.477
23.876	27.543	57.475
23.867	27.543	57.479
23.869	27.544	57.479
23.888	27.543	57.477
23.937	27.543	57.477
23.965	27.543	57.479
23.979	27.544	57.478
23.954	27.543	57.477
23.917	27.544	57.478
23.859	27.543	57.477
23.808	27.543	57.480
23.791	27.543	57.480
23.785	27.543	57.478
23.793	27.544	57.480
23.811	27.543	57.478
23.829	27.543	57.478
23.838	27.543	57.480
23.830	27.543	57.481
23.804	27.543	57.480
23.764	27.543	57.479
23.726	27.543	57.478
23.695	27.544	57.480
23.677	27.544	57.479
23.666	27.544	57.479
23.655	27.543	57.478
23.644	27.544	57.480
23.628	27.544	57.479
23.607	27.544	57.478
23.589	27.544	57.480
23.589	27.544	57.478
23.551	27.543	57.479
23.535	27.543	57.478
23.516	27.544	57.480
23.497	27.543	57.479
23.481	27.544	57.479
23.468	27.544	57.480
23.458	27.543	57.478
23.458	27.544	57.479
23.461	27.545	57.481
23.466	27.544	57.480
23.472	27.545	57.479
23.471	27.543	57.480
23.461	27.545	57.480
23.441	27.545	57.480
23.421	27.544	57.481
23.399	27.544	57.479
23.382	27.545	57.479
23.360	27.544	57.479
23.337	27.544	57.481
23.311	27.544	57.478
23.273	27.545	57.480
23.231	27.544	57.478
23.197	27.543	57.479
23.165	27.544	57.478
23.144	27.543	57.480
23.132	27.543	57.478
23.126	27.544	57.480
23.124	27.543	57.478
23.127	27.543	57.477
23.130	27.543	57.477
23.137	27.544	57.481
23.143	27.544	57.480
23.149	27.545	57.477
23.153	27.543	57.480
23.155	27.543	57.478
23.161	27.544	57.478
23.169	27.544	57.477
23.177	27.544	57.478
23.187	27.544	57.479
23.193	27.544	57.478
23.195	27.544	57.481
23.195	27.545	57.479
23.187	27.544	57.480
23.183	27.544	57.480
23.182	27.544	57.480
23.183	27.544	57.479
23.187	27.544	57.478
23.193	27.544	57.478
23.199	27.546	57.477
23.207	27.544	57.479
23.207	27.544	57.480
23.216	27.544	57.478
23.210	27.544	57.482
23.201	27.544	57.480
23.191	27.545	57.479
23.185	27.545	57.479
23.182	27.543	57.479
23.182	27.544	57.476
23.187	27.544	57.480
23.193	27.544	57.478
23.201	27.544	57.479
23.207	27.545	57.480
23.215	27.543	57.478
23.219	27.544	57.478
23.220	27.544	57.480
23.222	27.545	57.479
23.221	27.545	57.478
23.222	27.544	57.480
23.220	27.544	57.480
23.225	27.544	57.479
23.251	27.545	57.480
23.238	27.545	57.478
23.243	27.544	57.478
23.242	27.544	57.479
23.241	27.545	57.480
23.235	27.545	57.479
23.230	27.544	57.480
23.233	27.544	57.478
23.236	27.544	57.480
23.244	27.545	57.478
23.255	27.545	57.477
23.258	27.544	57.480
23.250	27.544	57.480
23.230	27.545	57.478
23.191	27.544	57.480
23.167	27.544	57.479
23.144	27.545	57.479
23.144	27.545	57.479
23.127	27.545	57.477
23.138	27.544	57.478
23.168	27.545	57.476
23.188	27.544	57.479
23.200	27.545	57.477
23.195	27.545	57.479
23.164	27.545	57.480
23.116	27.543	57.477
23.079	27.543	57.478
23.039	27.544	57.480
23.001	27.543	57.478
22.969	27.543	57.478
22.941	27.544	57.477
22.925	27.543	57.477
22.918	27.543	57.478
22.921	27.544	57.478
22.930	27.544	57.478
22.930	27.544	57.478
22.942	27.545	57.477
22.937	27.543	57.478
22.924	27.544	57.478
22.907	27.543	57.480
22.883	27.544	57.477
22.851	27.543	57.478
22.817	27.543	57.480
22.788	27.543	57.477
22.776	27.543	57.479
22.773	27.544	57.478
22.784	27.543	57.479
22.802	27.544	57.478
22.824	27.544	57.479
22.835	27.544	57.479
22.826	27.543	57.479
22.799	27.544	57.478
22.775	27.543	57.480
22.755	27.543	57.479
22.746	27.543	57.479
22.753	27.544	57.479
22.765	27.543	57.476
22.782	27.543	57.477
22.794	27.544	57.477
22.800	27.544	57.479
22.775	27.544	57.479
22.779	27.544	57.478
22.764	27.543	57.478
22.759	27.543	57.479
22.762	27.543	57.477
22.769	27.543	57.477
22.780	27.543	57.479
22.790	27.544	57.479
22.790	27.545	57.476
22.797	27.544	57.477
22.796	27.543	57.478
22.790	27.544	57.478
22.788	27.545	57.477
22.790	27.543	57.479
22.793	27.544	57.478
22.793	27.544	57.479
22.790	27.544	57.479
22.788	27.544	57.476
22.783	27.544	57.480
22.780	27.544	57.476
22.782	27.544	57.478
22.788	27.544	57.479
22.792	27.545	57.478
22.801	27.544	57.477
22.812	27.543	57.479
22.815	27.544	57.479
22.814	27.545	57.478
22.808	27.545	57.479
22.802	27.544	57.478
22.791	27.544	57.478
22.784	27.543	57.477
22.781	27.544	57.479
22.782	27.544	57.478
22.786	27.544	57.479
22.791	27.544	57.479
22.799	27.545	57.478
22.805	27.544	57.478
22.809	27.545	57.478
22.809	27.545	57.477
22.807	27.544	57.478
22.801	27.545	57.479
22.798	27.546	57.477
22.796	27.545	57.478
22.793	27.545	57.477
22.791	27.546	57.478
22.789	27.545	57.478
22.789	27.544	57.477
22.792	27.544	57.477
22.792	27.545	57.480
22.796	27.544	57.477
22.801	27.546	57.477
22.805	27.545	57.479
22.810	27.544	57.479
22.811	27.544	57.478
22.806	27.545	57.477
22.795	27.545	57.478
22.791	27.545	57.478
22.785	27.544	57.479
22.783	27.544	57.479
22.786	27.545	57.477
22.791	27.544	57.477
22.796	27.545	57.478
22.800	27.545	57.476
22.803	27.543	57.479
22.799	27.545	57.479
22.798	27.544	57.477
22.792	27.544	57.479
22.788	27.544	57.476
22.786	27.544	57.478
22.789	27.544	57.478
22.790	27.545	57.479
22.790	27.544	57.477
22.794	27.545	57.480
22.793	27.545	57.478
22.790	27.546	57.479
22.785	27.545	57.477
22.783	27.544	57.479
22.784	27.544	57.480
22.784	27.545	57.480
22.789	27.544	57.478
22.793	27.546	57.480
22.795	27.545	57.481
22.796	27.545	57.480
22.795	27.546	57.480
22.795	27.545	57.479
22.790	27.546	57.477
22.784	27.546	57.480
22.780	27.545	57.481
22.780	27.546	57.478
22.778	27.545	57.479
22.779	27.544	57.479
22.781	27.546	57.478
22.781	27.545	57.480
22.785	27.544	57.478
22.787	27.546	57.477
22.786	27.544	57.479
22.787	27.545	57.480
22.783	27.546	57.478
22.781	27.545	57.479
22.780	27.545	57.480
22.781	27.545	57.478
22.781	27.545	57.480
22.782	27.545	57.479
22.784	27.545	57.479
22.782	27.546	57.479
22.776	27.546	57.479
22.773	27.546	57.479
22.769	27.545	57.478
22.769	27.545	57.481
22.769	27.545	57.477
22.772	27.546	57.479
22.777	27.545	57.479
22.784	27.545	57.479
22.786	27.546	57.479
22.784	27.545	57.479
22.775	27.545	57.480
22.765	27.546	57.478
22.765	27.545	57.478
22.748	27.546	57.479
22.746	27.545	57.478
22.745	27.545	57.480
22.752	27.546	57.480
22.752	27.546	57.480
22.767	27.546	57.481
22.776	27.545	57.478
22.781	27.546	57.479
22.781	27.546	57.478
22.772	27.544	57.479
22.764	27.546	57.479
22.752	27.545	57.480
22.746	27.545	57.480
22.742	27.545	57.481
22.742	27.545	57.478
22.743	27.546	57.481
22.748	27.545	57.478
22.754	27.545	57.479
22.759	27.546	57.480
22.764	27.545	57.478
22.768	27.546	57.480
22.767	27.545	57.479
22.760	27.545	57.479
22.754	27.546	57.478
22.744	27.546	57.480
22.736	27.545	57.477
22.734	27.546	57.477
22.734	27.545	57.477
22.738	27.546	57.481
22.744	27.546	57.479
22.752	27.546	57.479
22.757	27.546	57.479
22.756	27.546	57.478
22.751	27.545	57.480
22.744	27.546	57.480
22.742	27.546	57.480
22.739	27.546	57.479
22.736	27.546	57.479
22.734	27.546	57.479
22.733	27.545	57.479
22.733	27.547	57.480
22.725	27.546	57.478
22.722	27.546	57.479
22.720	27.545	57.478
22.724	27.545	57.481
22.729	27.546	57.480
22.737	27.546	57.479
22.746	27.547	57.480
22.748	27.546	57.479
22.748	27.545	57.478
22.732	27.546	57.478
22.722	27.546	57.477
22.710	27.546	57.479
22.709	27.547	57.478
22.713	27.546	57.479
22.721	27.545	57.481
22.729	27.545	57.481
22.739	27.546	57.479
22.741	27.546	57.479
22.735	27.546	57.479
22.724	27.545	57.478
22.712	27.547	57.480
22.710	27.545	57.480
22.706	27.546	57.479
22.706	27.547	57.478
22.715	27.546	57.479
22.722	27.545	57.480
22.727	27.545	57.480
22.732	27.545	57.477
22.732	27.546	57.479
22.729	27.546	57.478
22.728	27.546	57.480
22.724	27.545	57.477
22.722	27.547	57.478
22.723	27.545	57.478
22.723	27.547	57.478
22.721	27.546	57.480
22.722	27.546	57.477
22.720	27.546	57.478
22.722	27.546	57.478
22.725	27.546	57.480
22.728	27.546	57.478
22.733	27.545	57.477
22.735	27.546	57.479
22.734	27.546	57.478
22.726	27.545	57.479
22.724	27.547	57.476
22.722	27.546	57.479
22.721	27.545	57.479
22.721	27.545	57.480
22.733	27.546	57.478
22.742	27.546	57.479
22.748	27.546	57.479
22.751	27.546	57.481
22.748	27.545	57.479
22.742	27.545	57.477
22.738	27.546	57.478
22.735	27.546	57.479
22.736	27.545	57.479
22.738	27.546	57.480
22.738	27.546	57.479
22.748	27.546	57.477
22.750	27.545	57.479
22.756	27.545	57.480
22.754	27.545	57.479
22.754	27.546	57.480
22.758	27.546	57.480
22.756	27.545	57.479
22.756	27.546	57.479
22.756	27.546	57.479
22.752	27.545	57.479
22.752	27.545	57.479
22.754	27.545	57.478
22.757	27.545	57.478
22.762	27.545	57.479
22.768	27.546	57.478
22.773	27.544	57.478
22.773	27.545	57.479
22.778	27.546	57.481
22.777	27.544	57.479
22.772	27.546	57.480
22.769	27.546	57.481
22.769	27.544	57.481
22.767	27.546	57.478
22.770	27.544	57.478
22.776	27.545	57.477
22.781	27.545	57.480
22.785	27.544	57.479
22.786	27.545	57.478
22.783	27.545	57.478
22.780	27.545	57.481
22.778	27.544	57.479
22.776	27.545	57.479
22.775	27.545	57.481
22.775	27.544	57.481
22.778	27.545	57.479
22.780	27.544	57.479
22.782	27.544	57.481
22.782	27.544	57.480
22.782	27.545	57.480
22.789	27.545	57.479
22.794	27.545	57.480
22.798	27.545	57.481
22.801	27.545	57.479
22.798	27.545	57.481
22.793	27.545	57.481
22.785	27.545	57.478
22.781	27.545	57.481
22.780	27.545	57.482
22.781	27.544	57.481
22.786	27.545	57.481
22.790	27.545	57.480
22.795	27.544	57.481
22.800	27.545	57.481
22.799	27.545	57.481
22.796	27.546	57.480
22.794	27.545	57.481
22.791	27.544	57.482
22.791	27.544	57.480
22.792	27.545	57.480
22.795	27.545	57.481
22.821	27.545	57.479
22.801	27.546	57.480
22.802	27.545	57.480
22.801	27.546	57.480
22.798	27.545	57.480
22.799	27.545	57.480
22.799	27.544	57.478
22.799	27.546	57.480
22.800	27.544	57.479
22.798	27.544	57.482
22.800	27.545	57.479
22.796	27.545	57.482
22.794	27.545	57.482
22.793	27.544	57.481
22.794	27.544	57.481
22.796	27.544	57.480
22.799	27.544	57.481
22.803	27.545	57.483
22.803	27.545	57.481
22.798	27.544	57.480
22.791	27.544	57.482
22.783	27.545	57.480
22.780	27.546	57.481
22.783	27.545	57.480
22.785	27.544	57.484
22.794	27.545	57.481
22.799	27.544	57.480
22.803	27.544	57.480
22.802	27.544	57.482
22.794	27.545	57.481
22.785	27.544	57.480
22.779	27.545	57.482
22.778	27.544	57.482
22.778	27.545	57.484
22.780	27.544	57.481
22.779	27.545	57.481
22.779	27.546	57.481
22.773	27.546	57.482
22.764	27.546	57.481
22.759	27.545	57.481
22.757	27.544	57.481
22.755	27.544	57.483
22.751	27.545	57.483
22.749	27.545	57.481
22.741	27.545	57.481
22.733	27.546	57.481
22.723	27.544	57.481
22.717	27.544	57.480
22.714	27.545	57.480
22.716	27.544	57.482
22.721	27.545	57.480
22.727	27.545	57.480
22.729	27.545	57.480
22.727	27.545	57.480
22.716	27.544	57.479
22.704	27.545	57.480
22.686	27.545	57.480
22.670	27.545	57.481
22.657	27.544	57.482
22.646	27.545	57.479
22.638	27.545	57.481
22.632	27.544	57.480
22.632	27.545	57.478
22.625	27.544	57.480
22.626	27.544	57.481
22.626	27.544	57.478
22.624	27.545	57.481
22.619	27.545	57.481
22.615	27.544	57.483
22.611	27.544	57.480
22.610	27.545	57.481
22.610	27.544	57.479
22.607	27.546	57.482
22.607	27.545	57.481
22.613	27.545	57.480
22.614	27.545	57.480
22.616	27.544	57.478
22.614	27.545	57.480
22.611	27.544	57.480
22.610	27.543	57.480
22.606	27.544	57.480
22.605	27.545	57.479
22.605	27.545	57.479
22.606	27.546	57.481
22.611	27.544	57.479
22.611	27.545	57.480
22.605	27.547	57.480
22.596	27.545	57.480
22.586	27.545	57.478
22.579	27.545	57.480
22.574	27.546	57.480
22.575	27.544	57.479
22.579	27.545	57.478
22.585	27.544	57.479
22.590	27.544	57.479
22.590	27.545	57.482
22.589	27.545	57.480
22.583	27.545	57.481
22.575	27.544	57.480
22.568	27.546	57.479
22.565	27.545	57.480
22.564	27.544	57.480
22.570	27.545	57.482
22.578	27.545	57.481
22.585	27.545	57.480
22.592	27.546	57.482
22.596	27.544	57.481
22.598	27.544	57.481
22.598	27.545	57.481
22.595	27.545	57.480
22.569	27.545	57.480
22.581	27.545	57.480
22.577	27.545	57.482
22.574	27.545	57.479
22.568	27.545	57.482
22.570	27.546	57.479
22.570	27.545	57.483
22.579	27.545	57.482
22.584	27.545	57.482
22.584	27.546	57.481
22.594	27.544	57.482
22.593	27.545	57.481
22.591	27.545	57.483
22.589	27.545	57.482
22.589	27.544	57.482
22.584	27.546	57.482
22.585	27.545	57.481
22.585	27.545	57.482
22.591	27.545	57.481
22.593	27.545	57.481
22.592	27.545	57.481
22.591	27.545	57.480
22.587	27.545	57.481
22.583	27.546	57.479
22.578	27.545	57.480
22.577	27.545	57.482
22.577	27.546	57.481
22.577	27.546	57.482
22.582	27.545	57.481
22.584	27.546	57.481
22.584	27.546	57.480
22.581	27.546	57.481
22.582	27.545	57.482
22.577	27.546	57.481
22.570	27.545	57.481
22.569	27.545	57.480
22.571	27.545	57.482
22.572	27.545	57.481
22.576	27.545	57.481
22.581	27.546	57.479
22.586	27.546	57.480
22.589	27.546	57.481
22.589	27.546	57.481
22.577	27.546	57.481
22.570	27.545	57.482
22.563	27.545	57.481
22.558	27.546	57.481
22.555	27.545	57.479
22.555	27.545	57.480
22.561	27.546	57.480
22.568	27.544	57.480
22.573	27.544	57.480
22.575	27.546	57.481
22.577	27.544	57.481
22.577	27.545	57.481
22.574	27.546	57.482
22.568	27.545	57.481
22.562	27.544	57.480
22.555	27.544	57.482
22.548	27.545	57.480
22.542	27.545	57.479
22.542	27.545	57.480
22.540	27.545	57.482
22.543	27.545	57.482
22.544	27.544	57.479
22.547	27.545	57.480
22.550	27.545	57.480
22.548	27.544	57.478
22.547	27.544	57.480
22.542	27.546	57.481
22.538	27.545	57.481
22.531	27.545	57.481
22.525	27.545	57.478
22.525	27.545	57.480
22.520	27.545	57.478
22.517	27.545	57.479
22.519	27.545	57.481
22.522	27.544	57.482
22.518	27.546	57.480
22.517	27.547	57.479
22.491	27.545	57.479
22.505	27.546	57.479
22.502	27.545	57.480
22.491	27.546	57.480
22.486	27.545	57.480
22.472	27.547	57.480
22.458	27.544	57.480
22.431	27.546	57.479
22.375	27.546	57.478
22.296	27.546	57.481
22.203	27.545	57.478
22.126	27.545	57.480
22.019	27.546	57.478
21.937	27.544	57.478
21.869	27.545	57.479
21.793	27.545	57.479
21.732	27.545	57.479
21.672	27.545	57.482
21.595	27.545	57.479
21.560	27.544	57.479
21.502	27.544	57.475
21.436	27.544	57.480
21.342	27.545	57.477
21.215	27.545	57.477
21.102	27.544	57.478
20.966	27.544	57.477
20.838	27.544	57.477
20.722	27.543	57.477
20.626	27.543	57.474
20.555	27.543	57.475
20.502	27.544	57.476
20.447	27.544	57.475
20.401	27.543	57.474
20.347	27.542	57.473
20.279	27.543	57.471
20.217	27.544	57.472
20.138	27.543	57.473
20.058	27.543	57.472
19.981	27.543	57.471
19.939	27.544	57.471
19.903	27.542	57.471
19.890	27.543	57.471
19.890	27.543	57.470
19.909	27.542	57.470
19.926	27.542	57.469
19.936	27.542	57.472
19.932	27.542	57.471
19.908	27.542	57.471
19.879	27.543	57.471
19.857	27.543	57.471
19.846	27.542	57.471
19.840	27.542	57.471
19.840	27.543	57.471
19.840	27.542	57.468
19.781	27.543	57.471
19.720	27.543	57.470
19.661	27.544	57.469
19.610	27.542	57.471
19.550	27.543	57.469
19.483	27.543	57.471
19.396	27.543	57.469
19.298	27.542	57.471
19.224	27.542	57.468
19.129	27.543	57.471
19.066	27.543	57.469
18.999	27.542	57.470
18.938	27.543	57.468
18.853	27.543	57.470
18.765	27.543	57.469
18.666	27.542	57.468
18.589	27.543	57.469
18.494	27.543	57.470
18.373	27.541	57.469
18.270	27.542	57.468
18.175	27.542	57.470
18.091	27.543	57.468
18.027	27.542	57.468
17.958	27.542	57.470
17.886	27.542	57.468
17.797	27.542	57.468
17.718	27.542	57.468
17.655	27.542	57.467
17.561	27.542	57.470
17.484	27.543	57.468
17.381	27.543	57.468
17.297	27.543	57.469
17.233	27.542	57.468
17.175	27.542	57.469
17.119	27.543	57.468
17.039	27.544	57.469
16.943	27.543	57.470
16.842	27.543	57.468
16.763	27.544	57.467
16.676	27.543	57.468
16.589	27.543	57.469
16.507	27.543	57.468
16.404	27.544	57.468
16.348	27.544	57.467
16.277	27.543	57.468
16.200	27.544	57.467
16.123	27.543	57.465
16.059	27.544	57.467
15.982	27.543	57.467
15.910	27.544	57.466
15.854	27.544	57.469
15.809	27.545	57.469
15.754	27.544	57.472
15.680	27.545	57.472
15.608	27.547	57.472
15.509	27.545	57.472
15.417	27.546	57.474
15.326	27.546	57.473
15.241	27.547	57.472
15.139	27.548	57.475
15.042	27.548	57.473
14.930	27.548	57.474
14.854	27.549	57.475
14.773	27.548	57.475
14.686	27.550	57.475
14.582	27.550	57.475
14.492	27.550	57.476
14.408	27.551	57.477
14.326	27.551	57.477
14.253	27.551	57.475
14.165	27.552	57.476
14.073	27.552	57.477
13.960	27.552	57.475
13.893	27.552	57.476
13.814	27.551	57.476
13.721	27.552	57.477
13.619	27.552	57.476
13.530	27.552	57.475
13.447	27.552	57.476
13.384	27.552	57.475
13.308	27.553	57.476
13.220	27.552	57.475
13.113	27.552	57.475
13.022	27.551	57.475
12.972	27.550	57.475
12.890	27.552	57.475
12.799	27.551	57.475
12.696	27.551	57.475
12.600	27.552	57.476
12.523	27.552	57.478
12.449	27.552	57.477
12.351	27.553	57.479
12.249	27.553	57.479
12.145	27.554	57.478
12.043	27.553	57.483
11.972	27.555	57.481
11.867	27.556	57.482
11.748	27.554	57.483
11.637	27.556	57.482
11.555	27.557	57.482
11.481	27.556	57.483
11.432	27.557	57.485
11.355	27.557	57.482
11.280	27.557	57.483
11.201	27.558	57.483
11.090	27.558	57.483
11.026	27.557	57.483
10.954	27.558	57.482
10.872	27.558	57.485
10.778	27.557	57.484
10.669	27.559	57.483
10.585	27.558	57.483
10.482	27.558	57.484
10.406	27.559	57.485
10.305	27.559	57.485
10.207	27.559	57.484
10.116	27.560	57.486
10.046	27.560	57.486
09.985	27.560	57.487
09.897	27.560	57.485
09.803	27.560	57.487
09.676	27.560	57.486
09.554	27.561	57.487
09.461	27.561	57.488
09.381	27.561	57.489
09.278	27.561	57.488
09.190	27.562	57.488
09.103	27.562	57.487
09.026	27.563	57.491
08.970	27.563	57.489
08.913	27.563	57.488
08.832	27.563	57.490
08.729	27.563	57.487
08.602	27.564	57.490
08.467	27.564	57.487
08.364	27.564	57.486
08.282	27.564	57.485
08.201	27.564	57.485
08.143	27.564	57.485
08.083	27.565	57.484
08.021	27.564	57.485
07.944	27.564	57.485
07.914	27.565	57.486
07.872	27.564	57.485
07.826	27.564	57.483
07.752	27.564	57.484
07.665	27.564	57.482
07.545	27.564	57.484
07.433	27.565	57.482
07.301	27.565	57.483
07.202	27.564	57.483
07.121	27.564	57.482
07.018	27.564	57.482
06.919	27.565	57.482
06.817	27.565	57.483
06.707	27.564	57.482
06.633	27.564	57.484
06.553	27.565	57.481
06.464	27.565	57.482
06.381	27.565	57.482
06.262	27.564	57.480
06.188	27.565	57.481
06.094	27.564	57.482
06.018	27.565	57.481
05.959	27.564	57.482
05.875	27.565	57.481
05.807	27.564	57.481
05.711	27.564	57.482
05.609	27.564	57.481
05.570	27.565	57.483
05.519	27.564	57.479
05.433	27.564	57.480
05.347	27.564	57.480
05.264	27.564	57.480
05.188	27.565	57.481
05.136	27.564	57.481
05.079	27.564	57.482
05.007	27.565	57.480
04.930	27.565	57.481
04.837	27.565	57.480
04.749	27.565	57.482
04.672	27.565	57.480
04.610	27.564	57.481
04.537	27.564	57.482
04.447	27.563	57.482
04.344	27.564	57.480
04.245	27.565	57.478
04.168	27.564	57.480
04.087	27.565	57.480
04.005	27.564	57.480
03.905	27.565	57.482
03.821	27.565	57.481
03.744	27.564	57.482
03.658	27.565	57.481
03.581	27.565	57.482
03.451	27.565	57.481
03.374	27.565	57.483
03.307	27.565	57.482
03.242	27.566	57.482
03.165	27.566	57.482
03.093	27.565	57.484
03.023	27.567	57.482
02.957	27.567	57.483
02.907	27.568	57.481
02.835	27.567	57.482
02.759	27.566	57.483
02.668	27.568	57.487
02.577	27.568	57.487
02.552	27.569	57.490
02.522	27.570	57.492
02.516	27.570	57.493
02.512	27.571	57.494
02.480	27.572	57.494
02.428	27.571	57.494
02.366	27.573	57.491
02.340	27.573	57.492
02.328	27.574	57.494
02.239	27.573	57.495
02.140	27.574	57.494
02.057	27.575	57.494
01.993	27.575	57.493
01.922	27.575	57.495
01.856	27.577	57.497
01.797	27.577	57.498
01.757	27.578	57.496
01.718	27.578	57.496
01.676	27.579	57.498
01.610	27.579	57.501
01.525	27.580	57.500
01.448	27.580	57.500
01.376	27.580	57.502
01.303	27.581	57.500
01.243	27.581	57.500
01.168	27.582	57.500
01.095	27.581	57.499
01.043	27.583	57.500
00.992	27.582	57.501
00.940	27.583	57.499
00.851	27.583	57.499
00.784	27.583	57.498
00.735	27.582	57.498
00.698	27.583	57.497
00.687	27.583	57.497
00.687	27.582	57.496
00.693	27.582	57.494
00.694	27.582	57.494
00.684	27.582	57.493
00.671	27.582	57.497
00.658	27.581	57.498
00.660	27.582	57.498
00.668	27.582	57.501
00.672	27.581	57.499
00.666	27.582	57.500
00.654	27.582	57.502
00.648	27.582	57.500
00.652	27.582	57.500
00.651	27.582	57.500
00.645	27.583	57.502
00.638	27.583	57.501
00.634	27.584	57.502
00.622	27.585	57.503
00.602	27.586	57.502
00.570	27.585	57.501
00.522	27.585	57.503
00.476	27.585	57.502
00.423	27.585	57.501
00.368	27.586	57.505
00.327	27.586	57.504
00.255	27.585	57.501
00.153	27.585	57.503
00.081	27.586	57.501
00.025	27.585	55.107
00.016	27.585	18.201
00.014	27.581	09.546
00.016	27.577	08.826
00.015	27.574	06.723
00.015	27.562	04.851
00.016	27.548	03.304
00.017	27.531	-8.339
00.015	27.515	01.908
00.016	27.504	01.357
00.015	27.494	03.762
00.014	27.484	00.917
00.014	27.478	01.979
00.014	27.471	-0.025
00.014	27.465	-0.028
00.017	27.460	00.178
00.015	27.454	00.389
00.013	27.451	-0.024
00.016	27.444	-0.027
00.014	27.441	-0.027
00.015	27.437	-0.025
00.014	27.437	-0.026
00.015	27.436	-0.025
00.014	27.436	-0.026
00.014	27.436	-0.025
00.017	27.437	-0.026
00.017	27.438	-0.025
00.017	27.435	-0.026
00.016	27.435	-0.025
00.015	27.436	-0.026
00.016	27.436	-0.026
00.012	27.436	-0.026
00.012	27.437	-0.027
00.014	27.437	-0.026
00.016	27.439	-0.027
00.015	27.439	-0.026
00.014	27.440	-0.026
00.014	27.440	-0.025
00.014	27.442	-0.028
00.013	27.440	-0.025
00.014	27.440	-0.026
00.016	27.440	-0.027
00.013	27.440	-0.027
00.013	27.440	-0.028
00.014	27.441	-0.027
00.013	27.440	-0.027
00.013	27.439	-0.026
00.012	27.441	-0.028
00.013	27.438	-0.026
00.014	27.438	-0.027
00.014	27.436	-0.026
00.015	27.437	-0.026
00.014	27.436	-0.027
00.015	27.437	-0.027
00.015	27.437	-0.028
00.014	27.436	-0.026
00.014	27.433	-0.025
00.013	27.431	-0.028
00.015	27.427	-0.027
00.014	27.425	-0.027
00.011	27.422	-0.026
00.012	27.420	-0.025
00.013	27.420	-0.026
00.013	27.419	-0.026
00.015	27.419	-0.028
00.015	27.420	-0.026
00.013	27.421	-0.027
00.014	27.420	-0.026
00.013	27.421	-0.027
00.013	27.421	-0.027
00.013	27.420	-0.026
00.012	27.422	-0.025
00.015	27.421	-0.026
00.016	27.423	-0.027
00.015	27.424	-0.025
00.016	27.425	-0.028
00.016	27.426	-0.026
00.016	27.427	-0.025
00.016	27.427	-0.025
00.012	27.427	-0.026
00.012	27.426	-0.027
00.014	27.428	-0.027
00.016	27.427	-0.026
00.016	27.427	-0.026
00.016	27.428	-0.027
00.016	27.428	-0.028
00.015	27.430	-0.026
00.015	27.429	-0.028
00.016	27.429	-0.027
00.016	27.430	-0.028
00.013	27.430	-0.026
00.016	27.432	-0.026
00.016	27.431	-0.025
00.016	27.431	-0.028
00.017	27.430	-0.027
00.017	27.428	-0.027
00.017	27.430	-0.027
00.016	27.429	-0.027
00.016	27.431	-0.028
00.014	27.431	-0.028
00.015	27.433	-0.014
00.015	27.432	50.456
00.015	27.430	51.357
00.040	27.437	56.749
00.089	27.460	57.512
00.166	27.486	57.514
00.203	27.512	57.517
00.232	27.530	57.515
00.245	27.547	57.517
00.249	27.558	57.512
00.236	27.568	57.512
00.227	27.575	57.513
00.222	27.579	57.516
00.222	27.582	57.512
00.226	27.586	57.514
00.241	27.591	57.511
00.259	27.591	57.512
00.285	27.594	57.509
00.303	27.596	57.511
00.312	27.596	57.509
00.314	27.597	57.508
00.312	27.598	57.504
00.306	27.598	57.504
00.311	27.598	57.503
00.311	27.597	57.505
00.324	27.597	57.507
00.330	27.597	57.505
00.338	27.597	57.505
00.338	27.597	57.505
00.312	27.596	57.504
00.305	27.596	57.507
00.295	27.595	57.504
00.304	27.594	57.504
00.336	27.596	57.503
00.367	27.595	57.503
00.394	27.595	57.504
00.420	27.594	57.506
00.420	27.595	57.508
00.470	27.594	57.507
00.496	27.594	57.508
00.539	27.594	57.506
00.561	27.593	57.507
00.598	27.593	57.505
00.620	27.594	57.504
00.639	27.594	57.503
00.655	27.593	57.503
00.667	27.593	57.503
00.667	27.593	57.501
00.680	27.592	57.502
00.689	27.593	57.500
00.699	27.592	57.503
00.699	27.592	57.504
00.693	27.591	57.503
00.693	27.592	57.502
00.706	27.592	57.505
00.704	27.592	57.505
00.706	27.591	57.508
00.710	27.592	57.511
00.708	27.592	57.510
00.698	27.592	57.510
00.689	27.593	57.508
00.685	27.591	57.510
00.680	27.591	57.513
00.677	27.592	57.515
00.672	27.592	57.516
00.673	27.592	57.517
00.674	27.592	57.518
00.678	27.593	57.519
00.678	27.591	57.517
00.689	27.592	57.517
00.689	27.592	57.516
00.698	27.592	57.517
00.700	27.592	57.517
00.698	27.594	57.517
00.698	27.594	57.514
00.686	27.593	57.514
00.678	27.594	57.514
00.672	27.594	57.514
00.672	27.595	57.513
00.675	27.595	57.512
00.679	27.595	57.514
00.685	27.595	57.514
00.694	27.596	57.511
00.701	27.597	57.511
00.708	27.596	57.511
00.710	27.595	57.510
00.711	27.597	57.511
00.711	27.597	57.510
00.704	27.597	57.512
00.697	27.596	57.512
00.697	27.598	57.510
00.687	27.597	57.512
00.687	27.596	57.510
00.690	27.597	57.510
00.690	27.598	57.507
00.695	27.598	57.505
00.700	27.598	57.507
00.705	27.597	57.509
00.708	27.597	57.510
00.708	27.597	57.509
00.707	27.597	57.507
00.706	27.596	57.510
00.703	27.596	57.509
00.700	27.597	57.507
00.696	27.598	57.508
00.694	27.598	57.507
00.695	27.598	57.508
00.697	27.597	57.509
00.702	27.598	57.507
00.706	27.598	57.507
00.710	27.598	57.508
00.713	27.596	57.509
00.714	27.597	57.509
00.710	27.597	57.509
00.707	27.596	57.506
00.702	27.597	57.509
00.702	27.596	57.507
00.700	27.596	57.506
00.697	27.596	57.506
00.696	27.596	57.505
00.699	27.596	57.505
00.704	27.596	57.506
00.707	27.596	57.505
00.712	27.597	57.505
00.713	27.595	57.505
00.716	27.596	57.507
00.718	27.597	57.507
00.718	27.596	57.502
00.717	27.597	57.506
00.716	27.596	57.505
00.710	27.596	57.506
00.706	27.595	57.504
00.703	27.596	57.504
00.703	27.596	57.507
00.703	27.595	57.506
00.702	27.596	57.505
00.702	27.596	57.502
00.708	27.597	57.503
00.714	27.596	57.504
00.722	27.595	57.503
00.730	27.595	57.502
00.730	27.595	57.504
00.730	27.594	57.503
00.725	27.594	57.502
00.719	27.595	57.503
00.714	27.595	57.503
00.707	27.594	57.501
00.700	27.594	57.502
00.698	27.594	57.503
00.698	27.594	57.502
00.709	27.594	57.500
00.715	27.593	57.501
00.723	27.593	57.501
00.729	27.593	57.502
00.734	27.593	57.501
00.734	27.592	57.502
00.729	27.591	57.502
00.729	27.593	57.502
00.717	27.592	57.502
00.706	27.592	57.504
00.706	27.593	57.504
00.702	27.593	57.503
00.702	27.593	57.504
00.708	27.594	57.504
00.714	27.594	57.503
00.714	27.595	57.503
00.731	27.593	57.503
00.739	27.594	57.503
00.738	27.594	57.504
00.735	27.593	57.504
00.730	27.593	57.504
00.721	27.593	57.503
00.715	27.593	57.504
00.690	27.591	57.503
00.714	27.591	57.504
00.718	27.592	57.502
00.721	27.592	57.503
00.727	27.592	57.505
00.733	27.592	57.503
00.741	27.592	57.504
00.741	27.591	57.505
00.742	27.592	57.505
00.741	27.591	57.504
00.738	27.591	57.504
00.729	27.592	57.505
00.724	27.591	57.505
00.723	27.592	57.503
00.721	27.592	57.506
00.722	27.592	57.503
00.722	27.593	57.507
00.733	27.592	57.504
00.740	27.593	57.505
00.746	27.592	57.504
00.749	27.592	57.503
00.750	27.593	57.504
00.745	27.593	57.505
00.739	27.593	57.505
00.739	27.594	57.505
00.719	27.593	57.506
00.713	27.593	57.504
00.714	27.591	57.507
00.714	27.593	57.505
00.719	27.593	57.507
00.726	27.593	57.506
00.733	27.594	57.504
00.738	27.593	57.508
00.740	27.593	57.507
00.742	27.592	57.504
00.742	27.593	57.504
00.739	27.593	57.504
00.734	27.594	57.506
00.727	27.594	57.506
00.727	27.594	57.504
00.721	27.594	57.507
00.721	27.595	57.507
00.723	27.594	57.505
00.727	27.594	57.505
00.732	27.594	57.505
00.739	27.594	57.505
00.742	27.595	57.505
00.743	27.594	57.508
00.744	27.594	57.505
00.743	27.595	57.506
00.736	27.594	57.505
00.733	27.595	57.508
00.730	27.595	57.507
00.728	27.595	57.506
00.727	27.595	57.508
00.727	27.595	57.508
00.727	27.595	57.507
00.732	27.595	57.508
00.736	27.595	57.508
00.739	27.595	57.509
00.740	27.596	57.507
00.742	27.596	57.507
00.740	27.596	57.507
00.739	27.596	57.509
00.739	27.595	57.507
00.738	27.596	57.507
00.738	27.595	57.509
00.739	27.597	57.507
00.738	27.595	57.508
00.739	27.595	57.507
00.737	27.596	57.507
00.737	27.596	57.506
00.734	27.596	57.507
00.732	27.596	57.507
00.730	27.596	57.506
00.729	27.595	57.508
00.731	27.596	57.506
00.735	27.595	57.508
00.738	27.596	57.506
00.741	27.596	57.507
00.741	27.597	57.507
00.740	27.595	57.506
00.742	27.596	57.508
00.740	27.596	57.508
00.737	27.596	57.506
00.734	27.596	57.507
00.733	27.596	57.507
00.730	27.597	57.509
00.731	27.597	57.507
00.733	27.596	57.508
00.733	27.596	57.507
00.738	27.597	57.506
00.740	27.597	57.507
00.742	27.597	57.505
00.742	27.596	57.506
00.740	27.596	57.508
00.739	27.596	57.506
00.736	27.597	57.505
00.732	27.597	57.505
00.731	27.596	57.504
00.731	27.597	57.504
00.734	27.597	57.505
00.737	27.597	57.506
00.740	27.597	57.505
00.746	27.597	57.505
00.749	27.597	57.504
00.749	27.597	57.506
00.748	27.598	57.505
00.743	27.598	57.504
00.735	27.597	57.504
00.735	27.598	57.506
00.728	27.597	57.504
00.730	27.597	57.506
00.733	27.598	57.506
00.737	27.597	57.506
00.744	27.599	57.504
00.750	27.599	57.505
00.755	27.599	57.505
00.757	27.599	57.509
00.755	27.599	57.512
00.748	27.600	57.513
00.740	27.601	57.515
00.735	27.600	57.515
00.732	27.600	57.518
00.732	27.601	57.516
00.736	27.600	57.515
00.739	27.600	57.516
00.744	27.599	57.516
00.746	27.599	57.516
00.750	27.599	57.518
00.749	27.599	57.517
00.748	27.598	57.520
00.748	27.599	57.517
00.744	27.598	57.516
00.742	27.598	57.518
00.742	27.598	57.517
00.744	27.598	57.517
00.742	27.598	57.515
00.744	27.599	57.515
00.744	27.598	57.518
00.750	27.599	57.516
00.752	27.599	57.517
00.751	27.600	57.516
00.750	27.599	57.515
00.748	27.599	57.516
00.750	27.599	57.517
00.747	27.601	57.515
00.748	27.599	57.516
00.746	27.601	57.518
00.745	27.601	57.517
00.743	27.600	57.516
00.743	27.601	57.517
00.745	27.600	57.518
00.748	27.601	57.518
00.749	27.602	57.517
00.749	27.602	57.518
00.753	27.601	57.517
00.752	27.601	57.516
00.755	27.601	57.516
00.755	27.602	57.517
00.757	27.602	57.518
00.752	27.601	57.517
00.752	27.601	57.516
00.751	27.602	57.519
00.750	27.602	57.517
00.751	27.602	57.516
00.752	27.602	57.519
00.754	27.602	57.518
00.753	27.603	57.516
00.752	27.603	57.517
00.752	27.603	57.518
00.751	27.603	57.517
00.750	27.603	57.517
00.752	27.605	57.517
00.754	27.603	57.515
00.754	27.603	57.517
00.757	27.603	57.517
00.759	27.603	57.517
00.760	27.602	57.518
00.759	27.604	57.516
00.755	27.602	57.519
00.756	27.603	57.516
00.753	27.602	57.518
00.753	27.604	57.517
00.756	27.603	57.516
00.759	27.603	57.516
00.761	27.603	57.517
00.762	27.604	57.518
00.761	27.604	57.517
00.761	27.603	57.517
00.761	27.603	57.518
00.757	27.603	57.514
00.755	27.603	57.518
00.751	27.603	57.516
00.751	27.603	57.517
00.752	27.603	57.520
00.753	27.604	57.518
00.755	27.603	57.517
00.755	27.604	57.518
00.759	27.604	57.519
00.761	27.604	57.517
00.762	27.604	57.518
00.762	27.603	57.519
00.760	27.604	57.518
00.759	27.603	57.518
00.759	27.604	57.516
00.753	27.604	57.517
00.752	27.603	57.517
00.749	27.604	57.518
00.752	27.604	57.518
00.755	27.603	57.517
00.759	27.604	57.517
00.761	27.604	57.516
00.763	27.604	57.518
00.763	27.604	57.519
00.765	27.604	57.519
00.762	27.604	57.518
00.759	27.605	57.518
00.759	27.604	57.517
00.750	27.603	57.519
00.750	27.603	57.518
00.750	27.603	57.517
00.753	27.604	57.516
00.755	27.604	57.517
00.761	27.605	57.516
00.766	27.604	57.517
00.770	27.604	57.514
00.770	27.604	57.516
00.767	27.603	57.515
00.762	27.604	57.514
00.756	27.605	57.515
00.751	27.604	57.514
00.749	27.605	57.515
00.750	27.604	57.514
00.752	27.604	57.514
00.755	27.604	57.517
00.762	27.604	57.518
00.765	27.603	57.517
00.775	27.603	57.516
00.791	27.604	57.518
00.817	27.604	57.516
00.855	27.604	57.514
00.881	27.603	57.518
00.921	27.603	57.516
00.944	27.602	57.515
00.970	27.603	57.517
00.979	27.602	57.516
00.993	27.602	57.515
01.024	27.601	57.516
01.055	27.602	57.515
01.106	27.602	57.516
01.149	27.602	57.515
01.204	27.601	57.516
01.247	27.600	57.519
01.299	27.601	57.517
01.283	27.600	57.515
01.280	27.600	57.517
01.282	27.601	57.515
01.300	27.602	57.516
01.338	27.601	57.516
01.366	27.601	57.516
01.391	27.599	57.516
01.428	27.601	57.514
01.463	27.601	57.510
01.501	27.601	57.507
01.520	27.600	57.507
01.545	27.600	57.504
01.557	27.601	57.506
01.591	27.600	57.508
01.641	27.600	57.508
01.679	27.601	57.506
01.741	27.598	57.506
01.766	27.598	57.509
01.793	27.598	57.510
01.798	27.596	57.510
01.802	27.597	57.507
01.817	27.595	57.509
01.865	27.596	57.510
01.899	27.595	57.511
01.944	27.595	57.509
01.963	27.595	57.512
01.982	27.595	57.510
01.996	27.595	57.510
02.012	27.594	57.509
02.028	27.595	57.512
02.054	27.595	57.510
02.089	27.595	57.510
02.138	27.596	57.513
02.191	27.596	57.510
02.253	27.595	57.510
02.297	27.595	57.512
02.323	27.596	57.512
02.325	27.595	57.510
02.329	27.596	57.510
02.343	27.596	57.507
02.375	27.596	57.508
02.410	27.596	57.511
02.424	27.596	57.508
02.450	27.596	57.512
02.475	27.595	57.509
02.508	27.596	57.510
02.537	27.596	57.508
02.585	27.596	57.510
02.629	27.596	57.511
02.678	27.595	57.510
02.723	27.595	57.508
02.767	27.595	57.510
02.814	27.595	57.509
02.830	27.594	57.507
02.841	27.593	57.508
02.838	27.594	57.508
02.839	27.593	57.506
02.855	27.594	57.508
02.891	27.593	57.507
02.917	27.594	57.507
02.958	27.594	57.507
02.976	27.594	57.507
02.995	27.593	57.508
03.027	27.593	57.509
03.045	27.593	57.507
03.064	27.594	57.507
03.090	27.595	57.509
03.123	27.593	57.507
03.154	27.593	57.507
03.199	27.593	57.502
03.241	27.592	57.500
03.292	27.592	57.498
03.289	27.591	57.495
03.301	27.589	57.496
03.315	27.588	57.496
03.341	27.586	57.493
03.372	27.585	57.493
03.406	27.584	57.491
03.442	27.585	57.491
03.465	27.584	57.489
03.505	27.582	57.489
03.532	27.582	57.487
03.560	27.581	57.486
03.595	27.581	57.484
03.620	27.579	57.485
03.660	27.578	57.485
03.705	27.578	57.485
03.731	27.578	57.483
03.743	27.578	57.484
03.757	27.577	57.485
03.782	27.576	57.485
03.808	27.576	57.484
03.841	27.575	57.483
03.878	27.575	57.485
03.909	27.575	57.485
03.926	27.576	57.482
03.944	27.575	57.484
03.962	27.575	57.485
03.991	27.574	57.484
04.022	27.575	57.483
04.080	27.573	57.485
04.119	27.575	57.484
04.160	27.574	57.485
04.192	27.573	57.483
04.218	27.574	57.484
04.233	27.574	57.484
04.243	27.573	57.486
04.268	27.573	57.483
04.305	27.572	57.483
04.359	27.573	57.484
04.395	27.572	57.485
04.420	27.572	57.484
04.439	27.571	57.482
04.448	27.573	57.483
04.462	27.571	57.482
04.501	27.572	57.481
04.553	27.573	57.482
04.604	27.570	57.483
04.657	27.572	57.482
04.708	27.572	57.483
04.740	27.572	57.484
04.756	27.571	57.481
04.765	27.570	57.482
04.771	27.571	57.483
04.783	27.571	57.483
04.811	27.572	57.481
04.854	27.571	57.484
04.902	27.571	57.482
04.953	27.571	57.482
04.963	27.570	57.482
04.990	27.571	57.483
05.041	27.571	57.484
05.058	27.571	57.484
05.117	27.570	57.484
05.146	27.570	57.484
05.191	27.570	57.482
05.224	27.571	57.483
05.240	27.571	57.483
05.257	27.571	57.484
05.257	27.571	57.482
05.291	27.570	57.485
05.318	27.572	57.484
05.354	27.571	57.484
05.395	27.571	57.484
05.433	27.571	57.482
05.480	27.571	57.482
05.528	27.570	57.483
05.585	27.571	57.482
05.638	27.572	57.484
05.689	27.572	57.481
05.704	27.571	57.481
05.719	27.572	57.482
05.732	27.571	57.480
05.750	27.571	57.482
05.784	27.572	57.484
05.824	27.571	57.480
05.870	27.570	57.481
05.906	27.570	57.482
05.940	27.571	57.483
05.965	27.569	57.482
05.983	27.570	57.483
06.014	27.570	57.482
06.065	27.570	57.482
06.106	27.569	57.482
06.138	27.570	57.483
06.159	27.569	57.482
06.188	27.570	57.483
06.211	27.570	57.483
06.262	27.569	57.483
06.321	27.569	57.484
06.365	27.569	57.485
06.397	27.569	57.484
06.430	27.570	57.486
06.460	27.570	57.486
06.498	27.571	57.482
06.540	27.570	57.485
06.582	27.571	57.486
06.626	27.571	57.483
06.655	27.571	57.484
06.676	27.571	57.486
06.702	27.571	57.484
06.716	27.571	57.483
06.740	27.571	57.478
06.776	27.571	57.484
06.801	27.572	57.482
06.835	27.571	57.481
06.864	27.570	57.482
06.884	27.571	57.481
06.915	27.571	57.480
06.956	27.570	57.478
06.988	27.570	57.482
07.051	27.569	57.483
07.102	27.569	57.480
07.126	27.569	57.481
07.146	27.569	57.482
07.157	27.569	57.483
07.157	27.569	57.479
07.179	27.570	57.482
07.199	27.569	57.480
07.246	27.567	57.482
07.271	27.568	57.480
07.291	27.569	57.480
07.316	27.568	57.483
07.353	27.568	57.482
07.388	27.567	57.481
07.445	27.567	57.480
07.492	27.568	57.481
07.516	27.567	57.481
07.540	27.566	57.480
07.566	27.567	57.479
07.597	27.566	57.481
07.631	27.567	57.481
07.679	27.567	57.480
07.717	27.567	57.480
07.764	27.568	57.481
07.790	27.567	57.482
07.829	27.567	57.483
07.871	27.568	57.484
07.912	27.567	57.485
07.988	27.568	57.480
08.022	27.567	57.482
08.057	27.568	57.482
08.080	27.567	57.480
08.090	27.567	57.484
08.101	27.568	57.483
08.118	27.567	57.482
08.153	27.567	57.480
08.194	27.567	57.484
08.229	27.566	57.483
08.263	27.566	57.483
08.305	27.566	57.483
08.357	27.567	57.483
08.417	27.567	57.484
08.487	27.567	57.483
08.535	27.566	57.482
08.561	27.566	57.483
08.577	27.566	57.481
08.590	27.566	57.484
08.616	27.567	57.480
08.625	27.566	57.484
08.654	27.566	57.482
08.686	27.567	57.485
08.719	27.566	57.482
08.757	27.566	57.483
08.782	27.566	57.485
08.817	27.567	57.484
08.850	27.566	57.482
08.892	27.565	57.483
08.929	27.566	57.483
08.959	27.566	57.484
08.976	27.565	57.486
09.001	27.566	57.484
09.024	27.567	57.484
09.055	27.566	57.483
09.099	27.566	57.483
09.141	27.566	57.485
09.182	27.565	57.485
09.217	27.567	57.484
09.250	27.566	57.485
09.294	27.566	57.486
09.324	27.566	57.488
09.372	27.566	57.487
09.415	27.566	57.485
09.441	27.565	57.486
09.469	27.566	57.485
09.497	27.566	57.486
09.532	27.565	57.487
09.576	27.565	57.487
09.627	27.565	57.488
09.653	27.565	57.486
09.681	27.564	57.486
09.703	27.565	57.487
09.724	27.565	57.488
09.776	27.565	57.487
09.804	27.566	57.486
09.852	27.566	57.487
09.903	27.564	57.484
09.938	27.565	57.481
09.963	27.565	57.479
09.991	27.565	57.478
10.021	27.565	57.480
10.072	27.565	57.477
10.108	27.564	57.477
10.139	27.565	57.479
10.163	27.565	57.480
10.180	27.564	57.480
10.211	27.563	57.482
10.246	27.563	57.481
10.298	27.562	57.480
10.345	27.563	57.480
10.408	27.561	57.479
10.428	27.559	57.481
10.447	27.562	57.482
10.462	27.560	57.482
10.488	27.560	57.480
10.518	27.559	57.481
10.564	27.560	57.480
10.613	27.559	57.479
10.656	27.560	57.479
10.684	27.559	57.480
10.710	27.560	57.479
10.742	27.560	57.479
10.789	27.560	57.479
10.841	27.560	57.479
10.891	27.560	57.478
10.916	27.560	57.480
10.932	27.558	57.480
10.953	27.559	57.479
10.983	27.559	57.479
11.009	27.559	57.478
11.046	27.559	57.479
11.066	27.558	57.480
11.104	27.559	57.480
11.136	27.558	57.482
11.187	27.559	57.482
11.249	27.559	57.481
11.291	27.559	57.484
11.356	27.560	57.483
11.396	27.560	57.482
11.440	27.559	57.484
11.468	27.560	57.483
11.495	27.559	57.484
11.534	27.560	57.482
11.580	27.559	57.479
11.609	27.561	57.475
11.636	27.560	57.477
11.661	27.560	57.476
11.705	27.560	57.478
11.740	27.560	57.479
11.796	27.560	57.476
11.849	27.559	57.474
11.913	27.558	57.474
11.963	27.558	57.474
12.000	27.558	57.473
12.019	27.556	57.474
12.041	27.557	57.474
12.066	27.556	57.474
12.101	27.556	57.473
12.140	27.556	57.475
12.172	27.555	57.476
12.200	27.555	57.479
12.227	27.554	57.479
12.275	27.556	57.480
12.317	27.556	57.477
12.378	27.556	57.476
12.453	27.555	57.477
12.494	27.556	57.474
12.522	27.556	57.476
12.541	27.556	57.476
12.558	27.556	57.474
12.583	27.558	57.473
12.604	27.557	57.472
12.635	27.556	57.470
12.655	27.556	57.472
12.673	27.557	57.469
12.694	27.557	57.469
12.740	27.555	57.464
12.772	27.555	57.466
12.828	27.553	57.467
12.878	27.553	57.469
12.924	27.552	57.470
12.949	27.552	57.471
12.961	27.551	57.472
12.971	27.551	57.473
12.982	27.550	57.468
13.001	27.550	57.469
13.035	27.550	57.470
13.087	27.548	57.468
13.117	27.549	57.471
13.163	27.550	57.469
13.197	27.549	57.468
13.232	27.548	57.468
13.261	27.549	57.468
13.300	27.550	57.468
13.348	27.549	57.467
13.374	27.549	57.468
13.395	27.549	57.467
13.414	27.548	57.470
13.438	27.549	57.467
13.479	27.550	57.467
13.510	27.550	57.467
13.552	27.549	57.466
13.590	27.548	57.470
13.616	27.549	57.470
13.651	27.548	57.471
13.685	27.548	57.470
13.724	27.549	57.469
13.782	27.549	57.469
13.834	27.549	57.466
13.872	27.548	57.465
13.895	27.548	57.466
13.913	27.548	57.465
13.928	27.548	57.465
13.943	27.548	57.467
13.961	27.548	57.467
13.983	27.548	57.468
14.008	27.548	57.468
14.040	27.549	57.468
14.059	27.548	57.469
14.085	27.549	57.469
14.111	27.548	57.466
14.146	27.548	57.467
14.185	27.548	57.468
14.236	27.548	57.466
14.283	27.548	57.467
14.303	27.547	57.466
14.322	27.548	57.465
14.336	27.548	57.468
14.347	27.547	57.468
14.359	27.548	57.467
14.375	27.547	57.467
14.385	27.546	57.468
14.399	27.546	57.468
14.416	27.546	57.469
14.452	27.548	57.468
14.506	27.548	57.468
14.569	27.547	57.468
14.618	27.548	57.468
14.660	27.547	57.468
14.689	27.547	57.469
14.719	27.548	57.466
14.745	27.547	57.469
14.788	27.548	57.468
14.821	27.546	57.469
14.858	27.546	57.470
14.886	27.546	57.471
14.905	27.547	57.473
14.925	27.546	57.473
14.957	27.548	57.474
14.996	27.548	57.475
15.027	27.548	57.476
15.058	27.548	57.476
15.081	27.548	57.477
15.096	27.548	57.475
15.113	27.549	57.476
15.141	27.550	57.474
15.168	27.550	57.475
15.219	27.550	57.475
15.241	27.550	57.475
15.265	27.551	57.475
15.292	27.552	57.472
15.307	27.551	57.475
15.345	27.552	57.478
15.401	27.552	57.474
15.458	27.552	57.473
15.505	27.550	57.472
15.550	27.551	57.472
15.564	27.551	57.471
15.580	27.551	57.475
15.597	27.552	57.473
15.633	27.551	57.473
15.675	27.552	57.469
15.725	27.551	57.472
15.757	27.552	57.472
15.781	27.551	57.473
15.808	27.550	57.475
15.828	27.549	57.473
15.847	27.549	57.473
15.871	27.550	57.473
15.914	27.550	57.473
15.956	27.550	57.471
15.989	27.549	57.474
16.019	27.550	57.472
16.043	27.549	57.471
16.060	27.550	57.473
16.074	27.548	57.471
16.093	27.549	57.470
16.125	27.549	57.470
16.166	27.548	57.471
16.196	27.550	57.473
16.222	27.550	57.469
16.260	27.549	57.470
16.292	27.549	57.470
16.337	27.549	57.471
16.380	27.549	57.472
16.426	27.549	57.472
16.450	27.548	57.471
16.473	27.548	57.473
16.496	27.549	57.471
16.531	27.548	57.470
16.566	27.548	57.471
16.605	27.547	57.470
16.636	27.549	57.471
16.660	27.549	57.473
16.692	27.547	57.471
16.713	27.547	57.472
16.740	27.548	57.473
16.773	27.549	57.474
16.811	27.549	57.473
16.848	27.548	57.472
16.871	27.548	57.475
16.886	27.547	57.470
16.895	27.548	57.471
16.908	27.548	57.472
16.938	27.549	57.474
16.986	27.548	57.473
17.021	27.549	57.474
17.044	27.549	57.472
17.058	27.550	57.473
17.068	27.549	57.474
17.073	27.549	57.473
17.082	27.549	57.474
17.099	27.549	57.476
17.129	27.549	57.475
17.196	27.549	57.475
17.241	27.550	57.475
17.290	27.550	57.473
17.327	27.550	57.475
17.353	27.549	57.474
17.386	27.550	57.473
17.424	27.550	57.471
17.447	27.549	57.470
17.460	27.550	57.470
17.471	27.550	57.471
17.479	27.549	57.472
17.494	27.548	57.471
17.523	27.548	57.468
17.584	27.549	57.467
17.605	27.548	57.470
17.642	27.549	57.472
17.669	27.548	57.471
17.685	27.548	57.470
17.705	27.547	57.471
17.731	27.547	57.473
17.752	27.547	57.471
17.763	27.547	57.471
17.763	27.545	57.471
17.765	27.547	57.471
17.766	27.546	57.471
17.782	27.548	57.470
17.829	27.547	57.472
17.891	27.547	57.469
17.935	27.547	57.469
17.998	27.547	57.468
18.038	27.547	57.467
18.067	27.547	57.469
18.078	27.546	57.467
18.075	27.547	57.469
18.070	27.546	57.470
18.061	27.546	57.470
18.058	27.547	57.470
18.064	27.546	57.471
18.096	27.546	57.467
18.160	27.546	57.469
18.262	27.547	57.467
18.324	27.546	57.469
18.398	27.546	57.467
18.423	27.545	57.470
18.458	27.545	57.471
18.463	27.545	57.469
18.470	27.546	57.469
18.487	27.545	57.468
18.530	27.545	57.468
18.589	27.545	57.470
18.645	27.546	57.468
18.689	27.545	57.469
18.735	27.545	57.468
18.761	27.545	57.469
18.774	27.545	57.468
18.771	27.545	57.468
18.758	27.545	57.468
18.747	27.545	57.469
18.743	27.545	57.469
18.752	27.546	57.470
18.779	27.545	57.468
18.825	27.545	57.469
18.884	27.545	57.470
18.923	27.545	57.470
18.980	27.545	57.469
19.032	27.546	57.467
19.080	27.545	57.469
19.114	27.545	57.467
19.134	27.545	57.468
19.144	27.545	57.468
19.140	27.545	57.468
19.136	27.546	57.469
19.142	27.546	57.469
19.158	27.546	57.470
19.194	27.545	57.469
19.230	27.544	57.469
19.269	27.545	57.467
19.307	27.545	57.469
19.361	27.544	57.469
19.399	27.546	57.470
19.442	27.545	57.470
19.467	27.545	57.470
19.483	27.545	57.469
19.495	27.545	57.470
19.503	27.545	57.470
19.519	27.544	57.468
19.553	27.544	57.470
19.579	27.545	57.470
19.619	27.545	57.471
19.647	27.545	57.470
19.675	27.546	57.470
19.699	27.545	57.470
19.751	27.545	57.471
19.806	27.544	57.469
19.856	27.544	57.471
19.895	27.543	57.470
19.919	27.546	57.469
19.935	27.544	57.469
19.951	27.544	57.470
19.971	27.545	57.469
19.998	27.545	57.470
20.030	27.543	57.469
20.053	27.544	57.472
20.075	27.545	57.472
20.107	27.543	57.470
20.149	27.545	57.470
20.204	27.545	57.469
20.241	27.545	57.472
20.280	27.545	57.471
20.307	27.544	57.469
20.326	27.544	57.469
20.352	27.545	57.470
20.362	27.545	57.469
20.374	27.543	57.470
20.384	27.545	57.467
20.395	27.544	57.468
20.415	27.545	57.470
20.454	27.545	57.469
20.506	27.545	57.468
20.566	27.545	57.469
20.620	27.545	57.472
20.669	27.545	57.469
20.687	27.544	57.469
20.696	27.544	57.470
20.695	27.544	57.469
20.690	27.545	57.469
20.687	27.543	57.472
20.691	27.544	57.468
20.702	27.543	57.468
20.726	27.544	57.471
20.769	27.544	57.470
20.824	27.544	57.469
20.889	27.545	57.472
20.976	27.544	57.472
21.029	27.543	57.474
21.063	27.544	57.472
21.078	27.543	57.472
21.080	27.545	57.472
21.070	27.544	57.474
21.065	27.545	57.471
21.067	27.545	57.471
21.084	27.544	57.472
21.137	27.546	57.472
21.192	27.545	57.473
21.283	27.546	57.475
21.364	27.544	57.473
21.425	27.544	57.474
21.474	27.546	57.475
21.495	27.545	57.473
21.495	27.546	57.473
21.499	27.545	57.475
21.498	27.546	57.472
21.503	27.545	57.473
21.520	27.545	57.472
21.571	27.545	57.474
21.608	27.545	57.474
21.668	27.546	57.474
21.719	27.546	57.474
21.774	27.545	57.474
21.825	27.546	57.473
21.850	27.546	57.473
21.871	27.547	57.477
21.884	27.546	57.477
21.896	27.545	57.476
21.908	27.547	57.476
21.919	27.545	57.478
21.934	27.548	57.475
21.952	27.546	57.477
21.952	27.547	57.477
22.014	27.546	57.478
22.058	27.546	57.474
22.109	27.546	57.476
22.150	27.546	57.476
22.190	27.547	57.475
22.223	27.547	57.475
22.240	27.546	57.473
22.250	27.547	57.477
22.259	27.547	57.476
22.268	27.547	57.474
22.282	27.548	57.479
22.324	27.546	57.476
22.371	27.546	57.478
22.396	27.547	57.479
22.462	27.546	57.479
22.503	27.545	57.480
22.534	27.546	57.480
22.584	27.546	57.476
22.619	27.547	57.481
22.643	27.547	57.478
22.654	27.547	57.481
22.656	27.547	57.480
22.654	27.546	57.481
22.661	27.547	57.479
22.670	27.548	57.481
22.693	27.548	57.479
22.727	27.548	57.482
22.772	27.548	57.480
22.824	27.548	57.479
22.875	27.549	57.480
22.934	27.549	57.478
22.966	27.548	57.478
22.994	27.548	57.478
23.024	27.547	57.478
23.040	27.548	57.477
23.060	27.548	57.479
23.082	27.548	57.477
23.114	27.548	57.479
23.145	27.546	57.478
23.180	27.549	57.477
23.217	27.547	57.477
23.249	27.547	57.478
23.280	27.548	57.477
23.299	27.547	57.478
23.316	27.547	57.479
23.324	27.546	57.477
23.329	27.547	57.478
23.329	27.547	57.477
23.334	27.548	57.479
23.341	27.547	57.478
23.352	27.547	57.478
23.362	27.547	57.478
23.367	27.548	57.479
23.367	27.547	57.477
23.400	27.546	57.477
23.386	27.547	57.477
23.436	27.548	57.477
23.480	27.546	57.475
23.529	27.547	57.474
23.584	27.547	57.476
23.625	27.547	57.473
23.639	27.545	57.474
23.650	27.546	57.473
23.650	27.546	57.475
23.647	27.547	57.475
23.647	27.547	57.474
23.645	27.544	57.476
23.648	27.547	57.475
23.655	27.545	57.476
23.668	27.545	57.476
23.683	27.546	57.475
23.703	27.544	57.475
23.719	27.545	57.478
23.733	27.546	57.478
23.745	27.545	57.479
23.752	27.545	57.477
23.758	27.545	57.477
23.767	27.545	57.478
23.775	27.544	57.479
23.788	27.545	57.479
23.802	27.547	57.478
23.824	27.545	57.477
23.840	27.546	57.478
23.858	27.544	57.477
23.871	27.546	57.480
23.882	27.545	57.478
23.882	27.544	57.477
23.886	27.545	57.480
23.891	27.544	57.481
23.896	27.545	57.479
23.905	27.546	57.479
23.917	27.544	57.480
23.930	27.545	57.478
23.940	27.546	57.479
23.945	27.546	57.478
23.971	27.545	57.477
23.949	27.546	57.477
23.948	27.545	57.479
23.949	27.545	57.477
23.953	27.546	57.477
23.960	27.545	57.477
23.969	27.546	57.478
23.979	27.545	57.478
23.989	27.545	57.477
23.989	27.545	57.477
24.009	27.546	57.477
24.019	27.545	57.475
24.027	27.545	57.474
24.033	27.545	57.474
24.037	27.545	57.474
24.043	27.547	57.477
24.053	27.547	57.475
24.053	27.546	57.473
24.092	27.546	57.476
24.081	27.545	57.475
24.115	27.545	57.475
24.132	27.546	57.477
24.149	27.545	57.477
24.162	27.545	57.477
24.171	27.545	57.478
24.173	27.545	57.477
24.173	27.546	57.476
24.175	27.546	57.478
24.180	27.546	57.478
24.188	27.545	57.478
24.188	27.546	57.478
24.207	27.545	57.480
24.215	27.545	57.480
24.226	27.546	57.480
24.236	27.546	57.482
24.250	27.546	57.481
24.269	27.546	57.481
24.286	27.546	57.480
24.309	27.545	57.481
24.329	27.546	57.483
24.341	27.546	57.480
24.349	27.546	57.482
24.352	27.547	57.480
24.353	27.546	57.481
24.357	27.544	57.481
24.383	27.546	57.481
24.380	27.546	57.479
24.388	27.547	57.481
24.391	27.545	57.481
24.389	27.546	57.479
24.389	27.545	57.481
24.392	27.544	57.483
24.396	27.546	57.482
24.400	27.545	57.481
24.400	27.546	57.481
24.400	27.546	57.480
24.402	27.546	57.480
24.410	27.546	57.482
24.416	27.547	57.481
24.420	27.546	57.482
24.421	27.547	57.483
24.421	27.546	57.484
24.424	27.547	57.482
24.426	27.546	57.482
24.426	27.547	57.481
24.428	27.547	57.481
24.429	27.546	57.482
24.428	27.546	57.483
24.431	27.547	57.482
24.434	27.546	57.482
24.436	27.546	57.482
24.436	27.546	57.483
24.436	27.545	57.482
24.436	27.546	57.483
24.435	27.546	57.483
24.437	27.546	57.482
24.437	27.546	57.483
24.437	27.546	57.482
24.438	27.546	57.483
24.438	27.546	57.482
24.439	27.547	57.483
24.440	27.547	57.485
24.442	27.547	57.484
24.439	27.547	57.482
24.439	27.546	57.482
24.442	27.547	57.484
24.450	27.546	57.481
24.460	27.547	57.481
24.473	27.547	57.484
24.492	27.546	57.485
24.516	27.547	57.484
24.541	27.546	57.481
24.556	27.546	57.484
24.563	27.546	57.482
24.563	27.546	57.482
24.557	27.546	57.483
24.551	27.546	57.484
24.549	27.546	57.485
24.554	27.545	57.483
24.563	27.546	57.483
24.579	27.545	57.483
24.596	27.547	57.484
24.610	27.546	57.483
24.620	27.545	57.484
24.620	27.546	57.483
24.622	27.545	57.482
24.613	27.545	57.483
24.608	27.545	57.483
24.607	27.545	57.481
24.607	27.546	57.483
24.614	27.546	57.482
24.620	27.546	57.482
24.623	27.545	57.481
24.629	27.546	57.484
24.632	27.547	57.482
24.637	27.545	57.484
24.645	27.546	57.482
24.658	27.546	57.484
24.675	27.546	57.482
24.700	27.546	57.483
24.710	27.546	57.483
24.725	27.546	57.480
24.734	27.545	57.483
24.737	27.546	57.482
24.732	27.546	57.481
24.728	27.547	57.483
24.725	27.546	57.482
24.727	27.547	57.481
24.727	27.546	57.481
24.750	27.546	57.482
24.782	27.545	57.481
24.803	27.546	57.479
24.827	27.546	57.481
24.847	27.544	57.481
24.860	27.546	57.479
24.862	27.545	57.480
24.848	27.544	57.481
24.822	27.545	57.481
24.786	27.544	57.480
24.743	27.545	57.481
24.718	27.544	57.483
24.704	27.544	57.481
24.701	27.544	57.484
24.701	27.544	57.484
24.693	27.544	57.482
24.691	27.545	57.482
24.695	27.544	57.483
24.702	27.545	57.483
24.714	27.544	57.479
24.728	27.544	57.482
24.737	27.544	57.480
24.740	27.546	57.481
24.736	27.545	57.482
24.730	27.547	57.482
24.725	27.545	57.480
24.728	27.546	57.482
24.736	27.545	57.484
24.743	27.546	57.480
24.751	27.545	57.482
24.756	27.545	57.482
24.752	27.544	57.483
24.746	27.546	57.482
24.738	27.545	57.480
24.735	27.546	57.483
24.730	27.546	57.482
24.729	27.545	57.481
24.728	27.545	57.482
24.728	27.545	57.482
24.724	27.545	57.482
24.724	27.545	57.483
24.726	27.546	57.482
24.729	27.545	57.482
24.731	27.546	57.481
24.731	27.545	57.482
24.732	27.546	57.483
24.729	27.546	57.482
24.722	27.545	57.483
24.712	27.545	57.484
24.698	27.546	57.482
24.680	27.546	57.480
24.664	27.546	57.482
24.649	27.546	57.483
24.633	27.546	57.481
24.621	27.547	57.482
24.611	27.546	57.482
24.616	27.545	57.481
24.626	27.546	57.482
24.642	27.546	57.482
24.659	27.546	57.481
24.667	27.546	57.482
24.641	27.546	57.482
24.657	27.545	57.482
24.647	27.546	57.481
24.644	27.546	57.481
24.646	27.545	57.479
24.653	27.545	57.481
24.663	27.545	57.480
24.668	27.545	57.480
24.672	27.545	57.480
24.672	27.545	57.482
24.670	27.545	57.481
24.671	27.545	57.481
24.645	27.546	57.483
24.661	27.545	57.484
24.658	27.545	57.483
24.657	27.546	57.481
24.656	27.545	57.482
24.657	27.546	57.483
24.657	27.545	57.483
24.660	27.545	57.482
24.662	27.546	57.482
24.661	27.546	57.482
24.660	27.546	57.481
24.661	27.545	57.484
24.663	27.545	57.482
24.664	27.544	57.481
24.668	27.545	57.483
24.669	27.546	57.481
24.669	27.546	57.481
24.672	27.546	57.482
24.673	27.545	57.481
24.675	27.545	57.482
24.678	27.545	57.484
24.678	27.545	57.482
24.673	27.546	57.481
24.671	27.545	57.483
24.669	27.547	57.484
24.671	27.547	57.482
24.672	27.546	57.483
24.674	27.546	57.481
24.674	27.546	57.481
24.675	27.546	57.482
24.685	27.546	57.482
24.686	27.547	57.483
24.689	27.546	57.482
24.691	27.547	57.480
24.688	27.547	57.482
24.681	27.546	57.481
24.676	27.545	57.481
24.674	27.545	57.482
24.673	27.545	57.482
24.675	27.546	57.482
24.678	27.546	57.483
24.680	27.546	57.482
24.686	27.546	57.481
24.686	27.546	57.480
24.691	27.545	57.481
24.694	27.546	57.482
24.695	27.546	57.483
24.694	27.546	57.482
24.694	27.545	57.483
24.691	27.545	57.483
24.685	27.547	57.483
24.681	27.545	57.482
24.681	27.546	57.482
24.681	27.546	57.483
24.683	27.545	57.481
24.688	27.545	57.482
24.690	27.545	57.483
24.691	27.545	57.483
24.694	27.545	57.482
24.694	27.546	57.483
24.698	27.545	57.483
24.695	27.545	57.481
24.693	27.545	57.481
24.690	27.545	57.482
24.684	27.544	57.485
24.685	27.544	57.482
24.686	27.545	57.483
24.690	27.544	57.484
24.696	27.544	57.484
24.696	27.543	57.484
24.705	27.545	57.480
24.707	27.544	57.482
24.707	27.545	57.484
24.708	27.545	57.482
24.699	27.544	57.481
24.694	27.545	57.482
24.694	27.545	57.481
24.689	27.544	57.481
24.689	27.544	57.481
24.693	27.544	57.481
24.697	27.544	57.481
24.702	27.544	57.481
24.705	27.545	57.481
24.710	27.544	57.482
24.710	27.545	57.481
24.708	27.544	57.480
24.704	27.545	57.483
24.704	27.544	57.481
24.696	27.544	57.482
24.690	27.544	57.481
24.689	27.544	57.481
24.689	27.544	57.482
24.694	27.544	57.481
24.700	27.544	57.480
24.703	27.546	57.480
24.708	27.546	57.480
24.711	27.544	57.481
24.712	27.544	57.482
24.712	27.544	57.484
24.704	27.544	57.482
24.697	27.545	57.483
24.693	27.545	57.482
24.687	27.545	57.482
24.688	27.545	57.481
24.691	27.545	57.482
24.693	27.544	57.483
24.699	27.545	57.480
24.699	27.545	57.483
24.707	27.545	57.483
24.707	27.545	57.483
24.707	27.545	57.483
24.707	27.544	57.482
24.705	27.545	57.482
24.705	27.545	57.481
24.702	27.545	57.484
24.700	27.545	57.482
24.700	27.545	57.483
24.695	27.546	57.482
24.697	27.545	57.481
24.699	27.545	57.482
24.705	27.545	57.483
24.707	27.545	57.483
24.706	27.546	57.483
24.702	27.545	57.482
24.691	27.545	57.480
24.677	27.545	57.484
24.656	27.545	57.483
24.640	27.546	57.485
24.632	27.545	57.481
24.622	27.545	57.483
24.616	27.545	57.484
24.609	27.545	57.483
24.609	27.545	57.483
24.605	27.546	57.483
24.597	27.545	57.483
24.592	27.546	57.481
24.582	27.545	57.484
24.574	27.545	57.483
24.569	27.545	57.481
24.569	27.546	57.482
24.561	27.545	57.482
24.558	27.545	57.482
24.551	27.545	57.484
24.548	27.546	57.481
24.547	27.546	57.483
24.545	27.546	57.484
24.541	27.545	57.483
24.537	27.545	57.482
24.533	27.545	57.483
24.529	27.547	57.481
24.524	27.546	57.482
24.525	27.545	57.482
24.521	27.546	57.483
24.520	27.547	57.481
24.520	27.545	57.482
24.520	27.546	57.483
24.513	27.546	57.483
24.514	27.546	57.484
24.510	27.546	57.483
24.503	27.547	57.483
24.503	27.546	57.482
24.481	27.546	57.483
24.469	27.546	57.483
24.454	27.546	57.481
24.434	27.546	57.483
24.415	27.545	57.483
24.383	27.546	57.482
24.327	27.546	57.483
24.249	27.546	57.480
24.184	27.545	57.481
24.119	27.546	57.481
24.057	27.545	57.479
23.989	27.544	57.479
23.932	27.545	57.477
23.845	27.544	57.479
23.785	27.544	57.478
23.723	27.544	57.476
23.673	27.545	57.476
23.632	27.544	57.476
23.576	27.543	57.477
23.533	27.544	57.476
23.483	27.544	57.476
23.446	27.544	57.474
23.400	27.544	57.477
23.356	27.544	57.476
23.294	27.543	57.474
23.206	27.544	57.476
23.132	27.544	57.474
23.053	27.544	57.476
23.002	27.543	57.476
22.966	27.544	57.475
22.937	27.543	57.475
22.908	27.543	57.474
22.865	27.544	57.474
22.821	27.543	57.475
22.765	27.543	57.474
22.686	27.542	57.476
22.593	27.544	57.474
22.484	27.544	57.474
22.399	27.543	57.474
22.313	27.543	57.473
22.237	27.543	57.476
22.176	27.543	57.473
22.121	27.543	57.472
22.091	27.543	57.473
22.079	27.544	57.473
22.066	27.543	57.472
22.042	27.544	57.474
22.004	27.543	57.473
21.954	27.543	57.473
21.902	27.543	57.473
21.840	27.543	57.474
21.761	27.542	57.474
21.716	27.543	57.473
21.670	27.543	57.474
21.622	27.543	57.474
21.554	27.543	57.472
21.477	27.544	57.473
21.383	27.544	57.472
21.304	27.543	57.471
21.240	27.543	57.472
21.166	27.543	57.472
21.093	27.544	57.473
21.004	27.544	57.470
20.934	27.544	57.474
20.858	27.543	57.473
20.796	27.544	57.469
20.719	27.543	57.473
20.642	27.542	57.474
20.558	27.543	57.471
20.492	27.543	57.472
20.432	27.544	57.471
20.359	27.543	57.472
20.281	27.542	57.472
20.182	27.543	57.469
20.106	27.543	57.469
20.029	27.544	57.471
19.966	27.543	57.471
19.885	27.543	57.470
19.814	27.543	57.473
19.716	27.542	57.470
19.639	27.543	57.472
19.584	27.542	57.470
19.524	27.543	57.470
19.444	27.543	57.471
19.367	27.542	57.470
19.292	27.542	57.469
19.206	27.542	57.470
19.130	27.542	57.471
19.062	27.542	57.471
19.003	27.543	57.469
18.942	27.542	57.470
18.883	27.543	57.469
18.854	27.543	57.471
18.821	27.544	57.469
18.760	27.543	57.468
18.688	27.543	57.468
18.593	27.543	57.467
18.485	27.543	57.469
18.408	27.542	57.469
18.330	27.543	57.468
18.248	27.544	57.467
18.184	27.543	57.467
18.109	27.544	57.468
18.044	27.544	57.467
18.004	27.544	57.468
17.959	27.544	57.468
17.917	27.543	57.468
17.852	27.542	57.469
17.783	27.543	57.468
17.681	27.543	57.469
17.576	27.543	57.465
17.492	27.543	57.468
17.434	27.542	57.467
17.359	27.543	57.466
17.267	27.543	57.468
17.165	27.544	57.468
17.094	27.543	57.469
17.021	27.544	57.466
16.942	27.543	57.469
16.840	27.543	57.466
16.725	27.543	57.466
16.623	27.543	57.467
16.588	27.542	57.468
16.516	27.543	57.468
16.447	27.543	57.467
16.375	27.543	57.467
16.315	27.543	57.468
16.269	27.542	57.467
16.201	27.544	57.468
16.105	27.543	57.469
16.003	27.543	57.465
15.930	27.543	57.468
15.848	27.543	57.467
15.779	27.543	57.465
15.692	27.542	57.467
15.620	27.541	57.466
15.543	27.542	57.467
15.473	27.542	57.466
15.379	27.542	57.466
15.292	27.542	57.466
15.211	27.541	57.467
15.142	27.542	57.468
15.084	27.542	57.469
15.011	27.542	57.468
14.954	27.542	57.465
14.881	27.542	57.465
14.804	27.542	57.467
14.776	27.544	57.467
14.711	27.542	57.465
14.634	27.542	57.466
14.548	27.542	57.466
14.468	27.541	57.467
14.416	27.542	57.466
14.373	27.542	57.465
14.320	27.542	57.465
14.272	27.542	57.464
14.238	27.541	57.466
14.180	27.542	57.464
14.131	27.542	57.465
14.082	27.543	57.466
14.030	27.542	57.465
13.985	27.543	57.467
13.933	27.542	57.467
13.880	27.543	57.465
13.844	27.543	57.468
13.805	27.542	57.465
13.761	27.542	57.466
13.699	27.543	57.464
13.647	27.543	57.466
13.548	27.543	57.464
13.483	27.543	57.465
13.406	27.542	57.465
13.336	27.543	57.463
13.243	27.543	57.465
13.149	27.542	57.462
13.072	27.542	57.464
13.002	27.542	57.462
12.955	27.542	57.464
12.916	27.542	57.463
12.870	27.543	57.463
12.804	27.544	57.465
12.724	27.543	57.467
12.665	27.542	57.463
12.608	27.543	57.465
12.528	27.542	57.466
12.419	27.543	57.468
12.311	27.542	57.467
12.242	27.543	57.466
12.170	27.543	57.465
12.085	27.543	57.466
12.004	27.543	57.468
11.921	27.544	57.467
11.868	27.543	57.467
11.817	27.545	57.468
11.802	27.545	57.468
11.752	27.545	57.469
11.658	27.544	57.466
11.576	27.545	57.467
11.455	27.545	57.468
11.365	27.546	57.467
11.289	27.546	57.469
11.226	27.547	57.467
11.167	27.547	57.470
11.111	27.547	57.469
11.064	27.547	57.468
11.011	27.548	57.468
10.943	27.548	57.469
10.838	27.547	57.467
10.710	27.549	57.470
10.632	27.548	57.468
10.553	27.548	57.467
10.484	27.547	57.467
10.411	27.549	57.470
10.361	27.549	57.469
10.298	27.547	57.467
10.256	27.548	57.468
10.229	27.549	57.470
10.194	27.549	57.470
10.092	27.550	57.475
10.013	27.551	57.478
09.888	27.550	57.480
09.785	27.552	57.482
09.709	27.554	57.481
09.618	27.556	57.483
09.549	27.558	57.483
09.487	27.559	57.484
09.436	27.560	57.485
09.422	27.562	57.486
09.393	27.562	57.486
09.328	27.563	57.487
09.210	27.564	57.488
09.119	27.564	57.486
09.030	27.564	57.485
08.963	27.565	57.486
08.906	27.565	57.485
08.852	27.566	57.486
08.781	27.566	57.489
08.694	27.567	57.485
08.626	27.567	57.489
08.576	27.567	57.488
08.537	27.567	57.487
08.483	27.567	57.486
08.406	27.567	57.486
08.373	27.568	57.487
08.313	27.567	57.486
08.248	27.568	57.487
08.178	27.567	57.486
08.098	27.567	57.486
08.005	27.568	57.485
07.927	27.568	57.486
07.877	27.569	57.485
07.826	27.568	57.487
07.741	27.568	57.485
07.645	27.567	57.485
07.537	27.568	57.485
07.467	27.568	57.484
07.397	27.568	57.485
07.350	27.567	57.486
07.306	27.567	57.486
07.231	27.568	57.484
07.146	27.569	57.486
07.057	27.568	57.488
06.986	27.568	57.488
06.937	27.568	57.486
06.888	27.568	57.485
06.833	27.568	57.487
06.757	27.568	57.486
06.662	27.568	57.485
06.575	27.568	57.487
06.487	27.568	57.486
06.407	27.567	57.485
06.326	27.567	57.487
06.276	27.568	57.486
06.239	27.568	57.486
06.211	27.567	57.486
06.175	27.568	57.484
06.108	27.567	57.484
06.041	27.568	57.486
05.991	27.566	57.486
05.960	27.566	57.485
05.928	27.567	57.485
05.885	27.568	57.486
05.821	27.567	57.485
05.750	27.567	57.484
05.676	27.567	57.485
05.611	27.567	57.485
05.526	27.567	57.484
05.439	27.567	57.487
05.362	27.568	57.485
05.301	27.567	57.485
05.244	27.567	57.485
05.193	27.568	57.487
05.128	27.568	57.485
05.059	27.569	57.485
05.000	27.568	57.484
04.949	27.569	57.487
04.893	27.568	57.484
04.797	27.568	57.485
04.689	27.568	57.486
04.563	27.569	57.486
04.494	27.567	57.486
04.422	27.568	57.485
04.352	27.568	57.485
04.276	27.567	57.486
04.212	27.568	57.487
04.166	27.569	57.485
04.134	27.568	57.485
04.075	27.568	57.486
03.998	27.568	57.484
03.893	27.568	57.487
03.792	27.569	57.487
03.719	27.568	57.486
03.643	27.570	57.490
03.568	27.569	57.492
03.491	27.571	57.492
03.406	27.571	57.492
03.360	27.572	57.494
03.341	27.573	57.493
03.308	27.573	57.495
03.238	27.574	57.497
03.135	27.575	57.497
03.029	27.575	57.498
02.935	27.577	57.495
02.840	27.577	57.496
02.743	27.579	57.495
02.678	27.578	57.494
02.616	27.577	57.494
02.583	27.578	57.489
02.560	27.577	57.488
02.548	27.577	57.490
02.526	27.577	57.492
02.472	27.576	57.497
02.422	27.575	57.505
02.360	27.575	57.505
02.330	27.576	57.509
02.310	27.576	57.509
02.262	27.576	57.512
02.185	27.578	57.509
02.088	27.579	57.508
02.002	27.580	57.506
01.921	27.580	57.508
01.846	27.584	57.507
01.782	27.585	57.510
01.708	27.586	57.511
01.648	27.586	57.508
01.593	27.588	57.506
01.542	27.589	57.508
01.485	27.588	57.506
01.432	27.589	57.506
01.385	27.589	57.507
01.340	27.590	57.505
01.291	27.590	57.506
01.228	27.589	57.508
01.147	27.590	57.512
01.073	27.590	57.515
01.003	27.590	57.518
00.943	27.590	57.520
00.869	27.590	57.517
00.800	27.591	57.518
00.733	27.592	57.519
00.683	27.592	57.516
00.631	27.593	57.515
00.555	27.594	57.519
00.480	27.594	57.519
00.428	27.595	57.519
00.388	27.596	57.521
00.367	27.596	57.519
00.339	27.597	57.520
00.304	27.597	57.519
00.256	27.597	57.518
00.234	27.599	57.520
00.219	27.598	57.526
00.201	27.598	57.540
00.166	27.598	57.538
00.120	27.599	57.540
00.068	27.600	57.543
00.020	27.600	57.052
00.016	27.598	08.484
00.016	27.594	01.588
00.017	27.586	03.694
00.017	27.579	02.457
00.017	27.573	-0.015
00.014	27.570	-0.026
00.016	27.567	-0.026
00.016	27.565	-0.027
00.015	27.562	-0.025
00.016	27.559	-0.028
00.016	27.558	-0.024
00.019	27.558	-0.026
00.017	27.555	-0.026
00.014	27.554	-0.026
00.014	27.553	-0.027
00.014	27.553	00.620
00.016	27.553	00.979
00.015	27.552	00.024
00.014	27.549	-0.025
00.016	27.547	-0.025
00.017	27.546	-0.026
00.015	27.543	-0.026
00.015	27.539	-0.026
00.015	27.536	-0.025
00.013	27.536	-0.026
00.016	27.535	-0.026
00.014	27.533	-0.025
00.014	27.530	-0.024
00.015	27.527	-0.028
00.014	27.522	-0.025
00.016	27.517	-0.028
00.016	27.514	-0.028
00.014	27.507	-0.025
00.015	27.502	-0.027
00.015	27.499	-0.025
00.017	27.497	-0.026
00.016	27.495	-0.026
00.014	27.495	-0.027
00.015	27.495	-0.026
00.014	27.495	-0.026
00.014	27.495	-0.027
00.014	27.493	-0.025
00.014	27.490	-0.027
00.014	27.488	-0.027
00.017	27.485	-0.026
00.017	27.483	-0.026
00.017	27.481	-0.025
00.015	27.478	-0.026
00.014	27.478	-0.025
00.014	27.477	-0.025
00.015	27.476	-0.029
00.017	27.475	-0.025
00.017	27.476	-0.026
00.017	27.474	-0.027
00.018	27.475	-0.027
00.018	27.474	-0.028
00.017	27.474	-0.027
00.017	27.475	-0.027
00.015	27.474	-0.026
00.015	27.476	-0.026
00.017	27.477	-0.025
00.017	27.478	-0.027
00.016	27.479	-0.027
00.016	27.477	-0.025
00.015	27.477	-0.027
00.013	27.477	-0.027
00.014	27.478	-0.026
00.013	27.476	-0.026
00.016	27.476	-0.025
00.015	27.477	-0.026
00.016	27.477	-0.028
00.015	27.477	-0.026
00.014	27.477	-0.028
00.013	27.479	-0.028
00.013	27.478	-0.025
00.014	27.481	-0.026
00.016	27.482	-0.026
00.017	27.484	-0.028
00.016	27.487	-0.027
00.016	27.489	-0.025
00.015	27.490	-0.027
00.017	27.491	-0.025
00.017	27.494	-0.027
00.017	27.495	-0.026
00.014	27.497	-0.027
00.014	27.498	-0.027
00.017	27.500	-0.026
00.014	27.501	-0.027
00.016	27.500	-0.027
00.014	27.501	-0.028
00.014	27.502	-0.027
00.014	27.503	-0.027
00.014	27.503	-0.026
00.013	27.502	-0.027
00.017	27.500	-0.027
00.017	27.497	-0.027
00.015	27.491	-0.026
00.015	27.488	-0.026
00.017	27.485	-0.027
00.017	27.485	-0.027
00.014	27.481	-0.024
00.014	27.479	-0.025
00.017	27.476	-0.027
00.012	27.476	-0.027
00.013	27.475	-0.026
00.014	27.474	-0.028
00.013	27.474	-0.026
00.014	27.470	-0.026
00.015	27.462	-0.026
00.016	27.457	-0.027
00.013	27.453	-0.027
00.014	27.448	-0.027
00.013	27.445	-0.027
00.014	27.444	-0.025
00.013	27.444	-0.026
00.013	27.443	-0.027
00.016	27.442	-0.027
00.018	27.442	-0.028
00.015	27.441	-0.026
00.015	27.443	-0.026
00.014	27.441	-0.026
00.014	27.441	-0.026
00.014	27.440	-0.028
00.016	27.441	-0.027
00.017	27.442	-0.026
00.016	27.441	-0.027
00.012	27.445	-0.027
00.012	27.445	-0.027
00.014	27.444	-0.023
00.016	27.445	-0.027
00.015	27.445	-0.027
00.016	27.445	-0.028
00.016	27.447	-0.025
00.017	27.446	-0.028
00.016	27.446	-0.026
00.017	27.448	-0.027
00.017	27.449	-0.027
00.018	27.450	-0.025
00.016	27.451	-0.026
00.017	27.452	-0.027
00.018	27.454	-0.027
00.017	27.454	-0.025
00.016	27.455	-0.027
00.017	27.456	-0.025
00.015	27.458	-0.027
00.016	27.457	-0.029
00.016	27.459	-0.028
00.016	27.460	-0.027
00.016	27.461	-0.024
00.016	27.463	-0.027
00.016	27.462	-0.027
00.016	27.465	-0.026
00.018	27.467	-0.028
00.015	27.469	-0.025
00.017	27.470	-0.027
00.018	27.472	-0.027
00.015	27.473	-0.026
00.014	27.474	-0.024
00.016	27.476	-0.026
00.015	27.476	-0.026
00.016	27.478	-0.027
00.016	27.481	-0.028
00.017	27.482	-0.026
00.015	27.483	-0.026
00.016	27.485	-0.026
00.016	27.487	-0.026
00.017	27.488	-0.025
00.018	27.490	-0.027
00.018	27.491	-0.027
00.016	27.492	-0.027
00.017	27.494	-0.026
00.015	27.494	-0.027
00.013	27.497	-0.025
00.014	27.497	-0.027
00.014	27.499	-0.025
00.013	27.499	-0.027
00.013	27.498	-0.026
00.013	27.500	-0.026
00.013	27.501	-0.026
00.014	27.501	-0.026
00.014	27.502	-0.025
00.017	27.502	-0.027
00.016	27.503	-0.027
00.015	27.503	-0.029
00.013	27.502	-0.026
00.013	27.502	-0.026
00.013	27.502	-0.029
00.015	27.501	-0.027
00.015	27.501	-0.027
00.014	27.501	-0.027
00.016	27.503	-0.026
00.014	27.501	-0.027
00.014	27.502	-0.027
00.015	27.500	-0.026
00.015	27.502	-0.027
00.015	27.502	-0.024
00.015	27.502	-0.027
00.016	27.503	-0.026
00.015	27.504	-0.027
00.015	27.505	-0.028
00.015	27.506	-0.027
00.014	27.508	-0.025
00.014	27.509	-0.026
00.014	27.511	-0.026
00.013	27.512	-0.026
00.013	27.513	-0.028
00.012	27.514	-0.027
00.011	27.516	-0.027
00.014	27.517	-0.026
00.015	27.519	-0.028
00.015	27.518	-0.027
00.015	27.521	-0.026
00.014	27.522	-0.026
00.014	27.523	-0.026
00.015	27.523	-0.028
00.012	27.523	-0.027
00.015	27.522	-0.028
00.013	27.524	-0.026
00.015	27.524	-0.026
00.015	27.524	-0.025
00.013	27.524	-0.026
00.014	27.523	-0.026
00.014	27.523	-0.026
00.013	27.523	-0.028
00.013	27.524	-0.026
00.013	27.522	-0.026
00.014	27.523	-0.026
00.014	27.524	-0.028
00.014	27.524	-0.026
00.017	27.524	-0.028
00.019	27.525	-0.028
00.017	27.523	-0.026
00.017	27.525	-0.026
00.015	27.525	-0.025
00.017	27.526	-0.027
00.015	27.526	-0.027
00.016	27.527	-0.026
00.014	27.527	-0.026
00.014	27.526	-0.027
00.013	27.528	-0.026
00.014	27.530	-0.027
00.014	27.529	-0.028
00.013	27.530	-0.026
00.013	27.532	-0.025
00.015	27.533	-0.026
00.015	27.535	-0.025
00.015	27.535	-0.026
00.014	27.537	-0.027
00.015	27.537	-0.025
00.013	27.539	-0.026
00.013	27.540	-0.026
00.014	27.539	-0.026
00.014	27.540	-0.028
00.014	27.538	-0.025
00.014	27.538	-0.026
00.014	27.538	-0.027
00.013	27.536	-0.026
00.014	27.536	-0.027
00.014	27.534	-0.026
00.014	27.532	-0.026
00.013	27.531	-0.026
00.014	27.530	-0.027
00.014	27.530	-0.024
00.013	27.528	-0.025
00.013	27.527	-0.027
00.013	27.527	-0.027
00.015	27.524	-0.027
00.013	27.524	-0.027
00.012	27.523	-0.027
00.015	27.523	-0.027
00.015	27.522	-0.026
00.015	27.521	-0.027
00.013	27.520	-0.028
00.014	27.519	-0.026
00.015	27.518	-0.028
00.015	27.516	-0.026
00.015	27.515	-0.026
00.013	27.514	-0.026
00.014	27.513	-0.025
00.016	27.512	-0.025
00.014	27.511	-0.028
00.015	27.511	-0.027
00.016	27.511	-0.026
00.016	27.510	-0.027
00.015	27.511	-0.026
00.012	27.512	-0.026
00.013	27.513	-0.027
00.014	27.512	-0.027
00.013	27.512	-0.027
00.014	27.514	-0.024
00.015	27.513	-0.027
00.014	27.516	-0.027
00.015	27.518	-0.025
00.016	27.519	-0.028
00.015	27.519	-0.026
00.015	27.520	-0.026
00.013	27.520	-0.026
00.014	27.521	-0.025
00.013	27.522	-0.027
00.013	27.521	-0.027
00.015	27.523	-0.026
00.012	27.523	-0.026
00.013	27.521	-0.026
00.015	27.522	-0.026
00.015	27.522	-0.029
00.015	27.523	-0.025
00.016	27.524	-0.027
00.016	27.524	-0.026
00.014	27.526	-0.025
00.012	27.525	-0.028
00.013	27.525	-0.026
00.013	27.523	-0.026
00.013	27.523	-0.026
00.015	27.522	-0.027
00.015	27.522	-0.026
00.015	27.522	-0.025
00.015	27.524	-0.026
00.015	27.523	-0.025
00.014	27.524	-0.025
00.014	27.525	-0.029
00.014	27.525	-0.026
00.014	27.526	-0.027
00.013	27.528	-0.028
00.015	27.528	-0.027
00.016	27.529	-0.026
00.012	27.530	-0.027
00.014	27.530	-0.028
00.014	27.529	-0.025
00.012	27.529	-0.028
00.013	27.529	-0.027
00.014	27.529	-0.027
00.014	27.529	-0.026
00.015	27.529	-0.028
00.015	27.530	-0.026
00.014	27.529	-0.027
00.014	27.528	-0.027
00.017	27.529	-0.026
00.017	27.529	-0.026
00.014	27.529	-0.026
00.014	27.529	-0.027
00.012	27.531	-0.025
00.015	27.531	-0.028
00.016	27.531	-0.027
00.016	27.530	-0.026
00.016	27.530	-0.026
00.016	27.530	-0.025
00.015	27.530	-0.026
00.013	27.531	-0.027
00.014	27.530	-0.027
00.013	27.529	-0.027
00.014	27.530	-0.028
00.015	27.530	-0.027
00.015	27.530	-0.027
00.013	27.531	-0.027
00.013	27.530	-0.027
00.013	27.531	-0.026
00.011	27.532	-0.028
00.011	27.531	-0.026
00.014	27.532	-0.027
00.014	27.532	-0.026
00.012	27.533	-0.026
00.014	27.534	-0.027
00.015	27.534	-0.027
00.015	27.533	-0.027
00.016	27.536	-0.026
00.016	27.538	-0.026
00.016	27.539	-0.026
00.016	27.540	-0.026
00.015	27.541	-0.027
00.014	27.543	-0.027
00.013	27.545	-0.028
00.014	27.547	-0.026
00.013	27.548	-0.026
00.015	27.548	-0.027
00.014	27.549	-0.026
00.013	27.551	-0.026
00.013	27.552	-0.027
00.016	27.553	-0.027
00.016	27.554	-0.026
00.014	27.555	-0.026
00.014	27.555	-0.027
00.014	27.554	-0.025
00.015	27.555	-0.026
00.013	27.555	-0.027
00.013	27.556	-0.028
00.014	27.556	-0.026
00.015	27.557	-0.026
00.014	27.556	-0.026
00.013	27.556	-0.026
00.014	27.557	-0.025
00.014	27.556	-0.026
00.015	27.557	-0.026
00.015	27.558	-0.027
00.013	27.558	-0.025
00.014	27.559	-0.026
00.014	27.559	-0.028
00.012	27.559	-0.026
00.014	27.560	-0.026
00.016	27.561	-0.026
00.016	27.561	-0.025
00.016	27.560	-0.026
00.015	27.563	-0.025
00.015	27.563	-0.026
00.016	27.563	-0.028
00.016	27.563	-0.027
00.015	27.564	-0.029
00.012	27.563	-0.025
00.012	27.563	-0.025
00.013	27.563	-0.026
00.011	27.563	-0.027
00.011	27.562	-0.027
00.014	27.563	-0.026
00.015	27.562	-0.027
00.014	27.564	-0.026
00.014	27.563	-0.026
00.015	27.562	-0.027
00.015	27.563	-0.025
00.014	27.561	-0.024
00.016	27.563	-0.027
00.015	27.562	-0.027
00.015	27.561	-0.026
00.014	27.559	-0.028
00.015	27.559	-0.025
00.017	27.556	-0.026
00.016	27.555	-0.025
00.015	27.553	-0.027
00.013	27.553	-0.026
00.015	27.552	-0.027
00.014	27.553	-0.027
00.016	27.551	-0.026
00.016	27.551	-0.026
00.016	27.550	-0.026
00.016	27.552	-0.027
00.016	27.552	-0.027
00.015	27.551	-0.026
00.016	27.551	-0.026
00.016	27.551	-0.027
00.015	27.550	-0.027
00.016	27.551	-0.027
00.016	27.551	-0.027
00.015	27.551	-0.028
00.015	27.547	-0.026
00.015	27.530	-0.028
00.015	27.511	-0.027
00.015	27.500	-0.027
00.018	27.490	-0.028
00.014	27.484	-0.026
00.015	27.479	-0.026
00.015	27.477	-0.027
00.015	27.477	-0.027
00.015	27.476	-0.027
00.014	27.476	-0.026
00.016	27.476	-0.026
00.015	27.476	-0.027
00.015	27.477	-0.027
00.015	27.476	-0.027
00.015	27.475	-0.027
00.012	27.477	-0.026
00.011	27.476	-0.027
00.014	27.477	-0.026
00.015	27.477	-0.026
00.016	27.477	-0.025
00.012	27.477	-0.026
00.013	27.476	-0.025
00.013	27.476	-0.026
00.014	27.476	-0.027
00.013	27.475	-0.028
00.013	27.474	-0.026
00.015	27.472	-0.027
00.015	27.474	-0.026
00.015	27.472	-0.026
00.016	27.474	-0.025
00.015	27.472	-0.026
00.016	27.473	-0.027
00.016	27.472	-0.027
00.016	27.470	-0.027
00.015	27.470	-0.029
00.014	27.469	-0.026
00.012	27.469	-0.028
00.014	27.467	-0.026
00.014	27.467	-0.027
00.014	27.467	-0.028
00.015	27.466	-0.025
00.016	27.465	-0.027
00.016	27.467	-0.027
00.017	27.465	-0.026
00.016	27.464	-0.026
00.015	27.463	-0.026
00.015	27.463	-0.025
00.014	27.463	-0.028
00.014	27.462	-0.026
00.015	27.462	-0.026
00.013	27.461	-0.026
00.014	27.461	-0.027
00.014	27.461	-0.028
00.014	27.461	-0.026
00.014	27.459	-0.025
00.014	27.460	-0.027
00.014	27.459	-0.026
00.013	27.458	-0.025
00.014	27.458	-0.026
00.015	27.457	-0.027
00.013	27.457	-0.025
00.012	27.456	-0.027
00.015	27.456	-0.028
00.015	27.456	-0.027
00.015	27.456	-0.027
00.014	27.457	-0.025
00.015	27.454	-0.027
00.016	27.455	-0.026
00.017	27.456	-0.026
00.014	27.456	-0.027
00.016	27.455	-0.026
00.014	27.453	-0.026
00.014	27.453	-0.027
00.015	27.451	-0.025
00.013	27.451	-0.026
00.015	27.450	-0.027
00.015	27.449	-0.025
00.014	27.447	-0.027
00.016	27.447	-0.027
00.017	27.446	-0.026
00.015	27.447	-0.026
00.015	27.447	-0.026
00.016	27.444	-0.027
00.015	27.444	-0.026
00.015	27.444	-0.026
00.015	27.445	-0.025
00.013	27.445	-0.027
00.014	27.447	-0.029
00.013	27.447	-0.025
00.013	27.448	-0.028
00.015	27.448	-0.026
00.015	27.447	-0.028
00.014	27.447	-0.026
00.011	27.448	-0.027
00.011	27.447	-0.027
00.014	27.448	-0.026
00.015	27.449	-0.026
00.014	27.451	-0.027
00.014	27.450	-0.027
00.014	27.452	-0.027
00.014	27.452	-0.029
00.013	27.453	-0.027
00.013	27.452	-0.027
00.017	27.452	-0.026
00.014	27.453	-0.024
00.014	27.453	-0.026
00.012	27.453	-0.026
00.014	27.452	-0.024
00.016	27.452	-0.026
00.015	27.452	-0.026
00.016	27.453	-0.027
00.013	27.452	-0.025
00.014	27.454	-0.026
00.014	27.453	-0.026
00.012	27.452	-0.026
00.014	27.451	-0.027
00.013	27.451	-0.027
00.014	27.452	-0.027
00.014	27.452	-0.027
00.016	27.449	-0.026
00.015	27.451	-0.025
00.013	27.450	-0.027
00.015	27.450	-0.029
00.015	27.450	-0.027
00.015	27.449	-0.026
00.015	27.450	-0.027
00.016	27.450	-0.027
00.015	27.450	-0.024
00.012	27.450	-0.028
00.013	27.450	-0.026
00.015	27.448	-0.026
00.013	27.448	-0.027
00.015	27.448	-0.025
00.014	27.448	-0.027
00.015	27.448	-0.026
00.012	27.448	-0.026
00.015	27.449	-0.027
00.011	27.449	-0.027
00.013	27.449	-0.027
00.016	27.448	-0.026
00.017	27.447	-0.028
00.018	27.448	-0.026
00.019	27.447	-0.026
00.020	27.447	-0.028
00.022	27.446	-0.028
00.022	27.445	-0.026
00.025	27.444	-0.028
00.021	27.444	-0.028
00.021	27.444	-0.026
00.024	27.443	-0.026
00.024	27.442	-0.025
00.029	27.440	-0.026
00.026	27.440	-0.026
00.029	27.440	-0.026
00.029	27.439	-0.027
00.031	27.438	-0.026
00.034	27.438	-0.027
00.031	27.438	-0.026
00.031	27.437	-0.029
00.031	27.436	-0.026
00.035	27.436	-0.025
00.036	27.437	-0.026
00.039	27.435	-0.026
00.035	27.435	-0.024
00.035	27.434	-0.024
00.036	27.433	-0.030
00.032	27.432	-0.025
00.031	27.430	-0.027
00.031	27.430	-0.027
00.027	27.429	-0.026
00.024	27.428	-0.025
00.024	27.428	-0.026
00.022	27.426	-0.025
00.022	27.425	-0.028
00.048	27.424	-0.027
00.029	27.424	-0.027
00.034	27.424	-0.027
00.036	27.422	-0.027
00.032	27.421	-0.027
00.029	27.419	-0.027
00.024	27.419	-0.026
-0.002	27.416	-0.026
00.020	27.416	-0.027
00.018	27.416	-0.026
00.021	27.417	-0.028
00.047	27.416	-0.027
00.021	27.414	-0.026
00.021	27.413	-0.027
00.019	27.414	-0.024
00.019	27.414	-0.027
00.021	27.412	-0.025
00.020	27.410	-0.026
00.019	27.409	-0.027
00.019	27.409	-0.027
00.018	27.410	-0.027
00.018	27.408	-0.027
00.019	27.408	-0.026
00.019	27.407	-0.025
00.018	27.405	-0.025
00.018	27.404	-0.028
00.020	27.403	-0.025
00.020	27.401	-0.027
00.019	27.402	-0.027
00.019	27.400	-0.026
00.027	27.398	-0.025
00.031	27.396	-0.028
00.027	27.396	-0.027
00.023	27.394	-0.026
00.023	27.394	-0.028
00.024	27.392	-0.025
00.024	27.391	-0.026
00.022	27.392	-0.025
00.023	27.390	-0.025
00.030	27.387	-0.028
00.036	27.387	-0.026
00.034	27.385	-0.028
00.034	27.385	-0.026
00.026	27.384	-0.028
00.023	27.385	-0.023
00.019	27.383	-0.024
00.016	27.382	-0.026
00.016	27.382	-0.027
00.016	27.382	-0.027
00.016	27.380	-0.026
00.014	27.379	-0.026
00.015	27.379	-0.026
00.016	27.381	-0.028
00.015	27.381	-0.027
00.015	27.382	-0.026
00.014	27.383	-0.026
00.017	27.384	-0.026
00.014	27.385	-0.027
00.014	27.385	-0.025
00.014	27.387	-0.027
00.015	27.388	-0.026
00.015	27.389	-0.028
00.017	27.389	-0.025
00.017	27.391	-0.027
00.015	27.393	-0.026
00.015	27.393	-0.027
00.014	27.394	-0.026
00.014	27.396	-0.028
00.015	27.397	-0.028
00.017	27.397	-0.027
00.015	27.398	-0.025
00.014	27.400	-0.027
00.014	27.401	-0.026
00.015	27.402	-0.027
00.015	27.404	-0.026
00.015	27.406	-0.027
00.016	27.405	-0.026
00.016	27.407	-0.026
00.013	27.408	-0.027
00.016	27.410	-0.026
00.015	27.413	-0.026
00.014	27.414	-0.027
00.015	27.415	-0.027
00.015	27.417	-0.026
00.016	27.418	-0.025
00.015	27.420	-0.026
00.016	27.422	-0.027
00.015	27.422	-0.026
00.015	27.424	-0.028
00.014	27.424	-0.025
00.015	27.426	-0.027
00.014	27.428	-0.026
00.015	27.430	-0.027
00.014	27.432	-0.026
00.014	27.432	-0.027
00.016	27.432	-0.027
00.015	27.434	-0.026
00.015	27.434	-0.026
00.015	27.434	-0.026
00.015	27.435	-0.025
00.014	27.436	-0.026
00.013	27.436	-0.026
00.016	27.437	-0.025
00.016	27.439	-0.026
00.016	27.440	-0.024
00.017	27.442	-0.027
00.017	27.442	-0.027
00.017	27.442	-0.028
00.016	27.443	-0.026
00.015	27.443	-0.025
00.016	27.443	-0.026
00.017	27.443	-0.026
00.016	27.443	-0.025
00.014	27.443	-0.025
00.015	27.445	-0.027
00.015	27.444	-0.027
00.016	27.444	-0.025
00.016	27.445	-0.027
00.014	27.446	-0.027
00.014	27.447	-0.026
00.014	27.449	-0.027
00.014	27.449	-0.026
00.013	27.451	-0.027
00.014	27.452	-0.026
00.014	27.452	-0.026
00.015	27.454	-0.024
00.016	27.455	-0.025
00.016	27.456	-0.027
00.015	27.457	-0.027
00.014	27.458	-0.027
00.014	27.458	-0.026
00.014	27.459	-0.027
00.014	27.461	-0.027
00.015	27.461	-0.026
00.016	27.463	-0.026
00.016	27.463	-0.027
00.014	27.463	-0.028
00.015	27.462	-0.026
00.015	27.462	-0.026
00.016	27.462	-0.027
00.015	27.462	-0.027
00.014	27.462	-0.029
00.015	27.462	-0.028
00.016	27.463	-0.026
00.016	27.463	-0.026
00.017	27.463	-0.027
00.017	27.463	-0.027
00.016	27.461	-0.025
00.014	27.461	-0.027
00.015	27.461	-0.026
00.017	27.460	-0.027
00.016	27.460	-0.025
00.015	27.459	-0.027
00.013	27.460	-0.025
00.014	27.459	-0.027
00.015	27.459	-0.027
00.014	27.460	-0.026
00.015	27.459	-0.026
00.015	27.460	-0.026
00.015	27.459	-0.027
00.015	27.459	-0.026
00.015	27.459	-0.027
00.013	27.459	-0.026
00.016	27.458	-0.025
00.013	27.458	-0.027
00.013	27.457	-0.026
00.014	27.458	-0.028
00.013	27.456	-0.026
00.014	27.456	-0.026
00.015	27.456	-0.026
00.014	27.456	-0.025
00.015	27.456	-0.026
00.013	27.456	-0.026
00.014	27.454	-0.027
00.015	27.456	-0.027
00.014	27.455	-0.026
00.014	27.455	-0.026
00.014	27.454	-0.026
00.015	27.454	-0.026
00.015	27.453	-0.026
00.014	27.454	-0.026
00.015	27.454	-0.027
00.013	27.453	-0.026
00.014	27.453	-0.028
00.014	27.452	-0.026
00.013	27.452	-0.027
00.014	27.452	-0.027
00.015	27.453	-0.028
00.014	27.451	-0.024
00.014	27.450	-0.025
00.015	27.450	-0.027
00.015	27.450	-0.027
00.015	27.449	-0.025
00.014	27.448	-0.026
00.016	27.449	-0.025
00.014	27.449	-0.026
00.013	27.449	-0.027
00.016	27.449	-0.028
00.017	27.450	-0.026
00.017	27.449	-0.026
00.015	27.450	-0.027
00.014	27.448	-0.026
00.015	27.447	-0.025
00.015	27.447	-0.026
00.015	27.448	-0.026
00.015	27.446	-0.025
00.015	27.448	-0.026
00.016	27.447	-0.026
00.014	27.448	-0.026
00.016	27.447	-0.026
00.016	27.447	-0.026
00.015	27.446	-0.025
00.015	27.446	-0.026
00.015	27.446	-0.028
00.013	27.446	-0.027
00.014	27.446	-0.025
00.015	27.446	-0.027
00.014	27.447	-0.026
00.014	27.446	-0.027
00.013	27.446	-0.026
00.015	27.446	-0.026
00.015	27.446	-0.027
00.016	27.445	-0.026
00.014	27.445	-0.026
00.014	27.444	-0.026
00.013	27.444	-0.025
00.013	27.444	-0.025
00.013	27.444	-0.025
00.017	27.444	-0.027
00.016	27.443	-0.027
00.015	27.443	-0.027
00.016	27.443	-0.028
00.015	27.442	-0.027
00.013	27.443	-0.027
00.015	27.442	-0.026
00.015	27.441	-0.026
00.014	27.440	-0.027
00.014	27.441	-0.025
00.014	27.440	-0.026
00.013	27.439	-0.026
00.012	27.438	-0.027
00.013	27.438	-0.026
00.015	27.438	-0.027
00.014	27.437	-0.027
00.014	27.436	-0.024
00.016	27.435	-0.028
00.015	27.435	-0.026
00.015	27.434	-0.025
00.017	27.433	-0.027
00.014	27.432	-0.026
00.016	27.430	-0.027
00.016	27.430	-0.026
00.016	27.429	-0.027
00.013	27.430	-0.027
00.015	27.430	-0.026
00.016	27.430	-0.026
00.016	27.429	-0.027
00.014	27.428	-0.026
00.015	27.429	-0.026
00.016	27.429	-0.025
00.015	27.428	-0.029
00.014	27.427	-0.027
00.015	27.428	-0.026
00.014	27.429	-0.027
00.013	27.427	-0.026
00.013	27.426	-0.027
00.016	27.425	-0.026
00.015	27.425	-0.027
00.015	27.423	-0.027
00.014	27.422	-0.026
00.013	27.423	-0.027
00.017	27.422	-0.026
00.014	27.420	-0.025
00.014	27.421	-0.026
00.015	27.422	-0.025
00.014	27.421	-0.027
00.014	27.421	-0.026
00.015	27.423	-0.026
00.015	27.421	-0.025
00.016	27.421	-0.026
00.014	27.421	-0.027
00.013	27.422	-0.027
00.012	27.423	-0.024
00.012	27.422	-0.026
00.014	27.423	-0.028
00.013	27.423	-0.027
00.016	27.423	-0.025
00.015	27.423	-0.026
00.015	27.423	-0.026
00.015	27.424	-0.026
00.016	27.425	-0.026
00.013	27.425	-0.027
00.013	27.425	-0.028
00.014	27.425	-0.028
00.014	27.426	-0.025
00.014	27.427	-0.027
00.014	27.426	-0.025
00.015	27.426	-0.025
00.013	27.428	-0.026
00.014	27.428	-0.027
00.014	27.428	-0.026
00.014	27.428	-0.026
00.013	27.430	-0.028
00.014	27.430	-0.025
00.016	27.431	-0.027
00.014	27.431	-0.026
00.014	27.431	-0.026
00.015	27.432	-0.027
00.013	27.433	-0.024
00.015	27.433	-0.026
00.016	27.433	-0.026
00.016	27.434	-0.025
00.014	27.435	-0.026
00.016	27.436	-0.028
00.015	27.436	-0.026
00.015	27.437	-0.027
00.015	27.437	-0.028
00.015	27.437	-0.026
00.016	27.438	-0.024
00.015	27.438	-0.026
00.015	27.438	-0.027
00.015	27.439	-0.028
00.016	27.439	-0.026
00.016	27.438	-0.026
00.016	27.441	-0.027
00.014	27.440	-0.027
00.015	27.440	-0.027
00.016	27.441	-0.025
00.015	27.442	-0.026
00.016	27.443	-0.028
00.015	27.444	-0.026
00.015	27.445	-0.026
00.014	27.444	-0.027
00.015	27.444	-0.026
00.017	27.444	-0.027
00.018	27.445	-0.026
00.014	27.445	-0.027
00.015	27.446	-0.026
00.015	27.447	-0.027
00.015	27.448	-0.025
00.012	27.447	-0.026
00.014	27.448	-0.026
00.016	27.449	-0.026
00.016	27.451	-0.027
00.015	27.449	-0.027
00.017	27.452	-0.027
00.014	27.453	-0.026
00.014	27.453	-0.027
00.015	27.455	-0.027
00.015	27.456	-0.026
00.014	27.455	-0.026
00.015	27.455	-0.028
00.016	27.455	-0.026
00.016	27.457	-0.027
00.014	27.457	-0.026
00.015	27.456	-0.026
00.015	27.458	-0.026
00.015	27.458	-0.027
00.014	27.459	-0.027
00.014	27.459	-0.028
00.013	27.458	-0.027
00.014	27.459	-0.026
00.014	27.459	-0.027
00.014	27.459	-0.025
00.014	27.459	-0.026
00.013	27.459	-0.025
00.015	27.458	-0.026
00.014	27.458	-0.026
00.014	27.458	-0.026
00.014	27.459	-0.027
00.015	27.458	-0.027
00.016	27.459	-0.027
00.014	27.459	-0.026
00.014	27.459	-0.027
00.015	27.460	-0.026
00.017	27.460	-0.027
00.014	27.459	-0.026
00.016	27.461	-0.028
00.017	27.459	-0.025
00.017	27.460	-0.026
00.015	27.460	-0.027
00.013	27.460	-0.026
00.014	27.460	-0.027
00.015	27.460	-0.026
00.015	27.461	-0.027
00.015	27.461	-0.026
00.017	27.461	-0.027
00.015	27.462	-0.027
00.015	27.462	-0.025
00.015	27.461	-0.026
00.015	27.462	-0.027
00.015	27.461	-0.025
00.015	27.461	-0.025
00.016	27.461	-0.029
00.016	27.460	-0.026
00.016	27.459	-0.027
00.018	27.458	-0.027
00.016	27.459	-0.025
00.015	27.457	-0.027
00.014	27.458	-0.026
00.015	27.459	-0.028
00.016	27.459	-0.026
00.017	27.459	-0.026
00.016	27.459	-0.025
00.017	27.458	-0.028
00.014	27.458	-0.026
00.015	27.458	-0.028
00.015	27.457	-0.027
00.013	27.456	-0.026
00.012	27.457	-0.028
00.014	27.456	-0.027
00.014	27.456	-0.025
00.014	27.456	-0.026
00.014	27.455	-0.026
00.014	27.455	-0.028
00.014	27.454	-0.026
00.015	27.454	-0.026
00.015	27.454	-0.027
00.015	27.453	-0.026
00.015	27.454	-0.027
00.016	27.454	-0.026
00.016	27.456	-0.027
00.016	27.456	-0.026
00.016	27.456	-0.027
00.015	27.455	-0.027
00.013	27.455	-0.024
00.013	27.456	-0.027
00.016	27.457	-0.026
00.015	27.457	-0.027
00.015	27.457	-0.026
00.015	27.458	-0.026
00.016	27.458	-0.027
00.016	27.460	-0.028
00.014	27.461	-0.026
00.017	27.460	-0.026
00.016	27.461	-0.026
00.016	27.460	-0.025
00.016	27.461	-0.025
00.015	27.460	-0.026
00.016	27.460	-0.026
00.015	27.460	-0.026
00.013	27.460	-0.027
00.013	27.461	-0.027
00.015	27.461	-0.027
00.015	27.462	-0.027
00.013	27.462	-0.027
00.015	27.463	-0.027
00.014	27.464	-0.026
00.014	27.464	-0.026
00.015	27.464	-0.025
00.015	27.464	-0.026
00.015	27.465	-0.027
00.013	27.465	-0.025
00.015	27.465	-0.028
00.015	27.466	-0.026
00.014	27.465	-0.026
00.015	27.465	-0.026
00.014	27.463	-0.027
00.015	27.465	-0.027
00.014	27.464	-0.027
00.015	27.464	-0.026
00.014	27.464	-0.026
00.015	27.464	-0.026
00.014	27.465	-0.027
00.014	27.464	-0.025
00.015	27.465	-0.028
00.015	27.465	-0.026
00.014	27.466	-0.026
00.013	27.463	-0.026
00.013	27.465	-0.026
00.015	27.464	-0.027
00.014	27.463	-0.025
00.014	27.464	-0.026
00.013	27.462	-0.026
00.013	27.463	-0.029
00.016	27.462	-0.027
00.016	27.464	-0.026
00.014	27.464	-0.026
00.014	27.465	-0.026
00.014	27.465	-0.025
00.015	27.465	-0.027
00.014	27.467	-0.027
00.016	27.468	-0.027
00.015	27.468	-0.026
00.014	27.468	-0.027
00.014	27.469	-0.027
00.015	27.470	-0.026
00.014	27.471	-0.027
00.014	27.471	-0.026
00.015	27.473	-0.028
00.014	27.474	-0.028
00.016	27.475	-0.027
00.015	27.476	-0.027
00.014	27.477	-0.025
00.013	27.478	-0.027
00.016	27.479	-0.026
00.014	27.479	-0.028
00.015	27.480	-0.027
00.015	27.481	-0.026
00.015	27.481	-0.026
00.017	27.482	-0.027
00.016	27.482	-0.027
00.014	27.482	-0.027
00.015	27.484	-0.027
00.014	27.484	-0.025
00.013	27.484	-0.026
00.015	27.484	-0.025
00.015	27.484	-0.027
00.015	27.482	-0.027
00.015	27.480	-0.026
00.016	27.481	-0.027
00.015	27.479	-0.026
00.016	27.478	-0.027
00.016	27.478	-0.026
00.015	27.476	-0.026
00.015	27.476	-0.027
00.017	27.475	-0.026
00.017	27.475	-0.024
00.016	27.473	-0.027
00.016	27.473	-0.027
00.015	27.472	-0.026
00.015	27.471	-0.026
00.015	27.469	-0.025
00.015	27.468	-0.028
00.014	27.467	-0.027
00.016	27.467	-0.026
00.015	27.465	-0.027
00.016	27.463	-0.024
00.017	27.462	-0.025
00.016	27.459	-0.026
00.016	27.457	-0.026
00.016	27.457	-0.025
00.017	27.454	-0.026
00.013	27.454	-0.025
00.017	27.452	-0.028
00.015	27.452	-0.026
00.015	27.451	-0.027
00.015	27.449	-0.027
00.016	27.447	-0.025
00.016	27.448	-0.028
00.013	27.446	-0.027
00.015	27.445	-0.025
00.015	27.444	-0.027
00.015	27.440	-0.027
00.016	27.439	-0.026
00.015	27.437	-0.026
00.016	27.436	-0.027
00.015	27.434	-0.026
00.016	27.435	-0.027
00.015	27.433	-0.026
00.016	27.433	-0.027
00.015	27.432	-0.025
00.015	27.433	-0.029
00.016	27.432	-0.026
00.016	27.432	-0.026
00.015	27.432	-0.026
00.015	27.432	-0.024
00.014	27.432	-0.027
00.015	27.432	-0.025
00.014	27.433	-0.028
00.014	27.432	-0.026
00.014	27.433	-0.026
00.016	27.433	-0.027
00.014	27.433	-0.025
00.013	27.433	-0.026
00.015	27.434	-0.027
00.015	27.434	-0.026
00.014	27.433	-0.027
00.016	27.434	-0.026
00.014	27.435	-0.026
00.013	27.435	-0.025
00.016	27.437	-0.027
00.014	27.437	-0.027
00.015	27.437	-0.026
00.015	27.438	-0.028
00.016	27.439	-0.026
00.015	27.441	-0.025
00.015	27.441	-0.026
00.014	27.442	-0.025
00.016	27.442	-0.028
00.016	27.443	-0.028
00.015	27.444	-0.027
00.016	27.444	-0.025
00.016	27.445	-0.027
00.014	27.446	-0.027
00.013	27.447	-0.027
00.013	27.448	-0.026
00.015	27.448	-0.027
00.015	27.449	-0.025
00.014	27.449	-0.026
00.015	27.450	-0.027
00.015	27.449	-0.026
00.016	27.451	-0.028
00.015	27.451	-0.026
00.015	27.452	-0.026
00.015	27.452	-0.027
00.014	27.453	-0.025
00.014	27.453	-0.025
00.015	27.454	-0.025
00.015	27.455	-0.026
00.015	27.456	-0.028
00.015	27.457	-0.027
00.016	27.457	-0.028
00.016	27.458	-0.026
00.016	27.457	-0.029
00.016	27.457	-0.026
00.015	27.458	-0.025
00.014	27.457	-0.027
00.016	27.457	-0.026
00.016	27.457	-0.026
00.012	27.458	-0.026
00.014	27.458	-0.028
00.014	27.460	-0.028
00.015	27.460	-0.026
00.015	27.460	-0.027
00.016	27.460	-0.025
00.013	27.461	-0.028
00.013	27.461	-0.027
00.015	27.461	-0.028
00.015	27.460	-0.026
00.014	27.461	-0.026
00.012	27.462	-0.028
00.015	27.461	-0.027
00.017	27.462	-0.026
00.015	27.461	-0.027
00.016	27.462	-0.024
00.015	27.463	-0.027
00.015	27.462	-0.026
00.016	27.463	-0.027
00.014	27.462	-0.025
00.016	27.461	-0.026
00.013	27.461	-0.026
00.015	27.460	-0.025
00.016	27.460	-0.027
00.013	27.459	-0.024
00.014	27.459	-0.026
00.015	27.459	-0.026
00.014	27.459	-0.026
00.014	27.458	-0.026
00.015	27.459	-0.027
00.015	27.459	-0.026
00.015	27.460	-0.027
00.013	27.459	-0.027
00.015	27.460	-0.025
00.015	27.459	-0.026
00.015	27.458	-0.026
00.015	27.457	-0.026
00.015	27.458	-0.026
00.016	27.458	-0.026
00.015	27.458	-0.027
00.015	27.458	-0.026
00.017	27.459	-0.028
00.014	27.460	-0.026
00.015	27.461	-0.026
00.013	27.461	-0.026
00.014	27.459	-0.026
00.015	27.461	-0.027
00.016	27.461	-0.027
00.016	27.463	-0.026
00.015	27.463	-0.027
00.013	27.465	-0.026
00.014	27.464	-0.027
00.015	27.464	-0.027
00.016	27.464	-0.027
00.016	27.466	-0.025
00.016	27.464	-0.026
00.014	27.464	-0.028
00.014	27.467	-0.026
00.014	27.466	-0.027
00.015	27.468	-0.025
00.014	27.466	-0.027
00.014	27.467	-0.026
00.014	27.467	-0.026
00.014	27.468	-0.027
00.015	27.470	-0.027
00.015	27.470	-0.025
00.015	27.471	-0.026
00.016	27.471	-0.027
00.013	27.471	-0.027
00.013	27.470	-0.027
00.012	27.470	-0.026
00.013	27.471	-0.024
00.014	27.471	-0.027
00.015	27.470	-0.027
00.014	27.470	-0.027
00.015	27.470	-0.027
00.015	27.469	-0.027
00.013	27.468	-0.027
00.016	27.468	-0.026
00.015	27.467	-0.027
00.014	27.466	-0.026
00.015	27.465	-0.026
00.014	27.465	-0.025
00.015	27.464	-0.028
00.016	27.463	-0.026
00.015	27.463	-0.026
00.016	27.461	-0.028
00.015	27.461	-0.026
00.014	27.461	-0.026
00.014	27.461	-0.028
00.014	27.460	-0.026
00.015	27.459	-0.027
00.015	27.459	-0.027
00.013	27.459	-0.026
00.015	27.458	-0.028
00.016	27.457	-0.025
00.015	27.457	-0.025
00.016	27.457	-0.026
00.015	27.457	-0.028
00.016	27.458	-0.028
00.013	27.456	-0.027
00.014	27.457	-0.027
00.014	27.456	-0.026
00.015	27.455	-0.027
00.015	27.455	-0.026
00.014	27.456	-0.027
00.013	27.455	-0.027
00.013	27.454	-0.026
00.014	27.454	-0.027
00.014	27.452	-0.025
00.014	27.452	-0.025
00.015	27.451	-0.026
00.013	27.451	-0.026
00.015	27.450	-0.026
00.014	27.448	-0.025
00.014	27.449	-0.025
00.014	27.448	-0.026
00.014	27.446	-0.027
00.016	27.446	-0.025
00.015	27.445	-0.025
00.015	27.443	-0.027
00.013	27.441	-0.026
00.014	27.440	-0.025
00.016	27.442	-0.027
00.015	27.440	-0.028
00.014	27.438	-0.028
00.014	27.437	-0.026
00.014	27.436	-0.025
00.015	27.435	-0.027
00.016	27.433	-0.028
00.015	27.434	-0.026
00.015	27.431	-0.025
00.015	27.431	-0.027
00.014	27.430	-0.026
00.014	27.430	-0.026
00.014	27.429	-0.026
00.014	27.429	-0.027
00.016	27.427	-0.028
00.015	27.426	-0.026
00.014	27.424	-0.027
00.013	27.423	-0.026
00.016	27.423	-0.026
00.016	27.420	-0.026
00.013	27.420	-0.028
00.014	27.417	-0.027
00.014	27.416	-0.027
00.014	27.415	-0.026
00.015	27.413	-0.028
00.014	27.413	-0.027
00.015	27.412	-0.026
00.014	27.411	-0.026
00.014	27.412	-0.026
00.015	27.410	-0.027
00.016	27.410	-0.026
00.014	27.409	-0.026
00.015	27.410	-0.025
00.016	27.410	-0.024
00.015	27.409	-0.026
00.015	27.410	-0.027
00.018	27.409	-0.027
00.015	27.410	-0.027
00.013	27.410	-0.027
00.014	27.409	-0.026
00.014	27.409	-0.027
00.015	27.408	-0.025
00.015	27.408	-0.025
00.016	27.409	-0.027
00.016	27.409	-0.027
00.016	27.409	-0.026
00.013	27.409	-0.027
00.015	27.407	-0.027
00.014	27.409	-0.026
00.015	27.410	-0.026
00.016	27.408	-0.028
00.015	27.408	-0.027
00.016	27.408	-0.025
00.014	27.408	-0.026
00.015	27.407	-0.025
00.012	27.407	-0.025
00.014	27.407	-0.026
00.016	27.406	-0.027
00.014	27.407	-0.026
00.014	27.407	-0.027
00.014	27.408	-0.027
00.015	27.407	-0.026
00.015	27.407	-0.026
00.015	27.407	-0.024
00.014	27.406	-0.026
00.012	27.405	-0.027
00.015	27.405	-0.028
00.016	27.406	-0.027
00.017	27.407	-0.025
00.014	27.406	-0.025
00.015	27.406	-0.026
00.014	27.406	-0.026
00.016	27.405	-0.026
00.013	27.404	-0.026
00.015	27.405	-0.027
00.015	27.405	-0.024
00.015	27.405	-0.027
00.015	27.403	-0.028
00.016	27.403	-0.028
00.015	27.404	-0.026
00.014	27.402	-0.027
00.014	27.400	-0.028
00.014	27.400	-0.025
00.013	27.399	-0.026
00.014	27.398	-0.027
00.014	27.397	-0.026
00.015	27.395	-0.026
00.013	27.396	-0.028
00.013	27.394	-0.026
00.015	27.394	-0.026
00.015	27.392	-0.027
00.015	27.391	-0.026
00.016	27.390	-0.026
00.015	27.390	-0.026
00.015	27.390	-0.024
00.014	27.389	-0.026
00.014	27.388	-0.026
00.013	27.386	-0.027
00.013	27.387	-0.026
00.013	27.386	-0.027
00.014	27.385	-0.026
00.015	27.385	-0.029
00.015	27.386	-0.027
00.015	27.386	-0.027
00.013	27.385	-0.026
00.016	27.384	-0.027
00.015	27.384	-0.027
00.016	27.384	-0.029
00.015	27.386	-0.025
00.015	27.385	-0.025
00.014	27.386	-0.026
00.014	27.385	-0.027
00.014	27.386	-0.026
00.015	27.385	-0.029
00.015	27.386	-0.027
00.016	27.386	-0.026
00.015	27.387	-0.024
00.016	27.385	-0.027
00.014	27.386	-0.025
00.015	27.386	-0.025
00.014	27.386	-0.028
00.012	27.386	-0.028
00.013	27.386	-0.026
00.013	27.385	-0.027
00.013	27.386	-0.026
00.016	27.386	-0.027
00.015	27.385	-0.026
00.015	27.385	-0.026
00.016	27.385	-0.026
00.014	27.385	-0.025
00.016	27.386	-0.028
00.014	27.385	-0.028
00.014	27.385	-0.026
00.014	27.386	-0.026
00.016	27.387	-0.027
00.018	27.387	-0.025
00.016	27.386	-0.026
00.014	27.387	-0.026
00.013	27.386	-0.028
00.016	27.388	-0.028
00.016	27.388	-0.026
00.015	27.388	-0.026
00.015	27.389	-0.026
00.014	27.390	-0.027
00.016	27.389	-0.027
00.017	27.390	-0.028
00.016	27.390	-0.027
00.015	27.392	-0.027
00.015	27.393	-0.026
00.015	27.393	-0.027
00.015	27.395	-0.025
00.015	27.394	-0.026
00.013	27.395	-0.028
00.015	27.398	-0.027
00.014	27.397	-0.027
00.015	27.399	-0.027
00.016	27.398	-0.028
00.015	27.399	-0.027
00.016	27.400	-0.026
00.015	27.401	-0.027
00.015	27.400	-0.026
00.015	27.402	-0.026
00.015	27.401	-0.027
00.015	27.403	-0.028
00.015	27.403	-0.027
00.016	27.402	-0.026
00.016	27.403	-0.026
00.016	27.404	-0.027
00.015	27.404	-0.027
00.014	27.404	-0.027
00.015	27.405	-0.024
00.014	27.406	-0.025
00.016	27.407	-0.025
00.014	27.408	-0.026
00.015	27.410	-0.027
00.015	27.409	-0.025
00.014	27.410	-0.028
00.016	27.411	-0.026
00.015	27.412	-0.027
00.014	27.413	-0.026
00.016	27.413	-0.026
00.014	27.414	-0.028
00.015	27.415	-0.026
00.015	27.415	-0.026
00.016	27.416	-0.027
00.015	27.416	-0.028
00.017	27.418	-0.026
00.016	27.420	-0.025
00.016	27.421	-0.025
00.015	27.424	-0.027
00.015	27.424	-0.027
00.016	27.426	-0.026
00.015	27.426	-0.026
00.015	27.428	-0.026
00.014	27.429	-0.026
00.015	27.428	-0.026
00.016	27.429	-0.025
00.015	27.430	-0.027
00.014	27.432	-0.027
00.014	27.431	-0.026
00.016	27.433	-0.026
00.016	27.433	-0.026
00.016	27.435	-0.027
00.016	27.436	-0.026
00.016	27.437	-0.027
00.015	27.438	-0.026
00.016	27.440	-0.025
00.016	27.439	-0.026
00.014	27.440	-0.027
00.015	27.441	-0.026
00.018	27.442	-0.026
00.018	27.442	-0.027
00.016	27.443	-0.029
00.014	27.443	-0.026
00.014	27.443	-0.026
00.014	27.445	-0.026
00.015	27.445	-0.028
00.016	27.446	-0.026
00.016	27.445	-0.025
00.016	27.447	-0.024
00.014	27.447	-0.027
00.015	27.448	-0.026
00.016	27.451	-0.026
00.015	27.448	-0.025
00.015	27.450	-0.026
00.015	27.450	-0.027
00.015	27.450	-0.026
00.015	27.451	-0.027
00.016	27.449	-0.027
00.013	27.449	-0.027
00.017	27.448	-0.025
00.015	27.449	-0.025
00.016	27.448	-0.027
00.016	27.449	-0.026
00.015	27.448	-0.024
00.015	27.447	-0.028
00.014	27.448	-0.026
00.015	27.448	-0.027
00.015	27.448	-0.025
00.016	27.447	-0.027
00.016	27.446	-0.026
00.016	27.447	-0.025
00.016	27.446	-0.027
00.015	27.446	-0.026
00.016	27.445	-0.027
00.015	27.444	-0.027
00.017	27.444	-0.028
00.016	27.445	-0.025
00.015	27.446	-0.025
00.015	27.445	-0.028
00.016	27.445	-0.027
00.016	27.444	-0.025
00.013	27.445	-0.026
00.014	27.445	-0.026
00.016	27.445	-0.026
00.016	27.445	-0.025
00.013	27.445	-0.026
00.014	27.446	-0.025
