BATS_HS_Cast_id,Decimal_Year,Lat,Long,Pressure_db,Depth_m,Temperature_C,Conductivity,Practical_Salinity,Dissolved_oxygen,Beam_Attenuation,Fluorescence,PAR,OA_Cast_No,OA_Station_No
10437003,2026.18534246575,31.6750766666667,64.118785,3,2.97895621996797,20.8788677907101,5.11081938769789,36.8540674011504,220.817628505822,0.444805626318867,0.0142936465563267,1959.47047517352,70131001,7
10437003,2026.18534246575,31.6750766666667,64.118785,5,4.96300569634337,20.8448595307395,5.10717090957287,36.8531954300632,221.07023306523,0.444945319558165,0.0268045297011251,1059.34687951028,70131001,7
10437003,2026.18534246575,31.6750766666667,64.118785,7,6.94708470470603,20.8300186409595,5.10560390983045,36.8526022735088,220.837143461395,0.445700354514808,0.0363708253688242,1105.78216482314,70131001,7
10437003,2026.18534246575,31.6750766666667,64.118785,9,8.93846183100399,20.8130397383819,5.10392117515058,36.8529221201122,221.288185579828,0.446190382106715,0.0382515347883017,945.822186647486,70131001,7
10437003,2026.18534246575,31.6750766666667,64.118785,11,10.9222823589441,20.8071882030706,5.10335873492208,36.8526917008503,220.992885022377,0.446908088396943,0.0456726577540685,774.879385602091,70131001,7
10437003,2026.18534246575,31.6750766666667,64.118785,13,12.9089500832924,20.8053708863047,5.10327556327593,36.8528563526599,220.460342344652,0.446814666863788,0.0441555258636278,657.410581692087,70131001,7
10437003,2026.18534246575,31.6750766666667,64.118785,15,14.8992654969238,20.8031041592872,5.10316178044249,36.8531622279328,221.448383036485,0.447202226379471,0.046441955751908,614.871970775038,70131001,7
10437003,2026.18534246575,31.6750766666667,64.118785,17,16.8752964426306,20.7991132596466,5.10280424598054,36.8529828127222,221.349300137332,0.446399544125811,0.0461701649750543,537.923859366673,70131001,7
10437003,2026.18534246575,31.6750766666667,64.118785,19,18.8706323604208,20.7924606929342,5.1020967266723,36.852267758429,221.122651731317,0.446884562597224,0.047130936481365,550.415980381889,70131001,7
10437003,2026.18534246575,31.6750766666667,64.118785,21,20.8422934525775,20.7837256273265,5.10108594251713,36.8508936798314,220.927716654755,0.446269984272028,0.0544817438542409,462.729246005287,70131001,7
10437003,2026.18534246575,31.6750766666667,64.118785,23,22.8400743402626,20.7592102646497,5.09812549999087,36.847357248621,221.003447370348,0.446151009465541,0.0509677198056285,419.449859449615,70131001,7
10437003,2026.18534246575,31.6750766666667,64.118785,25,24.8181910472045,20.7256030012877,5.09426033423975,36.8443465089829,220.202865235551,0.444966678270159,0.0536718127846099,371.593790522525,70131001,7
10437003,2026.18534246575,31.6750766666667,64.118785,27,26.8067639635659,20.7105711689783,5.09273243951148,36.8442242853002,220.271861134301,0.447309331804082,0.0525199777647873,359.035186372214,70131001,7
10437003,2026.18534246575,31.6750766666667,64.118785,29,28.7865689336148,20.7023449205288,5.09208404310946,36.8453527067045,220.717995472023,0.446017198184772,0.056689719578019,326.770877213211,70131001,7
10437003,2026.18534246575,31.6750766666667,64.118785,31,30.7875360241214,20.6964701653703,5.09162699613834,36.8459968055435,221.001865825198,0.446216965128165,0.0568562014497209,296.785546428261,70131001,7
10437003,2026.18534246575,31.6750766666667,64.118785,33,32.7595587404214,20.689887032681,5.09108792898279,36.8465882484717,220.406435913808,0.446669855242629,0.0624114696577067,273.817466494544,70131001,7
10437003,2026.18534246575,31.6750766666667,64.118785,35,34.7593519133028,20.6843910553013,5.0906873396965,36.8473632226486,221.052715709216,0.448480225544108,0.0657959599549631,257.040467111265,70131001,7
10437003,2026.18534246575,31.6750766666667,64.118785,37,36.7392906099231,20.6798318774657,5.09038103440594,36.8480923529254,220.421864442487,0.448003141036239,0.064911065327078,231.03383314147,70131001,7
10437003,2026.18534246575,31.6750766666667,64.118785,39,38.7285923444937,20.6747031202315,5.08989908806847,36.8478853165558,220.718548760635,0.447064558452213,0.0680011183047156,211.567909554774,70131001,7
10437003,2026.18534246575,31.6750766666667,64.118785,41,40.7123793914058,20.6659257190251,5.08897900231321,36.8472785782727,220.759681287166,0.446413722042485,0.0735153461918424,193.388354350134,70131001,7
10437003,2026.18534246575,31.6750766666667,64.118785,43,42.6979196401781,20.6537202667638,5.08764223945424,36.8462545783989,220.892591825763,0.446823464207809,0.0788036630479515,179.567035856213,70131001,7
10437003,2026.18534246575,31.6750766666667,64.118785,45,44.6860906146388,20.6478418554462,5.08704286877279,36.8457411931317,220.796382109038,0.447560167186406,0.0793057463547439,159.994045865628,70131001,7
10437003,2026.18534246575,31.6750766666667,64.118785,47,46.6638210907568,20.6444860751791,5.08673226550061,36.8453889409683,220.745583175294,0.448108393021212,0.0852192687368945,148.410743889922,70131001,7
10437003,2026.18534246575,31.6750766666667,64.118785,49,48.6563972921769,20.6426755219472,5.08660960213638,36.8452257004215,220.762959623511,0.447199021157146,0.0842154583399038,137.573256090888,70131001,7
10437003,2026.18534246575,31.6750766666667,64.118785,51,50.6399579204452,20.6413102902883,5.08654042700987,36.845111502231,220.850024518456,0.446753700433199,0.0886826323204622,124.875545176261,70131001,7
10437003,2026.18534246575,31.6750766666667,64.118785,53,52.6247369883885,20.6389056418361,5.08635517818441,36.8449545556955,220.485741268979,0.446472058586147,0.0884223426074174,117.56975213735,70131001,7
10437003,2026.18534246575,31.6750766666667,64.118785,55,54.6109535222669,20.6370232404964,5.08621553795924,36.8447155281249,220.728675633655,0.445802175931941,0.0882508294142322,108.043270277644,70131001,7
10437003,2026.18534246575,31.6750766666667,64.118785,57,56.5956683337158,20.6329042740154,5.08583867668125,36.8444865644716,220.480902080788,0.445059141970512,0.0897015386231708,91.9701035703352,70131001,7
10437003,2026.18534246575,31.6750766666667,64.118785,59,58.5872750593302,20.6285504277014,5.08541686107717,36.844095151464,220.645706571553,0.444027892527972,0.0890186514159298,86.2783530778733,70131001,7
10437003,2026.18534246575,31.6750766666667,64.118785,61,60.5594256870393,20.6185790576819,5.08434745604162,36.8433061173547,220.416079837914,0.444231241477314,0.0946404030774504,80.1044244192601,70131001,7
10437003,2026.18534246575,31.6750766666667,64.118785,63,62.5537688219571,20.5993410282273,5.08221470168027,36.8418988241101,220.601137135154,0.443269034940944,0.0979821656474966,73.9379471896904,70131001,7
10437003,2026.18534246575,31.6750766666667,64.118785,65,64.5359946677538,20.5792379690823,5.07997500073151,36.840368737006,220.457453039389,0.44406976402825,0.10648255011534,67.7609468999131,70131001,7
10437003,2026.18534246575,31.6750766666667,64.118785,67,66.5262453278817,20.571848479737,5.07919602068581,36.8397007176634,219.860145201055,0.442909446492669,0.112572047994469,61.1852376660216,70131001,7
10437003,2026.18534246575,31.6750766666667,64.118785,69,68.5085824268714,20.5652282278422,5.07852585860611,36.8392514924746,219.84444927054,0.442544559946738,0.113678171423996,55.9776354768826,70131001,7
10437003,2026.18534246575,31.6750766666667,64.118785,71,70.4956783573458,20.5619699285085,5.07821501093617,36.8388109402235,219.304458177693,0.443981704791458,0.123705891980653,51.2135056558219,70131001,7
10437003,2026.18534246575,31.6750766666667,64.118785,73,72.480684159897,20.5599108467065,5.07803941643981,36.8384314055986,219.31859553172,0.443676546494204,0.130547573593674,46.6512115653278,70131001,7
10437003,2026.18534246575,31.6750766666667,64.118785,75,74.464134528984,20.5550738496483,5.07752818595902,36.8377280331665,219.380292279398,0.444136344345404,0.138338721175771,41.9685921546816,70131001,7
10437003,2026.18534246575,31.6750766666667,64.118785,77,76.4536096343194,20.539987812883,5.07568616472086,36.8350725067496,219.233566602858,0.443977841547007,0.149813801249235,38.254521568605,70131001,7
10437003,2026.18534246575,31.6750766666667,64.118785,79,78.4308818004497,20.5219128305585,5.07358255123212,36.8328792503446,218.86342105187,0.447211714184881,0.172352213837799,34.8648875655019,70131001,7
10437003,2026.18534246575,31.6750766666667,64.118785,81,80.4261184862848,20.5141587908746,5.07269719151509,36.8316553875213,219.191787982479,0.445364076146228,0.174382077476833,31.336296151421,70131001,7
10437003,2026.18534246575,31.6750766666667,64.118785,83,82.4021876790768,20.4914518524032,5.0699203490488,36.8279851808104,219.472081714508,0.44259439268165,0.166566610563988,28.0817240677554,70131001,7
10437003,2026.18534246575,31.6750766666667,64.118785,85,84.3931951381384,20.4615528092367,5.06624407680668,36.8232139312365,219.031009736456,0.44217854764678,0.167029945629087,25.5395648549185,70131001,7
10437003,2026.18534246575,31.6750766666667,64.118785,87,86.3800341180647,20.4539716679826,5.0654228949739,36.8223601092857,218.607854002444,0.4356895361911,0.161619571035586,23.1618297496873,70131001,7
10437003,2026.18534246575,31.6750766666667,64.118785,89,88.3596479667328,20.4498935519828,5.06511878652205,36.8226853697852,217.971317513546,0.434871312776041,0.151843455399809,21.0040307885132,70131001,7
10437003,2026.18534246575,31.6750766666667,64.118785,91,90.3499756908315,20.4471756666799,5.06532330792553,36.8259879007999,217.431719974659,0.432510200963603,0.149283259737441,19.113120568449,70131001,7
10437003,2026.18534246575,31.6750766666667,64.118785,93,92.3324483245291,20.4588013184541,5.06750419625179,36.8329677941315,216.72242807782,0.430163122411448,0.14556019627174,17.2993848106762,70131001,7
10437003,2026.18534246575,31.6750766666667,64.118785,95,94.3271991409038,20.4382318540556,5.06540747647425,36.8329907685442,215.866332735021,0.428991473249601,0.141744748548019,15.8529973252291,70131001,7
10437003,2026.18534246575,31.6750766666667,64.118785,97,96.3017317225668,20.3715218413682,5.05759812363563,36.8264423817087,215.489107067093,0.428126445423799,0.141318787120931,14.3973066019823,70131001,7
10437003,2026.18534246575,31.6750766666667,64.118785,99,98.2899888309983,20.3570548088645,5.05598154006801,36.8250677835161,215.078373823605,0.427714147436948,0.145340612388076,13.1990094749249,70131001,7
10437003,2026.18534246575,31.6750766666667,64.118785,101,100.271894432236,20.3245797754589,5.05244929060981,36.8236901102671,214.771104441749,0.425855990415514,0.144871326640844,12.0250724476324,70131001,7
10437003,2026.18534246575,31.6750766666667,64.118785,103,102.260126505215,20.2966640935802,5.0491946830209,36.8206044089981,214.509864983833,0.424128098646046,0.130883700316322,11.0560833000037,70131001,7
10437003,2026.18534246575,31.6750766666667,64.118785,105,104.243690528128,20.2463878973349,5.04315773083377,36.8141820056398,213.956653065501,0.422136434342578,0.127719145684377,10.1378784091242,70131001,7
10437003,2026.18534246575,31.6750766666667,64.118785,107,106.232945717787,20.2215789748086,5.04017768524241,36.8106171793591,214.363188132878,0.420043290766362,0.117254585709362,9.27765138782607,70131001,7
10437003,2026.18534246575,31.6750766666667,64.118785,109,108.209913320374,20.1889025230854,5.0360760013007,36.8046968930214,214.269614837275,0.418192122749965,0.116491826520824,8.57314652716573,70131001,7
10437003,2026.18534246575,31.6750766666667,64.118785,111,110.206010922497,20.1750252742974,5.03423252280678,36.8009158681975,214.303502327275,0.417900257246987,0.110564181066356,7.86223860427988,70131001,7
10437003,2026.18534246575,31.6750766666667,64.118785,113,112.176481639292,20.1638772979351,5.03278096915226,36.7979724558809,212.937523223414,0.41584562473851,0.114915320434344,7.24768745939405,70131001,7
10437003,2026.18534246575,31.6750766666667,64.118785,115,114.176262724427,20.1113662071518,5.02643617167941,36.790889383257,213.222076505388,0.416709321438818,0.109206807324509,6.67361779900983,70131001,7
10437003,2026.18534246575,31.6750766666667,64.118785,117,116.154812769889,20.0235020760389,5.01608473197822,36.7816610297469,212.686682898177,0.412834868118602,0.0973721665782066,6.19294807991291,70131001,7
10437003,2026.18534246575,31.6750766666667,64.118785,119,118.14013349603,19.9477188371168,5.00730706258975,36.7747905873531,212.852728909464,0.411348358863805,0.0969485665507181,5.67388550964817,70131001,7
10437003,2026.18534246575,31.6750766666667,64.118785,121,120.122662222036,19.9079960256449,5.00265584229385,36.770395482355,211.984412104406,0.411359743920622,0.0944517277838403,5.27320348077512,70131001,7
10437003,2026.18534246575,31.6750766666667,64.118785,123,122.112242314696,19.8434475285124,4.99502693451774,36.763097034275,212.798984814879,0.410846341520399,0.0904728380872575,4.88275830642652,70131001,7
10437003,2026.18534246575,31.6750766666667,64.118785,125,124.092995337686,19.7774626079937,4.9872431053124,36.7557441665096,212.776630520271,0.410138373119383,0.0994742815989163,4.50038664748259,70131001,7
10437003,2026.18534246575,31.6750766666667,64.118785,127,126.082542786073,19.7655266731861,4.98593434110506,36.7546178019101,212.946675480642,0.40948624503233,0.0983987100375102,4.16572153817613,70131001,7
10437003,2026.18534246575,31.6750766666667,64.118785,129,128.060049098473,19.7526633318756,4.98448918373174,36.7531736986745,212.951670102572,0.409266089381369,0.0997003048795356,3.85480977651813,70131001,7
10437003,2026.18534246575,31.6750766666667,64.118785,131,130.055749871172,19.7137420339985,4.98007248053467,36.7499453033259,212.924346392208,0.408276138524161,0.0950542326395005,3.59101885842421,70131001,7
10437003,2026.18534246575,31.6750766666667,64.118785,133,132.029916664141,19.6990969026274,4.97840679846199,36.7482301350144,213.296191207866,0.407661810372556,0.096903024169402,3.30035331094949,70131001,7
10437003,2026.18534246575,31.6750766666667,64.118785,135,134.022164358371,19.6783013891342,4.97595647867021,36.7453964208691,212.252879838001,0.407210724830023,0.0905008998433256,3.06985349151349,70131001,7
10437003,2026.18534246575,31.6750766666667,64.118785,137,136.00385998954,19.6349268797547,4.97035546810581,36.7362079197847,210.083653169402,0.407024676183166,0.0829924569477457,2.83000809723982,70131001,7
10437003,2026.18534246575,31.6750766666667,64.118785,139,137.987809257235,19.5904472806013,4.96468305695569,36.7273733592175,209.037542958458,0.405357022328742,0.070598075093886,2.63272073562424,70131001,7
10437003,2026.18534246575,31.6750766666667,64.118785,141,139.973252174615,19.5634613058379,4.96129318632188,36.7221336421834,207.462336320164,0.404187153037378,0.0761216047817413,2.43795667826604,70131001,7
10437003,2026.18534246575,31.6750766666667,64.118785,143,141.956321471964,19.4651707329091,4.94928129689441,36.7077501198874,205.612528513362,0.403802028966001,0.0796748009245494,2.26358760985262,70131001,7
10437003,2026.18534246575,31.6750766666667,64.118785,145,143.94010083359,19.4159134610913,4.94376411827639,36.7043231698134,208.421449505133,0.401111131195569,0.0572776691553572,2.08285600832063,70131001,7
10437003,2026.18534246575,31.6750766666667,64.118785,147,145.933344555976,19.4242704284323,4.94606440983534,36.7154166869881,211.407297056037,0.401128151937707,0.0623140663834183,1.9469907405799,70131001,7
10437003,2026.18534246575,31.6750766666667,64.118785,149,147.904434330287,19.4228931926858,4.94628338696446,36.7177067889363,212.428649741118,0.403240865999264,0.069687377575537,1.8142442604228,70131001,7
10437003,2026.18534246575,31.6750766666667,64.118785,151,149.897211508636,19.4082299268084,4.94483807443431,36.717804970592,214.656063390975,0.403617282624439,0.0702254008770857,1.69688868277326,70131001,7
10437003,2026.18534246575,31.6750766666667,64.118785,153,151.882280365596,19.4114928873482,4.94589534857799,36.7230082337275,214.866893912076,0.404237932588291,0.0654271549284946,1.57427668417739,70131001,7
10437003,2026.18534246575,31.6750766666667,64.118785,155,153.861866466487,19.394211272052,4.94405588171935,36.7221221063965,216.842891799334,0.405936996838615,0.07256184097477,1.47267004801587,70131001,7
10437003,2026.18534246575,31.6750766666667,64.118785,157,155.855460414301,19.3894976604603,4.94365656996493,36.7221886644771,216.798124156975,0.406373595286466,0.0786687027110719,1.36766251621907,70131001,7
10437003,2026.18534246575,31.6750766666667,64.118785,159,157.833263034916,19.3779364177192,4.94242338482695,36.7213234342244,217.946091044559,0.40747177391903,0.0723908028091294,1.27341476640003,70131001,7
10437003,2026.18534246575,31.6750766666667,64.118785,161,159.827747479962,19.3645851310596,4.94128270996233,36.7228092034259,218.020785414161,0.406604182094471,0.0650429168174744,1.18674048004064,70131001,7
10437003,2026.18534246575,31.6750766666667,64.118785,163,161.800829655923,19.3638617467082,4.94127760321376,36.7226522796839,218.448183050199,0.40653060041885,0.0586646095608622,1.10765930296342,70131001,7
10437003,2026.18534246575,31.6750766666667,64.118785,165,163.790856603788,19.3656431766634,4.94160853024303,36.7230957573597,218.712360622443,0.406659223688561,0.0517162129254826,1.04325028770228,70131001,7
10437003,2026.18534246575,31.6750766666667,64.118785,167,165.774775646298,19.3662201404948,4.9417707306914,36.7231909664749,218.480558854058,0.406223758091236,0.0579584566579935,0.960936869846172,70131001,7
10437003,2026.18534246575,31.6750766666667,64.118785,169,167.751458816807,19.3650173509638,4.94183169650171,36.7240093299968,218.408537159034,0.406545947507009,0.0626677270981147,0.893880327618724,70131001,7
10437003,2026.18534246575,31.6750766666667,64.118785,171,169.747009625187,19.3608981856589,4.94143783462844,36.7235973352732,218.314934125494,0.406233600553831,0.0564771874325537,0.836875768127452,70131001,7
10437003,2026.18534246575,31.6750766666667,64.118785,173,171.725844537387,19.3529327755004,4.94053574151266,36.7223280611233,218.527611466864,0.405987966036705,0.0545151498646849,0.782502485191746,70131001,7
10437003,2026.18534246575,31.6750766666667,64.118785,175,173.71070430016,19.3467240399972,4.93986588708378,36.7214507002502,218.37087108308,0.406180339682723,0.0538763929626199,0.727029047274696,70131001,7
10437003,2026.18534246575,31.6750766666667,64.118785,177,175.695755774901,19.3381481072006,4.93895080240815,36.720610108444,218.383750148471,0.4061307051123,0.047609160141151,0.67164611381631,70131001,7
10437003,2026.18534246575,31.6750766666667,64.118785,179,177.681241944679,19.3371700879229,4.93891788857083,36.7204457242994,218.422064893929,0.405858434727987,0.0549794812845736,0.630123911189493,70131001,7
10437003,2026.18534246575,31.6750766666667,64.118785,181,179.665167851814,19.3358012623489,4.93884567814707,36.720297444137,218.521300032828,0.405949706352773,0.0548196803982273,0.5890518558894,70131001,7
10437003,2026.18534246575,31.6750766666667,64.118785,183,181.650483114738,19.3331452935982,4.93861304668082,36.7199427589328,218.125884395087,0.405496919873589,0.0591837904483851,0.550661165421737,70131001,7
10437003,2026.18534246575,31.6750766666667,64.118785,185,183.630258430871,19.3232506803669,4.93754471681314,36.7189824470917,217.893799749821,0.40517370030763,0.0521917112187111,0.513816368321377,70131001,7
10437003,2026.18534246575,31.6750766666667,64.118785,187,185.622025157446,19.3106849176554,4.93612225012175,36.7174148366034,217.796067218187,0.404796825659887,0.0449345458662906,0.472880406291867,70131001,7
10437003,2026.18534246575,31.6750766666667,64.118785,189,187.595680994913,19.3085372661643,4.93593054588961,36.7169537145285,217.990887320781,0.405224680715868,0.0519632535358877,0.440009647316077,70131001,7
10437003,2026.18534246575,31.6750766666667,64.118785,191,189.592974012973,19.3031119166446,4.93530431493521,36.7157481429772,217.868680875008,0.405047826004293,0.0480827471385859,0.402336336213414,70131001,7
10437003,2026.18534246575,31.6750766666667,64.118785,193,191.56293378034,19.2962170660775,4.93457840004663,36.7150043322687,217.559106938397,0.404854288479652,0.0356045507785944,0.380427293311613,70131001,7
10437003,2026.18534246575,31.6750766666667,64.118785,195,193.55880581354,19.2877108365073,4.93363239531769,36.7138397525637,217.895639204833,0.40510743643205,0.0376485720879952,0.354092626561721,70131001,7
10437003,2026.18534246575,31.6750766666667,64.118785,197,195.538132559746,19.281907240464,4.93299163521479,36.7128450616473,217.217475887259,0.404998203002609,0.0417320206810457,0.33147393588967,70131001,7
10437003,2026.18534246575,31.6750766666667,64.118785,199,197.526033511629,19.2666583044648,4.93115435500506,36.7101663947436,217.000725700332,0.404165593179117,0.045016607474879,0.311209111118092,70131001,7
10437003,2026.18534246575,31.6750766666667,64.118785,201,199.507780830652,19.2558960927935,4.92982528256757,36.7077817330778,216.07883226595,0.40404902038655,0.0404738519313758,0.289595975812589,70131001,7
10437003,2026.18534246575,31.6750766666667,64.118785,203,201.48870707162,19.2453950354715,4.92846300930205,36.704887165477,215.323877760938,0.403792108879511,0.0356746850446039,0.264809855103353,70131001,7
10437003,2026.18534246575,31.6750766666667,64.118785,205,203.471986653413,19.239318291279,4.92778531513443,36.7038212360175,215.808116134946,0.40347960182339,0.0324237985375133,0.249117850934338,70131001,7
10437003,2026.18534246575,31.6750766666667,64.118785,207,205.463590527521,19.2349386980566,4.92736990960663,36.7034546843924,215.994673450604,0.403164985180102,0.0322458491097525,0.226416651057971,70131001,7
10437003,2026.18534246575,31.6750766666667,64.118785,209,207.447831789424,19.2335811955682,4.92729663396511,36.7032872484796,215.584413732331,0.403169402767626,0.0295926963846673,0.209908328050407,70131001,7
10437003,2026.18534246575,31.6750766666667,64.118785,211,209.421983514536,19.2335418435071,4.927414257617,36.7035558791729,215.034281441945,0.40323300945605,0.028076936350106,0.193750553980996,70131001,7
10437003,2026.18534246575,31.6750766666667,64.118785,213,211.41465582795,19.2243530625613,4.92629220894983,36.7015128918433,214.947968771075,0.40339502354827,0.0287100068563572,0.177834487913079,70131001,7
10437003,2026.18534246575,31.6750766666667,64.118785,215,213.400701762857,19.2162755107402,4.92535987847857,36.7000780535961,214.746881220805,0.402585724854727,0.0279738336088869,0.160019267752693,70131001,7
10437003,2026.18534246575,31.6750766666667,64.118785,217,215.377362431583,19.212672615878,4.92497618930782,36.6992911048018,214.07724689475,0.401931623350358,0.0327350645525704,0.148378557563445,70131001,7
10437003,2026.18534246575,31.6750766666667,64.118785,219,217.363811174598,19.2106065117763,4.92480031472725,36.6988893321645,214.498097404958,0.400963924317562,0.0283254520407093,0.13601978839201,70131001,7
10437003,2026.18534246575,31.6750766666667,64.118785,221,219.347871431092,19.2107166149504,4.92489112905647,36.6988019591458,213.960054233018,0.401343539674245,0.0226399697967049,0.126824102459093,70131001,7
10437003,2026.18534246575,31.6750766666667,64.118785,223,221.335881702036,19.2107413552608,4.92496943795119,36.6986852229604,214.396841050681,0.401330877405999,0.0230736405919846,0.115336070605183,70131001,7
10437003,2026.18534246575,31.6750766666667,64.118785,225,223.310284114597,19.2092690662731,4.9248605433683,36.6983209330486,214.318545333673,0.400573550795526,0.026145933933733,0.104379303565621,70131001,7
10437003,2026.18534246575,31.6750766666667,64.118785,227,225.299983098796,19.207296947978,4.92468457815254,36.6978357333278,213.688400145808,0.400403750602977,0.0283413094336643,0.0992737443189464,70131001,7
10437003,2026.18534246575,31.6750766666667,64.118785,229,227.289509164692,19.19712290229,4.92340970678003,36.6953778615898,212.88852247652,0.400834147212491,0.0308228286706676,0.0910089816673201,70131001,7
10437003,2026.18534246575,31.6750766666667,64.118785,231,229.265565791974,19.166829420437,4.919574330179,36.6892095279218,211.553401914891,0.399446397608229,0.0246928120015179,0.0868617827870732,70131001,7
10437003,2026.18534246575,31.6750766666667,64.118785,233,231.251178023585,19.1557128675546,4.918209390088,36.6868230353394,211.061451974162,0.398718811313656,0.0249623003610567,0.0747583731778353,70131001,7
10437003,2026.18534246575,31.6750766666667,64.118785,235,233.239121055264,19.1504417152818,4.91756497218754,36.6853192841539,210.27459733797,0.397959154707775,0.0253418682324052,0.066872853924548,70131001,7
10437003,2026.18534246575,31.6750766666667,64.118785,237,235.221201088367,19.1297139214889,4.91490194533649,36.6805224444645,208.405050544861,0.397929191214751,0.0250770606356763,0.0619434839937684,70131001,7
10437003,2026.18534246575,31.6750766666667,64.118785,239,237.199051470233,19.0872797071598,4.90944330861019,36.6714155176446,206.95722825382,0.396811898634779,0.0269121607778796,0.0557763658577456,70131001,7
10437003,2026.18534246575,31.6750766666667,64.118785,241,239.185600796749,19.0660457819909,4.9068946853484,36.6680098831402,208.14408241015,0.395820474105179,0.0285916495035851,0.0455966920947473,70131001,7
10437003,2026.18534246575,31.6750766666667,64.118785,243,241.177862787978,19.0538489470913,4.90576986445742,36.668581713636,208.27466226652,0.39536077973212,0.0274970480608635,0.0393473064944348,70131001,7
10437003,2026.18534246575,31.6750766666667,64.118785,245,243.153049657087,19.0477504266678,4.90524840605492,36.668835583038,208.055828825726,0.396035360243094,0.0269594084010283,0.0370329605503412,70131001,7
10437003,2026.18534246575,31.6750766666667,64.118785,247,245.128167064509,19.0470345446725,4.90522509590439,36.6685199162117,208.308192121926,0.395678286265185,0.025137139752774,0.0310240565214405,70131001,7
10437003,2026.18534246575,31.6750766666667,64.118785,249,247.126482486093,19.0420152205641,4.90467523378958,36.6675809171372,207.989580288789,0.395601082909278,0.0285385547010067,0.0277680050377873,70131001,7
10437003,2026.18534246575,31.6750766666667,64.118785,251,249.11298781027,19.0275992491104,4.90288280233353,36.6644980370783,206.604233590631,0.395329410248307,0.0289498902386449,0.0239782127923649,70131001,7
10437003,2026.18534246575,31.6750766666667,64.118785,253,251.086754774909,18.9730060995822,4.89592606953581,36.6534738000168,204.472763184658,0.39483245584053,0.024625513820865,0.0204386832244508,70131001,7
10437003,2026.18534246575,31.6750766666667,64.118785,255,253.070360656863,18.9489707256233,4.89289048945335,36.6484171088344,202.790252526926,0.393678114378627,0.0229028710712494,0.0145647898223368,70131001,7
10437003,2026.18534246575,31.6750766666667,64.118785,257,255.056650090089,18.926651772152,4.89002732867707,36.6432860310724,201.951905991781,0.393079702974554,0.0250047432993679,0.0147660283885496,70131001,7
10437003,2026.18534246575,31.6750766666667,64.118785,259,257.04931627095,18.9200727215569,4.88919387410604,36.6413290519356,201.107706849944,0.391909968604243,0.0181937251573735,0.00659890710533851,70131001,7
10437003,2026.18534246575,31.6750766666667,64.118785,261,259.018512827862,18.9016827163804,4.88681371206237,36.6367826482621,200.115533759543,0.391091560340334,0.024516881856938,0.0021792012035566,70131001,7
10437003,2026.18534246575,31.6750766666667,64.118785,263,261.005709991135,18.8676576717355,4.88272523782601,36.6316603230987,200.474955022318,0.389028075419145,0.0225689125960597,0.00259940563886033,70131001,7
10437003,2026.18534246575,31.6750766666667,64.118785,265,262.994783037134,18.8542655606795,4.88131037305275,36.6308229862814,200.173942051978,0.387771261619398,0.0330311119645223,0.000632880032756866,70131001,7
10437003,2026.18534246575,31.6750766666667,64.118785,267,264.978902403884,18.8474903071756,4.88062796090874,36.6303079180075,200.15579400064,0.388058709406723,0.0291374053491662,6.1275957831954e-05,70131001,7
10437003,2026.18534246575,31.6750766666667,64.118785,269,266.952458420099,18.8412405810553,4.88001309143208,36.6298973315922,200.595822587186,0.387791414585378,0.025021121788784,1e-12,70131001,7
10437003,2026.18534246575,31.6750766666667,64.118785,271,268.936245543807,18.826417013984,4.87846561323389,36.6292050992578,201.848192039281,0.387420853328496,0.0198630632596493,4.65771987870271e-05,70131001,7
10437003,2026.18534246575,31.6750766666667,64.118785,273,270.931965761744,18.8143676047259,4.87729512943517,36.6292380409663,201.422681975562,0.386804593732758,0.0161032548661856,1e-12,70131001,7
10437003,2026.18534246575,31.6750766666667,64.118785,275,272.914202087656,18.8082185761868,4.87667061266882,36.6286553590793,201.496553955648,0.387347334736211,0.0215582785376452,1e-12,70131001,7
10437003,2026.18534246575,31.6750766666667,64.118785,277,274.884906659231,18.7951754536393,4.87514647579223,36.6265792279058,201.42307683938,0.386796680381266,0.0182188925772725,4.97572323049221e-09,70131001,7
10437003,2026.18534246575,31.6750766666667,64.118785,279,276.872350346554,18.7711075478795,4.87236870573568,36.6236754775861,201.806548230984,0.385805628541673,0.0201713492029223,1e-12,70131001,7
10437003,2026.18534246575,31.6750766666667,64.118785,281,278.867313184686,18.764939327117,4.87173746366112,36.6230501232835,201.635228649066,0.386780088315285,0.0219404095748209,3.33972636924368e-12,70131001,7
10437003,2026.18534246575,31.6750766666667,64.118785,283,280.844994175381,18.7520957392147,4.87028852489605,36.6214269494827,201.776152661601,0.386174789905687,0.025052921149302,1.02018005295175e-12,70131001,7
10437003,2026.18534246575,31.6750766666667,64.118785,285,282.825046857028,18.7389506350792,4.86883915226585,36.6200660415546,201.970175206165,0.385899831526663,0.0201263379419404,9.99262661967816e-13,70131001,7
10437003,2026.18534246575,31.6750766666667,64.118785,287,284.809302339365,18.7298233274993,4.86785513024708,36.6190781720194,202.33725971307,0.386068427932883,0.017377865073644,9.99995238254139e-13,70131001,7
10437003,2026.18534246575,31.6750766666667,64.118785,289,286.791694298178,18.7229058091266,4.86711555986517,36.6181987242779,202.391255268684,0.386141361994592,0.0206659280424724,9.99999904345135e-13,70131001,7
10437003,2026.18534246575,31.6750766666667,64.118785,291,288.777057491702,18.7147533799209,4.86622300038404,36.6171192323161,202.891384104769,0.385814352845348,0.0231133320492581,1.00000000913411e-12,70131001,7
10437003,2026.18534246575,31.6750766666667,64.118785,293,290.764498413515,18.700393825538,4.86457873014175,36.6151806900366,202.288001379468,0.385863438380991,0.020789689507277,9.99999999208427e-13,70131001,7
10437003,2026.18534246575,31.6750766666667,64.118785,295,292.742015919942,18.6938717611512,4.86393064619311,36.6147230704944,202.456757796657,0.386078503287525,0.0166149089490718,1.00000000007662e-12,70131001,7
10437003,2026.18534246575,31.6750766666667,64.118785,297,294.718365163385,18.6876116950359,4.86328274841292,36.6140343254142,202.629790802,0.385618454332311,0.0246786684889172,9.99999999989004e-13,70131001,7
10437003,2026.18534246575,31.6750766666667,64.118785,299,296.714680005453,18.6762070280866,4.86196509010748,36.6122368958997,203.110709306005,0.38564517761453,0.0168903839600794,1.00000000000105e-12,70131001,7
10437003,2026.18534246575,31.6750766666667,64.118785,301,298.698319038849,18.6643747298163,4.86059038178962,36.6103338386253,202.463641963398,0.385806380356064,0.0178806890507322,1.00000000000002e-12,70131001,7
10437003,2026.18534246575,31.6750766666667,64.118785,303,300.671816954136,18.643791161497,4.85811206875261,36.6068427503919,202.19563155767,0.385830044418906,0.0189229292851573,1e-12,70131001,7
10437003,2026.18534246575,31.6750766666667,64.118785,305,302.658447864503,18.6163499473409,4.85484108157345,36.602712103795,202.733581877159,0.385777936104716,0.0152239169144197,1e-12,70131001,7
10437003,2026.18534246575,31.6750766666667,64.118785,307,304.644513020186,18.6025494837503,4.85327838178674,36.600953949003,203.026625252589,0.385759864903448,0.0191754154648604,1e-12,70131001,7
10437003,2026.18534246575,31.6750766666667,64.118785,309,306.626717881984,18.5900118152256,4.85182416048441,36.598992532747,202.975414272756,0.385945277754909,0.0179010890690426,1e-12,70131001,7
10437003,2026.18534246575,31.6750766666667,64.118785,311,308.606918600538,18.5765766257013,4.85026469915999,36.5969335949659,202.824340903736,0.385234838927827,0.012703615601751,1e-12,70131001,7
10437003,2026.18534246575,31.6750766666667,64.118785,313,310.593581550041,18.5676334064975,4.84922847905984,36.5953242896747,203.046911101275,0.385673279894865,0.0219914043726884,1e-12,70131001,7
10437003,2026.18534246575,31.6750766666667,64.118785,315,312.576174256805,18.555054447616,4.8477520706283,36.593206310136,202.997540819646,0.385238863756499,0.0253674157552744,1e-12,70131001,7
10437003,2026.18534246575,31.6750766666667,64.118785,317,314.552688075791,18.545360067495,4.84663570416869,36.5915816544073,202.905251394478,0.385138682942264,0.0195231558367273,1e-12,70131001,7
10437003,2026.18534246575,31.6750766666667,64.118785,319,316.544894790651,18.5438181845807,4.84653334677746,36.591325348988,202.822035815535,0.384881045706846,0.0138990749074549,1e-12,70131001,7
10437003,2026.18534246575,31.6750766666667,64.118785,321,318.52524117476,18.534387627829,4.84542727049253,36.5895524058411,202.641091395883,0.385483728966031,0.0146863064883382,1e-12,70131001,7
10437003,2026.18534246575,31.6750766666667,64.118785,323,320.503238436332,18.5077701434891,4.84219086683681,36.5849480632151,202.964196675323,0.384460739299784,0.0202288644731469,1e-12,70131001,7
10437003,2026.18534246575,31.6750766666667,64.118785,325,322.491000311155,18.4843092835342,4.83941231639483,36.581422943686,202.852985986787,0.384285728561431,0.0225722836546103,1e-12,70131001,7
10437003,2026.18534246575,31.6750766666667,64.118785,327,324.478642370335,18.4729002593183,4.83807088325388,36.5794002977651,202.935342584288,0.38455388572278,0.0199486772863428,1e-12,70131001,7
10437003,2026.18534246575,31.6750766666667,64.118785,329,326.452142010087,18.4580206296312,4.83634740704603,36.5772116906061,202.982700087481,0.384335634834399,0.0180336215603284,1e-12,70131001,7
10437003,2026.18534246575,31.6750766666667,64.118785,331,328.435375642517,18.4435627953636,4.83463540447416,36.5747431347136,203.094155040342,0.384342434434391,0.0166525248457559,1e-12,70131001,7
10437003,2026.18534246575,31.6750766666667,64.118785,333,330.421939010821,18.4352863665737,4.83368080086438,36.5732214335975,203.280321399639,0.384164160837666,0.0176775138178364,1e-12,70131001,7
10437003,2026.18534246575,31.6750766666667,64.118785,335,332.415650775495,18.4239109235067,4.83238930134975,36.5715870545214,203.306625048811,0.384174562600333,0.0258537520499996,1e-12,70131001,7
10437003,2026.18534246575,31.6750766666667,64.118785,337,334.381494850761,18.416149277648,4.83155856960945,36.5706601632161,203.556475474298,0.384451453574693,0.0254695730208949,1e-12,70131001,7
10437003,2026.18534246575,31.6750766666667,64.118785,339,336.36469826457,18.4140333488516,4.83151773764182,36.5714362295779,203.856392493994,0.384225332781375,0.0261890963948119,1e-12,70131001,7
10437003,2026.18534246575,31.6750766666667,64.118785,341,338.35951725903,18.4090412205545,4.83089956826493,36.5698556313545,203.569002535865,0.38433882806045,0.0214032315358272,1e-12,70131001,7
10437003,2026.18534246575,31.6750766666667,64.118785,343,340.342503794412,18.3929626364615,4.82887690146841,36.5661751067592,203.151392551288,0.384311156435402,0.0203850714453388,1e-12,70131001,7
10437003,2026.18534246575,31.6750766666667,64.118785,345,342.316869584506,18.3704348055771,4.82602123985503,36.5611296155124,201.893901497494,0.384330529259072,0.0170467406307213,1e-12,70131001,7
10437003,2026.18534246575,31.6750766666667,64.118785,347,344.301212815173,18.3412947924689,4.82231659973071,36.5547260922908,201.61698483591,0.384259354770113,0.0110357238351106,1e-12,70131001,7
10437003,2026.18534246575,31.6750766666667,64.118785,349,346.284703417704,18.3260919633799,4.82047044009024,36.5517553547703,201.256866336194,0.384259514580475,0.0244975779262374,1e-12,70131001,7
10437003,2026.18534246575,31.6750766666667,64.118785,351,348.269262495675,18.3170510292142,4.81945164209441,36.5503543620118,201.7731883888,0.384275911724738,0.0281708870777574,1e-12,70131001,7
10437003,2026.18534246575,31.6750766666667,64.118785,353,350.252930383397,18.3104952114726,4.81874222685574,36.5493796464467,201.880575742541,0.384206685535776,0.0189207441395328,1e-12,70131001,7
10437003,2026.18534246575,31.6750766666667,64.118785,355,352.228552844044,18.3067933106737,4.81846319761459,36.5495356494649,201.82647466987,0.384345621304012,0.0174581774887703,1e-12,70131001,7
10437003,2026.18534246575,31.6750766666667,64.118785,357,354.211775871003,18.3070917005245,4.81861516076555,36.5498079877324,201.201867761755,0.384269085392395,0.0183126575672891,1e-12,70131001,7
10437003,2026.18534246575,31.6750766666667,64.118785,359,356.20754212825,18.3058964708477,4.81855043625566,36.5495614730525,201.313550632974,0.38430691365912,0.0223466542302553,1e-12,70131001,7
10437003,2026.18534246575,31.6750766666667,64.118785,361,358.179517427772,18.3046859564157,4.81848538136471,36.5493258059755,201.353696276578,0.384565514734435,0.0175727375980197,1e-12,70131001,7
10437003,2026.18534246575,31.6750766666667,64.118785,363,360.157030587203,18.2920757621957,4.81696231089593,36.546797395721,201.493079341089,0.384329599070029,0.0237285015729772,1e-12,70131001,7
10437003,2026.18534246575,31.6750766666667,64.118785,365,362.148912733068,18.2824606374085,4.81580552351781,36.5447272745844,201.437975811407,0.384208218973486,0.017988292755209,1e-12,70131001,7
10437003,2026.18534246575,31.6750766666667,64.118785,367,364.134956928096,18.2685978821393,4.81417205023055,36.542368042082,201.193788476054,0.384235088060348,0.0216008639960578,1e-12,70131001,7
10437003,2026.18534246575,31.6750766666667,64.118785,369,366.112293481802,18.2676394955832,4.81411544108611,36.5419798464468,201.136168459333,0.384269686421823,0.0191484737659183,1e-12,70131001,7
10437003,2026.18534246575,31.6750766666667,64.118785,371,368.091871333688,18.2628304810945,4.81355712479718,36.5407368559216,201.182315215873,0.384231476574174,0.0225731151504135,1e-12,70131001,7
10437003,2026.18534246575,31.6750766666667,64.118785,373,370.077214185613,18.25437410058,4.81260899720354,36.5394127367546,201.012770794332,0.384311075998294,0.0184444918455552,1e-12,70131001,7
10437003,2026.18534246575,31.6750766666667,64.118785,375,372.062727169059,18.2505300210875,4.81219365532137,36.5385307551653,200.962231743983,0.384196835219375,0.0194177137952213,1e-12,70131001,7
10437003,2026.18534246575,31.6750766666667,64.118785,377,374.035183244872,18.2495527615149,4.81237205234015,36.5401655080995,201.672477302433,0.384260253115327,0.0220047509270157,1e-12,70131001,7
10437003,2026.18534246575,31.6750766666667,64.118785,379,376.022741342007,18.2476763475174,4.81235875224128,36.540964340409,201.909143018292,0.384154791843457,0.0225394858331253,1e-12,70131001,7
10437003,2026.18534246575,31.6750766666667,64.118785,381,378.014687689269,18.2417876208653,4.81164101854833,36.5393205533637,201.29224293004,0.384144575235724,0.0202799744907438,1e-12,70131001,7
10437003,2026.18534246575,31.6750766666667,64.118785,383,379.990069554089,18.2183601621943,4.80875190678936,36.5347463878105,201.344150320046,0.384165865249712,0.0124931194710967,1e-12,70131001,7
10437003,2026.18534246575,31.6750766666667,64.118785,385,381.960456277956,18.1960623634124,4.80594223810596,36.5298384316209,200.811935444882,0.383912542901903,0.0218155888337279,1e-12,70131001,7
10437003,2026.18534246575,31.6750766666667,64.118785,387,383.952137633899,18.187176126805,4.8049061679958,36.5281386038845,200.594246439031,0.383760420448524,0.0194925072044295,1e-12,70131001,7
10437003,2026.18534246575,31.6750766666667,64.118785,389,385.945066386029,18.183480451657,4.80454293715471,36.5275670401005,200.592439906236,0.384076732765951,0.0179589760617872,1e-12,70131001,7
10437003,2026.18534246575,31.6750766666667,64.118785,391,387.920573222532,18.182071489297,4.8044606889884,36.5273606454877,201.153651525369,0.383859909637382,0.0168338915482008,1e-12,70131001,7
10437003,2026.18534246575,31.6750766666667,64.118785,393,389.894836302484,18.1800461954053,4.80482864954615,36.5315512176803,202.055926644989,0.384195723658414,0.0167979068925284,1e-12,70131001,7
10437003,2026.18534246575,31.6750766666667,64.118785,395,391.88570319908,18.1720958015753,4.80398469383816,36.5306597463737,201.450273988111,0.383744661391923,0.0155383714750034,1e-12,70131001,7
10437003,2026.18534246575,31.6750766666667,64.118785,397,393.87514847121,18.1394435250401,4.79997288585552,36.524680665382,200.585353383232,0.383735319074311,0.0212396764168272,1e-12,70131001,7
10437003,2026.18534246575,31.6750766666667,64.118785,399,395.841012842638,18.123932689409,4.7981605788857,36.5222385572918,200.644329801137,0.384033510585557,0.0200937755096556,1e-12,70131001,7
10437003,2026.18534246575,31.6750766666667,64.118785,401,397.825309032347,18.1227799459547,4.79820722303241,36.5229058977472,201.845630421523,0.383485407263347,0.0209022390630145,1e-12,70131001,7
10437003,2026.18534246575,31.6750766666667,64.118785,403,399.818938530965,18.1206040440174,4.79821295392416,36.5241353763988,202.405884916548,0.38356831430704,0.0192259172398658,1e-12,70131001,7
10437003,2026.18534246575,31.6750766666667,64.118785,405,401.800956450369,18.1077071789223,4.79683207473526,36.5230522621986,202.708964553069,0.383569405128183,0.0156130770163216,1e-12,70131001,7
10437003,2026.18534246575,31.6750766666667,64.118785,407,403.770255351676,18.1008133304572,4.79616594332236,36.5227361139715,203.187522837105,0.383569542332045,0.0201066295986089,1e-12,70131001,7
10437003,2026.18534246575,31.6750766666667,64.118785,409,405.753663550688,18.098270395426,4.79619573128513,36.5244990769613,204.127184769555,0.383536959683464,0.0200578348099127,1e-12,70131001,7
10437003,2026.18534246575,31.6750766666667,64.118785,411,407.743079072691,18.0987925409061,4.79640172854885,36.5250386363286,205.772429537283,0.383581464269654,0.0189334239837686,1e-12,70131001,7
10437003,2026.18534246575,31.6750766666667,64.118785,413,409.732058502424,18.1023842090515,4.79719701225417,36.5278865832638,205.658419872316,0.383867260298849,0.0222422429987342,1e-12,70131001,7
10437003,2026.18534246575,31.6750766666667,64.118785,415,411.70056708139,18.0995303948957,4.7969633225335,36.5276716453581,205.721898555344,0.384055704788794,0.0244524963085624,1e-12,70131001,7
10437003,2026.18534246575,31.6750766666667,64.118785,417,413.689272187864,18.0915144435929,4.79599482934593,36.525767557073,205.584026277718,0.383577776334626,0.0215845492122191,1e-12,70131001,7
10437003,2026.18534246575,31.6750766666667,64.118785,419,415.670309720304,18.0770010520617,4.79420146154877,36.5225913157857,205.446332964865,0.383904192347972,0.0210093941985565,1e-12,70131001,7
10437003,2026.18534246575,31.6750766666667,64.118785,421,417.654225310525,18.0645524481391,4.79268910387049,36.519978433493,205.196699828605,0.383475554239421,0.0222753250173928,1e-12,70131001,7
10437003,2026.18534246575,31.6750766666667,64.118785,423,419.63532020443,18.0524448069098,4.79119397241029,36.5172066983367,204.019542393392,0.38379424036417,0.0247567247155325,1e-12,70131001,7
10437003,2026.18534246575,31.6750766666667,64.118785,425,421.615275899484,18.026657431047,4.78793049479317,36.5114755265329,202.699735489802,0.383421042019316,0.0215076263204787,1e-12,70131001,7
10437003,2026.18534246575,31.6750766666667,64.118785,427,423.597100493759,17.9866049597068,4.78279488967373,36.5024023178713,200.972997305914,0.383814846775771,0.02293490007944,1e-12,70131001,7
10437003,2026.18534246575,31.6750766666667,64.118785,429,425.582446933585,17.955827706231,4.77890196659258,36.4956955595914,200.282399939469,0.383203179656657,0.0258607612347627,1e-12,70131001,7
10437003,2026.18534246575,31.6750766666667,64.118785,431,427.56140493229,17.9189372164931,4.77419322402814,36.4874233144246,198.970005670852,0.383063860129797,0.0221407842826349,1e-12,70131001,7
10437003,2026.18534246575,31.6750766666667,64.118785,433,429.547393669338,17.8890301632232,4.77043803760962,36.4810938376823,197.79568450925,0.382620696999994,0.0203464615898024,1e-12,70131001,7
10437003,2026.18534246575,31.6750766666667,64.118785,435,431.526890813358,17.8491022219338,4.76543427482564,36.4729590420658,196.498982210848,0.383478027867412,0.0248301053103007,1e-12,70131001,7
10437003,2026.18534246575,31.6750766666667,64.118785,437,433.500276216711,17.7724175884191,4.75584026143248,36.4581215621104,195.573264353559,0.383326111437201,0.0242689246192321,1e-12,70131001,7
10437003,2026.18534246575,31.6750766666667,64.118785,439,435.488865929121,17.7580451235376,4.75411571796481,36.4553437257177,195.511095425713,0.383410515557943,0.0272854441039454,1e-12,70131001,7
10437003,2026.18534246575,31.6750766666667,64.118785,441,437.47909892524,17.7456327701862,4.75262790521565,36.4528534676799,195.720799825039,0.383341193411339,0.0259683907187554,1e-12,70131001,7
10437003,2026.18534246575,31.6750766666667,64.118785,443,439.456727447566,17.735256030411,4.75139565928109,36.4507447390959,195.183146257976,0.383931531925001,0.0219409670076355,1e-12,70131001,7
10437003,2026.18534246575,31.6750766666667,64.118785,445,441.427957321015,17.6920999158674,4.74600619713994,36.4420845009133,194.106203570866,0.383441390430049,0.0230809379359073,1e-12,70131001,7
10437003,2026.18534246575,31.6750766666667,64.118785,447,443.421394301351,17.6402105931054,4.73961035011855,36.4325198757229,193.716784648519,0.383234261283266,0.0219879753875776,1e-12,70131001,7
10437003,2026.18534246575,31.6750766666667,64.118785,449,445.40578901322,17.6188673580875,4.7370509326073,36.4287421417319,193.289774804184,0.383334273778286,0.0192568278687969,1e-12,70131001,7
10437003,2026.18534246575,31.6750766666667,64.118785,451,447.379647207082,17.6158376832928,4.73674046395908,36.4280068379748,193.179896469013,0.383891120240231,0.0223079163062801,1e-12,70131001,7
10437003,2026.18534246575,31.6750766666667,64.118785,453,449.363632399797,17.6072557131927,4.73567297650727,36.4256969537993,192.541446747649,0.383967462566709,0.0193011818308371,1e-12,70131001,7
10437003,2026.18534246575,31.6750766666667,64.118785,455,451.342427812935,17.5729995211921,4.73146965294196,36.4192518791411,191.726186225321,0.383728436728938,0.0186745798794069,1e-12,70131001,7
10437003,2026.18534246575,31.6750766666667,64.118785,457,453.326705834644,17.5353791442333,4.72680992002976,36.4118526183726,191.046878524554,0.383500880343961,0.0216444371525325,1e-12,70131001,7
10437003,2026.18534246575,31.6750766666667,64.118785,459,455.31421902481,17.4888102848931,4.72111590840842,36.403490163968,190.644534505312,0.383258214101449,0.0206473414663624,1e-12,70131001,7
10437003,2026.18534246575,31.6750766666667,64.118785,461,457.288155360375,17.4188262015624,4.71251995607673,36.3909176225108,189.52349546816,0.383946616268884,0.02372561569161,1e-12,70131001,7
10437003,2026.18534246575,31.6750766666667,64.118785,463,459.270265368217,17.3861487160353,4.7085531413916,36.385025757308,189.215550503559,0.384205681015778,0.017853765773781,1e-12,70131001,7
10437003,2026.18534246575,31.6750766666667,64.118785,465,461.256204940323,17.3787180044924,4.70765050531508,36.3830858035314,188.68389132646,0.384228856359621,0.0157797321678508,1e-12,70131001,7
10437003,2026.18534246575,31.6750766666667,64.118785,467,463.231027742775,17.3231824303859,4.70082952739396,36.3728744888616,187.937577545618,0.383877362141113,0.0207716596788184,1e-12,70131001,7
10437003,2026.18534246575,31.6750766666667,64.118785,469,465.220028976472,17.2796429961165,4.69545165342191,36.3644086397215,187.269638861259,0.383905227846595,0.0168395357693729,1e-12,70131001,7
10437003,2026.18534246575,31.6750766666667,64.118785,471,467.202622618765,17.2340785846163,4.69001528256524,36.357230665245,186.632305259167,0.384142009752104,0.0209252410467667,1e-12,70131001,7
10437003,2026.18534246575,31.6750766666667,64.118785,473,469.177950656075,17.1859477383074,4.68415914033349,36.3486712624065,185.789503669545,0.384229699188396,0.0227035566311688,1e-12,70131001,7
10437003,2026.18534246575,31.6750766666667,64.118785,475,471.157639127592,17.1399844603788,4.67857449146663,36.3405045619815,185.748021091835,0.384886888850198,0.0223782011851144,1e-12,70131001,7
10437003,2026.18534246575,31.6750766666667,64.118785,477,473.146850833104,17.1223360072336,4.67641230036026,36.3367277732311,185.044783639026,0.384495024841191,0.0291505779399281,1e-12,70131001,7
10437003,2026.18534246575,31.6750766666667,64.118785,479,475.125912465287,17.0915057913653,4.67272019684481,36.3314418511247,184.658082172764,0.384249711266538,0.0196708092525033,1e-12,70131001,7
10437003,2026.18534246575,31.6750766666667,64.118785,481,477.106082724142,17.0408738895713,4.66658914910967,36.3226349413881,184.180561623268,0.384452772793963,0.0180947835893902,1e-12,70131001,7
10437003,2026.18534246575,31.6750766666667,64.118785,483,479.091304794793,16.9974594233655,4.66132673250641,36.314901418387,183.586373403213,0.38485130410131,0.021259723122137,1e-12,70131001,7
10437003,2026.18534246575,31.6750766666667,64.118785,485,481.065724490039,16.9497168622467,4.65552715833112,36.3063374119436,183.204407308384,0.385063417218714,0.0251765523119316,1e-12,70131001,7
10437003,2026.18534246575,31.6750766666667,64.118785,487,483.047621408964,16.9177507513895,4.65161303517458,36.3000563369556,182.969632868621,0.384508135605491,0.0176144280226098,1e-12,70131001,7
10437003,2026.18534246575,31.6750766666667,64.118785,489,485.037127673778,16.8981030470692,4.64928271977905,36.296553149696,182.744120656635,0.384707103039082,0.0204982468706819,1e-12,70131001,7
10437003,2026.18534246575,31.6750766666667,64.118785,491,487.015861771636,16.878234856763,4.64696114968564,36.2933202835836,182.392589921306,0.38559529707073,0.0210838061352195,1e-12,70131001,7
10437003,2026.18534246575,31.6750766666667,64.118785,493,488.987840184285,16.8520307651603,4.64384316955015,36.2888031110917,181.689346025387,0.385051571827847,0.0262505638313052,1e-12,70131001,7
10437003,2026.18534246575,31.6750766666667,64.118785,495,490.975549986357,16.8323927989863,4.64147521355559,36.2849435334731,181.599686064174,0.384580599807437,0.0261543074720755,1e-12,70131001,7
10437003,2026.18534246575,31.6750766666667,64.118785,497,492.969786705527,16.7827838347907,4.63553272576056,36.2766951007691,181.902464215157,0.384309746979157,0.0254871308252369,1e-12,70131001,7
10437003,2026.18534246575,31.6750766666667,64.118785,499,494.930014244636,16.7607239939541,4.63285534035181,36.2722751865328,180.996489245521,0.385486647309195,0.0184628449803434,1e-12,70131001,7
10437003,2026.18534246575,31.6750766666667,64.118785,501,496.921958378022,16.6111244021088,4.61472885987916,36.2469150077242,180.60173631507,0.384035358818991,0.0165903253150627,1e-12,70131001,7
10437004,2026.18559741248,31.6785266666667,64.0980466666667,5,4.95170024174053,20.9053772688692,5.11377966617585,36.8543781919535,221.551717756207,0.448266843175626,0.036778431372549,1501.11326886919,70131002,7
10437004,2026.18559741248,31.6785266666667,64.0980466666667,7,6.95599398552675,20.8793413893182,5.11103519064656,36.8539369604306,222.015966433856,0.447269019071719,0.0326463739252927,1024.07821508206,70131002,7
10437004,2026.18559741248,31.6785266666667,64.0980466666667,9,8.93165847640743,20.8384670756155,5.10671159880696,36.8535351502325,221.933538918581,0.449037020339216,0.0479116228739064,840.005536073081,70131002,7
10437004,2026.18559741248,31.6785266666667,64.0980466666667,11,10.9245316954046,20.8021255069933,5.10279286832637,36.8524848193125,221.900254908918,0.450793955773276,0.0409439340068011,793.450774205319,70131002,7
10437004,2026.18559741248,31.6785266666667,64.0980466666667,13,12.9071531638007,20.8013000251577,5.10276206513839,36.8522146285481,222.084406054479,0.44983522193723,0.0447987480915696,642.255716349508,70131002,7
10437004,2026.18559741248,31.6785266666667,64.0980466666667,15,14.8968059744023,20.8000934103378,5.10270808864937,36.8520866852795,222.073868689389,0.450092586034849,0.0473214731566541,604.463453311208,70131002,7
10437004,2026.18559741248,31.6785266666667,64.0980466666667,17,16.8791121105866,20.7927580493035,5.10191758385584,36.8512892733486,222.090118486316,0.44974177547697,0.0479853803806072,531.386345584509,70131002,7
10437004,2026.18559741248,31.6785266666667,64.0980466666667,19,18.8700367774562,20.7773528415365,5.10004590027908,36.8487025275025,221.833145846626,0.449101192646861,0.0518220846313061,511.734298105276,70131002,7
10437004,2026.18559741248,31.6785266666667,64.0980466666667,21,20.8487683995668,20.7530703323795,5.0971176953417,36.8452251629145,221.127770678574,0.448529658033049,0.0500925177642397,461.057388256477,70131002,7
10437004,2026.18559741248,31.6785266666667,64.0980466666667,23,22.8407904293628,20.7486775306499,5.09680950634078,36.8457943311351,221.507430909722,0.449562669366882,0.0580805431349704,415.797160337743,70131002,7
10437004,2026.18559741248,31.6785266666667,64.0980466666667,25,24.8231073614836,20.7410389485343,5.09611097104609,36.8460053473871,221.394265047114,0.449808034095103,0.052547876902128,379.995936004878,70131002,7
10437004,2026.18559741248,31.6785266666667,64.0980466666667,27,26.8103165720388,20.7287677130776,5.09495947621047,36.8465522094444,221.867729713317,0.448313187919048,0.0509885922940499,348.868731641331,70131002,7
10437004,2026.18559741248,31.6785266666667,64.0980466666667,29,28.8055113551626,20.721684444498,5.0943753557812,36.8472119463245,221.925017511591,0.448294812584689,0.0526408399758606,318.069245334487,70131002,7
10437004,2026.18559741248,31.6785266666667,64.0980466666667,31,30.7763349887147,20.7118986158615,5.09342806213895,36.8472620035859,221.857605915754,0.449941088709861,0.057505428354601,295.146417328523,70131002,7
10437004,2026.18559741248,31.6785266666667,64.0980466666667,33,32.7756321210522,20.7106988302045,5.09337512641694,36.847136357269,222.370013563143,0.449681391951386,0.0641943177544279,280.438167038265,70131002,7
10437004,2026.18559741248,31.6785266666667,64.0980466666667,35,34.7481876434634,20.7056546935552,5.09289039843351,36.8468339208703,222.191655378141,0.450617224451528,0.0636643118244733,243.828349397843,70131002,7
10437004,2026.18559741248,31.6785266666667,64.0980466666667,37,36.7487327606684,20.6942012162207,5.09180482747485,36.8472057943727,221.565171591753,0.450803628772862,0.0649832873975029,215.987952550304,70131002,7
10437004,2026.18559741248,31.6785266666667,64.0980466666667,39,38.7216459766578,20.6832156451806,5.09073163214185,36.8472714149771,221.869251741564,0.450196669786266,0.0609032796537433,207.651528465942,70131002,7
10437004,2026.18559741248,31.6785266666667,64.0980466666667,41,40.7108498640417,20.6734542925122,5.08973043759999,36.8468593263446,221.760736012773,0.450432343824669,0.0615440726646491,189.572233478633,70131002,7
10437004,2026.18559741248,31.6785266666667,64.0980466666667,43,42.7015500848585,20.6706824322729,5.08948913409996,36.8465649200479,221.368027258092,0.45060062782305,0.0695583076217651,172.356731859199,70131002,7
10437004,2026.18559741248,31.6785266666667,64.0980466666667,45,44.6770929113594,20.662559708446,5.08865278054598,36.846071390375,221.257924288872,0.451842398636493,0.0782279509365632,155.485986693852,70131002,7
10437004,2026.18559741248,31.6785266666667,64.0980466666667,47,46.6685641819259,20.6587914415622,5.08831613937902,36.8458658238415,221.503462650422,0.451913138622825,0.0770814118528208,146.690553356459,70131002,7
10437004,2026.18559741248,31.6785266666667,64.0980466666667,49,48.6535172457601,20.6583861587718,5.0883602147379,36.8458404802811,221.655564512505,0.45202976584253,0.0879704019966303,130.388878761771,70131002,7
10437004,2026.18559741248,31.6785266666667,64.0980466666667,51,50.6397465573279,20.6519623940588,5.08772367993147,36.8454984914562,221.691476594328,0.45165943122587,0.0857244385091281,120.625059045071,70131002,7
10437004,2026.18559741248,31.6785266666667,64.0980466666667,53,52.6267081864948,20.6459210227582,5.08714219089858,36.8452727065542,221.363195710362,0.449812619642544,0.089912914644443,114.476763497007,70131002,7
10437004,2026.18559741248,31.6785266666667,64.0980466666667,55,54.6083614929844,20.6383049915949,5.08640289039985,36.8451288681611,221.300981897818,0.448978682628339,0.0934256657645615,97.2228997715694,70131002,7
10437004,2026.18559741248,31.6785266666667,64.0980466666667,57,56.5970822208266,20.631995140972,5.08575080733349,36.844560406517,220.81781277391,0.447487340089255,0.0925875327717317,88.7771190111893,70131002,7
10437004,2026.18559741248,31.6785266666667,64.0980466666667,59,58.5803628998179,20.6280068091786,5.08535152404049,36.8440349515361,221.293979621205,0.448675904028583,0.100398119999373,82.6672411234968,70131002,7
10437004,2026.18559741248,31.6785266666667,64.0980466666667,61,60.5705759218956,20.6236649547782,5.08493380156307,36.8436663857126,221.132086267629,0.44825557354765,0.0961042604215795,75.942589628266,70131002,7
10437004,2026.18559741248,31.6785266666667,64.0980466666667,63,62.5529416325224,20.5959158164897,5.08177796363666,36.8413138264419,220.718777400284,0.447052262708112,0.0977887310954971,69.8307189026568,70131002,7
10437004,2026.18559741248,31.6785266666667,64.0980466666667,65,64.5393625612042,20.5524641592483,5.07690215179141,36.8385727654745,220.101443105612,0.446893755940226,0.110286314522499,63.6798287666319,70131002,7
10437004,2026.18559741248,31.6785266666667,64.0980466666667,67,66.5237906279696,20.5398029956746,5.07549980777526,36.8373992547269,220.174225000544,0.448339678525798,0.135248896158255,57.5009737778304,70131002,7
10437004,2026.18559741248,31.6785266666667,64.0980466666667,69,68.5113853674275,20.5356488590785,5.07509665519261,36.836983304573,219.937206153978,0.449443726986362,0.133925555333374,52.0779894684348,70131002,7
10437004,2026.18559741248,31.6785266666667,64.0980466666667,71,70.4934643903524,20.532938794862,5.07485626558006,36.8366402742629,220.347558339858,0.450184673135739,0.148516397149797,47.0783297927282,70131002,7
10437004,2026.18559741248,31.6785266666667,64.0980466666667,73,72.4823368770589,20.5316463013369,5.07479226602959,36.8365046376723,219.58081232351,0.449643164505784,0.15793732553358,42.1783587020392,70131002,7
10437004,2026.18559741248,31.6785266666667,64.0980466666667,75,74.4612268749562,20.5301324616737,5.07469810888717,36.8363153150484,219.605693441654,0.450630084645774,0.159414099456732,38.2319498148502,70131002,7
10437004,2026.18559741248,31.6785266666667,64.0980466666667,77,76.4573910253122,20.528333584103,5.07457526237338,36.8361397385779,219.66087070395,0.451905984020655,0.156028597973848,34.5295781108588,70131002,7
10437004,2026.18559741248,31.6785266666667,64.0980466666667,79,78.4288905510011,20.5238768671261,5.074105240799,36.8354407778952,220.112690550668,0.449441530207958,0.166443266576408,31.0546239586225,70131002,7
10437004,2026.18559741248,31.6785266666667,64.0980466666667,81,80.4251657534893,20.5205934455916,5.07377883522093,36.8348940337641,219.88444357127,0.448517317922877,0.167423065609686,27.7932957710152,70131002,7
10437004,2026.18559741248,31.6785266666667,64.0980466666667,83,82.4034938074645,20.5086454548453,5.0723133582322,36.8325796961625,219.969304923326,0.44784623550568,0.166535651671704,25.361082153273,70131002,7
10437004,2026.18559741248,31.6785266666667,64.0980466666667,85,84.3918804693225,20.5028223805338,5.07176600928097,36.8324375533484,219.913762499994,0.446130860153756,0.16777186784198,22.6702867214372,70131002,7
10437004,2026.18559741248,31.6785266666667,64.0980466666667,87,86.3763760112663,20.5033040208705,5.07201767884704,36.8333380807088,219.744697943159,0.443780237760811,0.168870231350214,20.3742496894482,70131002,7
10437004,2026.18559741248,31.6785266666667,64.0980466666667,89,88.3686357752857,20.4952759787702,5.07111373385522,36.8322000896767,219.872015948404,0.442463647823021,0.177040039785115,18.4410397212117,70131002,7
10437004,2026.18559741248,31.6785266666667,64.0980466666667,91,90.3473617388105,20.4848478636838,5.06991259242465,36.8307212005806,219.195974818786,0.439111476013589,0.171064348423821,16.5096500818356,70131002,7
10437004,2026.18559741248,31.6785266666667,64.0980466666667,93,92.3344884976946,20.4646522243175,5.06735384938624,36.8266423759278,218.908559790397,0.4365404657332,0.169391813376191,14.9416987824838,70131002,7
10437004,2026.18559741248,31.6785266666667,64.0980466666667,95,94.3170892899819,20.4743938603066,5.06919161403459,36.8324531072413,218.177918074573,0.431463163356238,0.160102479278696,13.4947067352925,70131002,7
10437004,2026.18559741248,31.6785266666667,64.0980466666667,97,96.3038439050612,20.4754704249558,5.06974728530515,36.8353226357934,217.720113696065,0.429814860328943,0.153689075730142,12.2798485120216,70131002,7
10437004,2026.18559741248,31.6785266666667,64.0980466666667,99,98.2855643803262,20.4630718073195,5.06853736278063,36.8354871773955,217.64521352074,0.428815382681877,0.153529914114871,11.2534403519424,70131002,7
10437004,2026.18559741248,31.6785266666667,64.0980466666667,101,100.281860390486,20.4447332038256,5.06653295591763,36.8343245900694,217.359162851722,0.426978646372101,0.148849063778637,10.20635042207,70131002,7
10437004,2026.18559741248,31.6785266666667,64.0980466666667,103,102.255247301944,20.4078291152774,5.06226413092778,36.8307997080174,216.542611136312,0.426747178876421,0.142335968237823,9.27251194805238,70131002,7
10437004,2026.18559741248,31.6785266666667,64.0980466666667,105,104.24776740627,20.3850291005273,5.05973135620884,36.8291893742701,216.068511057713,0.425310871787937,0.139622023523536,8.49041013965037,70131002,7
10437004,2026.18559741248,31.6785266666667,64.0980466666667,107,106.228852581538,20.3473906904095,5.05552638149952,36.8268080179687,215.532127545732,0.425394995281656,0.136196261891862,7.78025009896593,70131002,7
10437004,2026.18559741248,31.6785266666667,64.0980466666667,109,108.216814122975,20.3048281513439,5.05061156775722,36.8228879169012,214.905350050008,0.423726906078125,0.126358421702514,7.10725116338402,70131002,7
10437004,2026.18559741248,31.6785266666667,64.0980466666667,111,110.199537510011,20.2497066589867,5.04386789504662,36.8148953311681,214.675510281936,0.421546798214836,0.122630923611174,6.48398609717212,70131002,7
10437004,2026.18559741248,31.6785266666667,64.0980466666667,113,112.184601349059,20.2355760630744,5.04215608383573,36.8124307092794,215.280364751379,0.418955053606229,0.133078958868928,5.96199755235392,70131002,7
10437004,2026.18559741248,31.6785266666667,64.0980466666667,115,114.172659228277,20.2318635008299,5.04175273096038,36.8116178429734,214.749647489485,0.417923280780533,0.124579986300907,5.49617759937308,70131002,7
10437004,2026.18559741248,31.6785266666667,64.0980466666667,117,116.152339612487,20.2248097532021,5.04083467670679,36.8094927789331,214.857000780386,0.417650663756234,0.121784134827101,5.03966328477558,70131002,7
10437004,2026.18559741248,31.6785266666667,64.0980466666667,119,118.141351700701,20.2037090804607,5.03820461081022,36.8055609851856,214.269751517252,0.416806836538268,0.114936375460149,4.63422867679492,70131002,7
10437004,2026.18559741248,31.6785266666667,64.0980466666667,121,120.124925449394,20.1271561633382,5.02876479108348,36.7940347237919,213.970467994688,0.415650550069705,0.101825675012375,4.26938301281462,70131002,7
10437004,2026.18559741248,31.6785266666667,64.0980466666667,123,122.110385741226,20.0503312925577,5.01964069481647,36.7852952370388,213.876627294443,0.412555094995254,0.0995182168073259,3.9316743102849,70131002,7
10437004,2026.18559741248,31.6785266666667,64.0980466666667,125,124.09443893728,19.9868831740026,5.01223881700166,36.7790001370039,213.531819885836,0.410771509597002,0.0982471623499808,3.63371056618459,70131002,7
10437004,2026.18559741248,31.6785266666667,64.0980466666667,127,126.079483902206,19.9491700046927,5.00786655378599,36.7751648971163,213.421929896499,0.411098929438925,0.102864869891686,3.35417358932275,70131002,7
10437004,2026.18559741248,31.6785266666667,64.0980466666667,129,128.064016226307,19.8977615363689,5.00180670364354,36.7693601164194,212.928759924002,0.40985148116136,0.101171269542914,3.10838810623862,70131002,7
10437004,2026.18559741248,31.6785266666667,64.0980466666667,131,130.050920848493,19.8494401984929,4.99601002814763,36.7630020095973,213.100984917972,0.409257323273671,0.098866711242285,2.86748769465665,70131002,7
10437004,2026.18559741248,31.6785266666667,64.0980466666667,133,132.027223294266,19.7725463435658,4.98701926690836,36.7552141445568,213.186987345378,0.409021836985763,0.0988754719850146,2.66314081167961,70131002,7
10437004,2026.18559741248,31.6785266666667,64.0980466666667,135,134.02478347445,19.7379645508149,4.98307507758247,36.7521030432449,213.904308899775,0.408452349284648,0.0998469452132376,2.46049868772164,70131002,7
10437004,2026.18559741248,31.6785266666667,64.0980466666667,137,135.99965213684,19.7035538466492,4.97910321459787,36.7486021188023,213.287401268659,0.407386283577099,0.0953826789964746,2.26939391597594,70131002,7
10437004,2026.18559741248,31.6785266666667,64.0980466666667,139,137.991356640871,19.6645887169329,4.97440836437325,36.7430840138927,212.39071561842,0.407172979727377,0.0953989721721668,2.09523643445902,70131002,7
10437004,2026.18559741248,31.6785266666667,64.0980466666667,141,139.966533662032,19.6107043580324,4.96742944182483,36.7316675528504,209.932350202192,0.404836173391014,0.076471964169342,1.94227458295795,70131002,7
10437004,2026.18559741248,31.6785266666667,64.0980466666667,143,141.96484475601,19.5635145304314,4.96163380372226,36.7241730288761,208.741304795843,0.404128282907341,0.0797920185586825,1.80478351334475,70131002,7
10437004,2026.18559741248,31.6785266666667,64.0980466666667,145,143.9325544212,19.5319165928467,4.95772997858861,36.7187013560303,206.948338331594,0.40381404652157,0.083340639279365,1.66256334273856,70131002,7
10437004,2026.18559741248,31.6785266666667,64.0980466666667,147,145.930564168661,19.4790409019171,4.95126637913377,36.7105983158857,206.415833557577,0.403352416531713,0.0874095488425015,1.55415004868982,70131002,7
10437004,2026.18559741248,31.6785266666667,64.0980466666667,149,147.913254354945,19.4647569681271,4.94961783042457,36.7086687111769,207.573039925766,0.402968954687928,0.0711355898920909,1.4304564311749,70131002,7
10437004,2026.18559741248,31.6785266666667,64.0980466666667,151,149.900064290276,19.4408263574943,4.9473369975053,36.7099556490069,209.926965093899,0.400921591010953,0.0580216120210603,1.32365926041089,70131002,7
10437004,2026.18559741248,31.6785266666667,64.0980466666667,153,151.882811938792,19.4483952872437,4.94933244714375,36.7191924342535,212.702459064763,0.401841242701822,0.0667277666001228,1.22457562365483,70131002,7
10437004,2026.18559741248,31.6785266666667,64.0980466666667,155,153.863068608558,19.4178224708084,4.94659244692135,36.7225006180159,216.138532714925,0.403033459529533,0.0745145411552465,1.14078788925609,70131002,7
10437004,2026.18559741248,31.6785266666667,64.0980466666667,157,155.851319816419,19.4062264089978,4.94575982308265,36.7250140629506,217.886296836125,0.405704956220035,0.077028092747763,1.08006982606478,70131002,7
10437004,2026.18559741248,31.6785266666667,64.0980466666667,159,157.838971135546,19.3977585111123,4.94489602173313,36.7245103804525,217.505755600919,0.40671574664801,0.06942639097512,1.00346711333669,70131002,7
10437004,2026.18559741248,31.6785266666667,64.0980466666667,161,159.817740554373,19.3935522223916,4.94453974343704,36.7244899201667,218.124725599514,0.407391415682821,0.0663313338400217,0.916600774250558,70131002,7
10437004,2026.18559741248,31.6785266666667,64.0980466666667,163,161.807987645446,19.3911507407488,4.94451129508379,36.7256174698458,218.635677112022,0.405345169454284,0.0731745079606359,0.854280989250027,70131002,7
10437004,2026.18559741248,31.6785266666667,64.0980466666667,165,163.787822566964,19.3886816394307,4.94438692666028,36.7260033230448,219.039974756058,0.405694487341235,0.0666053879413187,0.800673395187134,70131002,7
10437004,2026.18559741248,31.6785266666667,64.0980466666667,167,165.774366623964,19.3857751918804,4.94415996094059,36.7259175641636,218.910640715329,0.407520885990473,0.0624508330448294,0.742028059177482,70131002,7
10437004,2026.18559741248,31.6785266666667,64.0980466666667,169,167.75494740667,19.3872662466224,4.94452472763887,36.7268994256647,219.196146857625,0.404877328417016,0.0591003653852788,0.68693402957602,70131002,7
10437004,2026.18559741248,31.6785266666667,64.0980466666667,171,169.746757967339,19.3883143190518,4.94475378381308,36.7271379751636,218.697984973101,0.405441744696713,0.0588091725735689,0.640743340053299,70131002,7
10437004,2026.18559741248,31.6785266666667,64.0980466666667,173,171.718296124975,19.3846565079448,4.9444414503478,36.7270015488394,219.17913781959,0.404588461948438,0.0577824625475259,0.59611423502203,70131002,7
10437004,2026.18559741248,31.6785266666667,64.0980466666667,175,173.715661378238,19.3718641957864,4.94298770386497,36.7253798531973,218.970855530543,0.404419851216835,0.0588826156240621,0.556422768962795,70131002,7
10437004,2026.18559741248,31.6785266666667,64.0980466666667,177,175.693562809476,19.3641864712684,4.9421030438594,36.7240039223004,219.009709854325,0.406116552216731,0.0549471883806688,0.521053989404434,70131002,7
10437004,2026.18559741248,31.6785266666667,64.0980466666667,179,177.68136588659,19.3603484663752,4.94170981132477,36.7233496476208,218.540213279803,0.404790907035691,0.0571595454703599,0.486778186117251,70131002,7
10437004,2026.18559741248,31.6785266666667,64.0980466666667,181,179.666361726882,19.3543379005759,4.94104946557596,36.7223779400132,219.155233571625,0.404728299386641,0.0568773782759425,0.450465562440797,70131002,7
10437004,2026.18559741248,31.6785266666667,64.0980466666667,183,181.648588680937,19.3526682158682,4.94092538350658,36.7220616605844,219.264347355252,0.40453358908541,0.0491497316056299,0.412713451138431,70131002,7
10437004,2026.18559741248,31.6785266666667,64.0980466666667,185,183.632168692409,19.3510391138567,4.94080997316274,36.7217821328353,219.343766254593,0.404585376506341,0.0537657701499271,0.382394151236991,70131002,7
10437004,2026.18559741248,31.6785266666667,64.0980466666667,187,185.61978738442,19.3488519911134,4.94063141954059,36.7214668115885,218.818234079087,0.404807359475574,0.0562590241072494,0.358615178319281,70131002,7
10437004,2026.18559741248,31.6785266666667,64.0980466666667,189,187.600874694978,19.34403281455,4.94016277518355,36.7210469518683,219.07191775667,0.404467053374274,0.0522858163613407,0.332667206806075,70131002,7
10437004,2026.18559741248,31.6785266666667,64.0980466666667,191,189.584091160226,19.3359361058916,4.93933426668257,36.7205080147428,218.798234428564,0.4051070604452,0.050785084176591,0.311164946827968,70131002,7
10437004,2026.18559741248,31.6785266666667,64.0980466666667,193,191.573079311142,19.3292819176514,4.93861892231332,36.7196428442205,218.852895980376,0.40535675585048,0.0471083914711306,0.291052115380959,70131002,7
10437004,2026.18559741248,31.6785266666667,64.0980466666667,195,193.552958761559,19.3237968124737,4.93800267669701,36.7185751500812,218.665350653479,0.4045863204439,0.0470643895681895,0.269063769781916,70131002,7
10437004,2026.18559741248,31.6785266666667,64.0980466666667,197,195.538975529344,19.3125693519441,4.93668988915987,36.7167448860986,218.024099533548,0.405047831453791,0.0473129349544259,0.251292650541329,70131002,7
10437004,2026.18559741248,31.6785266666667,64.0980466666667,199,197.524869228789,19.3060989362696,4.93597395379784,36.7157112123725,218.552545777061,0.405104677669624,0.0469477948597388,0.228134253359732,70131002,7
10437004,2026.18559741248,31.6785266666667,64.0980466666667,201,199.507905338933,19.3010583662222,4.93543807112203,36.7149224842805,218.413768113536,0.404595448357865,0.0499135741525315,0.209726745367636,70131002,7
10437004,2026.18559741248,31.6785266666667,64.0980466666667,203,201.487750234355,19.2969170577221,4.93500339676929,36.7141872393377,218.254667379804,0.404336590625614,0.0462402809056401,0.19632195088926,70131002,7
10437004,2026.18559741248,31.6785266666667,64.0980466666667,205,203.479340092485,19.2925852031981,4.9345434462455,36.7134084124649,218.286948343885,0.404458771860825,0.040706934485015,0.181162069557219,70131002,7
10437004,2026.18559741248,31.6785266666667,64.0980466666667,207,205.454844678869,19.2840303611605,4.93353138220443,36.7117337541601,217.684847857109,0.404428336843862,0.0482751608273512,0.16396324587645,70131002,7
10437004,2026.18559741248,31.6785266666667,64.0980466666667,209,207.440153910485,19.2755454173046,4.93256751182085,36.7104000362048,217.259053243265,0.40399070525715,0.0436532919833268,0.148641504424813,70131002,7
10437004,2026.18559741248,31.6785266666667,64.0980466666667,211,209.431338134907,19.2733015728215,4.93238077746717,36.7100654951225,216.917696549364,0.403636502270352,0.0444400734762863,0.135367688945662,70131002,7
10437004,2026.18559741248,31.6785266666667,64.0980466666667,213,211.417193785805,19.2493564307617,4.92942572147307,36.7056971099982,216.535046951197,0.403344492035185,0.0422162972081137,0.125099603260766,70131002,7
10437004,2026.18559741248,31.6785266666667,64.0980466666667,215,213.396539068719,19.2413886708402,4.92854358763225,36.7045889681253,216.00498282215,0.402942704743373,0.0384140058912509,0.118370695622463,70131002,7
10437004,2026.18559741248,31.6785266666667,64.0980466666667,217,215.377041362792,19.2250261774062,4.92647083201703,36.7009126601917,214.954300188589,0.402101497801551,0.034052211790023,0.107646037649671,70131002,7
10437004,2026.18559741248,31.6785266666667,64.0980466666667,219,217.365092830737,19.2134259896748,4.92516830535626,36.6994848933222,214.967802733364,0.40089305971475,0.0301874374090462,0.098873775586527,70131002,7
10437004,2026.18559741248,31.6785266666667,64.0980466666667,221,219.350446706781,19.21402085656,4.92533315276101,36.6995900560644,214.589397699752,0.399962893867854,0.0274582405055564,0.092309461577282,70131002,7
10437004,2026.18559741248,31.6785266666667,64.0980466666667,223,221.328638231565,19.2140642222492,4.92541835578118,36.6995146546797,213.746206997689,0.399959506449002,0.0293848739966418,0.085852407598358,70131002,7
10437004,2026.18559741248,31.6785266666667,64.0980466666667,225,223.319974007327,19.2054715553326,4.92434872075547,36.6973827510062,213.299459729831,0.399541603433812,0.0331111789147543,0.079253202384358,70131002,7
10437004,2026.18559741248,31.6785266666667,64.0980466666667,227,225.30418895046,19.1900532071563,4.92240327623582,36.6939329045684,213.190622077006,0.398929095053658,0.0313787873258878,0.0697501478618341,70131002,7
10437004,2026.18559741248,31.6785266666667,64.0980466666667,229,227.279782240181,19.1878730890761,4.92219788746656,36.693384176512,212.68666901311,0.398303433732429,0.0360549979844625,0.0603228830576663,70131002,7
10437004,2026.18559741248,31.6785266666667,64.0980466666667,231,229.265398062135,19.1836496720433,4.92172827185607,36.692423683646,211.370245000166,0.398608152574733,0.0277706130654689,0.0499214730118728,70131002,7
10437004,2026.18559741248,31.6785266666667,64.0980466666667,233,231.255685852705,19.1642364519969,4.91918837995396,36.68750896328,209.4056909993,0.398109621754866,0.021266384781038,0.0436434662134377,70131002,7
10437004,2026.18559741248,31.6785266666667,64.0980466666667,235,233.239416152386,19.0989462203828,4.91081324077365,36.6741186270169,208.751088384831,0.397077864957716,0.0189740971497666,0.0409863748677942,70131002,7
10437004,2026.18559741248,31.6785266666667,64.0980466666667,237,235.217346493642,19.0683247569755,4.90737104859882,36.6715044732026,208.90789575559,0.395395930185448,0.0223470447230987,0.0349669056664609,70131002,7
10437004,2026.18559741248,31.6785266666667,64.0980466666667,239,237.198802194139,19.0525288435906,4.90546800463262,36.6687160441241,208.0228120518,0.394769508646441,0.0244558270110717,0.0316422031734074,70131002,7
10437004,2026.18559741248,31.6785266666667,64.0980466666667,241,239.189522073803,19.0354511662855,4.90319335582543,36.6639310314723,206.767066355431,0.395619990280336,0.0285087242055137,0.0259182145878435,70131002,7
10437004,2026.18559741248,31.6785266666667,64.0980466666667,243,241.175177241268,19.006845369574,4.89966817407647,36.6588148227416,206.298153569797,0.394151482381807,0.0275023567318424,0.0217512431424793,70131002,7
10437004,2026.18559741248,31.6785266666667,64.0980466666667,245,243.152094664383,18.9785190278406,4.89617181325998,36.6536826807572,204.95211043046,0.393167659332274,0.0210472548629966,0.0151230968389037,70131002,7
10437004,2026.18559741248,31.6785266666667,64.0980466666667,247,245.139992075363,18.9606446148889,4.89392931900569,36.6498549681549,204.010327386994,0.392572235384814,0.0286511968680675,0.0152502104925602,70131002,7
10437004,2026.18559741248,31.6785266666667,64.0980466666667,249,247.124859042702,18.9466394456617,4.89226996309124,36.6475135603962,202.900539882076,0.39266498440828,0.022115192758021,0.0116351641463679,70131002,7
10437004,2026.18559741248,31.6785266666667,64.0980466666667,251,249.10516166169,18.9112558585965,4.88778550832551,36.6402732895213,200.733731430998,0.392021740558947,0.0222212837004028,0.00745955513091298,70131002,7
10437004,2026.18559741248,31.6785266666667,64.0980466666667,253,251.088262921918,18.8756154984996,4.88327987737581,36.633067543814,200.293061366174,0.390001104492581,0.0211622540430945,0.00100822947643963,70131002,7
10437004,2026.18559741248,31.6785266666667,64.0980466666667,255,253.071464302935,18.866444511653,4.88227919712221,36.6319887171019,200.844455440931,0.387955176211927,0.0197720458074994,0.000577324326556496,70131002,7
10437004,2026.18559741248,31.6785266666667,64.0980466666667,257,255.065899126292,18.853784440561,4.88092882700584,36.6310471102719,200.753724988489,0.387580907767991,0.0250319134557601,0.000382175769924279,70131002,7
10437004,2026.18559741248,31.6785266666667,64.0980466666667,259,257.037503470102,18.8458944871835,4.88012162322902,36.6304653771464,201.038667747921,0.387348646227371,0.0277436671304304,0.000275605632392251,70131002,7
10437004,2026.18559741248,31.6785266666667,64.0980466666667,261,259.02232574447,18.8229858790293,4.87756888489868,36.6284454266881,201.205782761061,0.387009354163492,0.0287004784056376,1e-12,70131002,7
10437004,2026.18559741248,31.6785266666667,64.0980466666667,263,261.005590029713,18.807556804764,4.87588785569842,36.6271592467504,202.014073064125,0.386265357489295,0.0240115722784143,1.60325990196096e-08,70131002,7
10437004,2026.18559741248,31.6785266666667,64.0980466666667,265,262.997690948445,18.7882329543527,4.87380482698306,36.6259246030282,201.730669650423,0.386233268320807,0.024077582656024,1e-12,70131002,7
10437004,2026.18559741248,31.6785266666667,64.0980466666667,267,264.972870396657,18.782600757511,4.87321748434895,36.6251960452339,202.053112946762,0.385572860848391,0.0272961533670019,6.22647081775008e-11,70131002,7
10437004,2026.18559741248,31.6785266666667,64.0980466666667,269,266.955514674759,18.7755712007407,4.87245975449275,36.6242653559011,202.067883670605,0.38580596891156,0.0313876053571502,1.92025294233679e-12,70131002,7
10437004,2026.18559741248,31.6785266666667,64.0980466666667,271,268.946039052608,18.7690137390368,4.87177138176325,36.6235021780135,201.99185980872,0.386071120955203,0.0329124805729165,1.11642157619603e-12,70131002,7
10437004,2026.18559741248,31.6785266666667,64.0980466666667,273,270.927975170518,18.7656935228514,4.87147543843841,36.6231873807141,201.820409212066,0.385940880754983,0.0271798825477909,1.00933771288106e-12,70131002,7
10437004,2026.18559741248,31.6785266666667,64.0980466666667,275,272.904405290505,18.7619847593336,4.87111909678714,36.6227062456688,201.76929450704,0.386137397872366,0.0258302617965126,9.99861409056567e-13,70131002,7
10437004,2026.18559741248,31.6785266666667,64.0980466666667,277,274.893082341292,18.7502710119326,4.86984560683543,36.6215648273998,202.00757734507,0.385768002205577,0.0256288691292081,1.00000314174118e-12,70131002,7
10437004,2026.18559741248,31.6785266666667,64.0980466666667,279,276.877271749528,18.7431006228401,4.86901950715092,36.6201784811859,202.227411836136,0.385759794658575,0.0197683956256184,1.0000001003654e-12,70131002,7
10437004,2026.18559741248,31.6785266666667,64.0980466666667,281,278.863222204836,18.7179890386331,4.86602338407432,36.6163382259237,202.374365385151,0.385606098857587,0.0187438242121637,1.00000001235453e-12,70131002,7
10437004,2026.18559741248,31.6785266666667,64.0980466666667,283,280.841143144875,18.7101957157431,4.86523244256239,36.6157998322604,202.948496308174,0.385414243452489,0.0220974995858083,1.00000000029662e-12,70131002,7
10437004,2026.18559741248,31.6785266666667,64.0980466666667,285,282.82330090066,18.7053309387381,4.86480042886564,36.6157014279688,203.078914105487,0.385613610840988,0.0247884988175847,9.99999999993792e-13,70131002,7
10437004,2026.18559741248,31.6785266666667,64.0980466666667,287,284.810929909242,18.6940188364888,4.86354367881123,36.6143392596672,203.002755747201,0.385682116188774,0.0188167796230019,1.00000000000059e-12,70131002,7
10437004,2026.18559741248,31.6785266666667,64.0980466666667,289,286.796401452846,18.6788655153321,4.86190984025508,36.6131895503469,202.819903735584,0.385489543066836,0.0211397677011922,1e-12,70131002,7
10437004,2026.18559741248,31.6785266666667,64.0980466666667,291,288.773459346718,18.6736614867607,4.86144763311961,36.6131354459597,203.266562953434,0.38543502132046,0.0127019946788289,1e-12,70131002,7
10437004,2026.18559741248,31.6785266666667,64.0980466666667,293,290.760063177249,18.6563141622898,4.85925250732667,36.6091745824346,203.321294889292,0.38496674694291,0.0212388261003336,1e-12,70131002,7
10437004,2026.18559741248,31.6785266666667,64.0980466666667,295,292.747870553347,18.638888212794,4.85723925342177,36.60682081012,203.046796992964,0.384820001438536,0.0248800188384953,1e-12,70131002,7
10437004,2026.18559741248,31.6785266666667,64.0980466666667,297,294.721426444109,18.6267361520607,4.85582663272127,36.604875108702,202.721566295916,0.384689654156806,0.023161718300538,1e-12,70131002,7
10437004,2026.18559741248,31.6785266666667,64.0980466666667,299,296.705255911376,18.6093168955862,4.85377032594815,36.6021443578673,202.800399416132,0.384924608984568,0.0210939314457239,1e-12,70131002,7
10437004,2026.18559741248,31.6785266666667,64.0980466666667,301,298.691862719786,18.5997155865827,4.8527002298938,36.6008353881921,202.728849269141,0.384454707317436,0.0156441396339292,1e-12,70131002,7
10437004,2026.18559741248,31.6785266666667,64.0980466666667,303,300.685075773425,18.59713773679,4.85245141211047,36.6002567847595,202.938151521547,0.384363883359504,0.0153634720443021,1e-12,70131002,7
10437004,2026.18559741248,31.6785266666667,64.0980466666667,305,302.656907443446,18.5911603881226,4.8517903836305,36.5991993100254,203.264857230016,0.384880030689292,0.0215603626952661,1e-12,70131002,7
10437004,2026.18559741248,31.6785266666667,64.0980466666667,307,304.635875663838,18.5760395296233,4.85003935203192,36.5970111599613,203.27036536462,0.38434850254044,0.0265972918611672,1e-12,70131002,7
10437004,2026.18559741248,31.6785266666667,64.0980466666667,309,306.628887825053,18.5692413016524,4.84929529452683,36.5959768046264,202.747763233153,0.38421683154952,0.0250839883451395,1e-12,70131002,7
10437004,2026.18559741248,31.6785266666667,64.0980466666667,311,308.616790356467,18.5648388401227,4.84883394946731,36.5952139704655,203.043797484013,0.384686599150592,0.0153738545301702,1e-12,70131002,7
10437004,2026.18559741248,31.6785266666667,64.0980466666667,313,310.584631249094,18.557712025178,4.84802627828844,36.5939305414652,202.68826893134,0.384520381858456,0.0190205693130589,1e-12,70131002,7
10437004,2026.18559741248,31.6785266666667,64.0980466666667,315,312.571118258002,18.5421236277733,4.84619811798426,36.5914972698438,203.169081620091,0.384612115278644,0.0175587022556275,1e-12,70131002,7
10437004,2026.18559741248,31.6785266666667,64.0980466666667,317,314.561338217242,18.5344801228323,4.8453041847589,36.5899383640981,203.526920891391,0.384394820174118,0.0214642772406534,1e-12,70131002,7
10437004,2026.18559741248,31.6785266666667,64.0980466666667,319,316.548109679643,18.5227892764887,4.84393800808789,36.5879627108984,203.520688621771,0.384332940515606,0.022112610933054,1e-12,70131002,7
10437004,2026.18559741248,31.6785266666667,64.0980466666667,321,318.511711738155,18.5130628913449,4.84283182357919,36.5864492786775,203.353647463748,0.384343952872353,0.0166942016052131,1e-12,70131002,7
10437004,2026.18559741248,31.6785266666667,64.0980466666667,323,320.501811864809,18.4988064281272,4.84113855382744,36.5839704360139,203.32541628368,0.384112912403073,0.0183096402334525,1e-12,70131002,7
10437004,2026.18559741248,31.6785266666667,64.0980466666667,325,322.500652973635,18.4823378520431,4.83921881747651,36.5815298744727,203.238269364636,0.383889070889337,0.0178594280130881,1e-12,70131002,7
10437004,2026.18559741248,31.6785266666667,64.0980466666667,327,324.478985273346,18.4710786363129,4.83789092607359,36.5794891016325,202.981391360476,0.384054651233135,0.0211841727843396,1e-12,70131002,7
10437004,2026.18559741248,31.6785266666667,64.0980466666667,329,326.450152046652,18.466867111201,4.83746539730987,36.5788566707775,203.174038978421,0.384164667048911,0.0230890531574425,1e-12,70131002,7
10437004,2026.18559741248,31.6785266666667,64.0980466666667,331,328.438232788497,18.4663128204911,4.83747197900077,36.5786480941666,203.205569723768,0.384177362708786,0.0210812825102417,1e-12,70131002,7
10437004,2026.18559741248,31.6785266666667,64.0980466666667,333,330.427339231092,18.4654468648064,4.83743468276165,36.5783435206578,203.180976446127,0.384208006921018,0.0228332763070576,1e-12,70131002,7
10437004,2026.18559741248,31.6785266666667,64.0980466666667,335,332.398091399474,18.4606290556536,4.83691794487819,36.5774740818165,203.315883063061,0.384259363320775,0.0217782968109254,1e-12,70131002,7
10437004,2026.18559741248,31.6785266666667,64.0980466666667,337,334.389721229635,18.4551679026811,4.8363313458988,36.5765820830185,203.025042435162,0.38421347762682,0.0165504648536518,1e-12,70131002,7
10437004,2026.18559741248,31.6785266666667,64.0980466666667,339,336.373457576263,18.4523018075626,4.83606702688952,36.5761244747874,202.894912104339,0.384209797089425,0.0224611328977274,1e-12,70131002,7
10437004,2026.18559741248,31.6785266666667,64.0980466666667,341,338.354288821221,18.4417628741864,4.83486468194341,36.5745074804454,203.087426038931,0.384149172185079,0.0225605767744852,1e-12,70131002,7
10437004,2026.18559741248,31.6785266666667,64.0980466666667,343,340.335413012772,18.4348324317892,4.8341071811494,36.5734666750986,203.219904849112,0.384014262511798,0.0220914771251818,1e-12,70131002,7
10437004,2026.18559741248,31.6785266666667,64.0980466666667,345,342.31758588432,18.4334502476092,4.83401858072286,36.5731846212864,203.153674654788,0.384206796248257,0.0211795851365063,1e-12,70131002,7
10437004,2026.18559741248,31.6785266666667,64.0980466666667,347,344.304471034386,18.4310679124833,4.83382173256008,36.5728706492995,203.257957044429,0.38414016987931,0.0219997465086776,1e-12,70131002,7
10437004,2026.18559741248,31.6785266666667,64.0980466666667,349,346.286488137164,18.4228266611892,4.83293122626893,36.5718623723169,203.545171300758,0.384212944202724,0.0223148078846717,1e-12,70131002,7
10437004,2026.18559741248,31.6785266666667,64.0980466666667,351,348.25958819004,18.3921765433928,4.82896081934352,36.564559622368,202.423966120062,0.384094501301559,0.0224123747279566,1e-12,70131002,7
10437004,2026.18559741248,31.6785266666667,64.0980466666667,353,350.254814603608,18.3456404064525,4.82310379183184,36.5552975808983,202.23101030203,0.383999163801146,0.0176864494535103,1e-12,70131002,7
10437004,2026.18559741248,31.6785266666667,64.0980466666667,355,352.238334077897,18.3380536529861,4.82218813072092,36.553482938732,201.908213656446,0.384089886701124,0.0203908174720742,1e-12,70131002,7
10437004,2026.18559741248,31.6785266666667,64.0980466666667,357,354.211437297032,18.3349432877816,4.82185527987895,36.5526550091167,202.229521721113,0.384004566718536,0.0260274907154395,1e-12,70131002,7
10437004,2026.18559741248,31.6785266666667,64.0980466666667,359,356.195518838892,18.3301873196296,4.82135063929141,36.5518264766342,202.076295165434,0.384220576299763,0.0242771052784753,1e-12,70131002,7
10437004,2026.18559741248,31.6785266666667,64.0980466666667,361,358.181759703677,18.3175034088166,4.81989163350367,36.5499138154148,201.867136475566,0.383939823027537,0.0220176472699117,1e-12,70131002,7
10437004,2026.18559741248,31.6785266666667,64.0980466666667,363,360.169644975541,18.311111222746,4.81924096983456,36.5492948955859,201.777923779318,0.384097849596725,0.0174848596829842,1e-12,70131002,7
10437004,2026.18559741248,31.6785266666667,64.0980466666667,365,362.14170947075,18.3021306015395,4.81829549695391,36.5484644837915,201.791169917463,0.384190487241025,0.0148122043848999,1e-12,70131002,7
10437004,2026.18559741248,31.6785266666667,64.0980466666667,367,364.128304728268,18.3000346706104,4.81813107928601,36.5481694173152,202.305269987863,0.384207835268211,0.0168666961362062,1e-12,70131002,7
10437004,2026.18559741248,31.6785266666667,64.0980466666667,369,366.117415601665,18.295214631493,4.817589139633,36.5470780444664,201.897285524121,0.384209461732792,0.01991691658616,1e-12,70131002,7
10437004,2026.18559741248,31.6785266666667,64.0980466666667,371,368.094750151352,18.2682726701109,4.8143214686119,36.5424159309667,201.6408379392,0.384175052090525,0.0192099443346802,1e-12,70131002,7
10437004,2026.18559741248,31.6785266666667,64.0980466666667,373,370.066987993286,18.2505254613435,4.81214612774429,36.5388873933396,200.841958198047,0.38364574193589,0.0223443642687182,1e-12,70131002,7
10437004,2026.18559741248,31.6785266666667,64.0980466666667,375,372.062236672099,18.2476724710446,4.81184065647484,36.5380606766037,201.536814967204,0.383789170787237,0.0248610977097464,1e-12,70131002,7
10437004,2026.18559741248,31.6785266666667,64.0980466666667,377,374.04841424758,18.2454189298879,4.81183498781014,36.539260191024,202.087870666085,0.383868297347835,0.0195424392067959,1e-12,70131002,7
10437004,2026.18559741248,31.6785266666667,64.0980466666667,379,376.018477608549,18.2444867763902,4.81201528642356,36.5408712610217,201.683137486775,0.384226929101423,0.0205891744900427,1e-12,70131002,7
10437004,2026.18559741248,31.6785266666667,64.0980466666667,381,378.000125340967,18.2439917227251,4.81201932019537,36.5405886042861,201.463963778871,0.384141893404964,0.0192852218703097,1e-12,70131002,7
10437004,2026.18559741248,31.6785266666667,64.0980466666667,383,379.993787009492,18.2193265876101,4.8088776816783,36.5349592618004,201.817655829843,0.38405379591458,0.0197134900360831,1e-12,70131002,7
10437004,2026.18559741248,31.6785266666667,64.0980466666667,385,381.97700257335,18.1994203622836,4.80644359736306,36.5311311999151,201.310490575625,0.384002960651412,0.0199246905621174,1e-12,70131002,7
10437004,2026.18559741248,31.6785266666667,64.0980466666667,387,383.943849173163,18.1905912086586,4.8053991038268,36.5293103371036,201.002599954888,0.383903041558362,0.017091175724938,1e-12,70131002,7
10437004,2026.18559741248,31.6785266666667,64.0980466666667,389,385.936744814611,18.1817611308558,4.80437951076402,36.5277012808605,202.00718278106,0.383612717375535,0.0142314569069973,1e-12,70131002,7
10437004,2026.18559741248,31.6785266666667,64.0980466666667,391,387.925898770253,18.1767505680808,4.80424740237145,36.5302761782131,203.11145474972,0.383508551595578,0.0195496363413876,1e-12,70131002,7
10437004,2026.18559741248,31.6785266666667,64.0980466666667,393,389.901419638218,18.1625338690483,4.80287048912175,36.5304089823156,203.282183674622,0.383531369802461,0.0155352349254508,1e-12,70131002,7
10437004,2026.18559741248,31.6785266666667,64.0980466666667,395,391.881248236379,18.1429006230047,4.80061134379425,36.5278215184966,203.872735719257,0.382996211753045,0.013678821721553,1e-12,70131002,7
10437004,2026.18559741248,31.6785266666667,64.0980466666667,397,393.868870800971,18.1292732333988,4.79904335545664,36.5257911129877,203.068171919034,0.38341332816671,0.0148682687424371,1e-12,70131002,7
10437004,2026.18559741248,31.6785266666667,64.0980466666667,399,395.849115473557,18.112965689561,4.79705514918531,36.5225511843997,202.612676328791,0.383065950300057,0.0188022218671921,1e-12,70131002,7
10437004,2026.18559741248,31.6785266666667,64.0980466666667,401,397.825989194678,18.106298996242,4.79638432760037,36.5219923718378,203.067121647144,0.383553230287795,0.0161221032790755,1e-12,70131002,7
10437004,2026.18559741248,31.6785266666667,64.0980466666667,403,399.813062094481,18.1021742750703,4.79626824544262,36.5239162231861,203.690332091773,0.382912830258533,0.0233964173905253,1e-12,70131002,7
10437004,2026.18559741248,31.6785266666667,64.0980466666667,405,401.79784925025,18.0985907211101,4.79594946720208,36.5236226422824,203.840609915354,0.383407519593215,0.0223816748134184,1e-12,70131002,7
10437004,2026.18559741248,31.6785266666667,64.0980466666667,407,403.77717637799,18.0864641113268,4.79469298174929,36.5229159437696,205.542572673433,0.383678926051325,0.0204645408872277,1e-12,70131002,7
10437004,2026.18559741248,31.6785266666667,64.0980466666667,409,405.75843473869,18.0828309578226,4.7946266821337,36.5248284253857,205.468560236933,0.383397271851847,0.0172867668284429,1e-12,70131002,7
10437004,2026.18559741248,31.6785266666667,64.0980466666667,411,407.741222029347,18.0774051831161,4.79396529802399,36.5232429763116,205.444099053515,0.383384503060238,0.0203049044736736,1e-12,70131002,7
10437004,2026.18559741248,31.6785266666667,64.0980466666667,413,409.726696655253,18.0674937757757,4.79279157194509,36.521268231436,205.265182763288,0.383336014822824,0.0247871703250695,1e-12,70131002,7
10437004,2026.18559741248,31.6785266666667,64.0980466666667,415,411.702881074727,18.0593877418846,4.79178774394416,36.5191377232372,204.762380261559,0.382957176346741,0.023251030033882,1e-12,70131002,7
10437004,2026.18559741248,31.6785266666667,64.0980466666667,417,413.686201451172,18.0486050003817,4.79046021284518,36.5166197169697,203.870172416345,0.383363963633416,0.0149317584206787,1e-12,70131002,7
10437004,2026.18559741248,31.6785266666667,64.0980466666667,419,415.675986303924,18.0381152575779,4.78911547860559,36.5136910123184,202.872804303684,0.383316438688944,0.0138346319076462,1e-12,70131002,7
10437004,2026.18559741248,31.6785266666667,64.0980466666667,421,417.652193943943,18.0117889998339,4.785780672462,36.5078226956493,202.700116760143,0.383254215442319,0.0202000476528143,1e-12,70131002,7
10437004,2026.18559741248,31.6785266666667,64.0980466666667,423,419.630517360819,17.9803871308303,4.78185643408717,36.501416459485,201.723919570211,0.382768522327557,0.0192654236782215,1e-12,70131002,7
10437004,2026.18559741248,31.6785266666667,64.0980466666667,425,421.616081391646,17.9635476066983,4.7797289951842,36.497425382679,200.738386437318,0.382411207344527,0.0209969746695195,1e-12,70131002,7
10437004,2026.18559741248,31.6785266666667,64.0980466666667,427,423.602987383746,17.9429595695139,4.77714234825291,36.4928321729707,199.297466159634,0.38256955952817,0.0173222604899677,1e-12,70131002,7
10437004,2026.18559741248,31.6785266666667,64.0980466666667,429,425.579344324088,17.878999659638,4.76902809683786,36.479446302704,197.774542310035,0.383618743314276,0.0198382272107158,1e-12,70131002,7
10437004,2026.18559741248,31.6785266666667,64.0980466666667,431,427.56099957739,17.827795277638,4.76261257369493,36.4692352552201,197.008326469384,0.382483288395654,0.0166477608349577,1e-12,70131002,7
10437004,2026.18559741248,31.6785266666667,64.0980466666667,433,429.548228590107,17.7992531853921,4.75904055872388,36.463226354389,196.472815581205,0.383178916186717,0.0169212977107964,1e-12,70131002,7
10437004,2026.18559741248,31.6785266666667,64.0980466666667,435,431.523254519934,17.7766209487669,4.75629759453928,36.4590652156116,196.117251146846,0.383255488817459,0.0219085033166999,1e-12,70131002,7
10437004,2026.18559741248,31.6785266666667,64.0980466666667,437,433.505917238581,17.7571636925167,4.75391122834056,36.4551311257955,195.966493226213,0.382661945435012,0.0224120859840156,1e-12,70131002,7
10437004,2026.18559741248,31.6785266666667,64.0980466666667,439,435.496089655014,17.7367630391991,4.75147680483958,36.451621233165,195.738114146679,0.383037019373231,0.0197355897726801,1e-12,70131002,7
10437004,2026.18559741248,31.6785266666667,64.0980466666667,441,437.47166333517,17.696205339886,4.74650936007222,36.444278812044,194.778426359107,0.383157082525429,0.0186879683032125,1e-12,70131002,7
10437004,2026.18559741248,31.6785266666667,64.0980466666667,443,439.448028984104,17.6299360805479,4.73822626210609,36.4312864078133,193.520515015706,0.382144090411776,0.025349499269182,1e-12,70131002,7
10437004,2026.18559741248,31.6785266666667,64.0980466666667,445,441.434357855208,17.6094349148967,4.7357421803816,36.4274006853521,193.518626063877,0.383077774492526,0.0259150563283887,1e-12,70131002,7
10437004,2026.18559741248,31.6785266666667,64.0980466666667,447,443.426607485789,17.5997841419043,4.73455216238111,36.4249874110107,193.282785154409,0.3830364307879,0.025159834602124,1e-12,70131002,7
10437004,2026.18559741248,31.6785266666667,64.0980466666667,449,445.395684162355,17.58151065965,4.73235025331528,36.4215422101287,193.0896720787,0.383455302027331,0.0197937218289295,1e-12,70131002,7
10437004,2026.18559741248,31.6785266666667,64.0980466666667,451,447.375485067917,17.5602349915599,4.72968910293482,36.4168060109082,191.175783755353,0.383117523773846,0.0209176261580147,1e-12,70131002,7
10437004,2026.18559741248,31.6785266666667,64.0980466666667,453,449.367938368622,17.511633756581,4.72373260242127,36.4080079997773,190.969284365804,0.383344712517598,0.0208662470707876,1e-12,70131002,7
10437004,2026.18559741248,31.6785266666667,64.0980466666667,455,451.34935894271,17.4788806000109,4.71978365996714,36.4023758712562,190.9953404521,0.383037505269688,0.0196446046015712,1e-12,70131002,7
10437004,2026.18559741248,31.6785266666667,64.0980466666667,457,453.318065936632,17.437893569662,4.71477738268052,36.3949423859229,190.115047770987,0.383368168826422,0.0188991499936433,1e-12,70131002,7
10437004,2026.18559741248,31.6785266666667,64.0980466666667,459,455.303884313808,17.3985960889825,4.7098743392858,36.3868649955044,189.278782885939,0.383235540479026,0.0235922352005829,1e-12,70131002,7
10437004,2026.18559741248,31.6785266666667,64.0980466666667,461,457.301525934324,17.3634354520187,4.70562897184993,36.3807691538955,188.799929832902,0.383211488088115,0.0179907850921858,1e-12,70131002,7
10437004,2026.18559741248,31.6785266666667,64.0980466666667,463,459.269058443692,17.3222793231416,4.70060105651702,36.3732353808485,188.492504202633,0.383630914559568,0.0210563434776591,1e-12,70131002,7
10437004,2026.18559741248,31.6785266666667,64.0980466666667,465,461.251152832404,17.2885624966027,4.69648659976173,36.3669458994067,188.282200491163,0.383364933565375,0.0235589503003808,1e-12,70131002,7
10437004,2026.18559741248,31.6785266666667,64.0980466666667,467,463.238669916487,17.261357343231,4.69325766382551,36.3625041091066,187.785381631769,0.383755243825561,0.0225855713376657,1e-12,70131002,7
10437004,2026.18559741248,31.6785266666667,64.0980466666667,469,465.221162405478,17.2570530978788,4.69279621942642,36.3615841022179,187.218250803259,0.384063150148636,0.022227413859792,1e-12,70131002,7
10437004,2026.18559741248,31.6785266666667,64.0980466666667,471,467.190876637791,17.2515410438765,4.69221745038383,36.3607268240591,187.173986857848,0.383976282214249,0.0318919200221541,1e-12,70131002,7
10437004,2026.18559741248,31.6785266666667,64.0980466666667,473,469.179373054723,17.2009042973122,4.68596524427943,36.3509791799674,187.169063505699,0.383799911611684,0.0307723148515346,1e-12,70131002,7
10437004,2026.18559741248,31.6785266666667,64.0980466666667,475,471.167977609409,17.1790775366345,4.68338339728067,36.3473131751141,186.867256760544,0.384059231940253,0.0253232311824276,1e-12,70131002,7
10437004,2026.18559741248,31.6785266666667,64.0980466666667,477,473.131778241125,17.157034256898,4.68077834348799,36.3436364846142,185.731143144534,0.384293286125787,0.0170576966426349,1e-12,70131002,7
10437004,2026.18559741248,31.6785266666667,64.0980466666667,479,475.1212702777,17.1263608763328,4.67698022398338,36.3372969976893,185.17736224896,0.384088840752603,0.0176239529274839,1e-12,70131002,7
10437004,2026.18559741248,31.6785266666667,64.0980466666667,481,477.113282243862,17.0772009829012,4.67100776083076,36.3285743139326,184.785793521843,0.383754664696828,0.022076026725793,1e-12,70131002,7
10437004,2026.18559741248,31.6785266666667,64.0980466666667,483,479.091031521856,17.0300474674802,4.66542014140029,36.3213847072132,184.549423954301,0.383659658401775,0.0212012392822117,1e-12,70131002,7
10437004,2026.18559741248,31.6785266666667,64.0980466666667,485,481.062855067405,17.0025724654721,4.66205518314474,36.3159039995259,184.081131708648,0.383605392843933,0.0188727432386866,1e-12,70131002,7
10437004,2026.18559741248,31.6785266666667,64.0980466666667,487,483.049285327006,16.9191715518844,4.65167648743312,36.2993262127496,182.983031920287,0.383293075073621,0.0185848369346543,1e-12,70131002,7
10437004,2026.18559741248,31.6785266666667,64.0980466666667,489,485.042410755639,16.8662038218685,4.64558063328749,36.2928225159197,183.069651627925,0.383332186879144,0.0162636886122629,1e-12,70131002,7
10437004,2026.18559741248,31.6785266666667,64.0980466666667,491,487.006295504175,16.8489597640718,4.64346122191181,36.2889919004524,182.753105805241,0.384249083779792,0.0189466269295582,1e-12,70131002,7
10437004,2026.18559741248,31.6785266666667,64.0980466666667,493,488.992175187197,16.8181549779807,4.63971695329081,36.2831118028393,182.017418129976,0.384183226255081,0.0223678343414917,1e-12,70131002,7
10437004,2026.18559741248,31.6785266666667,64.0980466666667,495,490.982345085572,16.7873756394843,4.63605033253383,36.27787860401,182.092040078478,0.384147716113849,0.025064358890832,1e-12,70131002,7
10437004,2026.18559741248,31.6785266666667,64.0980466666667,497,492.961407438892,16.7589146907392,4.63271734801604,36.2734755584179,181.97191607381,0.384262099501406,0.0177217512617607,1e-12,70131002,7
10437004,2026.18559741248,31.6785266666667,64.0980466666667,499,494.935391451449,16.6788278118129,4.62304484684587,36.2598453680897,181.640877296651,0.383397459873211,0.0145396161768505,1e-12,70131002,7
10437004,2026.18559741248,31.6785266666667,64.0980466666667,501,496.92914214404,16.599539350921,4.61362988298701,36.2476905472429,181.353357328322,0.383714621892795,0.0183602549189343,1e-12,70131002,7
10437004,2026.18559741248,31.6785266666667,64.0980466666667,503,498.891891974508,16.5489773702561,4.60752614530888,36.2387348821561,180.610396427502,0.383428694620434,0.024618147889615,1e-12,70131002,7
10437019,2026.19669330289,31.9750683333333,64.3819766666667,4,3.9668840922531,20.4707627368421,5.04849884607328,36.6999766800745,227.861781843363,0.516663521162457,0.0896962743938498,675.337208752218,70131003,6
10437019,2026.19669330289,31.9750683333333,64.3819766666667,6,5.95813744727818,20.3392208018358,5.0348506004814,36.7017783341237,228.880057501564,0.523394231691684,0.0962540914463183,792.669070740189,70131003,6
10437019,2026.19669330289,31.9750683333333,64.3819766666667,8,7.94224865904843,20.235426331893,5.02377253451236,36.7004585932232,229.753352600305,0.52811228798184,0.0934838734350075,923.046082301166,70131003,6
10437019,2026.19669330289,31.9750683333333,64.3819766666667,10,9.931655038849,20.2236150006486,5.02241096386724,36.6988133367093,230.493660468379,0.527201551940463,0.0994949799159296,705.455987526877,70131003,6
10437019,2026.19669330289,31.9750683333333,64.3819766666667,12,11.914255391023,20.1806223293896,5.01787904932801,36.6982706490446,231.178125872801,0.524669312328724,0.110112322833314,491.519797244151,70131003,6
10437019,2026.19669330289,31.9750683333333,64.3819766666667,14,13.903034325793,19.9832086663158,4.996586576868,36.6943188229918,233.28206114229,0.52036667880396,0.121801779101809,321.3930743325,70131003,6
10437019,2026.19669330289,31.9750683333333,64.3819766666667,16,15.8896370553845,19.7553875844109,4.97192669688267,36.6888940214352,235.014803172167,0.511447778820468,0.118195642927302,251.054698317988,70131003,6
10437019,2026.19669330289,31.9750683333333,64.3819766666667,18,17.8714324127469,19.701129594403,4.96589948510775,36.6857090479811,235.719984393556,0.505644506095324,0.114883059119763,207.548586836931,70131003,6
10437019,2026.19669330289,31.9750683333333,64.3819766666667,20,19.8582763903069,19.6623860051476,4.96194127977599,36.6860682759771,235.871132964033,0.504898896152861,0.121628467243317,193.732103982389,70131003,6
10437019,2026.19669330289,31.9750683333333,64.3819766666667,22,21.8477277122817,19.6694859026995,4.96275090540725,36.6858117884622,235.188253778277,0.503896319017634,0.122501810911845,173.684566950558,70131003,6
10437019,2026.19669330289,31.9750683333333,64.3819766666667,24,23.8266265086965,19.6613642466886,4.96197651084246,36.6857496657558,235.441481821366,0.503868071446563,0.13282267937174,214.164494721547,70131003,6
10437019,2026.19669330289,31.9750683333333,64.3819766666667,26,25.8188959559238,19.5499176882227,4.9507052684279,36.6891112580659,235.532089688343,0.499211751728355,0.128936836050528,201.989592236934,70131003,6
10437019,2026.19669330289,31.9750683333333,64.3819766666667,28,27.7975940759197,19.4577071012605,4.94134973255679,36.6914828235489,234.422324558485,0.497543464469486,0.149962707516772,180.624932454349,70131003,6
10437019,2026.19669330289,31.9750683333333,64.3819766666667,30,29.791629410571,19.4022416892155,4.93549168248549,36.6906569236171,234.645007856139,0.502860642726728,0.168592821252852,175.163811953681,70131003,6
10437019,2026.19669330289,31.9750683333333,64.3819766666667,32,31.7743486085451,19.3633321342422,4.9313530359347,36.6895965669295,234.012276743656,0.505962032981961,0.203334343231631,162.759404510773,70131003,6
10437019,2026.19669330289,31.9750683333333,64.3819766666667,34,33.7542937520139,19.3251493414643,4.92738729479844,36.6893334916795,232.64265986988,0.501604436099495,0.228753280830371,144.995879813129,70131003,6
10437019,2026.19669330289,31.9750683333333,64.3819766666667,36,35.7498328917009,19.2967381827212,4.92449024704912,36.6893878899802,232.714294772472,0.495066467346745,0.231890858282626,131.834656304343,70131003,6
10437019,2026.19669330289,31.9750683333333,64.3819766666667,38,37.7314059077039,19.2860382675854,4.92345446495975,36.6893969194183,231.89436497924,0.486857464828334,0.238692005203716,118.917805938018,70131003,6
10437019,2026.19669330289,31.9750683333333,64.3819766666667,40,39.7115989721161,19.2660909013323,4.92144347130948,36.6893977859239,231.043752997542,0.486929117782346,0.255049727633527,106.583702460988,70131003,6
10437019,2026.19669330289,31.9750683333333,64.3819766666667,42,41.7083573892328,19.2510640135283,4.91999926838261,36.6898027241879,230.369183174744,0.484963080748967,0.288091568981997,89.5740590225478,70131003,6
10437019,2026.19669330289,31.9750683333333,64.3819766666667,44,43.6838795397479,19.2475498819125,4.91976531576982,36.6901852471739,229.880914820958,0.484469271984366,0.308242960680127,79.9010263661511,70131003,6
10437019,2026.19669330289,31.9750683333333,64.3819766666667,46,45.6768457059433,19.240422311009,4.91906537230594,36.6898520167321,229.754347189026,0.484303764972281,0.332786869198054,71.2631564576046,70131003,6
10437019,2026.19669330289,31.9750683333333,64.3819766666667,48,47.658857216364,19.231396356486,4.91821357417572,36.6899221579612,229.532882326651,0.486684972261429,0.385090157349704,61.4681269533096,70131003,6
10437019,2026.19669330289,31.9750683333333,64.3819766666667,50,49.6423362533201,19.2284609997081,4.91805337978647,36.6904118860891,229.281581018956,0.486819712272822,0.402622263988499,53.425784046146,70131003,6
10437019,2026.19669330289,31.9750683333333,64.3819766666667,52,51.640189208339,19.2291796674089,4.91825688721538,36.6907238492183,229.079520952851,0.48586289127868,0.407242814027788,45.4919216257935,70131003,6
10437019,2026.19669330289,31.9750683333333,64.3819766666667,54,53.6090126368511,19.2288329208016,4.91840782709467,36.6915363632657,229.272441486997,0.483395633889351,0.427054257720217,38.0894499486637,70131003,6
10437019,2026.19669330289,31.9750683333333,64.3819766666667,56,55.6024045457184,19.225884374323,4.91844189958109,36.6936677400426,228.667864890457,0.478327536915266,0.411690573874104,33.3246634696664,70131003,6
10437019,2026.19669330289,31.9750683333333,64.3819766666667,58,57.5919834286923,19.2179450671828,4.91754790476244,36.6924236827134,227.785209706538,0.47685263778554,0.434127855535886,25.7496391558148,70131003,6
10437019,2026.19669330289,31.9750683333333,64.3819766666667,60,59.5683168444147,19.2064464338116,4.9163423159386,36.6917101613087,226.728772754654,0.482948459441267,0.492241251797139,17.1556020029381,70131003,6
10437019,2026.19669330289,31.9750683333333,64.3819766666667,62,61.5622921646885,19.1937143306283,4.9150270264885,36.6911650293212,225.297741284205,0.47453776501667,0.455347895397939,13.9190502295485,70131003,6
10437019,2026.19669330289,31.9750683333333,64.3819766666667,64,63.5434345615749,19.185409620879,4.91419551981545,36.6907663190536,224.854658525165,0.458954174424944,0.398565462924596,11.4177895826004,70131003,6
10437019,2026.19669330289,31.9750683333333,64.3819766666667,66,65.5272314374347,19.1776107167164,4.91348243106301,36.6909141892102,223.252339569567,0.45367945045062,0.369392170243745,10.2736775169866,70131003,6
10437019,2026.19669330289,31.9750683333333,64.3819766666667,68,67.5176415533534,19.1667642988388,4.91249539466642,36.6914561071474,222.945926776222,0.443060505795301,0.32702903737545,8.83503777189316,70131003,6
10437019,2026.19669330289,31.9750683333333,64.3819766666667,70,69.4948627753295,19.1627817546354,4.91217075845668,36.6914911276138,223.157525252691,0.440197815568522,0.294728391044999,7.14222939813622,70131003,6
10437019,2026.19669330289,31.9750683333333,64.3819766666667,72,71.4892358614725,19.1575058164106,4.91172082512544,36.6916175348472,222.383051159868,0.434708658591844,0.269251250155613,6.26730715726326,70131003,6
10437019,2026.19669330289,31.9750683333333,64.3819766666667,74,73.4723159065864,19.1559233431109,4.91163724036042,36.6915546754627,222.038700716589,0.429733205643991,0.25499854748877,5.55910380465751,70131003,6
10437019,2026.19669330289,31.9750683333333,64.3819766666667,76,75.4511663318723,19.1404461252078,4.91002574881854,36.6909452547111,221.829270847425,0.425808280410859,0.236671001787719,4.98826858659388,70131003,6
10437019,2026.19669330289,31.9750683333333,64.3819766666667,78,77.4432170257871,19.1273197624603,4.90868051578956,36.6904922071878,220.940571024445,0.42048913356855,0.199147448571886,4.50012957540842,70131003,6
10437019,2026.19669330289,31.9750683333333,64.3819766666667,80,79.4291743456189,19.118988738865,4.907910365125,36.6906293142156,220.341176038169,0.415492916698554,0.179215227828408,3.94477404134326,70131003,6
10437019,2026.19669330289,31.9750683333333,64.3819766666667,82,81.4092555031352,19.1141597098251,4.90749144432672,36.6906200428169,220.126229302657,0.413064263186561,0.156205489727432,3.33572948346836,70131003,6
10437019,2026.19669330289,31.9750683333333,64.3819766666667,84,83.4000930336469,19.1046454063542,4.90660904412859,36.690860028223,219.559447491336,0.411683928217007,0.139124659804245,2.91541433551159,70131003,6
10437019,2026.19669330289,31.9750683333333,64.3819766666667,86,85.3825642854008,19.096772296996,4.90581123880358,36.6903584949839,218.981102671004,0.409869176163235,0.127657824376511,2.53311132517154,70131003,6
10437019,2026.19669330289,31.9750683333333,64.3819766666667,88,87.3679507254391,19.0930766944608,4.90545287317749,36.6898548791446,219.106883907374,0.40861858560204,0.113128699008824,2.25894010918371,70131003,6
10437019,2026.19669330289,31.9750683333333,64.3819766666667,90,89.3534433807229,19.0910669236213,4.90527366140433,36.6893658513129,218.168636993382,0.407924775984992,0.109049665462752,2.02493915418708,70131003,6
10437019,2026.19669330289,31.9750683333333,64.3819766666667,92,91.3347645198532,19.0876588053428,4.90492185853831,36.6886629206587,218.281201279597,0.407121960571672,0.0915353748053655,1.83294003466898,70131003,6
10437019,2026.19669330289,31.9750683333333,64.3819766666667,94,93.3312526776333,19.0849486522957,4.90464567599478,36.6879782016597,217.920266944476,0.406813202795218,0.0869487986424438,1.67132423696555,70131003,6
10437019,2026.19669330289,31.9750683333333,64.3819766666667,96,95.2965125530364,19.0831550072194,4.90449618901502,36.687547971793,217.492813893345,0.405109226189124,0.0611540373279309,1.49958062176674,70131003,6
10437019,2026.19669330289,31.9750683333333,64.3819766666667,98,97.301011810551,19.0811627703783,4.90434310024282,36.6872632747201,217.752634705546,0.403850266659807,0.06067373921746,1.38532507920076,70131003,6
10437019,2026.19669330289,31.9750683333333,64.3819766666667,100,99.2721422622969,19.0795306704488,4.90424960323192,36.6871611307125,217.726242478549,0.403187052400152,0.0594389592264726,1.25066971273604,70131003,6
10437019,2026.19669330289,31.9750683333333,64.3819766666667,102,101.265397992926,19.0797208768722,4.90440229787459,36.6875170388833,217.405614265154,0.403127673319984,0.0547287582096201,1.1500531748647,70131003,6
10437019,2026.19669330289,31.9750683333333,64.3819766666667,104,103.251668181162,19.0805383326452,4.9046495493389,36.6881132202487,217.265411792702,0.403597173597512,0.0604545853124952,1.05111874031079,70131003,6
10437019,2026.19669330289,31.9750683333333,64.3819766666667,106,105.2322706334,19.0813172359423,4.90487750717469,36.6885813031409,218.122702384742,0.403765338120924,0.070777424636192,0.943103012218109,70131003,6
10437019,2026.19669330289,31.9750683333333,64.3819766666667,108,107.221134096118,19.081813123377,4.90504717533245,36.688809680303,218.07311030655,0.404312166574951,0.0670129346981415,0.863486495501498,70131003,6
10437019,2026.19669330289,31.9750683333333,64.3819766666667,110,109.206149263553,19.079630679851,4.90489260167149,36.6886814176557,218.118602675117,0.404165007368507,0.0638663406903313,0.785499231483055,70131003,6
10437019,2026.19669330289,31.9750683333333,64.3819766666667,112,111.186600677495,19.0792368234303,4.90491771124445,36.6884815652602,218.38868869478,0.403526271648295,0.0672797152329154,0.705146418113969,70131003,6
10437019,2026.19669330289,31.9750683333333,64.3819766666667,114,113.176774991798,19.0791459182719,4.90502409162716,36.6886972682717,218.122625155698,0.403180656849683,0.0632067286062493,0.640761587376102,70131003,6
10437019,2026.19669330289,31.9750683333333,64.3819766666667,116,115.16063917145,19.0786225143587,4.9050577325883,36.6886840266306,218.285684470914,0.402905940854034,0.0632620230851197,0.580637321790675,70131003,6
10437019,2026.19669330289,31.9750683333333,64.3819766666667,118,117.136604456708,19.0757983931348,4.90487988207705,36.6889282005108,217.98307336697,0.401896454962519,0.060400497890102,0.528447105434368,70131003,6
10437019,2026.19669330289,31.9750683333333,64.3819766666667,120,119.13599253455,19.0735202061184,4.90470635429163,36.6887256205605,218.017093737751,0.40229341433289,0.0615338266103875,0.47717042449251,70131003,6
10437019,2026.19669330289,31.9750683333333,64.3819766666667,122,121.104838591231,19.0718124817399,4.90459766343421,36.6885635729736,218.855221551306,0.401776180284007,0.0586423650664951,0.421156401864246,70131003,6
10437019,2026.19669330289,31.9750683333333,64.3819766666667,124,123.104999021376,19.0652480430759,4.90391331060676,36.6878574868507,218.320898225598,0.402106556135875,0.0512053656961591,0.383310857818678,70131003,6
10437019,2026.19669330289,31.9750683333333,64.3819766666667,126,125.081229183282,19.0578123426132,4.90309346719192,36.6867824128882,218.659993193113,0.401992334974041,0.046668008846744,0.344060725811484,70131003,6
10437019,2026.19669330289,31.9750683333333,64.3819766666667,128,127.06823003403,19.0570630273911,4.90307715136028,36.6865492648771,218.433444475688,0.399998831280843,0.047638832964719,0.308815178091188,70131003,6
10437019,2026.19669330289,31.9750683333333,64.3819766666667,130,129.056926628265,19.0568435515813,4.90313807782537,36.6864971414458,218.162534634301,0.400785226994802,0.0491712131437791,0.279232867688283,70131003,6
10437019,2026.19669330289,31.9750683333333,64.3819766666667,132,131.036120277086,19.0553627470975,4.90304442011555,36.686260899653,218.235021962346,0.399688253984017,0.0457336397942196,0.250893382375951,70131003,6
10437019,2026.19669330289,31.9750683333333,64.3819766666667,134,133.022750354413,19.0433584451353,4.9016521891415,36.6844125520827,218.036737706497,0.399302975024841,0.0383842426995788,0.221810495241996,70131003,6
10437019,2026.19669330289,31.9750683333333,64.3819766666667,136,135.009788104778,19.0431035006262,4.90178898665904,36.6850305663038,218.364566927774,0.399063152630168,0.0327618419646817,0.200920133965605,70131003,6
10437019,2026.19669330289,31.9750683333333,64.3819766666667,138,136.993611526629,19.042694686479,4.90193011827327,36.6858213668879,218.786905375617,0.398623910824236,0.0333608951399479,0.176528873919666,70131003,6
10437019,2026.19669330289,31.9750683333333,64.3819766666667,140,138.97042995179,19.0418636003274,4.90203016381501,36.6866402986514,218.920463694216,0.397669820482741,0.0368224525949715,0.15635899036941,70131003,6
10437019,2026.19669330289,31.9750683333333,64.3819766666667,142,140.968595396857,19.0412736760618,4.90206362641574,36.6866854995453,219.191535502523,0.398129659784861,0.0299094748430974,0.14096546340229,70131003,6
10437019,2026.19669330289,31.9750683333333,64.3819766666667,144,142.942654279473,19.0407398230103,4.90208535276861,36.6865823762943,219.299615470062,0.398292227081488,0.0395425081293811,0.11909450626733,70131003,6
10437019,2026.19669330289,31.9750683333333,64.3819766666667,146,144.936057174906,19.039280646199,4.90201546836046,36.6865275083377,218.932259110413,0.39855958763709,0.0356669217486332,0.110388782935542,70131003,6
10437019,2026.19669330289,31.9750683333333,64.3819766666667,148,146.913596638222,19.0393591511145,4.90210992385545,36.686494570668,219.067486407735,0.398673220723418,0.0337971335965186,0.0955858773153193,70131003,6
10437019,2026.19669330289,31.9750683333333,64.3819766666667,150,148.907694047665,19.037673418461,4.90198327098848,36.6861626715995,219.168358253455,0.398726809691254,0.0415694839811067,0.0863617434023875,70131003,6
10437019,2026.19669330289,31.9750683333333,64.3819766666667,152,150.882628903532,19.0354501511566,4.90178219721967,36.685680322186,218.431177937699,0.399140001827145,0.0384012250600337,0.0726240001237171,70131003,6
10437019,2026.19669330289,31.9750683333333,64.3819766666667,154,152.871350698701,19.0300174184864,4.9011697701667,36.6845768902742,218.174474940232,0.399521338839989,0.0447151431911714,0.0644972927719904,70131003,6
10437019,2026.19669330289,31.9750683333333,64.3819766666667,156,154.853751856322,19.0203922856267,4.90009181735555,36.6832658305937,218.489214069229,0.399772107263341,0.0488989922720403,0.0545241790971851,70131003,6
10437019,2026.19669330289,31.9750683333333,64.3819766666667,158,156.839656899045,19.0154215587098,4.89958177910671,36.6826146130896,218.416082681605,0.400141947310269,0.0480700187924896,0.0468793451730782,70131003,6
10437019,2026.19669330289,31.9750683333333,64.3819766666667,160,158.825357406442,19.014714898447,4.89955471490629,36.6822543107392,218.219427705751,0.400339418223747,0.0520923706105794,0.0339112526310862,70131003,6
10437019,2026.19669330289,31.9750683333333,64.3819766666667,162,160.807435911221,19.0124856376396,4.89934220508835,36.6816807904271,218.701671133565,0.400062106016251,0.0443928403933521,0.0274519807309281,70131003,6
10437019,2026.19669330289,31.9750683333333,64.3819766666667,164,162.795879044198,19.0104131393975,4.89914740534012,36.681117632,218.051600881874,0.399670832658356,0.0440277682963762,0.0204546123337131,70131003,6
10437019,2026.19669330289,31.9750683333333,64.3819766666667,166,164.775057739742,19.0069039493369,4.89878823590314,36.6804424712601,218.124975924138,0.399973166705148,0.0402077025509841,0.0153578108099047,70131003,6
10437019,2026.19669330289,31.9750683333333,64.3819766666667,168,166.762493430863,19.0043045752728,4.89856775177842,36.6801295310496,218.3055304784,0.399578952604516,0.0398513038722386,0.0108027976796211,70131003,6
10437019,2026.19669330289,31.9750683333333,64.3819766666667,170,168.746432556565,19.0037020799572,4.89858440243503,36.6800454691582,218.209759658229,0.399684747022464,0.0340954818017869,0.00632319918622529,70131003,6
10437019,2026.19669330289,31.9750683333333,64.3819766666667,172,170.730772741774,19.0012932864863,4.89837020571508,36.6796168336972,217.993861872569,0.400317550108162,0.0361639737649745,0.000697749908585613,70131003,6
10437019,2026.19669330289,31.9750683333333,64.3819766666667,174,172.708142894536,18.9946930147063,4.89767590197236,36.6788561460734,218.071209277067,0.400380973593062,0.0364872438546463,0.00071831385990627,70131003,6
10437019,2026.19669330289,31.9750683333333,64.3819766666667,176,174.704601274591,18.9894402975117,4.89706614597334,36.6776139145031,218.059272550544,0.399927006604027,0.0426886596705787,0.00012799977232407,70131003,6
10437019,2026.19669330289,31.9750683333333,64.3819766666667,178,176.676305808998,18.9864648447669,4.89691416169179,36.6782109662063,218.224244673185,0.399370234711507,0.0381534545961697,1e-12,70131003,6
10437019,2026.19669330289,31.9750683333333,64.3819766666667,180,178.673681104603,18.9870992275855,4.89720468322746,36.6793388266644,218.867741432443,0.398933692819144,0.0401614484257584,1e-12,70131003,6
10437019,2026.19669330289,31.9750683333333,64.3819766666667,182,180.651373706429,18.9871333309515,4.89733045546817,36.6796106255608,218.922542778967,0.40001938193808,0.0406797017449965,1e-12,70131003,6
10437019,2026.19669330289,31.9750683333333,64.3819766666667,184,182.638009569871,18.9853829713888,4.8972790599854,36.679970372826,218.719349418081,0.399410919055276,0.0448106574269736,1e-12,70131003,6
10437019,2026.19669330289,31.9750683333333,64.3819766666667,186,184.624533799846,18.9835022110655,4.89713428906049,36.6796591802945,218.988887356214,0.39892211566401,0.0465607615570767,1e-12,70131003,6
10437019,2026.19669330289,31.9750683333333,64.3819766666667,188,186.59779615574,18.9790697693294,4.89667395807737,36.6789494215548,218.896102741016,0.399290860778249,0.0392619029203623,1.67192308577459e-11,70131003,6
10437019,2026.19669330289,31.9750683333333,64.3819766666667,190,188.594739973162,18.9724320094046,4.89595486204755,36.678012482738,219.139773104839,0.399193051111317,0.0474643288905646,1.6884115254207e-12,70131003,6
10437019,2026.19669330289,31.9750683333333,64.3819766666667,192,190.565076288015,18.9698550071573,4.89570480705159,36.677430862596,219.007541791869,0.398550597208372,0.0417483066008128,8.76126539673557e-13,70131003,6
10437019,2026.19669330289,31.9750683333333,64.3819766666667,194,192.562246108503,18.9670391281664,4.89546352935967,36.6771347254245,219.064642871614,0.398628678790747,0.0365178080645126,1.00017056052868e-12,70131003,6
10437019,2026.19669330289,31.9750683333333,64.3819766666667,196,194.544573107839,18.966233220922,4.89543350369371,36.6768385289007,219.004692352275,0.398562498716045,0.0373339507392515,1.00001276977988e-12,70131003,6
10437019,2026.19669330289,31.9750683333333,64.3819766666667,198,196.521521099364,18.9646762253306,4.89534848655763,36.6767442109778,218.670460947484,0.398633928675533,0.032351301291412,9.99998964612442e-13,70131003,6
10437019,2026.19669330289,31.9750683333333,64.3819766666667,200,198.513421195026,18.9651029530174,4.89547953158188,36.676713720106,218.631549558177,0.398452301743332,0.0408305097324924,9.99999948821147e-13,70131003,6
10437019,2026.19669330289,31.9750683333333,64.3819766666667,202,200.495767744007,18.9652655341856,4.89560394388966,36.6768613438265,219.522447221682,0.398166243314738,0.0434436999483922,9.99999999235384e-13,70131003,6
10437019,2026.19669330289,31.9750683333333,64.3819766666667,204,202.474993745529,18.9651918530239,4.89576810258564,36.6775531224275,218.950685408905,0.39819951965043,0.0395871200535274,1.00000000011291e-12,70131003,6
10437019,2026.19669330289,31.9750683333333,64.3819766666667,206,204.466161627755,18.96391143171,4.89574336235522,36.6777221176565,219.422434408729,0.39771739432208,0.0358091370882643,1.00000000000203e-12,70131003,6
10437019,2026.19669330289,31.9750683333333,64.3819766666667,208,206.442048560577,18.9595091622136,4.89529279242408,36.6770679157311,219.800623874224,0.39766176203686,0.0334058359393761,9.99999999999717e-13,70131003,6
10437019,2026.19669330289,31.9750683333333,64.3819766666667,210,208.430424527062,18.9551458266029,4.8948432967854,36.6763881401179,219.646846021706,0.397704775814341,0.0325510664544213,1.00000000000001e-12,70131003,6
10437019,2026.19669330289,31.9750683333333,64.3819766666667,212,210.418196970712,18.9523049310467,4.89456998448358,36.6758446548349,219.657757001962,0.397703636376527,0.0355301899601722,1e-12,70131003,6
10437019,2026.19669330289,31.9750683333333,64.3819766666667,214,212.395325542866,18.9501825312019,4.89437507906693,36.6753256066141,218.755460898372,0.397688388453495,0.0367142082191072,1e-12,70131003,6
10437019,2026.19669330289,31.9750683333333,64.3819766666667,216,214.380400469394,18.9470609119407,4.89407372108586,36.6747943778185,219.116538842494,0.398182232404502,0.0366097972310464,1e-12,70131003,6
10437019,2026.19669330289,31.9750683333333,64.3819766666667,218,216.37188818017,18.9441229332723,4.89379657014759,36.674304496913,219.297200444805,0.398455958413016,0.0308294760845257,1e-12,70131003,6
10437019,2026.19669330289,31.9750683333333,64.3819766666667,220,218.353801187061,18.9391885183019,4.89325502020635,36.673354259692,218.869664161962,0.398485033045766,0.0363305226348282,1e-12,70131003,6
10437019,2026.19669330289,31.9750683333333,64.3819766666667,222,220.327712981878,18.9364670754878,4.89300485077629,36.6728999541,219.214357193521,0.399161966828521,0.0321609686711239,1e-12,70131003,6
10437019,2026.19669330289,31.9750683333333,64.3819766666667,224,222.32203715655,18.9365979061498,4.89310683809451,36.6728878586317,219.162075139671,0.39814025732208,0.0300716505712549,1e-12,70131003,6
10437019,2026.19669330289,31.9750683333333,64.3819766666667,226,224.298911958786,18.9350862705685,4.89299302722138,36.6725115586948,219.033146794631,0.398055983759306,0.0301964282392535,1e-12,70131003,6
10437019,2026.19669330289,31.9750683333333,64.3819766666667,228,226.286342886598,18.9325867560688,4.89274999915022,36.6719210342742,218.608181694228,0.398078857348436,0.0286304249589968,1e-12,70131003,6
10437019,2026.19669330289,31.9750683333333,64.3819766666667,230,228.275246886013,18.930383684998,4.89255701158702,36.6714897894718,218.723434207915,0.398535086985807,0.0279811138390847,1e-12,70131003,6
10437019,2026.19669330289,31.9750683333333,64.3819766666667,232,230.247248944924,18.9278361466508,4.89230725088133,36.6708850732464,219.022451600282,0.398455695159914,0.0326744531728225,1e-12,70131003,6
10437019,2026.19669330289,31.9750683333333,64.3819766666667,234,232.241171682659,18.9213025734431,4.89151258909263,36.6692168738583,218.244345739952,0.398477942929092,0.0330396822777848,1e-12,70131003,6
10437019,2026.19669330289,31.9750683333333,64.3819766666667,236,234.227344306887,18.9103774012193,4.8901245890458,36.6664347160756,217.779603486256,0.398425110932815,0.0270314615417925,1e-12,70131003,6
10437019,2026.19669330289,31.9750683333333,64.3819766666667,238,236.205884837934,18.9012276887435,4.88899600209674,36.664266063175,218.096577856801,0.398577026949073,0.0289471900930621,1e-12,70131003,6
10437019,2026.19669330289,31.9750683333333,64.3819766666667,240,238.181798714469,18.8985600458812,4.88871126592691,36.6634720364626,217.046449004681,0.398403398626404,0.0284564004467118,1e-12,70131003,6
10437019,2026.19669330289,31.9750683333333,64.3819766666667,242,240.176164367331,18.877893541243,4.88596139136374,36.6578248587645,215.651300871121,0.399498503804506,0.0322330615982783,1e-12,70131003,6
10437019,2026.19669330289,31.9750683333333,64.3819766666667,244,242.162739843669,18.8455077472343,4.88190176785292,36.651499093053,214.573189835615,0.401167413917276,0.0294955678470522,1e-12,70131003,6
10437019,2026.19669330289,31.9750683333333,64.3819766666667,246,244.137980471152,18.8165737849081,4.87823216127885,36.645395947761,213.415252991148,0.397782609676506,0.0314621243620078,1e-12,70131003,6
10437019,2026.19669330289,31.9750683333333,64.3819766666667,248,246.117693715674,18.8025200716177,4.87642640110123,36.6418401010275,210.241963726385,0.398161399708529,0.0359273796596032,1e-12,70131003,6
10437019,2026.19669330289,31.9750683333333,64.3819766666667,250,248.11001355397,18.7238543995229,4.86632742824858,36.6254299543913,208.96566316496,0.396662919453427,0.0284382586330334,1e-12,70131003,6
10437019,2026.19669330289,31.9750683333333,64.3819766666667,252,250.100052418467,18.662955527515,4.85886203655631,36.6154923640331,208.613624118327,0.396411450937083,0.0235625048120886,1e-12,70131003,6
10437019,2026.19669330289,31.9750683333333,64.3819766666667,254,252.06955650815,18.6393301914619,4.85591669170912,36.6107463612568,207.654033931871,0.396919249750112,0.0232264630301639,1e-12,70131003,6
10437019,2026.19669330289,31.9750683333333,64.3819766666667,256,254.059082267135,18.6030020830914,4.85132637139419,36.6033152700284,206.416307350521,0.394979940461417,0.0273637521835269,1e-12,70131003,6
10437019,2026.19669330289,31.9750683333333,64.3819766666667,258,256.040867004708,18.5952434282884,4.85046537258793,36.6021410328637,206.037353731005,0.394597809919986,0.0243580401840414,1e-12,70131003,6
10437019,2026.19669330289,31.9750683333333,64.3819766666667,260,258.032388608356,18.5922922040676,4.85014653932281,36.6012977145984,206.347873937274,0.39457771487738,0.032444693601938,1e-12,70131003,6
10437019,2026.19669330289,31.9750683333333,64.3819766666667,262,260.006400002803,18.5923016108329,4.8502277654134,36.6012196206158,206.082197375486,0.394887716475723,0.0316601904915777,1e-12,70131003,6
10437019,2026.19669330289,31.9750683333333,64.3819766666667,264,261.99082622985,18.5903692828181,4.85002339183961,36.6004425974552,205.198543587204,0.39451376005258,0.0298216157038923,1e-12,70131003,6
10437019,2026.19669330289,31.9750683333333,64.3819766666667,266,263.986738061955,18.5570044516218,4.84584359986827,36.5938388409592,204.945417463117,0.394951865641896,0.0285887230403567,1e-12,70131003,6
10437019,2026.19669330289,31.9750683333333,64.3819766666667,268,265.954257797561,18.5296388350414,4.84251755548175,36.5891454319243,203.273841155348,0.393876902577949,0.0229454346721312,1e-12,70131003,6
10437019,2026.19669330289,31.9750683333333,64.3819766666667,270,267.938843895714,18.5041644861877,4.83937592273627,36.5843268897428,202.51288949582,0.392527481373294,0.021841517241532,1e-12,70131003,6
10437019,2026.19669330289,31.9750683333333,64.3819766666667,272,269.938061967788,18.4931878948625,4.83801716016483,36.5817729811592,202.377295962606,0.391462936601719,0.0238415012660564,1e-12,70131003,6
10437019,2026.19669330289,31.9750683333333,64.3819766666667,274,271.912500030372,18.4754119366322,4.8359029527795,36.5788372274578,202.041478622554,0.391379914606322,0.0289266634742585,1e-12,70131003,6
10437019,2026.19669330289,31.9750683333333,64.3819766666667,276,273.887101456611,18.4691499137928,4.83516560008561,36.5773729292621,201.590195567491,0.390729989529045,0.0328427256474457,1e-12,70131003,6
10437019,2026.19669330289,31.9750683333333,64.3819766666667,278,275.87692060787,18.4506172705584,4.83289821698447,36.5738006532549,201.491798009431,0.390224201043685,0.0339918050531922,1e-12,70131003,6
10437019,2026.19669330289,31.9750683333333,64.3819766666667,280,277.870250476409,18.4102516114594,4.82793694712902,36.5667052838123,201.711576866903,0.389466138378384,0.0286363720393968,1e-12,70131003,6
10437019,2026.19669330289,31.9750683333333,64.3819766666667,282,279.841322508727,18.3704471310399,4.82324321809568,36.5613765472979,201.573860250706,0.388785158992736,0.0206046440044381,1e-12,70131003,6
10437019,2026.19669330289,31.9750683333333,64.3819766666667,284,281.821781973291,18.3575294655157,4.82168905764589,36.5588634587175,201.503221951218,0.387942726467854,0.0188222294956168,1e-12,70131003,6
10437019,2026.19669330289,31.9750683333333,64.3819766666667,286,283.815032275307,18.3492181938803,4.8207732967716,36.5576921556059,201.170574914142,0.387549852122289,0.0172833556657827,1e-12,70131003,6
10437019,2026.19669330289,31.9750683333333,64.3819766666667,288,285.799995394132,18.3285152770618,4.81830783978397,36.5543340458967,201.438876065836,0.387584035318442,0.0204762967218587,1e-12,70131003,6
10437019,2026.19669330289,31.9750683333333,64.3819766666667,290,287.770830298261,18.3114669852964,4.81631322085937,36.5517351625711,202.37846719133,0.387419130635471,0.0280856345931304,1e-12,70131003,6
10437019,2026.19669330289,31.9750683333333,64.3819766666667,292,289.75989382237,18.3035053798842,4.81542614110384,36.5504930171941,202.219143891564,0.387142345262193,0.023474119607696,1e-12,70131003,6
10437019,2026.19669330289,31.9750683333333,64.3819766666667,294,291.748945930448,18.2956152319261,4.81453989428561,36.5491936612139,201.560129999914,0.387091918321652,0.020004946075818,1e-12,70131003,6
10437019,2026.19669330289,31.9750683333333,64.3819766666667,296,293.731031977498,18.2803788842269,4.81276640798275,36.5468616342034,201.508302844912,0.386645963660362,0.0276036505264262,1e-12,70131003,6
10437019,2026.19669330289,31.9750683333333,64.3819766666667,298,295.706326925993,18.2659458340151,4.81111306737348,36.5448378819826,201.626756470139,0.386246734631451,0.0182142057583467,1e-12,70131003,6
10437019,2026.19669330289,31.9750683333333,64.3819766666667,300,297.69171940755,18.2584071047329,4.81028210100003,36.543694313389,201.982725150684,0.386226826115324,0.0271865779633008,1e-12,70131003,6
10437019,2026.19669330289,31.9750683333333,64.3819766666667,302,299.682761495594,18.2534099507759,4.80973184992826,36.5426838404706,202.25080888577,0.386305670664698,0.0299485371637109,1e-12,70131003,6
10437019,2026.19669330289,31.9750683333333,64.3819766666667,304,301.657690761484,18.2440474336515,4.80869268411382,36.5413853460946,202.639644838377,0.386303478823271,0.0290625677941354,1e-12,70131003,6
10437019,2026.19669330289,31.9750683333333,64.3819766666667,306,303.645818133144,18.2276983002734,4.80679912803174,36.5390098814902,201.871111629139,0.38612196900908,0.0186720447232981,1e-12,70131003,6
10437019,2026.19669330289,31.9750683333333,64.3819766666667,308,305.626607207921,18.1872343646687,4.8019528132604,36.5328758364104,201.49728390973,0.38580563738589,0.0162224008167773,1e-12,70131003,6
10437019,2026.19669330289,31.9750683333333,64.3819766666667,310,307.60855945385,18.1703427844511,4.80005244543983,36.5309157493858,201.706905604076,0.385490296987747,0.0229973038564389,1e-12,70131003,6
10437019,2026.19669330289,31.9750683333333,64.3819766666667,312,309.594292318543,18.1645544586292,4.7994357782753,36.5300369002295,201.944882309286,0.385799314209587,0.0171312404969976,1e-12,70131003,6
10437019,2026.19669330289,31.9750683333333,64.3819766666667,314,311.576592913688,18.1607044497969,4.79907413604448,36.5296120947675,201.813017544316,0.386161911158394,0.0216028469483818,1e-12,70131003,6
10437019,2026.19669330289,31.9750683333333,64.3819766666667,316,313.561648813649,18.1570828934253,4.79873296331617,36.5291586754756,202.001349547133,0.38584615106641,0.0208062806929985,1e-12,70131003,6
10437019,2026.19669330289,31.9750683333333,64.3819766666667,318,315.538427627924,18.1509452662329,4.79810130078609,36.52846258688,202.029497145428,0.386167567117171,0.0190565934860706,1e-12,70131003,6
10437019,2026.19669330289,31.9750683333333,64.3819766666667,320,317.522405884175,18.1469037191917,4.79771550723471,36.528001547749,202.010047633473,0.385836947134792,0.0245280562759887,1e-12,70131003,6
10437019,2026.19669330289,31.9750683333333,64.3819766666667,322,319.516447535025,18.1401311410805,4.7970266626174,36.5273816653768,202.216875090669,0.385403544970062,0.0271497508539229,1e-12,70131003,6
10437019,2026.19669330289,31.9750683333333,64.3819766666667,324,321.488676234684,18.1336770202399,4.79636724671305,36.5267294003267,202.089601657322,0.385937349441721,0.0262574678431533,1e-12,70131003,6
10437019,2026.19669330289,31.9750683333333,64.3819766666667,326,323.470880870526,18.1307463990807,4.79610803309564,36.5263609276239,201.773001209631,0.386151313539085,0.0212479701364803,1e-12,70131003,6
10437019,2026.19669330289,31.9750683333333,64.3819766666667,328,325.46553223757,18.1237641534269,4.79535818965797,36.5254049085759,202.319151724277,0.386175093595344,0.0172366548592892,1e-12,70131003,6
10437019,2026.19669330289,31.9750683333333,64.3819766666667,330,327.432618598955,18.118086186384,4.79479394259451,36.5248745652971,201.892756263654,0.386189434767112,0.0203685394525119,1e-12,70131003,6
10437019,2026.19669330289,31.9750683333333,64.3819766666667,332,329.418489798419,18.1125918052139,4.79421413058488,36.5240469267389,202.515482111188,0.38606617767445,0.0195291005486666,1e-12,70131003,6
10437019,2026.19669330289,31.9750683333333,64.3819766666667,334,331.414822329226,18.1046002123781,4.79334029313475,36.5229280161202,202.704422312026,0.385297701575145,0.0265034235939608,1e-12,70131003,6
10437019,2026.19669330289,31.9750683333333,64.3819766666667,336,333.387219769174,18.0983718635503,4.7926864812349,36.5221205502822,202.533052440996,0.385804805309622,0.0269767073606004,1e-12,70131003,6
10437019,2026.19669330289,31.9750683333333,64.3819766666667,338,335.366850626285,18.0909133038959,4.79184472668353,36.5207999653169,202.75111931015,0.38545937158123,0.0249853970577793,1e-12,70131003,6
10437019,2026.19669330289,31.9750683333333,64.3819766666667,340,337.35729129702,18.0816429346581,4.79078776520809,36.5192508987035,202.647364544648,0.38547754250028,0.0244550319256091,1e-12,70131003,6
10437019,2026.19669330289,31.9750683333333,64.3819766666667,342,339.334772450834,18.071270267019,4.78958031347818,36.517394754143,202.280445118282,0.38618151071505,0.0304170735221999,1e-12,70131003,6
10437019,2026.19669330289,31.9750683333333,64.3819766666667,344,341.325726253733,18.0617429909002,4.788458419583,36.5155163573515,202.415224993486,0.385677247738257,0.0252364007339308,1e-12,70131003,6
10437019,2026.19669330289,31.9750683333333,64.3819766666667,346,343.299276180881,18.0577674915209,4.78805463576754,36.5148394198245,201.672953659751,0.386127048038686,0.0269579591327606,1e-12,70131003,6
10437019,2026.19669330289,31.9750683333333,64.3819766666667,348,345.281608361001,18.0537884849726,4.7876066034281,36.5137860894763,201.233634134993,0.385724302871472,0.0195978231469743,1e-12,70131003,6
10437019,2026.19669330289,31.9750683333333,64.3819766666667,350,347.271813013816,18.0425045653303,4.78624137916507,36.5113865143491,201.115891366627,0.385266563773688,0.0170452009737139,1e-12,70131003,6
10437019,2026.19669330289,31.9750683333333,64.3819766666667,352,349.253634069713,18.0251956532268,4.78417547829843,36.5083525649165,201.283804933,0.385253666545628,0.0230308557956881,1e-12,70131003,6
10437019,2026.19669330289,31.9750683333333,64.3819766666667,354,351.232499101247,18.0073039670373,4.78200109886011,36.5049037864388,200.74012709552,0.38520747672994,0.0243103233817906,1e-12,70131003,6
10437019,2026.19669330289,31.9750683333333,64.3819766666667,356,353.21338941504,17.9940578025571,4.78049158346449,36.5030107465054,200.806684214072,0.385652062973782,0.0262352275867776,1e-12,70131003,6
10437019,2026.19669330289,31.9750683333333,64.3819766666667,358,355.199205635759,17.9893884957048,4.77995181444556,36.5017829279396,200.550437574159,0.385284509312098,0.0337385459223616,1e-12,70131003,6
10437019,2026.19669330289,31.9750683333333,64.3819766666667,360,357.183908215478,17.9645690835269,4.77692900062604,36.4972253991054,200.954885209746,0.385228233775351,0.0266323629018771,0.00163234406513481,70131003,6
10437019,2026.19669330289,31.9750683333333,64.3819766666667,362,359.164213587194,17.946859893001,4.77487853674588,36.4946648568739,201.007740328542,0.385581159978309,0.0266986088353961,3.35741688225809e-05,70131003,6
10437019,2026.19669330289,31.9750683333333,64.3819766666667,364,361.142340900261,17.9539875100973,4.77585526037091,36.4959263319526,200.120863848756,0.385745380909622,0.0273428675943949,1.59496384810257e-06,70131003,6
10437019,2026.19669330289,31.9750683333333,64.3819766666667,366,363.128486244756,17.9513774540302,4.77555303171366,36.4948977065921,199.985217997697,0.386113551668858,0.0229443399623429,1.85155791441502e-07,70131003,6
10437019,2026.19669330289,31.9750683333333,64.3819766666667,368,365.11988792496,17.9254095936605,4.77232987346889,36.4896320182479,199.888844875013,0.38619028856541,0.0263158696673596,1.12198671188196e-08,70131003,6
10437019,2026.19669330289,31.9750683333333,64.3819766666667,370,367.09232621842,17.9002844571587,4.76931958643065,36.4854362602333,199.663390692638,0.386341403614853,0.0263713804579693,1e-12,70131003,6
10437019,2026.19669330289,31.9750683333333,64.3819766666667,372,369.069548402858,17.8991204734653,4.76925495539319,36.4851561883471,199.685627637747,0.387575948021707,0.0263250983494805,1e-12,70131003,6
10437019,2026.19669330289,31.9750683333333,64.3819766666667,374,371.059660047706,17.8945716349696,4.76875217341106,36.484133024893,199.881115402669,0.385609811070092,0.0259265997795433,8.61863975565199e-13,70131003,6
10437019,2026.19669330289,31.9750683333333,64.3819766666667,376,373.049945249833,17.8889727696004,4.76812526642052,36.4829802541308,199.270913889748,0.386155478033073,0.0268501395776447,0.000374761688402318,70131003,6
10437019,2026.19669330289,31.9750683333333,64.3819766666667,378,375.016405630358,17.8852065048351,4.76773121142507,36.4821926141864,199.09441207066,0.386000267674381,0.0266069915822462,1e-12,70131003,6
10437019,2026.19669330289,31.9750683333333,64.3819766666667,380,377.00466825595,17.8836046883408,4.76759652997963,36.4817018052887,199.078755357498,0.385504233049864,0.0200280681342306,1e-12,70131003,6
10437019,2026.19669330289,31.9750683333333,64.3819766666667,382,378.995052883691,17.8807173988316,4.76731480848435,36.4810948593711,199.160819618727,0.385402826672479,0.0191336025108187,1e-12,70131003,6
10437019,2026.19669330289,31.9750683333333,64.3819766666667,384,380.972153498077,17.8738753168536,4.76651776559498,36.4795886447549,198.75936917659,0.385828001938216,0.0211941678353301,5.55401899259835e-09,70131003,6
10437019,2026.19669330289,31.9750683333333,64.3819766666667,386,382.947968754487,17.8584150718213,4.76464310633383,36.4765112068636,197.905720164393,0.385772148255002,0.0316809838406069,1e-12,70131003,6
10437019,2026.19669330289,31.9750683333333,64.3819766666667,388,384.938161888377,17.8161913944496,4.75929676488006,36.4674577037346,196.886846349655,0.385970251108715,0.0239017287152644,1e-12,70131003,6
10437019,2026.19669330289,31.9750683333333,64.3819766666667,390,386.916457387478,17.7775349215098,4.75462472795288,36.4610085304345,196.401019217775,0.385790750582072,0.0241734599474719,1.74576276008566e-12,70131003,6
10437019,2026.19669330289,31.9750683333333,64.3819766666667,392,388.903811006189,17.7743300373512,4.75425413373053,36.4599154462389,196.195683172608,0.386938815228574,0.0219066925183906,9.40185919593423e-13,70131003,6
10437019,2026.19669330289,31.9750683333333,64.3819766666667,394,390.880449142936,17.7718015185972,4.75400251164256,36.4592432775979,195.900456180145,0.386006675481915,0.0264881160084529,1.0037671902887e-12,70131003,6
10437019,2026.19669330289,31.9750683333333,64.3819766666667,396,392.860731423515,17.7707260740078,4.75392542054759,36.458776032762,195.73656312918,0.3860590751783,0.0214076770377512,1.00019300595407e-12,70131003,6
10437019,2026.19669330289,31.9750683333333,64.3819766666667,398,394.856634361733,17.7456793942493,4.75076782218046,36.4531866235911,195.106188141407,0.386234710551605,0.0199289554002123,1.00002587711522e-12,70131003,6
10437019,2026.19669330289,31.9750683333333,64.3819766666667,400,396.829537549696,17.720093279568,4.74769733589561,36.4488241025351,195.139985492858,0.385416868754743,0.0241731508378574,1.00000086540517e-12,70131003,6
10437019,2026.19669330289,31.9750683333333,64.3819766666667,402,398.811303848669,17.7065785110924,4.74605793495344,36.4460038717726,194.393803924941,0.385209859339558,0.0210450170633991,1.00000002551176e-12,70131003,6
10437019,2026.19669330289,31.9750683333333,64.3819766666667,404,400.791720314757,17.6990773876389,4.74512248998266,36.4438765871002,194.266086195509,0.385846410231042,0.0186024785581837,1.00000000028381e-12,70131003,6
10437019,2026.19669330289,31.9750683333333,64.3819766666667,406,402.77838002435,17.6925574863213,4.7443694161483,36.4424447641323,193.610304175429,0.385164292175101,0.0265721063028935,1.00000000000099e-12,70131003,6
10437019,2026.19669330289,31.9750683333333,64.3819766666667,408,404.760406693307,17.6532599219898,4.739461670741,36.4344634835525,192.010171121637,0.38568261076479,0.0247212844512934,1.00000000000001e-12,70131003,6
10437019,2026.19669330289,31.9750683333333,64.3819766666667,410,406.734944092637,17.607655446739,4.73364710654117,36.4242694865179,190.527054253264,0.385181555768043,0.0210928668114625,9.99999999999999e-13,70131003,6
10437019,2026.19669330289,31.9750683333333,64.3819766666667,412,408.728977703374,17.5418123840985,4.72555005664939,36.4124107338926,190.61069249733,0.385133735967076,0.0176697018191679,1e-12,70131003,6
10437019,2026.19669330289,31.9750683333333,64.3819766666667,414,410.703556050094,17.490853537514,4.71936660699357,36.4037485187446,190.395248260073,0.385361508933038,0.0256534785164028,1e-12,70131003,6
10437019,2026.19669330289,31.9750683333333,64.3819766666667,416,412.684317335501,17.461844531521,4.71578790984481,36.3979585370348,189.831360615193,0.385029732645577,0.0254257968857074,1e-12,70131003,6
10437019,2026.19669330289,31.9750683333333,64.3819766666667,418,414.67528958168,17.4328674206501,4.7122532816613,36.392511879785,189.722152737889,0.385153373540177,0.0197265793437297,1e-12,70131003,6
10437019,2026.19669330289,31.9750683333333,64.3819766666667,420,416.646702011313,17.4011035744596,4.70830537257514,36.385962514734,188.320744270699,0.385232729690868,0.0229277408636434,1e-12,70131003,6
10437019,2026.19669330289,31.9750683333333,64.3819766666667,422,418.637473719005,17.3292561669203,4.69938515621679,36.3721577338919,187.323209995542,0.384943422529521,0.0209355967320866,1e-12,70131003,6
10437019,2026.19669330289,31.9750683333333,64.3819766666667,424,420.616957853407,17.3093654196092,4.69699342398719,36.3684452000805,187.310066462964,0.385237784973054,0.0236654442265776,1e-12,70131003,6
10437019,2026.19669330289,31.9750683333333,64.3819766666667,426,422.59149348177,17.2917064124781,4.69480681695827,36.3645053086291,187.099934308487,0.38519941822847,0.0188541807260701,1e-12,70131003,6
10437019,2026.19669330289,31.9750683333333,64.3819766666667,428,424.579983264106,17.2571853018988,4.6906025970612,36.3581400172781,187.547751813834,0.385121706930592,0.0226338727998506,1e-12,70131003,6
10437019,2026.19669330289,31.9750683333333,64.3819766666667,430,426.564349525264,17.2180159954252,4.68597605625525,36.3522535408471,187.539590567752,0.385254852959096,0.0254016397569622,1e-12,70131003,6
10437019,2026.19669330289,31.9750683333333,64.3819766666667,432,428.544208855594,17.1985628978802,4.68366834904354,36.3488490031213,187.496851556238,0.385346706795689,0.0242239079555683,1e-12,70131003,6
10437019,2026.19669330289,31.9750683333333,64.3819766666667,434,430.525165498219,17.1927621004307,4.68300156418178,36.3474775519729,186.488556866301,0.385386551311614,0.0246008871546087,1e-12,70131003,6
10437019,2026.19669330289,31.9750683333333,64.3819766666667,436,432.503576739349,17.1599304772082,4.67881458027312,36.3396947915873,184.674264248966,0.385283701083689,0.02083768948383,1e-12,70131003,6
10437019,2026.19669330289,31.9750683333333,64.3819766666667,438,434.485323369327,17.1112941348229,4.67299241151665,36.3318345051103,184.444345659525,0.385325538235094,0.0237862307576482,1e-12,70131003,6
10437019,2026.19669330289,31.9750683333333,64.3819766666667,440,436.474516667215,17.0828794121344,4.66957513440455,36.3267685467709,184.385880825942,0.385298228510123,0.0242492945182176,1e-12,70131003,6
10437019,2026.19669330289,31.9750683333333,64.3819766666667,442,438.458341494007,17.0531419775189,4.66597465815041,36.3212795065052,183.856956888138,0.385380710860573,0.0265780678970018,1e-12,70131003,6
10437019,2026.19669330289,31.9750683333333,64.3819766666667,444,440.427122166968,17.0070987887738,4.66043728648442,36.3135105919789,183.714558159301,0.385592122708422,0.0275930713890097,1e-12,70131003,6
10437019,2026.19669330289,31.9750683333333,64.3819766666667,446,442.411826010821,16.9724177453946,4.65615681268392,36.3064871149319,183.194157155019,0.3851816231947,0.0238767417330782,1e-12,70131003,6
10437019,2026.19669330289,31.9750683333333,64.3819766666667,448,444.400870169555,16.942437053884,4.65253621484279,36.3009959481477,183.480495668368,0.385258154717297,0.0243437817079004,1e-12,70131003,6
10437019,2026.19669330289,31.9750683333333,64.3819766666667,450,446.385435430712,16.9090893376132,4.64860693546153,36.2958196367379,184.0071973268,0.385633650336029,0.0275974123502605,1e-12,70131003,6
10437019,2026.19669330289,31.9750683333333,64.3819766666667,452,448.355115384455,16.8795522404813,4.64504673414373,36.2904348870164,183.209591973993,0.385400639221179,0.0277707827803011,1e-12,70131003,6
10437019,2026.19669330289,31.9750683333333,64.3819766666667,454,450.344195400078,16.8389148128619,4.6401691051962,36.2834752395482,182.695376975512,0.385252832394438,0.0283277850111543,1e-12,70131003,6
10437019,2026.19669330289,31.9750683333333,64.3819766666667,456,452.324048838787,16.7985295176123,4.63549257747819,36.2780385536903,182.403818485087,0.385159028096776,0.0266485019872675,1e-12,70131003,6
10437019,2026.19669330289,31.9750683333333,64.3819766666667,458,454.30857644317,16.7885703682872,4.63433970973095,36.2761122368835,182.126905052492,0.385153417848011,0.0261359694209984,1e-12,70131003,6
10437019,2026.19669330289,31.9750683333333,64.3819766666667,460,456.289284555345,16.7769641911133,4.63301320741971,36.2741442967956,181.901814876128,0.38579412105625,0.0298452875574867,1e-12,70131003,6
10437019,2026.19669330289,31.9750683333333,64.3819766666667,462,458.269452129229,16.766941112452,4.63188661405038,36.272504376867,181.783128775175,0.385058242791508,0.0307757027188322,1e-12,70131003,6
10437019,2026.19669330289,31.9750683333333,64.3819766666667,464,460.253513883505,16.7435031418981,4.62909483401844,36.2683194813568,181.578583732485,0.386368535351656,0.0144005580887832,1e-12,70131003,6
10437019,2026.19669330289,31.9750683333333,64.3819766666667,466,462.229949936621,16.6987494267852,4.62376635624329,36.2610374422871,181.570730395641,0.385202090748058,0.0305280957790538,1e-12,70131003,6
10437019,2026.19669330289,31.9750683333333,64.3819766666667,468,464.215727140454,16.6736273653889,4.62084462691354,36.2572068947011,180.948015439206,0.384965659001609,0.0270764646418876,1e-12,70131003,6
10437019,2026.19669330289,31.9750683333333,64.3819766666667,470,466.197821845886,16.6523523831791,4.61829597670394,36.2531831824356,180.264677559697,0.385028030872358,0.0229028380967246,1e-12,70131003,6
10437019,2026.19669330289,31.9750683333333,64.3819766666667,472,468.176528281758,16.6188985885321,4.61432842059154,36.2476420619946,179.680719152481,0.384949039286323,0.0279389467330067,1e-12,70131003,6
10437019,2026.19669330289,31.9750683333333,64.3819766666667,474,470.163813573541,16.5678482516842,4.60815177869838,36.2384868055045,179.996256665131,0.385077926990053,0.0289947211280249,1e-12,70131003,6
10437019,2026.19669330289,31.9750683333333,64.3819766666667,476,472.137455411717,16.4962312433092,4.59974226829955,36.2281655743214,180.03776332332,0.384855539523002,0.0288303689631376,1e-12,70131003,6
10437019,2026.19669330289,31.9750683333333,64.3819766666667,478,474.120474838113,16.4681354648207,4.59643973319533,36.2235923778763,179.67727801499,0.384630447197947,0.0252300030492821,1e-12,70131003,6
10437019,2026.19669330289,31.9750683333333,64.3819766666667,480,476.108369723135,16.4357624993098,4.59251901468126,36.2174056816393,179.473433920696,0.384697380132157,0.0244702748577195,1e-12,70131003,6
10437019,2026.19669330289,31.9750683333333,64.3819766666667,482,478.085574237271,16.4035127685615,4.58875337850505,36.2124702609843,179.437370268835,0.384273544674513,0.0237824153779826,1e-12,70131003,6
10437019,2026.19669330289,31.9750683333333,64.3819766666667,484,480.062549323874,16.3759759782737,4.58550888270843,36.2078728182115,178.916242582284,0.384969523701224,0.0211344238893522,1e-12,70131003,6
10437019,2026.19669330289,31.9750683333333,64.3819766666667,486,482.049306614037,16.3560658038741,4.58307007117618,36.2034997840033,179.060132153722,0.384810889957912,0.0248348875822962,1e-12,70131003,6
10437019,2026.19669330289,31.9750683333333,64.3819766666667,488,484.032058474092,16.3183028396877,4.57868252979916,36.198006080822,179.060674724218,0.384361846245859,0.0251818650142589,1e-12,70131003,6
10437019,2026.19669330289,31.9750683333333,64.3819766666667,490,486.003339837203,16.276891369069,4.5736679527779,36.1902331613661,179.177742273932,0.384823113104083,0.0309978442457606,1e-12,70131003,6
10437019,2026.19669330289,31.9750683333333,64.3819766666667,492,487.994362416752,16.2296307017196,4.56809938522245,36.1828153352592,179.29292379342,0.384147591054111,0.0278134567013579,1e-12,70131003,6
10437019,2026.19669330289,31.9750683333333,64.3819766666667,494,489.977045554369,16.1965729472471,4.56420808635457,36.1774075189168,179.702710025287,0.384555399102818,0.0248053344418987,1e-12,70131003,6
10437019,2026.19669330289,31.9750683333333,64.3819766666667,496,491.956735324928,16.1440063817749,4.55789283288943,36.168104361266,179.415495907494,0.384234900196649,0.0218854214909547,1e-12,70131003,6
10437019,2026.19669330289,31.9750683333333,64.3819766666667,498,493.936463662772,16.0587385924761,4.54771384974096,36.15400751715,179.72752644338,0.383848107988633,0.0213676870003198,1e-12,70131003,6
10437019,2026.19669330289,31.9750683333333,64.3819766666667,500,495.914745793022,15.9868674410024,4.53917951773429,36.1423341136138,178.711448367646,0.383721245096554,0.0264961698866877,1e-12,70131003,6
10437019,2026.19669330289,31.9750683333333,64.3819766666667,502,497.898989495802,15.9760274399993,4.53797639111132,36.1406487207361,177.653572195805,0.383695220745671,0.0327041386458394,1e-12,70131003,6
10437019,2026.19669330289,31.9750683333333,64.3819766666667,504,499.885222753947,15.9461372357244,4.53434525753551,36.1345739544489,177.585445261854,0.384320732083344,0.0271657646355407,1e-12,70131003,6
10437019,2026.19669330289,31.9750683333333,64.3819766666667,506,501.858936051751,15.8877735806327,4.52747367137805,36.1253901699314,176.716872392409,0.384008827893345,0.0283339458722859,1e-12,70131003,6
10437019,2026.19669330289,31.9750683333333,64.3819766666667,508,503.837933997163,15.8496566898432,4.52280068410357,36.1174311807889,175.02185280749,0.383122081519387,0.0280063027780597,1e-12,70131003,6
10437019,2026.19669330289,31.9750683333333,64.3819766666667,510,505.829082465582,15.764622403787,4.51275187719617,36.1039529604802,174.737332207864,0.383236096411447,0.02389534334402,1e-12,70131003,6
10437019,2026.19669330289,31.9750683333333,64.3819766666667,512,507.808639186367,15.7263952576103,4.50836969997943,36.0986396595915,174.389762956727,0.384829923649882,0.0226347489543591,1e-12,70131003,6
10437019,2026.19669330289,31.9750683333333,64.3819766666667,514,509.784638006783,15.7012127991362,4.50544406214381,36.0945122255407,173.853898544967,0.383436583136523,0.0265773301580785,1e-12,70131003,6
10437019,2026.19669330289,31.9750683333333,64.3819766666667,516,511.766968658189,15.671041371418,4.50187498300766,36.0891375767418,173.009616995823,0.384490528850363,0.026846666957112,1e-12,70131003,6
10437019,2026.19669330289,31.9750683333333,64.3819766666667,518,513.749353022819,15.6459741198891,4.49899401378915,36.0852883319994,172.909491611701,0.384319165494,0.0205939933025636,1e-12,70131003,6
10437019,2026.19669330289,31.9750683333333,64.3819766666667,520,515.730848626563,15.6323354469506,4.49742200476226,36.0827889217639,172.55808821412,0.384262462342891,0.0254852361123702,1e-12,70131003,6
10437019,2026.19669330289,31.9750683333333,64.3819766666667,522,517.709099686349,15.6200714316644,4.49605349958718,36.0808647853659,172.812165495813,0.38430750722516,0.0394721024458916,1e-12,70131003,6
10437019,2026.19669330289,31.9750683333333,64.3819766666667,524,519.694766947265,15.5863952194524,4.4921452359376,36.0755993820149,172.936008159095,0.384180928948966,0.0322102519652027,1e-12,70131003,6
10437019,2026.19669330289,31.9750683333333,64.3819766666667,526,521.672514572599,15.5458350240318,4.48742551518849,36.0692863205818,172.741455884198,0.383439062153851,0.0258609560616367,1e-12,70131003,6
10437019,2026.19669330289,31.9750683333333,64.3819766666667,528,523.648984300971,15.4990743838371,4.48181777191546,36.0606036148569,171.851375246714,0.383022390803542,0.029554791898243,1e-12,70131003,6
10437019,2026.19669330289,31.9750683333333,64.3819766666667,530,525.637971754732,15.4580889792149,4.47702398666171,36.0539654161061,171.520352682702,0.383270035771692,0.0257069974144486,1e-12,70131003,6
10437019,2026.19669330289,31.9750683333333,64.3819766666667,532,527.619876658241,15.4476302918955,4.4758226551405,36.0518733790331,171.224212121261,0.383627313409143,0.02524734907613,1e-12,70131003,6
10437019,2026.19669330289,31.9750683333333,64.3819766666667,534,529.595835873316,15.4240413556358,4.47306626630809,36.047725316503,170.564852831388,0.383140112503555,0.0215735102010766,1e-12,70131003,6
10437019,2026.19669330289,31.9750683333333,64.3819766666667,536,531.56980305628,15.3918988150876,4.46922840155647,36.0416056421667,171.655147417761,0.383439460201068,0.0271529522028133,1e-12,70131003,6
10437019,2026.19669330289,31.9750683333333,64.3819766666667,538,533.562932824596,15.353299741628,4.46475031834529,36.0355834444914,172.690399819679,0.383241070010573,0.0275735051634781,1e-12,70131003,6
10437019,2026.19669330289,31.9750683333333,64.3819766666667,540,535.543012610864,15.31729808425,4.4604122715993,36.0284305205733,173.408537815343,0.383070571756487,0.0217303598849902,1e-12,70131003,6
10437019,2026.19669330289,31.9750683333333,64.3819766666667,542,537.511788879419,15.255983506409,4.45308335990355,36.0173109677386,173.68295826044,0.382620415346079,0.0133253370632636,1e-12,70131003,6
10437019,2026.19669330289,31.9750683333333,64.3819766666667,544,539.508151462487,15.2293706926451,4.44993825107537,36.0123378209817,174.055962933134,0.38245356209958,0.0130881401545651,1e-12,70131003,6
10437019,2026.19669330289,31.9750683333333,64.3819766666667,546,541.483120148305,15.1732752308167,4.44335594460077,36.0031397177418,174.009612393056,0.38244816619623,0.0251238843922504,1e-12,70131003,6
10437019,2026.19669330289,31.9750683333333,64.3819766666667,548,543.461391727373,15.0839131997738,4.43275038248146,35.9877757757812,174.033574274167,0.381152388197627,0.0280141661285851,1e-12,70131003,6
10437019,2026.19669330289,31.9750683333333,64.3819766666667,550,545.443538720115,15.0344468243092,4.42704740146274,35.9804058363645,173.801957799331,0.381296269242728,0.0259854609461928,1e-12,70131003,6
10437019,2026.19669330289,31.9750683333333,64.3819766666667,552,547.428412197735,15.0132213930031,4.42453043035688,35.9761355041015,173.250443500358,0.381425061830553,0.0186255573723861,1e-12,70131003,6
10437019,2026.19669330289,31.9750683333333,64.3819766666667,554,549.406373039555,14.9757805636676,4.42017085873275,35.9699310816561,173.159676936846,0.382463854636746,0.0260193657387737,1e-12,70131003,6
10437019,2026.19669330289,31.9750683333333,64.3819766666667,556,551.38087122956,14.9419977874997,4.41626248704153,35.9644718616912,172.874481174731,0.381966736664849,0.0262463469211213,1e-12,70131003,6
10437019,2026.19669330289,31.9750683333333,64.3819766666667,558,553.371336999846,14.8786956321674,4.40879912776852,35.9536168592262,172.339718002125,0.382325299542315,0.0247139828224009,1e-12,70131003,6
10437019,2026.19669330289,31.9750683333333,64.3819766666667,560,555.348048790953,14.835965095859,4.40389774118711,35.9472514239979,172.469503525487,0.382660057361314,0.0253880602501629,1e-12,70131003,6
10437019,2026.19669330289,31.9750683333333,64.3819766666667,562,557.323198464133,14.7857373202526,4.39804862145487,35.9390740187849,172.063191616492,0.381413270992505,0.0235275560948664,1e-12,70131003,6
10437019,2026.19669330289,31.9750683333333,64.3819766666667,564,559.315037865054,14.7458453408854,4.39333130767608,35.9317270820336,171.695157332723,0.38115119713801,0.0196666575724365,1e-12,70131003,6
10437019,2026.19669330289,31.9750683333333,64.3819766666667,566,561.288362180608,14.6646093818056,4.38400520514277,35.9201128356054,171.135822845379,0.38161348895765,0.0164887085475591,1e-12,70131003,6
10437019,2026.19669330289,31.9750683333333,64.3819766666667,568,563.265887319256,14.64395325859,4.38157825653459,35.9160323678241,170.998601907449,0.380957138635138,0.0231593179948469,1e-12,70131003,6
10437019,2026.19669330289,31.9750683333333,64.3819766666667,570,565.258172616475,14.5696309613996,4.37283812320321,35.9033175914068,170.787543009968,0.380978102365113,0.0271604741314436,1e-12,70131003,6
10437019,2026.19669330289,31.9750683333333,64.3819766666667,572,567.227783885119,14.5027514130468,4.36528922290794,35.89466111299,170.59054110053,0.381555477090788,0.0288172035929041,1e-12,70131003,6
10437019,2026.19669330289,31.9750683333333,64.3819766666667,574,569.209493831449,14.4758282585059,4.36212074376594,35.889476000908,170.387184675528,0.38104242386565,0.0331496895459349,1e-12,70131003,6
10437019,2026.19669330289,31.9750683333333,64.3819766666667,576,571.202372673911,14.4584127451965,4.3602318821833,35.8873147799902,170.142431852848,0.381029260320754,0.0246450748364627,1e-12,70131003,6
10437019,2026.19669330289,31.9750683333333,64.3819766666667,578,573.168245436441,14.4569837982193,4.36011708281707,35.8867652475351,169.73621102632,0.381099609161719,0.0191355565865959,1e-12,70131003,6
10437019,2026.19669330289,31.9750683333333,64.3819766666667,580,575.149912920549,14.4133105520808,4.35503451384437,35.8793543368214,169.090911806301,0.38107847102241,0.0215615233420886,1e-12,70131003,6
10437019,2026.19669330289,31.9750683333333,64.3819766666667,582,577.14457656856,14.3507859504469,4.34776840096822,35.8691433523604,169.29226540906,0.381026895214825,0.02343591782055,1e-12,70131003,6
10437019,2026.19669330289,31.9750683333333,64.3819766666667,584,579.109959015195,14.3072616883473,4.34287057884576,35.8632432517676,169.377391859403,0.381028756433731,0.0231073392945118,1e-12,70131003,6
10437019,2026.19669330289,31.9750683333333,64.3819766666667,586,581.094882005091,14.2700687848543,4.33854852249606,35.8567893273546,169.069791578283,0.380957726669764,0.0281547277739528,1e-12,70131003,6
10437019,2026.19669330289,31.9750683333333,64.3819766666667,588,583.075997719743,14.2073167333859,4.33143041617186,35.8480430124779,168.517296548005,0.3807084103096,0.0304139700339311,1e-12,70131003,6
10437019,2026.19669330289,31.9750683333333,64.3819766666667,590,585.060805203368,14.1753378792682,4.32782878857743,35.8434069300207,168.132187591213,0.380917490194663,0.0250588228032273,1e-12,70131003,6
10437019,2026.19669330289,31.9750683333333,64.3819766666667,592,587.034359659398,14.1528143204006,4.32526789714111,35.8396677545653,167.83125989282,0.380928422745875,0.0261452249310614,1e-12,70131003,6
10437019,2026.19669330289,31.9750683333333,64.3819766666667,594,589.012962448342,14.0972719319332,4.31887835279118,35.8309179912512,167.551805026514,0.380623282327995,0.0239282389089501,1e-12,70131003,6
10437019,2026.19669330289,31.9750683333333,64.3819766666667,596,591.000619423398,14.041205966052,4.31251239363503,35.8228328817516,167.135710124222,0.380628739697463,0.0274760577475226,1e-12,70131003,6
10437019,2026.19669330289,31.9750683333333,64.3819766666667,598,592.98049549046,13.9904334463463,4.30679713535267,35.8158549414055,166.421966410635,0.380817661211156,0.0293264719151527,1e-12,70131003,6
10437019,2026.19669330289,31.9750683333333,64.3819766666667,600,594.952362314682,13.9323514753235,4.30016480739094,35.8070808008102,165.500922475298,0.380487760342209,0.0200565484003306,1e-12,70131003,6
10437019,2026.19669330289,31.9750683333333,64.3819766666667,602,596.941133287894,13.8764108188159,4.29372481333905,35.7980643633353,165.20072805982,0.380565602252651,0.0187373374813484,1e-12,70131003,6
10437019,2026.19669330289,31.9750683333333,64.3819766666667,604,598.922840703422,13.8318202868472,4.28883041394312,35.792916014477,164.964537503678,0.380655584787795,0.0205147700538088,1e-12,70131003,6
10437019,2026.19669330289,31.9750683333333,64.3819766666667,606,600.899414641299,13.8133155341232,4.28672543653303,35.7896014583377,164.787935163,0.380845214974271,0.0260814694211973,1e-12,70131003,6
10437019,2026.19669330289,31.9750683333333,64.3819766666667,608,602.879369994632,13.7852842481062,4.28350843256425,35.7847277243404,163.772278909701,0.380616358769039,0.0229736494413727,1e-12,70131003,6
10437019,2026.19669330289,31.9750683333333,64.3819766666667,610,604.852223480384,13.7189660267441,4.27599838563635,35.7752245662575,163.115737068757,0.379933808578049,0.0184238515204504,1e-12,70131003,6
10437019,2026.19669330289,31.9750683333333,64.3819766666667,612,606.842744027335,13.6589716850941,4.26926144807534,35.7670298237049,163.160241612749,0.380425825123834,0.0226991120282338,1e-12,70131003,6
10437019,2026.19669330289,31.9750683333333,64.3819766666667,614,608.825254945372,13.6324463438951,4.26638506737035,35.7638937360371,162.43667952479,0.380572250723518,0.0266782345447057,1e-12,70131003,6
10437019,2026.19669330289,31.9750683333333,64.3819766666667,616,610.791595077958,13.5981368376988,4.2624675597085,35.7582147669931,161.802812222997,0.38055197193948,0.0282217443346847,1e-12,70131003,6
10437019,2026.19669330289,31.9750683333333,64.3819766666667,618,612.779575369839,13.548225504437,4.25684482834062,35.7510121589482,161.355537570897,0.380077590811768,0.0219482600434295,1e-12,70131003,6
10437019,2026.19669330289,31.9750683333333,64.3819766666667,620,614.768561117985,13.4929716610607,4.25062889727326,35.7431711308646,160.802451536025,0.380121089631566,0.0202290393010267,1e-12,70131003,6
10437019,2026.19669330289,31.9750683333333,64.3819766666667,622,616.744009275745,13.4139820061896,4.24179649278681,35.732758311966,160.337806857678,0.380128165286007,0.0305098797577825,1e-12,70131003,6
10437019,2026.19669330289,31.9750683333333,64.3819766666667,624,618.715155493067,13.3645796341315,4.2362427067995,35.7256185005563,159.922201885752,0.379589055660114,0.0257683568715172,1e-12,70131003,6
10437019,2026.19669330289,31.9750683333333,64.3819766666667,626,620.698957135796,13.3290331993076,4.23228776962165,35.720613947334,160.017116584498,0.379996140348404,0.0311696935141377,1e-12,70131003,6
10437019,2026.19669330289,31.9750683333333,64.3819766666667,628,622.684342143463,13.3163341921567,4.23095547558821,35.719053678459,159.654496748341,0.379537368631262,0.0300983820983499,1e-12,70131003,6
10437019,2026.19669330289,31.9750683333333,64.3819766666667,630,624.66668671083,13.3052453541896,4.22977395776848,35.7174125028756,159.405286332479,0.380153438724717,0.0240427750255494,1e-12,70131003,6
10437019,2026.19669330289,31.9750683333333,64.3819766666667,632,626.638083290944,13.2769225473845,4.22668075145342,35.7137862349273,159.069394413559,0.380072435428914,0.0265390963395343,1e-12,70131003,6
10437019,2026.19669330289,31.9750683333333,64.3819766666667,634,628.623256612547,13.258938037862,4.22475014369859,35.7114935675613,158.513020765373,0.379864649790819,0.0240052310238491,1e-12,70131003,6
10437019,2026.19669330289,31.9750683333333,64.3819766666667,636,630.600894327454,13.2436279410803,4.22309449394653,35.7093006488007,158.69971307844,0.380223088183474,0.0332962877994098,1e-12,70131003,6
10437019,2026.19669330289,31.9750683333333,64.3819766666667,638,632.576742101602,13.2201464356727,4.22041426025633,35.7050361644057,158.287447679642,0.380081457160661,0.0251166599180821,1e-12,70131003,6
10437019,2026.19669330289,31.9750683333333,64.3819766666667,640,634.559270805096,13.1585723975903,4.21326044248567,35.6939726228411,157.680053078464,0.378946168404295,0.0235246757545349,1e-12,70131003,6
10437019,2026.19669330289,31.9750683333333,64.3819766666667,642,636.54963371463,13.1045426625734,4.20750197865065,35.689047170084,157.779718172413,0.379224706709586,0.0267058610539704,1e-12,70131003,6
10437019,2026.19669330289,31.9750683333333,64.3819766666667,644,638.522237394728,13.069354715615,4.20367173776529,35.6847711069849,157.962562745992,0.379735715558403,0.0299186765396902,1e-12,70131003,6
10437019,2026.19669330289,31.9750683333333,64.3819766666667,646,640.495892164975,13.0399351030561,4.20036751691164,35.6800788502417,157.402221177052,0.379387069672051,0.02999806490851,1e-12,70131003,6
10437019,2026.19669330289,31.9750683333333,64.3819766666667,648,642.476708185216,13.0124696880737,4.1973575579014,35.6763439396765,156.594648861671,0.378990337252008,0.0210418612613777,1e-12,70131003,6
10437019,2026.19669330289,31.9750683333333,64.3819766666667,650,644.465221125892,12.9848496850581,4.19444973471437,35.6737179025406,156.235253852256,0.378929737964849,0.0174197261018215,1e-12,70131003,6
10437019,2026.19669330289,31.9750683333333,64.3819766666667,652,646.445856007677,12.9664481603115,4.19243407442961,35.6709381788489,156.281549279022,0.379682348592522,0.0217035674128164,1e-12,70131003,6
10437019,2026.19669330289,31.9750683333333,64.3819766666667,654,648.416463929235,12.9344656152879,4.18878616507877,35.6653295166764,155.546491077136,0.379315645131573,0.0251722718307316,1e-12,70131003,6
10437019,2026.19669330289,31.9750683333333,64.3819766666667,656,650.399035392292,12.8594464390115,4.18058457763879,35.6566368756974,155.757364847071,0.379279168729653,0.0239204977997572,1e-12,70131003,6
10437019,2026.19669330289,31.9750683333333,64.3819766666667,658,652.382310572239,12.8183823025857,4.17589083335375,35.6495155744183,155.593149241068,0.379840301163213,0.0242859308283974,1e-12,70131003,6
10437019,2026.19669330289,31.9750683333333,64.3819766666667,660,654.359452862177,12.7853858435737,4.1722438912432,35.6448058132784,155.367465416852,0.379209172693738,0.0216979681686058,1e-12,70131003,6
10437019,2026.19669330289,31.9750683333333,64.3819766666667,662,656.342951308699,12.7513882190947,4.16857901485936,35.6408491558731,155.190277911479,0.379271232818785,0.0269982425539349,1e-12,70131003,6
10437019,2026.19669330289,31.9750683333333,64.3819766666667,664,658.318033440748,12.7054159347346,4.16343978562081,35.6340102840821,155.147091228217,0.378932425363377,0.0302381460971955,1e-12,70131003,6
10437019,2026.19669330289,31.9750683333333,64.3819766666667,666,660.300912543807,12.6575967619115,4.15818457791182,35.6277721390085,155.075831936978,0.37889079056341,0.0205750433750886,1e-12,70131003,6
10437019,2026.19669330289,31.9750683333333,64.3819766666667,668,662.272266008358,12.6294716368048,4.15501095299284,35.6229507576795,154.945541715917,0.379003362000624,0.0230089826151583,1e-12,70131003,6
10437019,2026.19669330289,31.9750683333333,64.3819766666667,670,664.254718872314,12.5956360389449,4.15130215208728,35.6183519169049,154.738952727766,0.378840767473361,0.0208530639004168,1e-12,70131003,6
10437019,2026.19669330289,31.9750683333333,64.3819766666667,672,666.247976401352,12.5621173512598,4.14760272617022,35.6135285539256,154.675424560052,0.378928879821791,0.0208332640338002,1e-12,70131003,6
10437019,2026.19669330289,31.9750683333333,64.3819766666667,674,668.21622657979,12.5442448304537,4.14570990669992,35.6113265630468,154.90189978467,0.379123400392454,0.022042369513926,1e-12,70131003,6
10437019,2026.19669330289,31.9750683333333,64.3819766666667,676,670.19421139855,12.5282876613644,4.14392586266095,35.6083614567112,155.038924143542,0.379003641198669,0.0282011894666503,1e-12,70131003,6
10437019,2026.19669330289,31.9750683333333,64.3819766666667,678,672.181147640894,12.5056773745451,4.14147657751819,35.6052606884481,154.392745559251,0.378838843799769,0.0294865461030009,1e-12,70131003,6
10437019,2026.19669330289,31.9750683333333,64.3819766666667,680,674.158868469184,12.4723980922914,4.13787088200061,35.6010740010137,154.353253870392,0.378879263617958,0.0240315837700484,1e-12,70131003,6
10437019,2026.19669330289,31.9750683333333,64.3819766666667,682,676.135972717257,12.4089422394209,4.1307616274397,35.5915545952256,154.328310512205,0.378634577682859,0.0244581090227402,1e-12,70131003,6
10437019,2026.19669330289,31.9750683333333,64.3819766666667,684,678.115422868591,12.2955541285369,4.11824483164911,35.5768823568003,154.004529679215,0.37891485248954,0.0236682064202497,1e-12,70131003,6
10437019,2026.19669330289,31.9750683333333,64.3819766666667,686,680.09668622941,12.253821459021,4.11368679624806,35.5713745605044,153.86777771597,0.378156351526348,0.0271958018185377,1e-12,70131003,6
10437019,2026.19669330289,31.9750683333333,64.3819766666667,688,682.07753485107,12.2009903297128,4.10787681484391,35.5642077649681,153.687087803726,0.378635195970794,0.0262835817395084,1e-12,70131003,6
10437019,2026.19669330289,31.9750683333333,64.3819766666667,690,684.044625552343,12.1431139250778,4.10155561123348,35.5568283357394,153.183347293392,0.378064244195186,0.023409522679206,1e-12,70131003,6
10437019,2026.19669330289,31.9750683333333,64.3819766666667,692,686.035313683719,12.0763582540191,4.09409822007892,35.5467614890722,152.702481848942,0.378211345711247,0.0260939441511814,1e-12,70131003,6
10437019,2026.19669330289,31.9750683333333,64.3819766666667,694,688.021795785155,12.0100453821997,4.0870484331121,35.5401831586975,152.018153210064,0.378227902930831,0.0240572322432814,1e-12,70131003,6
10437019,2026.19669330289,31.9750683333333,64.3819766666667,696,689.989335295954,11.9185882045739,4.0772276690275,35.5303964819909,151.454536407089,0.377587568457858,0.0267896223970436,1e-12,70131003,6
10437019,2026.19669330289,31.9750683333333,64.3819766666667,698,691.973481557311,11.8776854220201,4.07281948090666,35.5253612997822,150.997617584055,0.37767588870118,0.0264600119182921,1e-12,70131003,6
10437019,2026.19669330289,31.9750683333333,64.3819766666667,700,693.951367314543,11.8329495849777,4.06790729098792,35.5190177316175,150.59924877211,0.377930096676423,0.0247145270910365,1e-12,70131003,6
10437019,2026.19669330289,31.9750683333333,64.3819766666667,702,695.92799622431,11.7496737498173,4.0588940134261,35.5091583871737,150.557961157114,0.377002476030662,0.0293650525454408,1e-12,70131003,6
10437019,2026.19669330289,31.9750683333333,64.3819766666667,704,697.911818735221,11.7315203113847,4.05705261793525,35.5075326152477,150.06135672748,0.377918787413335,0.0283651844520783,1e-12,70131003,6
10437019,2026.19669330289,31.9750683333333,64.3819766666667,706,699.895322587453,11.714126517997,4.05511458947018,35.504238363552,150.027020193658,0.377579343628423,0.0292641647163634,1e-12,70131003,6
10437019,2026.19669330289,31.9750683333333,64.3819766666667,708,701.867749217775,11.6762864549357,4.05111167728902,35.5001515350517,150.256268526533,0.377733983835831,0.0242827949140625,1e-12,70131003,6
10437019,2026.19669330289,31.9750683333333,64.3819766666667,710,703.839871106152,11.6562813706183,4.048964730473,35.4972795890261,149.78164235908,0.377894064172767,0.0249285974480839,1e-12,70131003,6
10437019,2026.19669330289,31.9750683333333,64.3819766666667,712,705.827767746757,11.6321585705988,4.04630904062123,35.4933290368878,149.75148554827,0.377984013354038,0.0320296113404905,1e-12,70131003,6
10437019,2026.19669330289,31.9750683333333,64.3819766666667,714,707.81512784691,11.5808260565292,4.04078664733524,35.4871230746858,150.170625086328,0.376921956148023,0.0360078304520293,1e-12,70131003,6
10437019,2026.19669330289,31.9750683333333,64.3819766666667,716,709.788574614209,11.514973048686,4.03377067280047,35.480031923166,150.128869732056,0.377596291157448,0.0288678413685302,1e-12,70131003,6
10437019,2026.19669330289,31.9750683333333,64.3819766666667,718,711.755811274292,11.4685434890005,4.02863167561076,35.4728516676179,150.592680745462,0.3774083698926,0.0200896811050041,1e-12,70131003,6
10437019,2026.19669330289,31.9750683333333,64.3819766666667,720,713.747967240303,11.402367288817,4.0213787151632,35.4636334417394,150.987800045837,0.376771811652129,0.0221138189586134,1e-12,70131003,6
10437019,2026.19669330289,31.9750683333333,64.3819766666667,722,715.73029902404,11.3555858612616,4.01646959667108,35.4589839106014,151.078895873887,0.376854512146697,0.0220492657067602,1e-12,70131003,6
10437019,2026.19669330289,31.9750683333333,64.3819766666667,724,717.696848876549,11.3008040740686,4.01058683986724,35.452327600255,151.039315248035,0.377023250544178,0.0299176503602084,1e-12,70131003,6
10437019,2026.19669330289,31.9750683333333,64.3819766666667,726,719.684821983929,11.2739278530395,4.00776090777301,35.4492031374179,150.862641748127,0.376975902163617,0.0287862153513771,1e-12,70131003,6
10437019,2026.19669330289,31.9750683333333,64.3819766666667,728,721.662775580048,11.2197205907783,4.00189262882815,35.4420763049555,150.846776376777,0.376879773042584,0.0350220520413747,1e-12,70131003,6
10437019,2026.19669330289,31.9750683333333,64.3819766666667,730,723.642835673287,11.1491304874403,3.99456404361458,35.4361108652459,150.402859053277,0.376850667059363,0.0352253617042715,1e-12,70131003,6
10437019,2026.19669330289,31.9750683333333,64.3819766666667,732,725.612929437415,11.099441136108,3.98931764605541,35.4307520609191,150.371164376528,0.376779001422393,0.0304784812825303,1e-12,70131003,6
10437019,2026.19669330289,31.9750683333333,64.3819766666667,734,727.591666031215,11.0741353783975,3.98672173102445,35.42834224353,150.596197781151,0.376778530840919,0.025905587950076,1e-12,70131003,6
10437019,2026.19669330289,31.9750683333333,64.3819766666667,736,729.585706599796,11.0682489432355,3.98611412879782,35.4270785689225,150.234856985974,0.376797201641052,0.0275383821947295,1e-12,70131003,6
10437019,2026.19669330289,31.9750683333333,64.3819766666667,738,731.559833774755,11.051127112868,3.98442091406128,35.4257895803306,150.208963069241,0.377017579491555,0.031878422709933,1e-12,70131003,6
10437019,2026.19669330289,31.9750683333333,64.3819766666667,740,733.532608367926,11.0218077922498,3.98128001183982,35.4217871552243,149.948771148858,0.37671878593975,0.0316681123352284,1e-12,70131003,6
10437019,2026.19669330289,31.9750683333333,64.3819766666667,742,735.517310772555,10.9667367644722,3.9755983107206,35.4171731312524,150.181179541652,0.376799303972819,0.0276385659579934,1e-12,70131003,6
10437019,2026.19669330289,31.9750683333333,64.3819766666667,744,737.490655931971,10.922891864416,3.97092399625885,35.4117906326303,150.141359018818,0.376732708662241,0.0227299478970368,1e-12,70131003,6
10437019,2026.19669330289,31.9750683333333,64.3819766666667,746,739.469095746523,10.8700267796608,3.96535312193586,35.4061027624978,149.757431708226,0.376626581545125,0.0287121666006936,1e-12,70131003,6
10437019,2026.19669330289,31.9750683333333,64.3819766666667,748,741.459981118472,10.8238302009274,3.96047279650134,35.4008671266124,149.893134030695,0.376860471172581,0.0285450706700459,1e-12,70131003,6
10437019,2026.19669330289,31.9750683333333,64.3819766666667,750,743.430429376495,10.7837150409366,3.95631076824304,35.3969436383526,149.907870771502,0.376778836740476,0.0296298079372151,1e-12,70131003,6
10437019,2026.19669330289,31.9750683333333,64.3819766666667,752,745.405098443297,10.7400740191399,3.95171686546048,35.3920679113427,149.727032743364,0.376729731538957,0.0287214597264787,1e-12,70131003,6
10437019,2026.19669330289,31.9750683333333,64.3819766666667,754,747.390174052107,10.6964343227803,3.94698579917695,35.3857896471993,150.321641615248,0.37675955838347,0.029999463688334,1e-12,70131003,6
10437019,2026.19669330289,31.9750683333333,64.3819766666667,756,749.366856028852,10.6339234372415,3.94026879327433,35.3777289768688,150.708148144882,0.376777346286734,0.0273336106294319,1e-12,70131003,6
10437019,2026.19669330289,31.9750683333333,64.3819766666667,758,751.346872348702,10.5679484885699,3.93319594651167,35.3693793024058,150.718370752007,0.376637036769448,0.0328662004161984,1e-12,70131003,6
10437019,2026.19669330289,31.9750683333333,64.3819766666667,760,753.328521277152,10.5275562417696,3.92895525512343,35.3648001660501,150.651551508748,0.376666453429078,0.0286439985354163,1e-12,70131003,6
10437019,2026.19669330289,31.9750683333333,64.3819766666667,762,755.300275397328,10.4679244103563,3.92259573824358,35.3574189639754,150.78326999778,0.376752730229765,0.0268425639868485,1e-12,70131003,6
10437019,2026.19669330289,31.9750683333333,64.3819766666667,764,757.280787275683,10.3873417778187,3.91412591692207,35.3489351778442,150.976335521458,0.376726489678143,0.027665267838932,1e-12,70131003,6
10437019,2026.19669330289,31.9750683333333,64.3819766666667,766,759.266837379953,10.3397052656731,3.90899523820606,35.3422625733368,150.874326556768,0.376466208051296,0.0243159052783736,1e-12,70131003,6
10437019,2026.19669330289,31.9750683333333,64.3819766666667,768,761.236352520919,10.2710185081406,3.90179005252798,35.3349306917738,151.144547005675,0.376468639009201,0.0263155912705833,1e-12,70131003,6
10437019,2026.19669330289,31.9750683333333,64.3819766666667,770,763.218426412934,10.2200694948087,3.89650140572779,35.3297925262699,151.103482826687,0.376037556070397,0.031309740971069,1e-12,70131003,6
10437019,2026.19669330289,31.9750683333333,64.3819766666667,772,765.202498233582,10.1748484457163,3.89183606157229,35.3253960650432,150.903739904243,0.376132489675814,0.0330972037972456,1e-12,70131003,6
10437019,2026.19669330289,31.9750683333333,64.3819766666667,774,767.169852860375,10.1434142191686,3.8885036492923,35.3211505016781,151.095490408613,0.376713395269925,0.0283003186251216,1e-12,70131003,6
10437019,2026.19669330289,31.9750683333333,64.3819766666667,776,769.158797952264,10.085948643872,3.88242038097524,35.3141670140774,151.274375540889,0.376273579266278,0.03026555724763,1e-12,70131003,6
10437019,2026.19669330289,31.9750683333333,64.3819766666667,778,771.132451188332,10.0231681165307,3.87586672555485,35.3075093557793,151.165394976187,0.37595895929557,0.0263667667866445,1e-12,70131003,6
10437019,2026.19669330289,31.9750683333333,64.3819766666667,780,773.112528496288,9.94935440891988,3.86828531613426,35.3010429882266,151.244075805783,0.376064400196562,0.0278347420819898,1e-12,70131003,6
10437019,2026.19669330289,31.9750683333333,64.3819766666667,782,775.094684010845,9.91852762591044,3.8651100721915,35.2977114961177,151.605689496205,0.376169252971609,0.0319668587583967,1e-12,70131003,6
10437019,2026.19669330289,31.9750683333333,64.3819766666667,784,777.066322151563,9.88054009808497,3.86119160890278,35.2937390779014,151.559944112833,0.376373451780094,0.0261407561476022,1e-12,70131003,6
10437019,2026.19669330289,31.9750683333333,64.3819766666667,786,779.046257496408,9.86223623293608,3.85931729237149,35.2914989800492,151.50698870201,0.376065852288711,0.0291941481361468,1e-12,70131003,6
10437019,2026.19669330289,31.9750683333333,64.3819766666667,788,781.027947155392,9.84264129082883,3.85733580154256,35.2894146740567,151.523275762374,0.376450700182462,0.0250624259757786,1e-12,70131003,6
10437019,2026.19669330289,31.9750683333333,64.3819766666667,790,783.010566258201,9.8227056795189,3.85528108254661,35.286906970706,151.039136730864,0.376598644373362,0.0242917147249318,1e-12,70131003,6
10437019,2026.19669330289,31.9750683333333,64.3819766666667,792,784.979349409104,9.74640880263475,3.8472667855332,35.2782269405033,150.73170333479,0.376498263806076,0.0268608426384261,1e-12,70131003,6
10437019,2026.19669330289,31.9750683333333,64.3819766666667,794,786.96144523318,9.66255732345476,3.83858487080116,35.2699938594029,151.138858770129,0.376423093384068,0.0235054777864092,1e-12,70131003,6
10437019,2026.19669330289,31.9750683333333,64.3819766666667,796,788.94174486842,9.62125382659159,3.83424043186427,35.2647444266192,151.199618766455,0.376190326172743,0.030853904453321,1e-12,70131003,6
10437019,2026.19669330289,31.9750683333333,64.3819766666667,798,790.921460023172,9.54396138241825,3.82629480900057,35.2575406410843,151.371187035398,0.376658348747304,0.0309187356824823,1e-12,70131003,6
10437019,2026.19669330289,31.9750683333333,64.3819766666667,800,792.89625611718,9.46127363249762,3.81788046486061,35.25070603712,151.663840955045,0.376483807661156,0.0318228757965771,1e-12,70131003,6
10437019,2026.19669330289,31.9750683333333,64.3819766666667,802,794.874934628903,9.43745005724983,3.81539488966201,35.2474520986365,151.640891352957,0.376737273764796,0.0346642194659829,1e-12,70131003,6
10437019,2026.19669330289,31.9750683333333,64.3819766666667,804,796.860488914292,9.37925196190686,3.80948831576635,35.24246678358,151.739079143072,0.377277761670458,0.029248318028745,1e-12,70131003,6
10437019,2026.19669330289,31.9750683333333,64.3819766666667,806,798.826746312166,9.33917402827922,3.80543498280748,35.2388781735652,152.116353805748,0.376386010114198,0.031558446243842,1e-12,70131003,6
10437019,2026.19669330289,31.9750683333333,64.3819766666667,808,800.810138093135,9.29025097210434,3.80034027975055,35.2331441513271,152.52559416095,0.376213936735701,0.0346626739252833,1e-12,70131003,6
10437019,2026.19669330289,31.9750683333333,64.3819766666667,810,802.796288925874,9.19725162183524,3.79084909079114,35.2249756453481,153.077526638662,0.375978172494545,0.0341675003126079,1e-12,70131003,6
10437019,2026.19669330289,31.9750683333333,64.3819766666667,812,804.768742733202,9.12169373914739,3.78334091024158,35.2202126522062,153.46648228201,0.376029422173238,0.033631095683151,1e-12,70131003,6
10437019,2026.19669330289,31.9750683333333,64.3819766666667,814,806.744849244208,9.09803075771343,3.78092524373924,35.2174168743143,153.717286052932,0.375922290855042,0.0396530362667113,1e-12,70131003,6
10437019,2026.19669330289,31.9750683333333,64.3819766666667,816,808.719483232154,9.03186408222638,3.77400092526423,35.2094093507279,155.069652422231,0.376234408911298,0.024917336323837,1e-12,70131003,6
10437019,2026.19669330289,31.9750683333333,64.3819766666667,818,810.714469726599,8.94209744507856,3.76540964425135,35.2071590928529,155.599362804216,0.375697459316758,0.0282601562860337,1e-12,70131003,6
10437019,2026.19669330289,31.9750683333333,64.3819766666667,820,812.667830759808,8.91565736168411,3.76288236645801,35.2058786634925,156.525085861201,0.376235074416397,0.0286707961513381,1e-12,70131003,6
10437019,2026.19669330289,31.9750683333333,64.3819766666667,822,814.657106396785,8.85420757015901,3.75669859923636,35.200820961028,156.924828456357,0.375262266148237,0.0247087509922465,1e-12,70131003,6
10437019,2026.19669330289,31.9750683333333,64.3819766666667,824,816.644896811521,8.79843074676046,3.75110877721074,35.1963522373514,157.225863042096,0.376246581189723,0.0305114134694894,1e-12,70131003,6
10437019,2026.19669330289,31.9750683333333,64.3819766666667,826,818.618214614669,8.78183017713355,3.74960097859616,35.196010761791,157.590319009645,0.3758557390513,0.0271061605618506,1e-12,70131003,6
10437019,2026.19669330289,31.9750683333333,64.3819766666667,828,820.588104808798,8.7776126448893,3.749193662254,35.1949912160679,157.754219502116,0.375625550199897,0.031659766072325,1e-12,70131003,6
10437019,2026.19669330289,31.9750683333333,64.3819766666667,830,822.572378118147,8.7252622847086,3.74380095231528,35.1891566322988,157.928997746867,0.374822346600677,0.0361346805874925,1e-12,70131003,6
10437019,2026.19669330289,31.9750683333333,64.3819766666667,832,824.558517840347,8.67479771851628,3.73896442017448,35.1872656863889,159.235224639971,0.374879529237742,0.0289038841598368,1e-12,70131003,6
10437019,2026.19669330289,31.9750683333333,64.3819766666667,834,826.526581493947,8.60871621313603,3.73246995961236,35.1833380199498,159.835943433848,0.375262236684324,0.0275219525370896,1e-12,70131003,6
10437019,2026.19669330289,31.9750683333333,64.3819766666667,836,828.502855589277,8.54460771822152,3.72609827977555,35.1787049985943,160.844038181236,0.375225789276436,0.0253329025149788,1e-12,70131003,6
10437019,2026.19669330289,31.9750683333333,64.3819766666667,838,830.486609445922,8.51120699108783,3.7228739978141,35.1768363759366,161.069609523293,0.374812710790082,0.0281134797291369,1e-12,70131003,6
10437019,2026.19669330289,31.9750683333333,64.3819766666667,840,832.467994162262,8.49071337827281,3.7209768266937,35.1761883467248,161.365364775793,0.374827036759136,0.0264754716188178,1e-12,70131003,6
10437019,2026.19669330289,31.9750683333333,64.3819766666667,842,834.43865140912,8.47347078555826,3.71930137200476,35.1746570331616,161.827762457625,0.375082891454338,0.0328387355409291,1e-12,70131003,6
10437019,2026.19669330289,31.9750683333333,64.3819766666667,844,836.420175520938,8.43605676651425,3.71563183667252,35.1720357179446,162.405077150692,0.37476492543905,0.0312154214835451,1e-12,70131003,6
10437019,2026.19669330289,31.9750683333333,64.3819766666667,846,838.394590148995,8.41903897048244,3.71405755596379,35.1713407361718,162.546176622269,0.374913190098343,0.0315732116361503,1e-12,70131003,6
10437019,2026.19669330289,31.9750683333333,64.3819766666667,848,840.380738998661,8.41802680751861,3.71402856160484,35.171121093245,162.622638335385,0.374791638252048,0.0278502214454953,1e-12,70131003,6
10437019,2026.19669330289,31.9750683333333,64.3819766666667,850,842.34985721217,8.41626848259333,3.71393440403667,35.1709520196486,162.424039262418,0.374950332939603,0.0318038856729245,1e-12,70131003,6
10437019,2026.19669330289,31.9750683333333,64.3819766666667,852,844.328994144038,8.40782439932463,3.71314379851662,35.1700442955342,162.901623697968,0.375977589858213,0.0262551786539816,1e-12,70131003,6
10437019,2026.19669330289,31.9750683333333,64.3819766666667,854,846.310627841502,8.36496617774396,3.70895654153576,35.1673106143081,163.611630793428,0.376444384082934,0.0249042368462636,1e-12,70131003,6
10437019,2026.19669330289,31.9750683333333,64.3819766666667,856,848.289812446186,8.33500787490851,3.70614284368022,35.166310901464,163.657752035613,0.374883254816371,0.0285640206485929,1e-12,70131003,6
10437019,2026.19669330289,31.9750683333333,64.3819766666667,858,850.264153814463,8.31823781389017,3.70452618573669,35.1649020054614,163.904315684533,0.375088941664899,0.030182914008047,1e-12,70131003,6
10437019,2026.19669330289,31.9750683333333,64.3819766666667,860,852.24118430701,8.24894620964417,3.69777342418776,35.1611471873865,165.496117176073,0.376968032332593,0.0330263794407535,1e-12,70131003,6
10437019,2026.19669330289,31.9750683333333,64.3819766666667,862,854.223159397343,8.16818649632164,3.69005203585182,35.1584431098835,166.924983602607,0.37452161947207,0.0345913982758611,1e-12,70131003,6
10437019,2026.19669330289,31.9750683333333,64.3819766666667,864,856.198453774651,8.11578086429332,3.68518565995095,35.1578629525856,167.642380094553,0.374778406366633,0.036035301493225,1e-12,70131003,6
10437019,2026.19669330289,31.9750683333333,64.3819766666667,866,858.172347565047,8.1015724893601,3.68383703153102,35.1567170292841,168.001793351785,0.374760295953542,0.0415206117256466,1e-12,70131003,6
10437019,2026.19669330289,31.9750683333333,64.3819766666667,868,860.157878659847,8.08059201308899,3.68194007092364,35.1564674011819,168.222966067521,0.374725906224577,0.0358614120230487,1e-12,70131003,6
10437019,2026.19669330289,31.9750683333333,64.3819766666667,870,862.132681270143,8.07067736968894,3.68110359904796,35.1565001257343,168.575809107122,0.374728521477245,0.0323274977623787,1e-12,70131003,6
10437019,2026.19669330289,31.9750683333333,64.3819766666667,872,864.108633746494,8.04908646572083,3.6792181368315,35.1569748261405,169.454831893703,0.374632114389062,0.0321562918184398,1e-12,70131003,6
10437019,2026.19669330289,31.9750683333333,64.3819766666667,874,866.086235835705,8.02029032230601,3.67668641940683,35.1577283587522,170.502735650139,0.374558287231168,0.0261034087285979,1e-12,70131003,6
10437019,2026.19669330289,31.9750683333333,64.3819766666667,876,868.067936704023,7.98181592883978,3.67330514535034,35.1590512383546,170.792297723647,0.374686217511415,0.0287905564813493,1e-12,70131003,6
10437019,2026.19669330289,31.9750683333333,64.3819766666667,878,870.041509774232,7.94526873191168,3.67008889099885,35.1602060178149,171.682284724358,0.374557278427241,0.0228702099624189,1e-12,70131003,6
10437019,2026.19669330289,31.9750683333333,64.3819766666667,880,872.020559215337,7.93681935710202,3.66941163447978,35.1604691935883,172.563715659814,0.37440928757523,0.0283869171835824,1e-12,70131003,6
10437019,2026.19669330289,31.9750683333333,64.3819766666667,882,873.997413645566,7.92329197293442,3.66824057362437,35.1605172445832,172.958063740025,0.374292273744869,0.0320597107708781,1e-12,70131003,6
10437019,2026.19669330289,31.9750683333333,64.3819766666667,884,875.980768733861,7.89380418902361,3.66558517417954,35.1606112996932,173.164528764112,0.374043074806769,0.0276940797267675,1e-12,70131003,6
10437019,2026.19669330289,31.9750683333333,64.3819766666667,886,877.948010130495,7.87506146633625,3.66387046547009,35.1600418113372,173.501276908343,0.374054341809911,0.0233531917871268,1e-12,70131003,6
10437019,2026.19669330289,31.9750683333333,64.3819766666667,888,879.929642087749,7.85887289212652,3.66238361536511,35.1593583077634,173.881902858821,0.373776941702943,0.0344652835390432,1e-12,70131003,6
10437019,2026.19669330289,31.9750683333333,64.3819766666667,890,881.913552632437,7.84868451201417,3.66149919860767,35.1591332567995,173.877083163487,0.373854427392831,0.0318217660995754,1e-12,70131003,6
10437019,2026.19669330289,31.9750683333333,64.3819766666667,892,883.885491077216,7.84170677702891,3.66090381542903,35.1587971468519,174.116583851319,0.373861776158505,0.0287864513415979,1e-12,70131003,6
10437019,2026.19669330289,31.9750683333333,64.3819766666667,894,885.86021382431,7.82350212858738,3.65924451423007,35.1582738192291,174.578471982998,0.374087379576189,0.0331802815800281,1e-12,70131003,6
10437019,2026.19669330289,31.9750683333333,64.3819766666667,896,887.845106333291,7.80818505683785,3.6578375002577,35.157566765128,175.007407729965,0.373841169193169,0.0279033369977909,1e-12,70131003,6
10437019,2026.19669330289,31.9750683333333,64.3819766666667,898,889.823932566676,7.7740462278191,3.65465977698492,35.1566735466608,175.438311768182,0.373815464817882,0.0293789596025712,1e-12,70131003,6
10437019,2026.19669330289,31.9750683333333,64.3819766666667,900,891.786321611108,7.74923583627745,3.65234467681145,35.1557043040115,176.163530301935,0.374117028717596,0.0271767252939791,1e-12,70131003,6
10437019,2026.19669330289,31.9750683333333,64.3819766666667,902,893.770707588345,7.72667293264042,3.65011187321802,35.1533623468846,176.428111613271,0.373707803235347,0.0271485711786469,1e-12,70131003,6
10437019,2026.19669330289,31.9750683333333,64.3819766666667,904,895.763387557412,7.70062171477165,3.64765446449886,35.1520908669588,176.933642761832,0.373694090823442,0.0282232479571334,1e-12,70131003,6
10437019,2026.19669330289,31.9750683333333,64.3819766666667,906,897.729918859031,7.68050368342504,3.64576520387606,35.1509825923107,177.121386560986,0.373729880300889,0.0349161993658029,1e-12,70131003,6
10437019,2026.19669330289,31.9750683333333,64.3819766666667,908,899.704384139658,7.67425921472861,3.64526108722355,35.1508816246077,177.011463679865,0.374670985655662,0.0312277138122904,1e-12,70131003,6
10437019,2026.19669330289,31.9750683333333,64.3819766666667,910,901.679137929261,7.66376391231178,3.64437753530305,35.1509542861629,177.443661899086,0.373713118286136,0.0251141204101728,1e-12,70131003,6
10437019,2026.19669330289,31.9750683333333,64.3819766666667,912,903.663451012504,7.65379955137993,3.6434749208067,35.150288923897,177.843287605928,0.373727835564646,0.0266244819242939,1e-12,70131003,6
10437019,2026.19669330289,31.9750683333333,64.3819766666667,914,905.646883474019,7.6423624252125,3.64250680412602,35.1503928397947,177.835360479294,0.3737110826852,0.0272815112970273,1e-12,70131003,6
10437019,2026.19669330289,31.9750683333333,64.3819766666667,916,907.60618987653,7.60111114250949,3.6388948925034,35.1518914561737,178.226467675548,0.37410126904557,0.0217352208615031,1e-12,70131003,6
10437019,2026.19669330289,31.9750683333333,64.3819766666667,918,909.595803233711,7.59488297805142,3.63842058673533,35.1520912630154,178.470169057182,0.373693443287217,0.0203411420915436,1e-12,70131003,6
10437019,2026.19669330289,31.9750683333333,64.3819766666667,920,911.573598360517,7.58941017946629,3.63800047542375,35.1521179661805,178.584940295121,0.373634172516413,0.024963214186981,1e-12,70131003,6
10437019,2026.19669330289,31.9750683333333,64.3819766666667,922,913.547873554265,7.58310050320156,3.63750211294592,35.1521399419489,178.701636558657,0.373204266129366,0.0322143919339796,1e-12,70131003,6
10437019,2026.19669330289,31.9750683333333,64.3819766666667,924,915.528928824165,7.56548776660883,3.63596271900162,35.1522691214588,178.999146365839,0.373744895151223,0.0251480511175517,1e-12,70131003,6
10437019,2026.19669330289,31.9750683333333,64.3819766666667,926,917.500660802472,7.55090199927244,3.63465642467353,35.1518751885848,179.214995811245,0.373675273083094,0.0247564477924745,1e-12,70131003,6
10437019,2026.19669330289,31.9750683333333,64.3819766666667,928,919.479001906096,7.52704313282072,3.63243366777965,35.150890357063,179.135051134275,0.373493072096732,0.0267657882434898,1e-12,70131003,6
10437019,2026.19669330289,31.9750683333333,64.3819766666667,930,921.456370541768,7.51518056153402,3.63156531421146,35.1524864385801,179.273723651782,0.372705176261789,0.0305382865443267,1e-12,70131003,6
10437019,2026.19669330289,31.9750683333333,64.3819766666667,932,923.438305139468,7.47756676014069,3.62842452631689,35.1553835036545,179.537467104224,0.373446834769319,0.028884269838622,1e-12,70131003,6
10437019,2026.19669330289,31.9750683333333,64.3819766666667,934,925.412806208122,7.45163088736692,3.6260307463678,35.1546205003568,179.962888599486,0.372702917658529,0.0325679963212682,1e-12,70131003,6
10437019,2026.19669330289,31.9750683333333,64.3819766666667,936,927.386600839196,7.4296207227489,3.62408069377667,35.1547074161419,180.017232010393,0.372769074218427,0.0325196324344603,1e-12,70131003,6
10437019,2026.19669330289,31.9750683333333,64.3819766666667,938,929.36244762073,7.39337333229146,3.62061393168214,35.1526800427583,180.269316513868,0.372697550689345,0.0261396203894551,1e-12,70131003,6
10437019,2026.19669330289,31.9750683333333,64.3819766666667,940,931.34391683231,7.3651490281065,3.61810262818287,35.1529227582619,180.704788553395,0.372629490244576,0.0285014486517917,1e-12,70131003,6
10437019,2026.19669330289,31.9750683333333,64.3819766666667,942,933.327572403781,7.33194522414204,3.61514893891438,35.1533715168585,180.530298497542,0.372651155727253,0.0296697359646197,1e-12,70131003,6
10437019,2026.19669330289,31.9750683333333,64.3819766666667,944,935.296178051111,7.30878656000903,3.6132310463987,35.1549402545166,179.990575719097,0.374534541994056,0.0291241291432186,1e-12,70131003,6
10437019,2026.19669330289,31.9750683333333,64.3819766666667,946,937.263625034186,7.27299145947967,3.60995148611778,35.1544470017534,180.013478342334,0.371542661498116,0.0250733986024284,1e-12,70131003,6
10437019,2026.19669330289,31.9750683333333,64.3819766666667,948,939.251346997739,7.26455710701899,3.60919146319735,35.1537492199516,180.270900239763,0.371672320719343,0.0260446940691608,1e-12,70131003,6
10437019,2026.19669330289,31.9750683333333,64.3819766666667,950,941.240846125908,7.25360292902536,3.60809388967457,35.1519227099335,180.734311718291,0.371853077791546,0.0241905443130882,1e-12,70131003,6
10437019,2026.19669330289,31.9750683333333,64.3819766666667,952,943.201661727297,7.21859176385628,3.60459773195978,35.1482620431186,182.249817575996,0.372676926058081,0.029148968378692,1e-12,70131003,6
10437019,2026.19669330289,31.9750683333333,64.3819766666667,954,945.178358480857,7.18791815398714,3.60151873217248,35.1447503742274,183.059353335112,0.372661248935615,0.0278106816728036,1e-12,70131003,6
10437019,2026.19669330289,31.9750683333333,64.3819766666667,956,947.163867130349,7.18783580581636,3.60175820922487,35.146499548994,183.192300077841,0.372629017299537,0.0254328927468097,1e-12,70131003,6
10437019,2026.19669330289,31.9750683333333,64.3819766666667,958,949.140052642083,7.16270963650574,3.59918055176475,35.1428393707639,184.058184189948,0.372647594279429,0.0204044937853716,1e-12,70131003,6
10437019,2026.19669330289,31.9750683333333,64.3819766666667,960,951.107641639786,7.09968577271264,3.59304346726859,35.1386181982227,185.664295485368,0.372700142605689,0.0278995374044478,1e-12,70131003,6
10437019,2026.19669330289,31.9750683333333,64.3819766666667,962,953.096585233577,7.0904103129838,3.59255046049614,35.1416627581633,185.808764853929,0.372623992929277,0.0276340367746324,1e-12,70131003,6
10437019,2026.19669330289,31.9750683333333,64.3819766666667,964,955.065134083232,7.06754864408764,3.59079459866198,35.14464966339,186.025251206248,0.372786477194611,0.0283600012895431,1e-12,70131003,6
10437019,2026.19669330289,31.9750683333333,64.3819766666667,966,957.042600716445,7.02470918860744,3.58673573795842,35.1426738528283,187.146473419074,0.3725771848669,0.0295831030491574,1e-12,70131003,6
10437019,2026.19669330289,31.9750683333333,64.3819766666667,968,959.023872193625,6.99756501308848,3.58414069309789,35.1408096653477,188.070638955349,0.372470657740769,0.025471195102916,1e-12,70131003,6
10437019,2026.19669330289,31.9750683333333,64.3819766666667,970,961.00181392035,6.97110389965635,3.58175569865844,35.1405442235568,188.711967077923,0.372578706570424,0.0284848530311519,1e-12,70131003,6
10437019,2026.19669330289,31.9750683333333,64.3819766666667,972,962.969695503598,6.95027341255013,3.57996553330122,35.1410863149352,189.24696686549,0.372740155380709,0.0330527463452894,1e-12,70131003,6
10437019,2026.19669330289,31.9750683333333,64.3819766666667,974,964.950298492528,6.92303609329813,3.57756595468936,35.1414353508906,189.460348737604,0.37257897438107,0.0323268148287912,1e-12,70131003,6
10437019,2026.19669330289,31.9750683333333,64.3819766666667,976,966.931525030626,6.9178343069328,3.57731042854508,35.142958226539,189.920436815775,0.372505165402814,0.0307753400274473,1e-12,70131003,6
10437019,2026.19669330289,31.9750683333333,64.3819766666667,978,968.909667713311,6.90749675519741,3.57659330699138,35.14462424152,190.365067958229,0.372545494331326,0.0330652777516438,1e-12,70131003,6
10437019,2026.19669330289,31.9750683333333,64.3819766666667,980,970.875924345697,6.89861052347892,3.57590872315267,35.1451769403413,190.654018427772,0.371962471178635,0.0333582113462934,1e-12,70131003,6
10437019,2026.19669330289,31.9750683333333,64.3819766666667,982,972.856259100749,6.87814226381917,3.5739092783973,35.1430452539772,191.221778740988,0.37225718163162,0.0321350158552345,1e-12,70131003,6
10437019,2026.19669330289,31.9750683333333,64.3819766666667,984,974.840275061576,6.84717558991853,3.57089444624343,35.140406483768,191.958408975903,0.372027875938843,0.0288070183163659,1e-12,70131003,6
10437019,2026.19669330289,31.9750683333333,64.3819766666667,986,976.813690829316,6.80646853766267,3.56695960475467,35.137528743485,192.379359092272,0.371729038129633,0.0262783124686048,1e-12,70131003,6
10437019,2026.19669330289,31.9750683333333,64.3819766666667,988,978.782286840032,6.79163465890068,3.56549107631527,35.1354928605748,193.054213033773,0.372085108693661,0.0215947904840033,1e-12,70131003,6
10437019,2026.19669330289,31.9750683333333,64.3819766666667,990,980.766096012108,6.77938400516651,3.56428240024712,35.1336883450715,193.280847560827,0.372448882111042,0.0278139002979451,1e-12,70131003,6
10437019,2026.19669330289,31.9750683333333,64.3819766666667,992,982.75098908671,6.73810442636374,3.56002463497331,35.1278003280293,194.281657057047,0.372477640379626,0.0287448601740123,1e-12,70131003,6
10437019,2026.19669330289,31.9750683333333,64.3819766666667,994,984.712457582061,6.69748252102575,3.55597958126549,35.123563038517,195.456665388601,0.372733086729396,0.0295335197232054,1e-12,70131003,6
10437019,2026.19669330289,31.9750683333333,64.3819766666667,996,986.691794663058,6.68953789692761,3.55542323498272,35.1245523995457,195.265183318518,0.372692893489582,0.0332855341764388,1e-12,70131003,6
10437019,2026.19669330289,31.9750683333333,64.3819766666667,998,988.676708330912,6.68674738340523,3.55548283390745,35.1270940872984,195.21511892376,0.372627303352589,0.0354756760767392,1e-12,70131003,6
10437019,2026.19669330289,31.9750683333333,64.3819766666667,1000,990.655364502614,6.65031825510445,3.55205376553771,35.1253594345088,196.453386527027,0.372628484826531,0.0306721019812029,1e-12,70131003,6
10437019,2026.19669330289,31.9750683333333,64.3819766666667,1002,992.620935840583,6.61945328935981,3.54915303932472,35.1237855731889,197.521425083863,0.372628573658247,0.0268644273671882,1e-12,70131003,6
10437019,2026.19669330289,31.9750683333333,64.3819766666667,1004,994.601338061686,6.58648667411301,3.54601443388662,35.1217100463238,198.458358021262,0.372628571466381,0.0323798588076521,1e-12,70131003,6
10437019,2026.19669330289,31.9750683333333,64.3819766666667,1006,996.579059409739,6.57297070923966,3.54482847216124,35.121407905492,198.702278077538,0.372163145896757,0.0308042017521481,1e-12,70131003,6
10437019,2026.19669330289,31.9750683333333,64.3819766666667,1008,998.55683065276,6.54574793871161,3.54215244360396,35.118582475384,199.489973736059,0.372621749697042,0.0241489961828439,1e-12,70131003,6
10437019,2026.19669330289,31.9750683333333,64.3819766666667,1010,1000.53575127065,6.53206780629002,3.54086586578694,35.1173288756469,200.237919019385,0.372652128438359,0.0220974485142578,1e-12,70131003,6
10437019,2026.19669330289,31.9750683333333,64.3819766666667,1012,1002.50194691214,6.5010282625045,3.53799034151743,35.1161668274699,201.086701489853,0.37264824354344,0.0256825855672747,1e-12,70131003,6
10437019,2026.19669330289,31.9750683333333,64.3819766666667,1014,1004.48688489359,6.48706343369269,3.53672307807238,35.1154084318499,201.508609425693,0.372535212029987,0.0227238270621747,1e-12,70131003,6
10437019,2026.19669330289,31.9750683333333,64.3819766666667,1016,1006.46300859373,6.46889630933647,3.53512588774239,35.115275496072,201.874575935994,0.372436846434308,0.029850471072621,1e-12,70131003,6
10437019,2026.19669330289,31.9750683333333,64.3819766666667,1018,1008.43427591073,6.45964027544072,3.53439577701228,35.115665833223,202.291468389674,0.372530110282059,0.0296466367334029,1e-12,70131003,6
10437019,2026.19669330289,31.9750683333333,64.3819766666667,1020,1010.41465954859,6.45605643775837,3.53427964512532,35.1170777149318,202.093402064329,0.372242233158459,0.0298112484685697,1e-12,70131003,6
10437019,2026.19669330289,31.9750683333333,64.3819766666667,1022,1012.39378120949,6.44850120028627,3.53366768232205,35.1170432264438,202.345340751738,0.372568865397587,0.0260366028189153,1e-12,70131003,6
10437019,2026.19669330289,31.9750683333333,64.3819766666667,1024,1014.36576422085,6.43711600750614,3.53269772840816,35.1169444536928,202.456857901948,0.372647548547621,0.0251120195820788,1e-12,70131003,6
10437019,2026.19669330289,31.9750683333333,64.3819766666667,1026,1016.33862397495,6.42046115205711,3.53114473358032,35.1157522056333,203.225233372255,0.372629485852511,0.018771013436138,1e-12,70131003,6
10437019,2026.19669330289,31.9750683333333,64.3819766666667,1028,1018.31877329766,6.39928246458879,3.52922830860838,35.1151374768316,203.741374173732,0.372225178813509,0.0283651796536298,1e-12,70131003,6
10437019,2026.19669330289,31.9750683333333,64.3819766666667,1030,1020.30544142635,6.3815566764288,3.52769583680194,35.1152580798185,204.214635830757,0.372120738762033,0.0324959969129921,1e-12,70131003,6
10437019,2026.19669330289,31.9750683333333,64.3819766666667,1032,1022.26102990644,6.36870321987512,3.52651529264255,35.1143123237207,204.513570946498,0.372683995934325,0.0301934271337197,1e-12,70131003,6
10437019,2026.19669330289,31.9750683333333,64.3819766666667,1034,1024.24282043317,6.35103707011509,3.52491534175339,35.1136171982315,205.222624609555,0.372352569586439,0.0310919757870694,1e-12,70131003,6
10437019,2026.19669330289,31.9750683333333,64.3819766666667,1036,1026.22851839927,6.3406687680674,3.52412987632956,35.1145187351591,205.307102866973,0.372029533734818,0.0341729077258347,1e-12,70131003,6
10437019,2026.19669330289,31.9750683333333,64.3819766666667,1038,1028.20759938262,6.33580863390093,3.52379877922495,35.1148460318134,205.523266252106,0.372395249244866,0.0329461605621306,1e-12,70131003,6
10437019,2026.19669330289,31.9750683333333,64.3819766666667,1040,1030.16868870343,6.33139943540896,3.52346598496493,35.114694147643,205.870112422093,0.372565901019272,0.0265638802472503,1e-12,70131003,6
10437019,2026.19669330289,31.9750683333333,64.3819766666667,1042,1032.14764721276,6.31474471416869,3.5220509087605,35.1150151516624,205.883674885901,0.371860709825615,0.027579003523471,1e-12,70131003,6
10437019,2026.19669330289,31.9750683333333,64.3819766666667,1044,1034.13322476071,6.29813893989502,3.52060901145609,35.1149848809538,206.267913282779,0.371803471261083,0.0271242041010107,1e-12,70131003,6
10437019,2026.19669330289,31.9750683333333,64.3819766666667,1046,1036.10882333646,6.27780711331345,3.5187846116,35.1145034655447,207.161665271761,0.372484225925634,0.0271916441748512,1e-12,70131003,6
10437019,2026.19669330289,31.9750683333333,64.3819766666667,1048,1038.07749669728,6.25594020192717,3.51674469702507,35.1131881986051,207.979026453087,0.372503420273085,0.0235536492103455,1e-12,70131003,6
10437019,2026.19669330289,31.9750683333333,64.3819766666667,1050,1040.06036514347,6.24980293212501,3.51622516330969,35.112720084698,207.634157867241,0.372408371396823,0.0263583620039241,1e-12,70131003,6
10437019,2026.19669330289,31.9750683333333,64.3819766666667,1052,1042.03102319331,6.24229601255702,3.51565165269663,35.1130502659823,207.829406431146,0.37197147181029,0.021572225278207,1e-12,70131003,6
10437019,2026.19669330289,31.9750683333333,64.3819766666667,1054,1044.01231161472,6.22856364159066,3.51442551954729,35.1124745554076,208.544777144566,0.372122040511171,0.0178609754608287,1e-12,70131003,6
10437019,2026.19669330289,31.9750683333333,64.3819766666667,1056,1045.98514670377,6.22195306037234,3.51415457496543,35.1152577946987,208.388396155531,0.371940259920548,0.0244371518576823,1e-12,70131003,6
10437019,2026.19669330289,31.9750683333333,64.3819766666667,1058,1047.96191403957,6.2199373735674,3.51423927250199,35.1173055072235,208.212356719258,0.372022668886393,0.0268753631184476,1e-12,70131003,6
10437019,2026.19669330289,31.9750683333333,64.3819766666667,1060,1049.93668060806,6.2116451965131,3.51376808291864,35.1195775818359,208.829504394229,0.371426933155311,0.0310865808487583,1e-12,70131003,6
10437019,2026.19669330289,31.9750683333333,64.3819766666667,1062,1051.90792767093,6.19653730653882,3.5123145517223,35.1178728755726,209.676255002787,0.371283213555377,0.0270633933091894,1e-12,70131003,6
10437019,2026.19669330289,31.9750683333333,64.3819766666667,1064,1053.89834732169,6.1688794032228,3.50964060977902,35.1153938369263,209.980241996132,0.370778411355233,0.0298943657479589,1e-12,70131003,6
10437019,2026.19669330289,31.9750683333333,64.3819766666667,1066,1055.86263717888,6.15471405977522,3.50835602535758,35.1145998618542,210.324010043992,0.371242619893521,0.030935558950216,1e-12,70131003,6
10437019,2026.19669330289,31.9750683333333,64.3819766666667,1068,1057.83832984869,6.14359013250914,3.50751303454443,35.1156196868194,210.325027487611,0.370876005125193,0.0307486919308645,1e-12,70131003,6
10437019,2026.19669330289,31.9750683333333,64.3819766666667,1070,1059.82365209275,6.1443365456024,3.50767697347356,35.1157277701582,210.716841497294,0.371043998852532,0.0298141807205163,1e-12,70131003,6
10437019,2026.19669330289,31.9750683333333,64.3819766666667,1072,1061.79556412773,6.09357726793979,3.50267531425219,35.1108814169243,211.578271551178,0.371619586938798,0.025997173300001,1e-12,70131003,6
10437019,2026.19669330289,31.9750683333333,64.3819766666667,1074,1063.76291556602,6.06815470241846,3.50012868680507,35.1075004340889,212.598213303966,0.37169391262058,0.0232490089312428,1e-12,70131003,6
10437019,2026.19669330289,31.9750683333333,64.3819766666667,1076,1065.7473979899,6.05406006100588,3.49874947078381,35.1055584104199,212.998850201306,0.371662037574596,0.0323952241034497,1e-12,70131003,6
10437019,2026.19669330289,31.9750683333333,64.3819766666667,1078,1067.72488794102,6.04803996516692,3.49829317093973,35.1056638246599,213.18502499128,0.371631781132775,0.0275475868517807,1e-12,70131003,6
10437019,2026.19669330289,31.9750683333333,64.3819766666667,1080,1069.69151344167,6.04513446335397,3.49811387498052,35.1056762073327,213.552109444806,0.372068579662211,0.0316804605149549,1e-12,70131003,6
10437019,2026.19669330289,31.9750683333333,64.3819766666667,1082,1071.67435700096,6.03859171718791,3.49752685160125,35.104854347012,213.582231130782,0.37174771627721,0.0384934892834782,1e-12,70131003,6
10437019,2026.19669330289,31.9750683333333,64.3819766666667,1084,1073.65147622373,6.03285815231923,3.49706678909741,35.1046233474352,213.782824155593,0.371822443773847,0.0285179908699123,1e-12,70131003,6
10437019,2026.19669330289,31.9750683333333,64.3819766666667,1086,1075.62215603913,6.01924753750644,3.49587953278816,35.1043267921784,214.103995516443,0.371901795924207,0.0241966891265087,1e-12,70131003,6
10437019,2026.19669330289,31.9750683333333,64.3819766666667,1088,1077.6001758896,6.00956571601099,3.49508739438685,35.1044245586438,214.162531577529,0.371636722438264,0.0285656543202911,1e-12,70131003,6
10437019,2026.19669330289,31.9750683333333,64.3819766666667,1090,1079.57785435994,6.00613927541765,3.49485873669579,35.1044177506671,214.361329502513,0.371605794382574,0.0292974053917396,1e-12,70131003,6
10437019,2026.19669330289,31.9750683333333,64.3819766666667,1092,1081.55297814245,6.00254701142518,3.49457309823963,35.1039428944068,214.788832577794,0.371381023723106,0.0267415920586529,1e-12,70131003,6
10437019,2026.19669330289,31.9750683333333,64.3819766666667,1094,1083.52091639455,5.99130059312417,3.4935287590545,35.1028189285464,214.792540479482,0.37219986120305,0.0350407788567511,1e-12,70131003,6
10437019,2026.19669330289,31.9750683333333,64.3819766666667,1096,1085.50265866972,5.97536705554197,3.49207969894933,35.1019657245503,215.027525744266,0.371847705236109,0.0302281526884765,1e-12,70131003,6
10437019,2026.19669330289,31.9750683333333,64.3819766666667,1098,1087.48919103673,5.97557116074344,3.49226201220915,35.1028394592995,215.480395172074,0.37167233594294,0.0305414745597714,1e-12,70131003,6
10437019,2026.19669330289,31.9750683333333,64.3819766666667,1100,1089.43930999226,5.96290395469165,3.49104160662653,35.1011954867922,215.830567264599,0.371460802630311,0.0328979433809815,1e-12,70131003,6
10437019,2026.19669330289,31.9750683333333,64.3819766666667,1102,1091.43054352121,5.94610927042456,3.48946714532721,35.0998149422262,216.019782448295,0.370834094028547,0.0337787248803712,0.00402636534908533,70131003,6
10437019,2026.19669330289,31.9750683333333,64.3819766666667,1104,1093.41435267804,5.95307350008249,3.49044325186838,35.102652847255,215.93847797537,0.3714970080066,0.0289295111130904,0.000557603472638805,70131003,6
10437019,2026.19669330289,31.9750683333333,64.3819766666667,1106,1095.37389950769,5.96282735111934,3.49169937936688,35.1057675782171,215.871509233549,0.371143203656682,0.0345209027827116,1e-12,70131003,6
10437019,2026.19669330289,31.9750683333333,64.3819766666667,1108,1097.35835119847,5.9534062326856,3.49087923377767,35.1052797017813,216.238609948025,0.370629452835002,0.027560323402482,2.90390261932226e-06,70131003,6
10437019,2026.19669330289,31.9750683333333,64.3819766666667,1110,1099.33415609982,5.93689331068078,3.48935786737788,35.1042056652042,216.511136897446,0.371375881727536,0.0289883390121904,1e-12,70131003,6
10437019,2026.19669330289,31.9750683333333,64.3819766666667,1112,1101.31022427028,5.92414789700529,3.48817992135157,35.1031135321519,216.825912927172,0.371307497800924,0.0263383958930291,4.96941560642881e-09,70131003,6
10437019,2026.19669330289,31.9750683333333,64.3819766666667,1114,1103.27797698397,5.91283170614894,3.48711483987342,35.101818897027,217.157170757156,0.372173143187,0.0189138706131763,1e-12,70131003,6
10437019,2026.19669330289,31.9750683333333,64.3819766666667,1116,1105.26133356582,5.90607543731163,3.48650011461609,35.1008958292705,217.218945190993,0.371320040400708,0.0266523851453214,7.15528742379397e-12,70131003,6
10437019,2026.19669330289,31.9750683333333,64.3819766666667,1118,1107.23558525891,5.90117181488647,3.4860678552428,35.1001182515805,217.461816945698,0.372049335359774,0.0322204387178011,1.31424792503282e-12,70131003,6
10437019,2026.19669330289,31.9750683333333,64.3819766666667,1120,1109.20821838056,5.89132644106287,3.48514120526062,35.098863620637,217.502647482039,0.371712415572975,0.0325172097601386,1.00803801026272e-12,70131003,6
10437019,2026.19669330289,31.9750683333333,64.3819766666667,1122,1111.18454743916,5.87867770650422,3.4839913647894,35.0979803805545,217.854360719454,0.372110936861552,0.0235948159271117,1.00034060996325e-12,70131003,6
10437019,2026.19669330289,31.9750683333333,64.3819766666667,1124,1113.16297397222,5.87931013297768,3.48417147686559,35.0983933081531,218.353928826131,0.372493561293086,0.0288675452655344,1.00002855319435e-12,70131003,6
10437019,2026.19669330289,31.9750683333333,64.3819766666667,1126,1115.13608056125,5.87696672130946,3.48413412548121,35.0994195313845,218.296757874031,0.372064920193792,0.0236430381992231,1.00000223203437e-12,70131003,6
10437019,2026.19669330289,31.9750683333333,64.3819766666667,1128,1117.11029196178,5.85044970024693,3.48158592921339,35.0970667205834,218.762225724038,0.371687146101063,0.0226621742807539,1.00000018218074e-12,70131003,6
10437019,2026.19669330289,31.9750683333333,64.3819766666667,1130,1119.08584189217,5.81670980259981,3.47835894205383,35.0944963755614,219.421260630376,0.371860661236766,0.0267374604491263,1.00000000129634e-12,70131003,6
10437019,2026.19669330289,31.9750683333333,64.3819766666667,1132,1121.0672560792,5.80606380375908,3.47738977902829,35.0935753039187,220.017858546376,0.372525116169448,0.0274546820765519,1.0000000000442e-12,70131003,6
10437019,2026.19669330289,31.9750683333333,64.3819766666667,1134,1123.02954486967,5.78160538665731,3.47511215528546,35.0921271101969,220.642844711047,0.372337342567154,0.0279495958432485,9.99999999997189e-13,70131003,6
10437019,2026.19669330289,31.9750683333333,64.3819766666667,1136,1125.01227295475,5.76873190084702,3.47395545404775,35.0913804573966,221.212005161266,0.371963352504407,0.0318078491126157,9.99999999999761e-13,70131003,6
10437019,2026.19669330289,31.9750683333333,64.3819766666667,1138,1126.99532410635,5.7628815257221,3.47346947575863,35.0909625420076,221.351925573201,0.372237009736454,0.0379214906860366,9.99999999999968e-13,70131003,6
10437019,2026.19669330289,31.9750683333333,64.3819766666667,1140,1128.95571856041,5.75882456622353,3.47314936289713,35.0905678857763,221.400214814646,0.372250750753945,0.0315493838568989,1.00000000000001e-12,70131003,6
10437019,2026.19669330289,31.9750683333333,64.3819766666667,1142,1130.93643314542,5.7581959323947,3.47315725600642,35.0903413205811,221.468598975642,0.372063911356219,0.0275653423788468,9.99999999999999e-13,70131003,6
10437019,2026.19669330289,31.9750683333333,64.3819766666667,1144,1132.92154661126,5.75638230616043,3.47307662489028,35.0903365766389,221.594252766986,0.372105538301748,0.0312228156101808,1e-12,70131003,6
10437019,2026.19669330289,31.9750683333333,64.3819766666667,1146,1134.88696247594,5.75301704207751,3.4728496414001,35.0902792792464,221.494161511543,0.372318287229745,0.0273161328505439,1e-12,70131003,6
10437019,2026.19669330289,31.9750683333333,64.3819766666667,1148,1136.86280356715,5.74050556503656,3.47172111295689,35.0894736009904,221.773488782724,0.371930767374418,0.0244827226577592,1e-12,70131003,6
10437019,2026.19669330289,31.9750683333333,64.3819766666667,1150,1138.84229101217,5.7334272257203,3.47110511742502,35.0888523546145,222.196400438892,0.371809714844466,0.0259980948607007,1e-12,70131003,6
10437019,2026.19669330289,31.9750683333333,64.3819766666667,1152,1140.81664646255,5.72993400604367,3.47085374376128,35.0886514380965,222.25845436895,0.372397115160856,0.0269744695750251,1e-12,70131003,6
10437019,2026.19669330289,31.9750683333333,64.3819766666667,1154,1142.78571502754,5.7253663290281,3.4704737959449,35.0881068414473,222.414925843822,0.371851495029556,0.0227924681808122,1e-12,70131003,6
10437019,2026.19669330289,31.9750683333333,64.3819766666667,1156,1144.75907465666,5.71604443071013,3.4696035457204,35.0869268541014,222.841567726816,0.372017639971589,0.0217609118169376,1e-12,70131003,6
10437019,2026.19669330289,31.9750683333333,64.3819766666667,1158,1146.74717071503,5.67373586324416,3.46538192938283,35.0818930201868,223.375736600085,0.372325284733668,0.0258677697959502,1e-12,70131003,6
10437019,2026.19669330289,31.9750683333333,64.3819766666667,1160,1148.7168679666,5.65623460164589,3.46383127815229,35.0814474819641,224.052560890072,0.372385978738162,0.0298459047307873,1e-12,70131003,6
10437019,2026.19669330289,31.9750683333333,64.3819766666667,1162,1150.68279065425,5.63442037782209,3.46174285892458,35.0793667145785,224.536324308179,0.371682994625251,0.0194956234289306,1e-12,70131003,6
10437019,2026.19669330289,31.9750683333333,64.3819766666667,1164,1152.66749037217,5.63218031367036,3.46157838526236,35.0788524567726,225.043647846962,0.371733560605266,0.0244930826423951,1e-12,70131003,6
10437019,2026.19669330289,31.9750683333333,64.3819766666667,1166,1154.64684805103,5.61034670961924,3.45952289663017,35.0771559943679,225.325654705064,0.371977413129083,0.0310190018836039,1e-12,70131003,6
10437019,2026.19669330289,31.9750683333333,64.3819766666667,1168,1156.61356505074,5.60371491609959,3.45897059523855,35.0767827370591,225.260910885767,0.371978598797757,0.0280480880728687,1e-12,70131003,6
10437019,2026.19669330289,31.9750683333333,64.3819766666667,1170,1158.58855114063,5.59757174040681,3.45845176923075,35.0762838583605,225.787617324656,0.371285412689452,0.0301755482643025,1e-12,70131003,6
10437019,2026.19669330289,31.9750683333333,64.3819766666667,1172,1160.56467247461,5.59317099587408,3.45815516182976,35.0765014527959,226.162964512291,0.371663480406967,0.0364096673316744,1e-12,70131003,6
10437019,2026.19669330289,31.9750683333333,64.3819766666667,1174,1162.5422480487,5.57930778671791,3.456920399798,35.0758616185306,226.339376127437,0.371677196400245,0.0354919965007956,1e-12,70131003,6
10437019,2026.19669330289,31.9750683333333,64.3819766666667,1176,1164.51615352295,5.56817835652058,3.45599715460074,35.0759264260581,226.313490259445,0.371751015444175,0.027139215057475,1e-12,70131003,6
10437019,2026.19669330289,31.9750683333333,64.3819766666667,1178,1166.49108682746,5.55777310392122,3.45520637207902,35.0767418497552,226.641372992894,0.371748636608664,0.0254463835824167,1e-12,70131003,6
10437019,2026.19669330289,31.9750683333333,64.3819766666667,1180,1168.46141180146,5.5480144827837,3.45442389293554,35.076984102417,227.066197795223,0.371682287006304,0.0353219673111884,1e-12,70131003,6
10437019,2026.19669330289,31.9750683333333,64.3819766666667,1182,1170.44273651132,5.54281134749455,3.45403323648377,35.0769632699208,227.438731847664,0.371303848376687,0.0360223718322491,1e-12,70131003,6
10437019,2026.19669330289,31.9750683333333,64.3819766666667,1184,1172.41678892138,5.52846452024088,3.4528647078466,35.0775655412137,227.850671728575,0.371702972742023,0.0371732736472774,1e-12,70131003,6
10437019,2026.19669330289,31.9750683333333,64.3819766666667,1186,1174.38870572162,5.52671935617549,3.45288968409904,35.078683592376,228.289049739059,0.371259439911982,0.0306232751494677,1e-12,70131003,6
10437019,2026.19669330289,31.9750683333333,64.3819766666667,1188,1176.36345503197,5.53058891743132,3.45342246347247,35.0797603437,228.51789481906,0.371011079865046,0.0397280418562607,1e-12,70131003,6
10437019,2026.19669330289,31.9750683333333,64.3819766666667,1190,1178.34067426026,5.54469663076222,3.45521521185032,35.0845384831064,228.063175451238,0.371428432311089,0.0343684531962198,1e-12,70131003,6
10437019,2026.19669330289,31.9750683333333,64.3819766666667,1192,1180.31270090419,5.56966449747129,3.4583700966357,35.0935214453825,227.866884811667,0.370642954328465,0.032327540518083,1e-12,70131003,6
10437019,2026.19669330289,31.9750683333333,64.3819766666667,1194,1182.29085998244,5.52648336901542,3.45425093503087,35.0904817442085,228.611059054713,0.370575836371839,0.0278943473796071,1e-12,70131003,6
10437019,2026.19669330289,31.9750683333333,64.3819766666667,1196,1184.26422904249,5.53675078303211,3.45543359778393,35.0923141733859,228.523708116512,0.370632328130524,0.018607419281474,1e-12,70131003,6
10437019,2026.19669330289,31.9750683333333,64.3819766666667,1198,1186.24210618195,5.54715633156806,3.45668818234599,35.0948164489195,228.30672385033,0.370579226350525,0.0263050624015194,1e-12,70131003,6
10437019,2026.19669330289,31.9750683333333,64.3819766666667,1200,1188.20524159786,5.55475537351083,3.45763258020171,35.096701768563,228.597742633588,0.370524793810278,0.0300176538462657,1e-12,70131003,6
10437019,2026.19669330289,31.9750683333333,64.3819766666667,1202,1190.19024935368,5.56950549027006,3.45941024571206,35.1006359286408,228.427419936439,0.370374434688703,0.0337859733727895,1e-12,70131003,6
10437019,2026.19669330289,31.9750683333333,64.3819766666667,1204,1192.16571750967,5.58455449559883,3.46113884341796,35.1037031211288,228.246164402036,0.370523348798023,0.0334682846543399,1e-12,70131003,6
10437019,2026.19669330289,31.9750683333333,64.3819766666667,1206,1194.1398392024,5.59588181140693,3.46252613777359,35.1067445040282,227.623401197517,0.370258922173079,0.0326427228246846,1e-12,70131003,6
10437019,2026.19669330289,31.9750683333333,64.3819766666667,1208,1196.11014659944,5.59864205304865,3.46303243754268,35.1086594805404,227.399145926463,0.370266479525608,0.0341039037711069,1e-12,70131003,6
10437019,2026.19669330289,31.9750683333333,64.3819766666667,1210,1198.08416622551,5.57770077634028,3.46110378494547,35.107486680744,228.132705421017,0.370268574151585,0.0252685139932877,1e-12,70131003,6
10437020,2026.19699200913,32.1664616666667,64.5028983333333,4,3.96267027027027,20.2085944864865,5.02208127759271,36.7114276736273,230.757182123733,0.521731274131274,0.138018918918919,56.7453567567568,70131004,5
10437020,2026.19699200913,32.1664616666667,64.5028983333333,6,5.95731044527031,20.1816358659577,5.01912821055006,36.7098992192896,232.116635472856,0.519524034024824,0.136923194683961,41.9504754003987,70131004,5
10437020,2026.19699200913,32.1664616666667,64.5028983333333,8,7.93727001882705,20.1387083219889,5.01493250554344,36.7120690209426,232.3994201301,0.517131744669381,0.1399348397137,38.4235339696903,70131004,5
10437020,2026.19699200913,32.1664616666667,64.5028983333333,10,9.93951130321291,20.1934165714341,5.02058271422908,36.7101012273913,231.556257028323,0.519772347253376,0.136717632561689,34.159608104629,70131004,5
10437020,2026.19699200913,32.1664616666667,64.5028983333333,12,11.9114890774148,20.151960175848,5.01622201180388,36.7096307777021,232.233040888112,0.518759055665762,0.14406213351325,32.5111850610798,70131004,5
10437020,2026.19699200913,32.1664616666667,64.5028983333333,14,13.9030880704851,19.9358226283265,4.99228509485867,36.7000869813506,233.806687259043,0.514501593761845,0.146877896584979,34.5874139759585,70131004,5
10437020,2026.19699200913,32.1664616666667,64.5028983333333,16,15.8927460193463,19.6499465627841,4.9614675779701,36.6945280656124,235.631119333512,0.509548973500012,0.159242184890382,32.5231695689211,70131004,5
10437020,2026.19699200913,32.1664616666667,64.5028983333333,18,17.8594492479386,19.5671419977054,4.95242956649101,36.6913601276846,234.623974971224,0.512453640950582,0.163156339301419,31.0816271018229,70131004,5
10437020,2026.19699200913,32.1664616666667,64.5028983333333,20,19.8671438945497,19.5340499778537,4.94900031810167,36.6911314183726,234.723638038804,0.511076530985982,0.175194512589796,29.2395487614313,70131004,5
10437020,2026.19699200913,32.1664616666667,64.5028983333333,22,21.8373363650751,19.5005333701894,4.94551805934265,36.6908317960702,234.704516305745,0.511203302249378,0.194594249419626,25.756239459065,70131004,5
10437020,2026.19699200913,32.1664616666667,64.5028983333333,24,23.8362247881651,19.494013395437,4.94494868066846,36.6910642548133,235.117638596524,0.512401843948677,0.198023527107559,23.4367251686757,70131004,5
10437020,2026.19699200913,32.1664616666667,64.5028983333333,26,25.8128572861209,19.4891793138462,4.94451801154243,36.6909699670794,234.656344842242,0.510117617810866,0.212693307814666,21.6711405730425,70131004,5
10437020,2026.19699200913,32.1664616666667,64.5028983333333,28,27.8025193835673,19.4730981521781,4.94293258193588,36.6911414027603,233.789897182711,0.509355001334465,0.210803543308449,18.2376877240918,70131004,5
10437020,2026.19699200913,32.1664616666667,64.5028983333333,30,29.7889843937119,19.4615946980959,4.94185291895708,36.6915024154813,234.193646120847,0.508318021651566,0.210527830250836,16.6333628270753,70131004,5
10437020,2026.19699200913,32.1664616666667,64.5028983333333,32,31.7762988706358,19.4527110317381,4.94109120215762,36.6922102818614,234.240298963759,0.509420103556769,0.212895375805323,14.8134902691232,70131004,5
10437020,2026.19699200913,32.1664616666667,64.5028983333333,34,33.7653422873408,19.4491191276284,4.94081850538348,36.6923402055869,234.46127050494,0.50657248231178,0.213155038435319,13.0463489861301,70131004,5
10437020,2026.19699200913,32.1664616666667,64.5028983333333,36,35.7560716752716,19.4364353602833,4.93951025083975,36.6918305009732,234.058431619838,0.503380747348797,0.219628052697484,11.6018450278099,70131004,5
10437020,2026.19699200913,32.1664616666667,64.5028983333333,38,37.7320443349193,19.4120294721299,4.93684010914314,36.6902697021231,234.443072863702,0.503316854120616,0.240086879373222,10.1545419625494,70131004,5
10437020,2026.19699200913,32.1664616666667,64.5028983333333,40,39.7171890550255,19.3793235762789,4.93314353601089,36.6874390569152,234.432129898802,0.502070878575836,0.248986372806756,9.15971343490748,70131004,5
10437020,2026.19699200913,32.1664616666667,64.5028983333333,42,41.7030129247928,19.3617278063626,4.93160653055906,36.6893412120459,233.565126154634,0.501853587336118,0.277248477218887,7.82233016251797,70131004,5
10437020,2026.19699200913,32.1664616666667,64.5028983333333,44,43.6868022939502,19.3485688722136,4.93052982304454,36.6911806447154,232.48769396288,0.499779309491695,0.28494358906361,7.0624690367443,70131004,5
10437020,2026.19699200913,32.1664616666667,64.5028983333333,46,45.6745537145592,19.3207448905598,4.92751642252172,36.6897474238977,232.337454748387,0.493492052014948,0.295789107156829,6.08849830051637,70131004,5
10437020,2026.19699200913,32.1664616666667,64.5028983333333,48,47.6607913367254,19.3025634337657,4.92554636753208,36.6885368988969,231.811438700953,0.487710982902535,0.302592157914753,5.38030447812106,70131004,5
10437020,2026.19699200913,32.1664616666667,64.5028983333333,50,49.6442329150312,19.2937559994777,4.9246998773672,36.688461683513,231.156528135193,0.484373779600684,0.303168553301459,4.67114397805917,70131004,5
10437020,2026.19699200913,32.1664616666667,64.5028983333333,52,51.6297671780627,19.2859272965847,4.92400112568555,36.6887596734528,230.839197190144,0.482106264103225,0.307819477028075,4.11929282324634,70131004,5
10437020,2026.19699200913,32.1664616666667,64.5028983333333,54,53.616439803365,19.2714043984941,4.9225652749682,36.6887911518235,230.428658984827,0.484465018255821,0.34722808728993,3.60588530523716,70131004,5
10437020,2026.19699200913,32.1664616666667,64.5028983333333,56,55.5990467836085,19.2676272649375,4.92227870716091,36.6889655587612,230.671844499278,0.485225197495979,0.36616927135362,3.14115520599654,70131004,5
10437020,2026.19699200913,32.1664616666667,64.5028983333333,58,57.5866331097153,19.259542998568,4.92154602252197,36.6892040817173,229.453292282,0.484942268896484,0.362763828127543,2.72582250967932,70131004,5
10437020,2026.19699200913,32.1664616666667,64.5028983333333,60,59.5681952700407,19.2494572859189,4.92065951205794,36.6899205396128,229.14250503164,0.482040900361727,0.364205167410351,2.38368249861724,70131004,5
10437020,2026.19699200913,32.1664616666667,64.5028983333333,62,61.5562562822571,19.2344422744455,4.91910447379171,36.6893846347184,227.549401400026,0.482273129153508,0.369628809360945,2.05720351583205,70131004,5
10437020,2026.19699200913,32.1664616666667,64.5028983333333,64,63.5457585522089,19.2148507277596,4.91692145625091,36.6876224538031,226.288321866459,0.472913295248762,0.356054456552062,1.79295563200532,70131004,5
10437020,2026.19699200913,32.1664616666667,64.5028983333333,66,65.530435225976,19.203314226081,4.9157983716663,36.6876338129524,225.284965763534,0.470333487069982,0.390646388343158,1.54405479782596,70131004,5
10437020,2026.19699200913,32.1664616666667,64.5028983333333,68,67.5099142837854,19.1878482643723,4.91424223313214,36.6874824057542,224.112448872037,0.465994423204727,0.532791290948637,1.340912497453,70131004,5
10437020,2026.19699200913,32.1664616666667,64.5028983333333,70,69.51014685901,19.1825523672392,4.91376370524113,36.6873866952038,224.045170256892,0.463983194413922,0.442260228793543,1.16277166121924,70131004,5
10437020,2026.19699200913,32.1664616666667,64.5028983333333,72,71.4751245173943,19.1775155902753,4.91332085874351,36.6873613568928,222.999327453325,0.461288880524308,0.384071851651543,1.01027349478042,70131004,5
10437020,2026.19699200913,32.1664616666667,64.5028983333333,74,73.4759617389738,19.1720383116339,4.91280978428837,36.6871524689855,222.878924356619,0.457903292788115,0.380579596079636,0.874495073837109,70131004,5
10437020,2026.19699200913,32.1664616666667,64.5028983333333,76,75.4514311257834,19.1586006163952,4.91145459131357,36.686892650894,221.46374239455,0.453679756216101,0.360172892379911,0.76042271386533,70131004,5
10437020,2026.19699200913,32.1664616666667,64.5028983333333,78,77.4424908410673,19.1503388519662,4.91066535830148,36.6868089693254,220.558135479749,0.450567360989107,0.337181162648618,0.663602536512052,70131004,5
10437020,2026.19699200913,32.1664616666667,64.5028983333333,80,79.4258735002574,19.14136241836,4.90979203631489,36.6866504971599,220.268934180612,0.445441872333612,0.305453137217612,0.583647607257003,70131004,5
10437020,2026.19699200913,32.1664616666667,64.5028983333333,82,81.4151935444848,19.1377146244972,4.90951021622316,36.686748762314,219.919758819741,0.440759565244946,0.28913820340159,0.51480300059531,70131004,5
10437020,2026.19699200913,32.1664616666667,64.5028983333333,84,83.3962249994455,19.1338828742022,4.90919562518436,36.6867343784592,219.818683771832,0.436527072436691,0.271255060147028,0.450255636257036,70131004,5
10437020,2026.19699200913,32.1664616666667,64.5028983333333,86,85.3728365703044,19.127842608782,4.90865797854462,36.6867990023562,219.293797923224,0.435243141114612,0.262856463107144,0.394704889233672,70131004,5
10437020,2026.19699200913,32.1664616666667,64.5028983333333,88,87.3735906321021,19.1210375137491,4.90808549371935,36.6872473144907,218.928110863035,0.429764349575438,0.233145822888694,0.35665502770422,70131004,5
10437020,2026.19699200913,32.1664616666667,64.5028983333333,90,89.3500431302049,19.1172292883438,4.9078291377314,36.6877015288249,218.559233765022,0.425625560634223,0.217626127140775,0.320648685010881,70131004,5
10437020,2026.19699200913,32.1664616666667,64.5028983333333,92,91.3426256088636,19.1155987652177,4.90778888951191,36.6880457293272,218.759597118717,0.42292214767801,0.199616321360491,0.285222578352132,70131004,5
10437020,2026.19699200913,32.1664616666667,64.5028983333333,94,93.3183123615483,19.1143963566457,4.90781923791515,36.6886046827115,218.628353084183,0.423386937648032,0.2137290287327,0.25463950467379,70131004,5
10437020,2026.19699200913,32.1664616666667,64.5028983333333,96,95.3130028647834,19.1134624760628,4.90789912471761,36.68934258623,218.224501618525,0.421255100187623,0.208451349474664,0.225984685751189,70131004,5
10437020,2026.19699200913,32.1664616666667,64.5028983333333,98,97.281108099909,19.1132715291372,4.90795215036088,36.6891974697891,218.053072155082,0.419392889113394,0.162059075711173,0.198641440076048,70131004,5
10437020,2026.19699200913,32.1664616666667,64.5028983333333,100,99.2860821265992,19.1123249471423,4.90798916355793,36.6895864105969,218.145929237402,0.420056185186117,0.161397333789845,0.17664246539547,70131004,5
10437020,2026.19699200913,32.1664616666667,64.5028983333333,102,101.255058322099,19.1126285280514,4.90820985388602,36.6904133408792,218.646532044316,0.417623855402452,0.142035148227416,0.153560566497063,70131004,5
10437020,2026.19699200913,32.1664616666667,64.5028983333333,104,103.253860490496,19.1118474447088,4.90826328072181,36.6907940157142,218.548079054164,0.414715446098425,0.1291125892294,0.13819591490538,70131004,5
10437020,2026.19699200913,32.1664616666667,64.5028983333333,106,105.224363534699,19.1117363867882,4.90839934310351,36.6912765917804,218.850390311388,0.411572211044189,0.10956987659071,0.118712912607396,70131004,5
10437020,2026.19699200913,32.1664616666667,64.5028983333333,108,107.223999818142,19.1116679657895,4.9085264100211,36.6916459312915,218.964417739926,0.409227399022561,0.0982443372303198,0.111221254170782,70131004,5
10437020,2026.19699200913,32.1664616666667,64.5028983333333,110,109.206232915062,19.1117160233283,4.90862044353858,36.6916346364086,218.229919972866,0.409420789473473,0.0940009821903456,0.0985101250478569,70131004,5
10437020,2026.19699200913,32.1664616666667,64.5028983333333,112,111.186285144611,19.1073920928477,4.90811953127852,36.6904903452999,218.599924795243,0.40873613274036,0.0934175299547986,0.0889425986497904,70131004,5
10437020,2026.19699200913,32.1664616666667,64.5028983333333,114,113.172150458349,19.1024756173264,4.90752215654557,36.6890592056255,217.91273354464,0.408195670121008,0.0925877246896179,0.0791103289406915,70131004,5
10437020,2026.19699200913,32.1664616666667,64.5028983333333,116,115.153786035416,19.0953476650233,4.90663162556493,36.6871195959932,217.820821244553,0.406572455655928,0.0913083161554719,0.066350936053765,70131004,5
10437020,2026.19699200913,32.1664616666667,64.5028983333333,118,117.141363378626,19.0941813718121,4.90657025964685,36.6868765536257,217.537250213673,0.405793185880762,0.0764025990438397,0.0565382979125431,70131004,5
10437020,2026.19699200913,32.1664616666667,64.5028983333333,120,119.120640635589,19.0930224684577,4.90652719495779,36.6867809225986,217.471483872874,0.405349428046769,0.0696188368243175,0.0509248328575831,70131004,5
10437020,2026.19699200913,32.1664616666667,64.5028983333333,122,121.118774216939,19.0923773468769,4.90651645387614,36.6865025966466,218.03520277904,0.415144632862931,0.0752341330972725,0.04404800415489,70131004,5
10437020,2026.19699200913,32.1664616666667,64.5028983333333,124,123.09465310901,19.0869442344343,4.9059127282579,36.6854743950225,217.609316545323,0.407695463020396,0.0801181718844585,0.0362625075155598,70131004,5
10437020,2026.19699200913,32.1664616666667,64.5028983333333,126,125.084546947348,19.0828149170399,4.90547738296751,36.6847083873006,217.777629024668,0.406793120886516,0.0821679370079307,0.0308590993455316,70131004,5
10437020,2026.19699200913,32.1664616666667,64.5028983333333,128,127.064829831985,19.0804769230177,4.90525740267146,36.6841684722106,218.368784958489,0.407071882587826,0.09164770206734,0.0260285695757473,70131004,5
10437020,2026.19699200913,32.1664616666667,64.5028983333333,130,129.051706362367,19.0808002340851,4.90538801008383,36.6842222353568,218.109585023689,0.406234842660191,0.0917011969479537,0.0232418982286078,70131004,5
10437020,2026.19699200913,32.1664616666667,64.5028983333333,132,131.035515918478,19.0789330267176,4.90525456635549,36.6839936445517,217.825702682515,0.40675893976149,0.0885033215701332,0.0134593885382043,70131004,5
10437020,2026.19699200913,32.1664616666667,64.5028983333333,134,133.020466779236,19.0774470067294,4.90517420448252,36.6838742555452,217.882967474327,0.406160394105926,0.0888166734579637,0.00670089332864185,70131004,5
10437020,2026.19699200913,32.1664616666667,64.5028983333333,136,135.009404505551,19.074383857704,4.90485694486216,36.6831580188971,217.586740033643,0.406961350858393,0.0854066488621434,0.00251414508719114,70131004,5
10437020,2026.19699200913,32.1664616666667,64.5028983333333,138,136.992225213949,19.076210375974,4.90524655645966,36.68406040588,217.210672185303,0.406696632636776,0.084310566694227,0.000189113055783469,70131004,5
10437020,2026.19699200913,32.1664616666667,64.5028983333333,140,138.967778129384,19.0781873910839,4.90562404124868,36.6847277025843,217.710258297349,0.405882333485827,0.0693618806714034,0.000206039212795875,70131004,5
10437020,2026.19699200913,32.1664616666667,64.5028983333333,142,140.960818611569,19.0791410196399,4.90588892876523,36.6853535771192,217.719322649341,0.405479166047094,0.0699389543915945,8.17900323041084e-05,70131004,5
10437020,2026.19699200913,32.1664616666667,64.5028983333333,144,142.945898852774,19.0796950963546,4.90606772439559,36.6856090580984,217.282163668645,0.405727502717991,0.0717537282347046,1.0039672371831e-05,70131004,5
10437020,2026.19699200913,32.1664616666667,64.5028983333333,146,144.925663294074,19.0787511760133,4.90609982630043,36.6859563835095,217.544617958379,0.404244991009953,0.0713832715905593,1e-12,70131004,5
10437020,2026.19699200913,32.1664616666667,64.5028983333333,148,146.91341987667,19.0795236526926,4.90630202010031,36.6862155800235,217.608078280508,0.404100599261239,0.0644200374074527,1e-12,70131004,5
10437020,2026.19699200913,32.1664616666667,64.5028983333333,150,148.892176620513,19.0789158284163,4.90632547178565,36.6861930103965,217.768019771881,0.404422902452487,0.0574336701431472,1.30827973242149e-11,70131004,5
10437020,2026.19699200913,32.1664616666667,64.5028983333333,152,150.886897241666,19.0800010277013,4.90663207355718,36.6870536392245,217.45014499907,0.404011126730284,0.0552760152720452,1.70233698117075e-12,70131004,5
10437020,2026.19699200913,32.1664616666667,64.5028983333333,154,152.864095110195,19.0805103428497,4.90683352984546,36.6875396918109,217.254776865375,0.403466064140659,0.0565056563489538,9.96754319757491e-13,70131004,5
10437020,2026.19699200913,32.1664616666667,64.5028983333333,156,154.855852027816,19.0801930943559,4.9069025333842,36.6876433772222,217.666521231222,0.403283048004909,0.0588912959106684,9.99762085712925e-13,70131004,5
10437020,2026.19699200913,32.1664616666667,64.5028983333333,158,156.826253698575,19.0781898059862,4.90671238610048,36.6870596991325,217.111361431244,0.403055123906782,0.0544159548791398,1.00001491704882e-12,70131004,5
10437020,2026.19699200913,32.1664616666667,64.5028983333333,160,158.823923692294,19.0733081249459,4.90615727068409,36.685953550676,217.630450599212,0.402459050008399,0.0520732773095975,9.9999949492546e-13,70131004,5
10437020,2026.19699200913,32.1664616666667,64.5028983333333,162,160.808089620383,19.0728983894779,4.90617027107089,36.6856684047814,217.553274386269,0.402648625659085,0.0569041390795721,1.00000001585102e-12,70131004,5
10437020,2026.19699200913,32.1664616666667,64.5028983333333,164,162.790995721346,19.0722464412418,4.90617426753316,36.6855219215685,217.109188952863,0.402773139511749,0.0522529098740892,1.0000000006626e-12,70131004,5
10437020,2026.19699200913,32.1664616666667,64.5028983333333,166,164.772078992576,19.0681759430816,4.90574701690371,36.6847732737112,217.478722791247,0.401665614317579,0.0410776441687428,1.00000000004458e-12,70131004,5
10437020,2026.19699200913,32.1664616666667,64.5028983333333,168,166.754203609151,19.0672003561844,4.90576899070445,36.6850644434562,217.648006527354,0.400912607238559,0.0364140175271974,1.00000000000281e-12,70131004,5
10437020,2026.19699200913,32.1664616666667,64.5028983333333,170,168.744842334779,19.0700425759884,4.9062919635388,36.6861912910206,217.896876972342,0.401251281982703,0.0505949469641235,1.00000000000043e-12,70131004,5
10437020,2026.19699200913,32.1664616666667,64.5028983333333,172,170.719078168356,19.0723057371491,4.90671515971152,36.6869913566068,217.726963559893,0.400895089318099,0.0510696191891527,9.99999999999956e-13,70131004,5
10437020,2026.19699200913,32.1664616666667,64.5028983333333,174,172.715675061936,19.0719836738557,4.90677577733733,36.6870296387185,217.185983709543,0.401879700096264,0.0458113510884459,9.99999999999996e-13,70131004,5
10437020,2026.19699200913,32.1664616666667,64.5028983333333,176,174.695257264251,19.0722842132042,4.90693237332346,36.6873242789454,217.183167779255,0.401690949683769,0.050145391095906,1e-12,70131004,5
10437020,2026.19699200913,32.1664616666667,64.5028983333333,178,176.685673509193,19.0712119975706,4.90688499980196,36.6871183085578,217.402906479158,0.401112606206725,0.0497665454668168,1e-12,70131004,5
10437020,2026.19699200913,32.1664616666667,64.5028983333333,180,178.656831268996,19.0720398129874,4.90710307594216,36.6874636559403,217.659371952797,0.401367335895762,0.0404592596194036,1e-12,70131004,5
10437020,2026.19699200913,32.1664616666667,64.5028983333333,182,180.650904748668,19.073266402951,4.90739452146334,36.6880732323068,217.909239844426,0.400617531715,0.0456343667537926,1e-12,70131004,5
10437020,2026.19699200913,32.1664616666667,64.5028983333333,184,182.630533824406,19.0724351843443,4.90739715300793,36.6880748313656,217.762917111458,0.401199058922777,0.0486471036048108,1e-12,70131004,5
10437020,2026.19699200913,32.1664616666667,64.5028983333333,186,184.621398892046,19.0687138323696,4.90696023620891,36.6869372380614,217.688999762887,0.400716317791312,0.0438431078161067,1e-12,70131004,5
10437020,2026.19699200913,32.1664616666667,64.5028983333333,188,186.602472295661,19.0655996110271,4.90662462924456,36.6861143425782,217.720129875933,0.400338020339726,0.0402541121265405,1e-12,70131004,5
10437020,2026.19699200913,32.1664616666667,64.5028983333333,190,188.58457492159,19.0567373418139,4.90549282056321,36.6836802839052,216.723230757027,0.400735196587283,0.034545447585956,1e-12,70131004,5
10437020,2026.19699200913,32.1664616666667,64.5028983333333,192,190.575032919906,19.0507586265676,4.90482032652002,36.6825575561936,216.899047393057,0.399821722912748,0.0373403575605875,1e-12,70131004,5
10437020,2026.19699200913,32.1664616666667,64.5028983333333,194,192.550060080676,19.0462442412086,4.90431201089761,36.6815200641423,216.637480872307,0.399312476581245,0.0417860032029948,1e-12,70131004,5
10437020,2026.19699200913,32.1664616666667,64.5028983333333,196,194.541138105903,19.0459555577313,4.90436498467354,36.6814655289513,216.668377700592,0.399208111317542,0.0332943853754961,1e-12,70131004,5
10437020,2026.19699200913,32.1664616666667,64.5028983333333,198,196.524578163189,19.0417505901373,4.9039374390749,36.6808335915389,216.212307895308,0.399123882702324,0.0348711040036329,1e-12,70131004,5
10437020,2026.19699200913,32.1664616666667,64.5028983333333,200,198.50749622411,19.0407466371364,4.9038979466598,36.6806341718872,215.901450604551,0.398607287715098,0.0375086676210371,1e-12,70131004,5
10437020,2026.19699200913,32.1664616666667,64.5028983333333,202,200.49270632863,19.0429623115579,4.90430638876753,36.6813546175615,216.747342163401,0.39888094471487,0.0359451468453435,1e-12,70131004,5
10437020,2026.19699200913,32.1664616666667,64.5028983333333,204,202.465365547601,19.0492291516273,4.90559457600812,36.6858906816489,217.855153260225,0.398235474299779,0.0338544292988444,1e-12,70131004,5
10437020,2026.19699200913,32.1664616666667,64.5028983333333,206,204.460874497739,19.0407333450998,4.90473944323139,36.6854589729658,217.595048540436,0.396965487808736,0.0412562158603692,1e-12,70131004,5
10437020,2026.19699200913,32.1664616666667,64.5028983333333,208,206.449371480628,19.0368669428069,4.90434006291697,36.6847649839104,217.742786898494,0.398139301417085,0.0397371001893129,1e-12,70131004,5
10437020,2026.19699200913,32.1664616666667,64.5028983333333,210,208.422409817283,19.0360799621066,4.90436493123985,36.6849154896388,217.946679025407,0.398069630427611,0.0391686405859708,1e-12,70131004,5
10437020,2026.19699200913,32.1664616666667,64.5028983333333,212,210.410764696279,19.0341606983219,4.90419407440818,36.6844212919115,217.214835652476,0.398156218792604,0.0357886212685131,1e-12,70131004,5
10437020,2026.19699200913,32.1664616666667,64.5028983333333,214,212.395407559494,19.0246804876847,4.90299575220415,36.6819721500534,217.026786190153,0.396602746544438,0.0405105108669409,1e-12,70131004,5
10437020,2026.19699200913,32.1664616666667,64.5028983333333,216,214.387336948029,19.0202528537181,4.90256826065694,36.6815377773164,217.032764064025,0.396819521091242,0.0407644001235371,1e-12,70131004,5
10437020,2026.19699200913,32.1664616666667,64.5028983333333,218,216.355312815763,19.0133959202912,4.90174260546455,36.6799020619062,215.786392362609,0.398147884173443,0.0381240837700371,1e-12,70131004,5
10437020,2026.19699200913,32.1664616666667,64.5028983333333,220,218.341495674338,19.0068974733534,4.90100728811049,36.6787088746775,216.201192928584,0.396640207911684,0.0359887261121539,1e-12,70131004,5
10437020,2026.19699200913,32.1664616666667,64.5028983333333,222,220.338511191809,19.0022852956663,4.90050621705417,36.6778178040147,216.608589877833,0.39732599970933,0.0338081770589495,1e-12,70131004,5
10437020,2026.19699200913,32.1664616666667,64.5028983333333,224,222.319320633671,18.992726357047,4.89937020670896,36.6759589360937,216.544743757521,0.397450432380925,0.0342477244106748,1e-12,70131004,5
10437020,2026.19699200913,32.1664616666667,64.5028983333333,226,224.295014769816,18.984654979992,4.89832780347491,36.6735705624411,214.535622386984,0.398389370751596,0.0294982889312653,1e-12,70131004,5
10437020,2026.19699200913,32.1664616666667,64.5028983333333,228,226.283638942312,18.938620282193,4.89218686949476,36.6618297617505,212.235990681338,0.39757434851108,0.0281427999636794,1e-12,70131004,5
10437020,2026.19699200913,32.1664616666667,64.5028983333333,230,228.266602482607,18.9046077065688,4.88794055148742,36.6553942764909,211.688780441153,0.398141812249126,0.0296689433455776,1e-12,70131004,5
10437020,2026.19699200913,32.1664616666667,64.5028983333333,232,230.254512090392,18.8921554522543,4.88632723188534,36.652058685858,210.511809381239,0.397204508732088,0.0316979709723732,1e-12,70131004,5
10437020,2026.19699200913,32.1664616666667,64.5028983333333,234,232.235696400999,18.870387791805,4.8834868920373,36.6466177526041,209.21099717183,0.397601236860522,0.0296603893722486,1e-12,70131004,5
10437020,2026.19699200913,32.1664616666667,64.5028983333333,236,234.219154760368,18.8400154914029,4.87967291401263,36.640571786314,207.725326735282,0.397127380282326,0.0367586522687746,1e-12,70131004,5
10437020,2026.19699200913,32.1664616666667,64.5028983333333,238,236.196764965287,18.8085174548409,4.87578818029265,36.6349152185417,206.973121937428,0.397104106720494,0.0286612404713409,1e-12,70131004,5
10437020,2026.19699200913,32.1664616666667,64.5028983333333,240,238.1849655828,18.7855476922395,4.87297613382096,36.6307526433094,206.3742350423,0.396572106758772,0.0321788120584545,1e-12,70131004,5
10437020,2026.19699200913,32.1664616666667,64.5028983333333,242,240.171202689431,18.760453139263,4.86993285364484,36.6265119297026,206.404425486311,0.39637439364054,0.0304429800548917,1e-12,70131004,5
10437020,2026.19699200913,32.1664616666667,64.5028983333333,244,242.158073325501,18.7470395600968,4.8683945101421,36.6246370065466,205.955438528307,0.396355145004562,0.0271446393524265,1e-12,70131004,5
10437020,2026.19699200913,32.1664616666667,64.5028983333333,246,244.134330787859,18.7352722987869,4.8670341304276,36.6228057114066,205.103596037506,0.395847848688579,0.0247206818149939,1e-12,70131004,5
10437020,2026.19699200913,32.1664616666667,64.5028983333333,248,246.111051881044,18.7171185401462,4.8647276640137,36.6186298252809,202.930646017711,0.395369360531549,0.029644789064554,1e-12,70131004,5
10437020,2026.19699200913,32.1664616666667,64.5028983333333,250,248.11005056639,18.6769942753711,4.85982828744382,36.6119812373089,202.685288283873,0.394093026306915,0.0294752294282976,1e-12,70131004,5
10437020,2026.19699200913,32.1664616666667,64.5028983333333,252,250.092517831282,18.6572071867713,4.85749448884338,36.6090095943596,202.38684963918,0.393552326937041,0.0285780595225486,1e-12,70131004,5
10437020,2026.19699200913,32.1664616666667,64.5028983333333,254,252.064442191329,18.6369372514808,4.855030260186,36.6053555585017,201.719498786396,0.393233591511523,0.0268275702067243,1e-12,70131004,5
10437020,2026.19699200913,32.1664616666667,64.5028983333333,256,254.056628918994,18.6188169844067,4.85284667371904,36.6021679631072,200.614904227833,0.392638392216932,0.024193462772662,1e-12,70131004,5
10437020,2026.19699200913,32.1664616666667,64.5028983333333,258,256.046241507321,18.5840268701563,4.84856801769645,36.596001319812,200.852840947415,0.39211572347678,0.0198509631169942,1e-12,70131004,5
10437020,2026.19699200913,32.1664616666667,64.5028983333333,260,258.02309482739,18.5553476823994,4.84515787503262,36.5917671001931,200.546698559084,0.391606333198725,0.0162464461734245,1e-12,70131004,5
10437020,2026.19699200913,32.1664616666667,64.5028983333333,262,259.995987924256,18.5386191142271,4.84315679095946,36.5888750320015,200.836944905283,0.391137019082661,0.0260240039598442,1e-12,70131004,5
10437020,2026.19699200913,32.1664616666667,64.5028983333333,264,261.992291123092,18.5238324498219,4.84129158343796,36.5854078935982,200.952293252693,0.390526638870295,0.0263725518533838,1e-12,70131004,5
10437020,2026.19699200913,32.1664616666667,64.5028983333333,266,263.977686552512,18.4904648382108,4.83729344348593,36.580320277418,200.837125288732,0.390606339033819,0.0238277144767983,1e-12,70131004,5
10437020,2026.19699200913,32.1664616666667,64.5028983333333,268,265.944939812363,18.4833847555804,4.83652519930549,36.5793218868576,200.350150464368,0.390401025149029,0.023641711231218,1e-12,70131004,5
10437020,2026.19699200913,32.1664616666667,64.5028983333333,270,267.945478972745,18.4741770986214,4.83545350803039,36.5776329246583,200.867326952375,0.389898182299695,0.0222059930106039,1e-12,70131004,5
10437020,2026.19699200913,32.1664616666667,64.5028983333333,272,269.926674133193,18.4648270896539,4.83438869654942,36.5761280924797,200.502989838992,0.390741108375081,0.0241968469625449,1e-12,70131004,5
10437020,2026.19699200913,32.1664616666667,64.5028983333333,274,271.900382371877,18.4548383723283,4.83335528697224,36.5754574478819,200.407398658571,0.390004255276312,0.0241484012929018,1e-12,70131004,5
10437020,2026.19699200913,32.1664616666667,64.5028983333333,276,273.898926197143,18.4530583791719,4.83330208105146,36.575827078031,200.722836999123,0.389401504297061,0.031219408168101,1e-12,70131004,5
10437020,2026.19699200913,32.1664616666667,64.5028983333333,278,275.860274518088,18.4515553626912,4.83326086858128,36.5760525622323,200.17022028953,0.389484786467073,0.0311953076240789,1e-12,70131004,5
10437020,2026.19699200913,32.1664616666667,64.5028983333333,280,277.854511067254,18.4431554034584,4.83227427555047,36.5743666956407,200.102259573665,0.389241244265104,0.0179059530903922,1e-12,70131004,5
10437020,2026.19699200913,32.1664616666667,64.5028983333333,282,279.851487054007,18.435903314521,4.83146803597327,36.5731941960985,200.251137339246,0.38897541761654,0.0149502483255464,1e-12,70131004,5
10437020,2026.19699200913,32.1664616666667,64.5028983333333,284,281.822446464943,18.4283201330903,4.83058174386132,36.5716341551257,200.226954994239,0.389068422620565,0.0198920930484434,1e-12,70131004,5
10437020,2026.19699200913,32.1664616666667,64.5028983333333,286,283.807073087243,18.4183766088289,4.82941854211826,36.5698151691477,200.331264523663,0.389017650476238,0.0245855264530459,1e-12,70131004,5
10437020,2026.19699200913,32.1664616666667,64.5028983333333,288,285.779074019738,18.4109780641374,4.828582605116,36.5685181986738,200.288835508962,0.388892591003056,0.0256559915103803,1e-12,70131004,5
10437020,2026.19699200913,32.1664616666667,64.5028983333333,290,287.768433264264,18.4091886069133,4.82845446091227,36.5682584347832,200.798391734554,0.3888214383779,0.0264828973060121,1e-12,70131004,5
10437020,2026.19699200913,32.1664616666667,64.5028983333333,292,289.772481078555,18.4070222617343,4.8282813334742,36.5679509294543,200.675163972564,0.388621265104077,0.0261200908994955,1e-12,70131004,5
10437020,2026.19699200913,32.1664616666667,64.5028983333333,294,291.735731915338,18.4031927032705,4.82796741074536,36.5679238490371,200.397198606676,0.389146734052149,0.0298117861328707,1e-12,70131004,5
10437020,2026.19699200913,32.1664616666667,64.5028983333333,296,293.715911430799,18.4016140442222,4.82797900068286,36.5686666161305,200.599935212212,0.388319369559604,0.0255574190402028,1e-12,70131004,5
10437020,2026.19699200913,32.1664616666667,64.5028983333333,298,295.708358752232,18.3970832144158,4.82752399109816,36.5680618553224,200.553835400456,0.388757748432127,0.0244524843956178,1e-12,70131004,5
10437020,2026.19699200913,32.1664616666667,64.5028983333333,300,297.698987355914,18.3862771307948,4.82627211388453,36.5662518624599,200.768703961629,0.388944863898928,0.0283111118957351,1e-12,70131004,5
10437020,2026.19699200913,32.1664616666667,64.5028983333333,302,299.662847202562,18.3781540295916,4.82541057349839,36.565379130915,200.102003349463,0.388822643751417,0.0270803059096761,1e-12,70131004,5
10437020,2026.19699200913,32.1664616666667,64.5028983333333,304,301.66184163536,18.3609881895079,4.82328809658805,36.5618059067085,199.417349580685,0.388373405543428,0.0201408062705426,1e-12,70131004,5
10437020,2026.19699200913,32.1664616666667,64.5028983333333,306,303.63833855636,18.338747604841,4.82061423370501,36.5580449854633,198.952015223033,0.402611846548561,0.0264702230322137,1e-12,70131004,5
10437020,2026.19699200913,32.1664616666667,64.5028983333333,308,305.614381388831,18.3263705812051,4.81923720095121,36.5565586810693,199.031698585623,0.387868417074546,0.0307716733974375,1e-12,70131004,5
10437020,2026.19699200913,32.1664616666667,64.5028983333333,310,307.604565653721,18.3161141530543,4.81807896126777,36.5550491550197,199.72381141629,0.387146632459349,0.0247327789193443,1e-12,70131004,5
10437020,2026.19699200913,32.1664616666667,64.5028983333333,312,309.598647221014,18.2988962942381,4.81594475277633,36.5514089353074,200.123730601346,0.387202189448467,0.0203831958781498,1e-12,70131004,5
10437020,2026.19699200913,32.1664616666667,64.5028983333333,314,311.568442479329,18.2856095482498,4.81434470818171,36.5488234492053,200.430035662297,0.38712411465936,0.0265874954329181,1e-12,70131004,5
10437020,2026.19699200913,32.1664616666667,64.5028983333333,316,313.552480423696,18.2590996823133,4.8109980693072,36.5430989009079,199.852175557134,0.386247582966703,0.0231825063204405,1e-12,70131004,5
10437020,2026.19699200913,32.1664616666667,64.5028983333333,318,315.529358259072,18.2419305242758,4.80883065087974,36.5391181249806,199.78479246164,0.386145887768129,0.0266058420429641,1e-12,70131004,5
10437020,2026.19699200913,32.1664616666667,64.5028983333333,320,317.520775489046,18.2299582078066,4.80750891458458,36.5377292880112,199.855189635443,0.385419851309631,0.0223218449706589,1e-12,70131004,5
10437020,2026.19699200913,32.1664616666667,64.5028983333333,322,319.511773021519,18.2261271825862,4.80707265240901,36.5366529450434,199.798599350602,0.385710676859432,0.022125574095087,1e-12,70131004,5
10437020,2026.19699200913,32.1664616666667,64.5028983333333,324,321.47882736655,18.2101139222081,4.80523812521159,36.5344797455284,199.988855901772,0.386458110863878,0.0187769879586472,1e-12,70131004,5
10437020,2026.19699200913,32.1664616666667,64.5028983333333,326,323.460753959617,18.2031145307304,4.80448366157015,36.5335053120474,200.702594476126,0.385935513600083,0.0175374008510672,1e-12,70131004,5
10437020,2026.19699200913,32.1664616666667,64.5028983333333,328,325.451427721656,18.1937453891528,4.80351400115032,36.5328022816378,201.744449067611,0.385223049834387,0.015383305763068,1e-12,70131004,5
10437020,2026.19699200913,32.1664616666667,64.5028983333333,330,327.445457339118,18.1890274455866,4.80307904492203,36.5325259053195,201.205287492248,0.385750499248119,0.0199925249657813,1e-12,70131004,5
10437020,2026.19699200913,32.1664616666667,64.5028983333333,332,329.40354834572,18.1863786272601,4.8028713658765,36.5323490455912,201.361436451521,0.385904040000947,0.0226389808737312,1e-12,70131004,5
10437020,2026.19699200913,32.1664616666667,64.5028983333333,334,331.401729971416,18.1864052932298,4.80296749823178,36.5323859125129,201.089788064833,0.385189064186844,0.0209098978354875,1e-12,70131004,5
10437020,2026.19699200913,32.1664616666667,64.5028983333333,336,333.386720447619,18.1814252466321,4.80245912714342,36.5317152930962,200.805443589536,0.385713335990922,0.0286440485571916,1e-12,70131004,5
10437020,2026.19699200913,32.1664616666667,64.5028983333333,338,335.370636026116,18.1743869198429,4.80170549986179,36.5307812555277,201.035246550858,0.385825870598001,0.0280150948880592,1e-12,70131004,5
10437020,2026.19699200913,32.1664616666667,64.5028983333333,340,337.343956286356,18.1644887881418,4.80063720279151,36.5297040035711,201.243405118268,0.386242803150615,0.0252889977516928,1e-12,70131004,5
10437020,2026.19699200913,32.1664616666667,64.5028983333333,342,339.326253671567,18.1580389758447,4.79994436299361,36.5287642677111,201.661901126231,0.385424890823098,0.020846676219773,1e-12,70131004,5
10437020,2026.19699200913,32.1664616666667,64.5028983333333,344,341.319255876043,18.1497300588857,4.79903716888548,36.5276471662606,201.130964177591,0.385840453130982,0.0256059079502047,1e-12,70131004,5
10437020,2026.19699200913,32.1664616666667,64.5028983333333,346,343.302550575626,18.1398922568647,4.79797429877452,36.5265602213341,201.352353346898,0.385993159994418,0.0240716620211276,1e-12,70131004,5
10437020,2026.19699200913,32.1664616666667,64.5028983333333,348,345.267671732341,18.1327183821701,4.79722096004754,36.5257467264344,201.469861002825,0.385349443245692,0.0323233907237958,1e-12,70131004,5
10437020,2026.19699200913,32.1664616666667,64.5028983333333,350,347.264172344835,18.1240451563706,4.79626568632213,36.5245409437381,201.391644901877,0.385186591859349,0.0332541596313052,1e-12,70131004,5
10437020,2026.19699200913,32.1664616666667,64.5028983333333,352,349.252761954449,18.1197048779871,4.79580614029979,36.5237152007783,201.477874151357,0.385396203844527,0.0284573708075369,1e-12,70131004,5
10437020,2026.19699200913,32.1664616666667,64.5028983333333,354,351.215017892663,18.1165992008386,4.79548875530992,36.5230056660083,201.203948130742,0.385489670606563,0.023796524501112,1e-12,70131004,5
10437020,2026.19699200913,32.1664616666667,64.5028983333333,356,353.208645256592,18.1063649606283,4.79430048287892,36.5211950536615,201.149523841162,0.385354373206643,0.029059647161424,1e-12,70131004,5
10437020,2026.19699200913,32.1664616666667,64.5028983333333,358,355.201215248901,18.0905056150176,4.79251528134514,36.5192867438065,201.152015628695,0.385206179714725,0.0283522309005915,1e-12,70131004,5
10437020,2026.19699200913,32.1664616666667,64.5028983333333,360,357.177770461961,18.0781431109237,4.79106600347647,36.5171352072704,201.485357989756,0.385417751065218,0.0258154523868458,1e-12,70131004,5
10437020,2026.19699200913,32.1664616666667,64.5028983333333,362,359.148180567571,18.066437235143,4.78969622025874,36.5150773737497,201.67110671449,0.38572158328746,0.0217925272775146,1e-12,70131004,5
10437020,2026.19699200913,32.1664616666667,64.5028983333333,364,361.136340848217,18.0571228536986,4.78860041916031,36.5132327626247,201.639013667291,0.385323638657872,0.0237305220877418,1e-12,70131004,5
10437020,2026.19699200913,32.1664616666667,64.5028983333333,366,363.14039169747,18.0474533677992,4.7874868144263,36.5115511967161,201.415008192675,0.385385890016254,0.0231823214608108,1e-12,70131004,5
10437020,2026.19699200913,32.1664616666667,64.5028983333333,368,365.094118009831,18.0414823827892,4.78677548292543,36.510017794109,200.477024601927,0.385690288150236,0.0215425328614871,1e-12,70131004,5
10437020,2026.19699200913,32.1664616666667,64.5028983333333,370,367.082460721235,18.0052953626441,4.78232778881711,36.503398218629,200.555964044549,0.385220267734561,0.0264194929617716,1e-12,70131004,5
10437020,2026.19699200913,32.1664616666667,64.5028983333333,372,369.081223870062,17.9867285864848,4.78016082268495,36.5006116928886,200.654458502494,0.385184961802309,0.0290702186503647,1e-12,70131004,5
10437020,2026.19699200913,32.1664616666667,64.5028983333333,374,371.052557375534,17.9807950130707,4.77948474766304,36.499342932522,200.18463728785,0.385565699217447,0.0213181017371812,1e-12,70131004,5
10437020,2026.19699200913,32.1664616666667,64.5028983333333,376,373.027449784819,17.954315040054,4.77619784749654,36.4939982123296,199.790846051485,0.385478396823784,0.0185444527019295,1e-12,70131004,5
10437020,2026.19699200913,32.1664616666667,64.5028983333333,378,375.017312070579,17.9282238102352,4.77312382961385,36.4901263909959,199.37455575941,0.385478606307632,0.0196308921717201,1e-12,70131004,5
10437020,2026.19699200913,32.1664616666667,64.5028983333333,380,377.017750548097,17.9080928362826,4.77061904432355,36.4858143520368,198.700793489845,0.38695541744249,0.016521112775755,1e-12,70131004,5
10437020,2026.19699200913,32.1664616666667,64.5028983333333,382,378.970930739953,17.8845160100743,4.76776124582676,36.4815409550677,198.213363706221,0.385987955373384,0.0222341565528141,1e-12,70131004,5
10437020,2026.19699200913,32.1664616666667,64.5028983333333,384,380.961192530004,17.8745400359368,4.76655873135387,36.4793471669634,198.061230948991,0.38533072835427,0.02283426102516,1e-12,70131004,5
10437020,2026.19699200913,32.1664616666667,64.5028983333333,386,382.94963007759,17.8680411128843,4.7657578695582,36.4775010340011,197.933110320657,0.38518026415086,0.0260636691585,1e-12,70131004,5
10437020,2026.19699200913,32.1664616666667,64.5028983333333,388,384.939782020192,17.8334710884444,4.76142306317296,36.4703234879942,197.341983268986,0.385641322858925,0.0246816758070695,1e-12,70131004,5
10437020,2026.19699200913,32.1664616666667,64.5028983333333,390,386.90030643997,17.8085405948171,4.75830733082016,36.4650153639028,195.465607747549,0.386275021542044,0.0231691304233752,1e-12,70131004,5
10437020,2026.19699200913,32.1664616666667,64.5028983333333,392,388.888686255006,17.7934608468036,4.75628768036736,36.4603340974725,194.720430904596,0.385507858013295,0.0242286058361448,1e-12,70131004,5
10437020,2026.19699200913,32.1664616666667,64.5028983333333,394,390.888666640514,17.7827871016732,4.75496473558974,36.4577134195834,194.028723423201,0.38519482071217,0.0204282662138369,1e-12,70131004,5
10437020,2026.19699200913,32.1664616666667,64.5028983333333,396,392.85722660467,17.7659192806443,4.75294088563563,36.4545879793677,193.536265432794,0.38537672992565,0.021797032621009,1e-12,70131004,5
10437020,2026.19699200913,32.1664616666667,64.5028983333333,398,394.833447787333,17.750537349549,4.75106360556113,36.4513939210744,192.797753761583,0.385274026815968,0.0222709718090718,1e-12,70131004,5
10437020,2026.19699200913,32.1664616666667,64.5028983333333,400,396.830524120253,17.7236151084887,4.74768808884695,36.4455938535627,191.813212273251,0.387162987502904,0.0223741487899081,1e-12,70131004,5
10437020,2026.19699200913,32.1664616666667,64.5028983333333,402,398.805098524185,17.7067583200552,4.7456298992142,36.4421492598755,192.011790756919,0.385883529328995,0.0246910221158619,1e-12,70131004,5
10437020,2026.19699200913,32.1664616666667,64.5028983333333,404,400.790075857848,17.7028946162937,4.74529046664113,36.4419114142647,193.235313362872,0.386087735165484,0.0280507686245786,1e-12,70131004,5
10437020,2026.19699200913,32.1664616666667,64.5028983333333,406,402.767259165376,17.6842981780898,4.74311280256896,36.4389861551713,192.733770203523,0.386151773337155,0.02414469638818,1e-12,70131004,5
10437020,2026.19699200913,32.1664616666667,64.5028983333333,408,404.751375465502,17.6648446859779,4.74070666233315,36.4348514140515,191.900227100688,0.385313197538937,0.0248122382677929,1e-12,70131004,5
10437020,2026.19699200913,32.1664616666667,64.5028983333333,410,406.735964467831,17.6301887046488,4.73648813826837,36.4286553979001,192.333268702311,0.385225524800925,0.0216656562757775,1e-12,70131004,5
10437020,2026.19699200913,32.1664616666667,64.5028983333333,412,408.716995852315,17.608126277429,4.73394690131633,36.4256743821489,192.626930079656,0.385347184304627,0.0243823724033048,1e-12,70131004,5
10437020,2026.19699200913,32.1664616666667,64.5028983333333,414,410.701089278174,17.5973160465223,4.73270674967463,36.4238637145153,192.247414524216,0.385963155308012,0.0253203832482652,1e-12,70131004,5
10437020,2026.19699200913,32.1664616666667,64.5028983333333,416,412.675055892284,17.5856797267572,4.73130418996773,36.421386884561,191.842703901754,0.385484199163272,0.0257697202897624,1e-12,70131004,5
10437020,2026.19699200913,32.1664616666667,64.5028983333333,418,414.660160690848,17.5697948484634,4.72928801507028,36.4174034545738,190.200631970609,0.385333567382629,0.0232502297689406,1e-12,70131004,5
10437020,2026.19699200913,32.1664616666667,64.5028983333333,420,416.646549004676,17.5425662212958,4.7258241739659,36.4110453180832,189.493659870955,0.385424888157325,0.0248680800391034,1e-12,70131004,5
10437020,2026.19699200913,32.1664616666667,64.5028983333333,422,418.631700529133,17.5137129637971,4.72225704953204,36.4052356409522,188.543167351364,0.385857503395681,0.0235195745635508,1e-12,70131004,5
10437020,2026.19699200913,32.1664616666667,64.5028983333333,424,420.600185699156,17.466446588649,4.71645806786383,36.3965732903424,188.359660109965,0.387177547730045,0.0226742518052435,1e-12,70131004,5
10437020,2026.19699200913,32.1664616666667,64.5028983333333,426,422.583980419424,17.4506251943548,4.71468805794284,36.3946399571642,188.849040455965,0.387319955743743,0.0239715155438164,1e-12,70131004,5
10437020,2026.19699200913,32.1664616666667,64.5028983333333,428,424.572768416831,17.4288469709209,4.71198373372589,36.3899385707583,188.978634657117,0.387436153320452,0.022985673828046,1e-12,70131004,5
10437020,2026.19699200913,32.1664616666667,64.5028983333333,430,426.563513831401,17.4084390178231,4.70957337394004,36.3865522912377,188.210020282758,0.385690048517646,0.0262004581528054,1e-12,70131004,5
10437020,2026.19699200913,32.1664616666667,64.5028983333333,432,428.524051691112,17.3864113291077,4.70684587649315,36.3818606556552,186.720874346036,0.385359358195259,0.0203296881178772,1e-12,70131004,5
10437020,2026.19699200913,32.1664616666667,64.5028983333333,434,430.520207869562,17.352219414489,4.70246942723229,36.3737472206962,185.892484678576,0.385596601954255,0.0230031858258023,1e-12,70131004,5
10437020,2026.19699200913,32.1664616666667,64.5028983333333,436,432.513058978352,17.3198351700169,4.69868091921276,36.3691061185839,185.873709133865,0.385826673339642,0.0223553446893755,1e-12,70131004,5
10437020,2026.19699200913,32.1664616666667,64.5028983333333,438,434.477006940815,17.3088861758354,4.69733716843442,36.366478295402,186.036132050291,0.386613617264147,0.026139043007635,1e-12,70131004,5
10437020,2026.19699200913,32.1664616666667,64.5028983333333,440,436.458627175018,17.2876950530926,4.69485052065634,36.3630991341072,185.623759900675,0.385633154159711,0.0232121969163985,1e-12,70131004,5
10437020,2026.19699200913,32.1664616666667,64.5028983333333,442,438.451169596844,17.2666948631264,4.69219212368286,36.3580468689532,184.762904954062,0.385456306963797,0.0219050104161261,1e-12,70131004,5
10437020,2026.19699200913,32.1664616666667,64.5028983333333,444,440.429899426235,17.1761533565383,4.68113187593319,36.342239200459,184.21769923774,0.385504286826805,0.0308235724136234,1e-12,70131004,5
10437020,2026.19699200913,32.1664616666667,64.5028983333333,446,442.403566001102,17.1539346247811,4.67848624458103,36.3383658757237,184.099152993356,0.385849429713926,0.0277617419653789,1e-12,70131004,5
10437020,2026.19699200913,32.1664616666667,64.5028983333333,448,444.395176997707,17.1316880028351,4.67574540750094,36.3336742462454,183.661179787791,0.385452705485783,0.0278920716130971,1e-12,70131004,5
10437020,2026.19699200913,32.1664616666667,64.5028983333333,450,446.372613496803,17.1006368847166,4.67208099431658,36.3288273655318,184.115129625794,0.385494716458987,0.0218253287242039,1e-12,70131004,5
10437020,2026.19699200913,32.1664616666667,64.5028983333333,452,448.346810685345,17.079165225692,4.6695523360266,36.3252770231253,184.346115962237,0.385364317149137,0.0315533646683664,1e-12,70131004,5
10437020,2026.19699200913,32.1664616666667,64.5028983333333,454,450.341284660451,17.0537142656932,4.66643244038362,36.3201305765122,184.199883460501,0.385302186385624,0.0289870046008806,1e-12,70131004,5
10437020,2026.19699200913,32.1664616666667,64.5028983333333,456,452.322556324701,17.0285215173845,4.66348948174076,36.3162925520061,183.943475815201,0.385455805666344,0.020578727801988,1e-12,70131004,5
10437020,2026.19699200913,32.1664616666667,64.5028983333333,458,454.292197102006,17.0208596757026,4.66263278477059,36.3149217470541,184.527145005694,0.385760742236749,0.0174722685487872,1e-12,70131004,5
10437020,2026.19699200913,32.1664616666667,64.5028983333333,460,456.277522674914,17.0060958876372,4.66080811909202,36.3114709611739,184.231987960118,0.385226407614849,0.0213094951168624,1e-12,70131004,5
10437020,2026.19699200913,32.1664616666667,64.5028983333333,462,458.271304417817,16.9498803296405,4.65397860064894,36.3015054888505,184.583119016681,0.385199448249465,0.0252799476610207,1e-12,70131004,5
10437020,2026.19699200913,32.1664616666667,64.5028983333333,464,460.247819454931,16.8951820124126,4.64763920255134,36.2944399879397,184.881707337392,0.385180324444066,0.0252525146890933,1e-12,70131004,5
10437020,2026.19699200913,32.1664616666667,64.5028983333333,466,462.21689909009,16.8718296924161,4.64487297081079,36.2904455408184,184.934799394097,0.385209036564929,0.0327413186237415,1e-12,70131004,5
10437020,2026.19699200913,32.1664616666667,64.5028983333333,468,464.201622520222,16.8363152149565,4.64044466020979,36.2828111672551,184.820953167838,0.385035637442798,0.031932941372969,1e-12,70131004,5
10437020,2026.19699200913,32.1664616666667,64.5028983333333,470,466.191469464883,16.7873478082158,4.63473347190017,36.2760211251299,185.113311205586,0.384805179997916,0.0323971134676056,1e-12,70131004,5
10437020,2026.19699200913,32.1664616666667,64.5028983333333,472,468.181393952533,16.7796682699463,4.63389708824909,36.2748185210014,185.044690814768,0.384885433516014,0.0313797778236776,1e-12,70131004,5
10437020,2026.19699200913,32.1664616666667,64.5028983333333,474,470.134304067987,16.7427505226696,4.62934316185825,36.267301202221,184.101156862448,0.385101874128308,0.0287471803293878,1e-12,70131004,5
10437020,2026.19699200913,32.1664616666667,64.5028983333333,476,472.132624107672,16.7264893844997,4.62749486781563,36.2649354049869,184.175975027122,0.384821467801629,0.0303403605659941,1e-12,70131004,5
10437020,2026.19699200913,32.1664616666667,64.5028983333333,478,474.128104009988,16.6977654336243,4.6241500141611,36.2606399407922,184.136657639602,0.384656669533318,0.0327834527778745,1e-12,70131004,5
10437020,2026.19699200913,32.1664616666667,64.5028983333333,480,476.093125996317,16.6723726527268,4.62116118047583,36.2564644031086,184.135350413712,0.385054420326634,0.0270475343720597,1e-12,70131004,5
10437020,2026.19699200913,32.1664616666667,64.5028983333333,482,478.07413437234,16.6500819058306,4.61851239033095,36.2524750879266,183.797629152233,0.385122148536654,0.0252991394516215,1e-12,70131004,5
10437020,2026.19699200913,32.1664616666667,64.5028983333333,484,480.068935532304,16.6292479349593,4.61607776306589,36.249051928288,184.159569861951,0.385008412517461,0.0333955043941565,1e-12,70131004,5
10437020,2026.19699200913,32.1664616666667,64.5028983333333,486,482.035732691876,16.5851891587082,4.61086677601874,36.2421121979231,183.957782559819,0.384728097831483,0.0354628720342978,1e-12,70131004,5
10437020,2026.19699200913,32.1664616666667,64.5028983333333,488,484.027096246163,16.5539579405512,4.60720158669709,36.2372041586229,183.469485693921,0.384859724998636,0.0256932711590834,1e-12,70131004,5
10437020,2026.19699200913,32.1664616666667,64.5028983333333,490,486.001361238936,16.536632605392,4.60520189029374,36.2344251554696,182.843026629103,0.384807199338153,0.0211972296113486,1e-12,70131004,5
10437020,2026.19699200913,32.1664616666667,64.5028983333333,492,487.984194217687,16.4978628284722,4.60053494741029,36.2274596577335,182.819439742363,0.384855122955689,0.0185389378026948,1e-12,70131004,5
10437020,2026.19699200913,32.1664616666667,64.5028983333333,494,489.96870509433,16.4740104193688,4.59774308719002,36.2235661331386,182.865275579449,0.38499635722298,0.0232332360061075,1e-12,70131004,5
10437020,2026.19699200913,32.1664616666667,64.5028983333333,496,491.942767618087,16.4658592754231,4.59682459460089,36.2220361070995,182.966876410673,0.38487393467455,0.0208081498623035,1e-12,70131004,5
10437020,2026.19699200913,32.1664616666667,64.5028983333333,498,493.93053316277,16.4457137108874,4.59439340089996,36.2179692048054,183.140118997273,0.385075282743446,0.0199637911916211,1e-12,70131004,5
10437020,2026.19699200913,32.1664616666667,64.5028983333333,500,495.90897726959,16.3761818524325,4.58613174541267,36.2069557812627,183.424734144235,0.385155517112009,0.0308643382665677,1e-12,70131004,5
10437020,2026.19699200913,32.1664616666667,64.5028983333333,502,497.893211722653,16.3336760428544,4.5811320564797,36.2003399989319,183.002929778844,0.385074521655759,0.0244808243017597,1e-12,70131004,5
10437020,2026.19699200913,32.1664616666667,64.5028983333333,504,499.874913488833,16.3064091921382,4.57786538905851,36.1952751423428,183.011808152042,0.385073070687377,0.0302273533471732,1e-12,70131004,5
10437021,2026.19718607306,32.2606283333333,64.553495,4,3.95688664421998,19.9902717037037,4.99469944870487,36.6763246873063,232.309223543617,0.505075933942601,0.151647474747475,0.96927088664422,70131005,4
10437021,2026.19718607306,32.2606283333333,64.553495,6,5.96173940275436,20.0101135301023,4.99714140970671,36.6784052524383,232.122418090132,0.505587123443972,0.147477620525026,0.651003824956751,70131005,4
10437021,2026.19718607306,32.2606283333333,64.553495,8,7.94616825145568,20.1047649197959,5.00649794118077,36.6722064391059,232.519817683758,0.508016324735351,0.143076896197279,0.349808725729055,70131005,4
10437021,2026.19718607306,32.2606283333333,64.553495,10,9.93296250121865,19.9046772975023,4.98630186155811,36.6794906350481,234.240628700045,0.506650836111939,0.143767909848577,0.229857035945917,70131005,4
10437021,2026.19718607306,32.2606283333333,64.553495,12,11.9114079024895,19.7341729742625,4.96897019397765,36.6844764461458,235.000342729111,0.500338851069758,0.141032547347303,0.103279939848327,70131005,4
10437021,2026.19718607306,32.2606283333333,64.553495,14,13.9014402384932,19.6500341321915,4.96030791257052,36.6855916383802,234.853605912775,0.496833395707089,0.159820211499926,0.0701005880382772,70131005,4
10437021,2026.19718607306,32.2606283333333,64.553495,16,15.886146274715,19.6062930118395,4.95583390085176,36.6860425946457,234.584429715659,0.495176362050362,0.176856047781709,0.0312683904031532,70131005,4
10437021,2026.19718607306,32.2606283333333,64.553495,18,17.8741976778673,19.5979347810073,4.95506378803181,36.6862224476648,234.077224444434,0.496782788280998,0.182940868328697,0.0118493220206166,70131005,4
10437021,2026.19718607306,32.2606283333333,64.553495,20,19.8592270544551,19.5775275102728,4.95307133343113,36.6868148291707,234.031688389629,0.496532369447545,0.189566182731557,0.000251706666865237,70131005,4
10437021,2026.19718607306,32.2606283333333,64.553495,22,21.8457635718019,19.5651148332538,4.95201353551495,36.6881623549139,234.271191409585,0.496988421072148,0.209795562328569,1.35092001818983e-05,70131005,4
10437021,2026.19718607306,32.2606283333333,64.553495,24,23.8296530499575,19.510759376836,4.94666533732303,36.6906435293086,233.87268762778,0.495765192103771,0.18639728364747,1.27130660453713e-07,70131005,4
10437021,2026.19718607306,32.2606283333333,64.553495,26,25.8182671035301,19.4738998499569,4.94356604659722,36.6964803219371,232.827064790079,0.495995635532978,0.19513654179746,4.2332785880006e-09,70131005,4
10437021,2026.19718607306,32.2606283333333,64.553495,28,27.7987789378706,19.4433891023381,4.94042883490722,36.6964055498563,231.632680020521,0.501516164327295,0.205880873610413,1e-12,70131005,4
10437021,2026.19718607306,32.2606283333333,64.553495,30,29.7878915030805,19.4168682612851,4.93762901639999,36.6956284294066,231.111449445435,0.508059151983873,0.258332522799555,1e-12,70131005,4
10437021,2026.19718607306,32.2606283333333,64.553495,32,31.773159508758,19.398950348496,4.93570984085777,36.6946248765575,231.634983304898,0.521590707169737,0.304701297497296,1e-12,70131005,4
10437021,2026.19718607306,32.2606283333333,64.553495,34,33.7617013793714,19.3806073403788,4.93348520592853,36.691438062026,232.233235110172,0.520974016971171,0.306053561034911,9.32541897719888e-13,70131005,4
10437021,2026.19718607306,32.2606283333333,64.553495,36,35.7486140582136,19.3491691739198,4.93004306427014,36.6896113200684,233.248091898713,0.509320571015544,0.29759503226181,9.94708101871587e-13,70131005,4
10437021,2026.19718607306,32.2606283333333,64.553495,38,37.7228551067198,19.3265320602981,4.92776594304224,36.6897653746383,233.104161452072,0.505272454846989,0.284394541688299,1.00028390111129e-12,70131005,4
10437021,2026.19718607306,32.2606283333333,64.553495,40,39.7216788216128,19.2975673024973,4.92459511858316,36.6880150805143,233.287226313085,0.502655612136579,0.291130396170352,1.00000290364053e-12,70131005,4
10437021,2026.19718607306,32.2606283333333,64.553495,42,41.7010380491519,19.2803118413212,4.9227404083777,36.6869499234305,232.502516741853,0.499541729231725,0.341579437419211,9.99999513517319e-13,70131005,4
10437021,2026.19718607306,32.2606283333333,64.553495,44,43.6946169596801,19.2583452864779,4.92048814354377,36.6867099779591,232.174181167708,0.503726486044783,0.383322518919208,9.99999957354632e-13,70131005,4
10437021,2026.19718607306,32.2606283333333,64.553495,46,45.6664399098164,19.2508525848276,4.91980222240619,36.6868171287861,231.33747827779,0.503394012823458,0.439052229169702,1.00000000126235e-12,70131005,4
10437021,2026.19718607306,32.2606283333333,64.553495,48,47.6641454676344,19.241444474213,4.91894205816258,36.6871546428615,230.583260929263,0.503332473050196,0.444137588235245,1.00000000007526e-12,70131005,4
10437021,2026.19718607306,32.2606283333333,64.553495,50,49.643863466985,19.234387854988,4.91832425785806,36.6874472724103,230.193189145528,0.5107162966759,0.502826288216226,9.99999999998215e-13,70131005,4
10437021,2026.19718607306,32.2606283333333,64.553495,52,51.6263246739548,19.23572630412,4.91859995256319,36.6878171753372,230.004862105232,0.506579533328497,0.51120030859557,1.00000000000004e-12,70131005,4
10437021,2026.19718607306,32.2606283333333,64.553495,54,53.6205056713283,19.2369423275628,4.91891364589669,36.6886140070566,229.233409706263,0.505778206711581,0.516223485892865,1e-12,70131005,4
10437021,2026.19718607306,32.2606283333333,64.553495,56,55.5953828533879,19.2285851535845,4.91812680530587,36.6886377584788,228.534147231873,0.499819812168352,0.518728090889021,1e-12,70131005,4
10437021,2026.19718607306,32.2606283333333,64.553495,58,57.5947211980908,19.2053804539915,4.91553478839125,36.6866352024506,228.423546256851,0.495270201815179,0.529803840317903,1e-12,70131005,4
10437021,2026.19718607306,32.2606283333333,64.553495,60,59.5677754521169,19.1924099121513,4.91416014260263,36.6858013694816,225.768233752097,0.497816456887507,0.604573076972118,1e-12,70131005,4
10437021,2026.19718607306,32.2606283333333,64.553495,62,61.5592200692965,19.1701795126171,4.91210140993037,36.6874087755203,223.711892690812,0.487285634793392,0.573448229986971,1e-12,70131005,4
10437021,2026.19718607306,32.2606283333333,64.553495,64,63.5427387255346,19.1525630500073,4.91058095368366,36.6894560669551,223.309097926178,0.466875949854685,0.495927029058205,1e-12,70131005,4
10437021,2026.19718607306,32.2606283333333,64.553495,66,65.5233938238265,19.1413468345411,4.90959975035572,36.6903724846522,221.171194268759,0.452991951059776,0.426490048771258,1e-12,70131005,4
10437021,2026.19718607306,32.2606283333333,64.553495,68,67.5182252015841,19.1301739763741,4.90849872537424,36.6902432202421,220.85859641384,0.439036612600486,0.317963329421223,1e-12,70131005,4
10437021,2026.19718607306,32.2606283333333,64.553495,70,69.4972338143666,19.1253156718862,4.90811002780263,36.6905136559543,219.952924336132,0.431918770180232,0.280170564064479,1e-12,70131005,4
10437021,2026.19718607306,32.2606283333333,64.553495,72,71.4841186117872,19.114564987197,4.90698459373597,36.689804518317,219.278715236492,0.424080810035727,0.214593159917657,1e-12,70131005,4
10437021,2026.19718607306,32.2606283333333,64.553495,74,73.4628285392864,19.0988751181238,4.9051293175751,36.6873286471057,218.679986488893,0.412672127418187,0.158330034595134,1e-12,70131005,4
10437021,2026.19718607306,32.2606283333333,64.553495,76,75.4595940682615,19.0991702897051,4.90532742145206,36.6879720953182,218.67099742196,0.407291414220437,0.103377171769536,1e-12,70131005,4
10437021,2026.19718607306,32.2606283333333,64.553495,78,77.4384459184756,19.1012012101147,4.90575589247273,36.6890167613178,217.930830439737,0.40537845181351,0.0811989300674041,1e-12,70131005,4
10437021,2026.19718607306,32.2606283333333,64.553495,80,79.4249012428091,19.1020164205298,4.90596997659528,36.6893345697953,218.169201951516,0.405403522853432,0.0827594764414004,1e-12,70131005,4
10437021,2026.19718607306,32.2606283333333,64.553495,82,81.4116158333171,19.1023379365486,4.90609510851592,36.6893413884306,217.780417645818,0.405020558221549,0.0785517032993463,1e-12,70131005,4
10437021,2026.19718607306,32.2606283333333,64.553495,84,83.3975400765432,19.1024283432221,4.90620243680913,36.6894031313125,218.230189260876,0.404913815281957,0.0812864943379135,1e-12,70131005,4
10437021,2026.19718607306,32.2606283333333,64.553495,86,85.3748867332837,19.1015435761647,4.90623958957473,36.6897378893997,218.643487231545,0.404828143067499,0.0854608718877492,1e-12,70131005,4
10437021,2026.19718607306,32.2606283333333,64.553495,88,87.3729606638449,19.0971036201853,4.90584842272565,36.6896173132986,218.51546039301,0.407059515111283,0.0895750155382288,1e-12,70131005,4
10437021,2026.19718607306,32.2606283333333,64.553495,90,89.3428672785955,19.0956574541117,4.90578637776491,36.6896149040359,218.21090017924,0.408476030701514,0.104939436189832,1e-12,70131005,4
10437021,2026.19718607306,32.2606283333333,64.553495,92,91.3396810988633,19.0958982062653,4.90590851278086,36.6896684888954,218.616880769682,0.408120891544297,0.108655356782823,1e-12,70131005,4
10437021,2026.19718607306,32.2606283333333,64.553495,94,93.3178479987731,19.0951870462894,4.90590035631847,36.689468934226,218.471010334086,0.407922674374022,0.104756139047834,1e-12,70131005,4
10437021,2026.19718607306,32.2606283333333,64.553495,96,95.310776359405,19.0909592974427,4.90550928056685,36.6891614300172,218.088940893257,0.408057846238795,0.107796140031096,1e-12,70131005,4
10437021,2026.19718607306,32.2606283333333,64.553495,98,97.2918444882008,19.0806115722574,4.9043099022696,36.6874718359741,218.02494986006,0.408316409627839,0.10768479970446,1e-12,70131005,4
10437021,2026.19718607306,32.2606283333333,64.553495,100,99.2771513573545,19.0736791771805,4.90345830702139,36.6856838305835,217.606099970852,0.40748305283289,0.108931131139393,1e-12,70131005,4
10437021,2026.19718607306,32.2606283333333,64.553495,102,101.264050611014,19.0712289960012,4.90318461566674,36.6847898488156,217.628643398329,0.407173958143464,0.100088311949708,1e-12,70131005,4
10437021,2026.19718607306,32.2606283333333,64.553495,104,103.246476285087,19.0694551390633,4.90303520666053,36.6843427962875,217.225213550256,0.407292091811891,0.0958744262048018,1e-12,70131005,4
10437021,2026.19718607306,32.2606283333333,64.553495,106,105.231474382618,19.0662502588935,4.90269851013007,36.6835867113346,218.098328355281,0.406201267573034,0.0938554277983201,1e-12,70131005,4
10437021,2026.19718607306,32.2606283333333,64.553495,108,107.218900585137,19.0655091605314,4.902711148997,36.6835890078725,217.838989782063,0.408059181292413,0.0772104693466207,1e-12,70131005,4
10437021,2026.19718607306,32.2606283333333,64.553495,110,109.194432232287,19.067029299287,4.90304490981817,36.6842916449726,217.589788568207,0.403765015751753,0.0741204933342854,1e-12,70131005,4
10437021,2026.19718607306,32.2606283333333,64.553495,112,111.190191155053,19.0671699515501,4.90317412242356,36.6844944515589,218.021142384514,0.403753410404377,0.0766095354594872,1e-12,70131005,4
10437021,2026.19718607306,32.2606283333333,64.553495,114,113.172781009441,19.0672165778964,4.90327098642528,36.6845084242379,217.685062519496,0.403971907274046,0.0701713642227214,1e-12,70131005,4
10437021,2026.19718607306,32.2606283333333,64.553495,116,115.153361533206,19.0648014108308,4.90308969987978,36.6843612977188,217.327792121636,0.402837039824332,0.0604022879006166,1e-12,70131005,4
10437021,2026.19718607306,32.2606283333333,64.553495,118,117.144968648328,19.0652900791213,4.9032986007637,36.6849267932603,217.554043600322,0.402842780868978,0.0633043018151357,1e-12,70131005,4
10437021,2026.19718607306,32.2606283333333,64.553495,120,119.123438210901,19.0655529299441,4.90344625542359,36.6851769654984,217.684432997825,0.402890789481942,0.0625007694339935,1e-12,70131005,4
10437021,2026.19718607306,32.2606283333333,64.553495,122,121.11298484009,19.0658385169758,4.90356136057241,36.685133289828,217.726296791188,0.402302722154225,0.0600720972009715,1e-12,70131005,4
10437021,2026.19718607306,32.2606283333333,64.553495,124,123.097182617555,19.0659681425882,4.90367288046368,36.685197575522,217.599511001241,0.402709018354392,0.0596995902423455,1e-12,70131005,4
10437021,2026.19718607306,32.2606283333333,64.553495,126,125.080901386639,19.0661897600661,4.90380163535686,36.6853255306632,217.77898624697,0.402384175966622,0.0584248349663369,1e-12,70131005,4
10437021,2026.19718607306,32.2606283333333,64.553495,128,127.065070824456,19.0666778418935,4.90395974112147,36.6854646736206,217.356903910235,0.402987744339358,0.0556585481175568,1e-12,70131005,4
10437021,2026.19718607306,32.2606283333333,64.553495,130,129.048845862865,19.0670044359771,4.90412460310238,36.6858036471653,217.24788216336,0.402221290113425,0.0546908064541981,1e-12,70131005,4
10437021,2026.19718607306,32.2606283333333,64.553495,132,131.036185334381,19.0675293043132,4.90428941944463,36.6859668581985,217.211088805981,0.402113430541969,0.0520936943252635,1e-12,70131005,4
10437021,2026.19718607306,32.2606283333333,64.553495,134,133.023572957586,19.0712502108486,4.9049638563958,36.6875884000768,217.80108019169,0.402831704080202,0.0598442746348025,1e-12,70131005,4
10437021,2026.19718607306,32.2606283333333,64.553495,136,135.004416287608,19.0716556366708,4.90515265523149,36.6880591695258,218.060885274553,0.40375517228729,0.0585605915509039,1e-12,70131005,4
10437021,2026.19718607306,32.2606283333333,64.553495,138,136.990546083783,19.0729586898122,4.90543590194264,36.6885300466105,218.052223311811,0.403340622969454,0.0564749191893675,1e-12,70131005,4
10437021,2026.19718607306,32.2606283333333,64.553495,140,138.967554360401,19.0752089572214,4.90592293938486,36.6898767000495,218.009748936388,0.402841781899675,0.0580404585260828,1e-12,70131005,4
10437021,2026.19718607306,32.2606283333333,64.553495,142,140.966402534018,19.0760062459648,4.9061691481308,36.690483712035,217.946705769489,0.403427283325435,0.0570821083703426,1e-12,70131005,4
10437021,2026.19718607306,32.2606283333333,64.553495,144,142.933907985151,19.0765789726774,4.90635171951193,36.6907543260437,217.847194230094,0.403670190134586,0.0643245799726009,1e-12,70131005,4
10437021,2026.19718607306,32.2606283333333,64.553495,146,144.935002188406,19.0773445311169,4.90656637413031,36.6911242069555,217.918637726917,0.403352936922147,0.0575865238878305,1e-12,70131005,4
10437021,2026.19718607306,32.2606283333333,64.553495,148,146.910985877312,19.0778862565036,4.90673346361369,36.691292233746,218.131327497901,0.403676584850557,0.0563393672323379,1e-12,70131005,4
10437021,2026.19718607306,32.2606283333333,64.553495,150,148.900212768891,19.0785302805256,4.90692781412309,36.6915990756098,218.554813564931,0.403457890639245,0.0622826207431612,1e-12,70131005,4
10437021,2026.19718607306,32.2606283333333,64.553495,152,150.883103501901,19.0786691894073,4.90704035208068,36.6916649902885,218.004169487441,0.403793948927666,0.057874757672457,1e-12,70131005,4
10437021,2026.19718607306,32.2606283333333,64.553495,154,152.865630572347,19.0786533800303,4.9071285261813,36.6916630269766,217.852412939747,0.403362302329058,0.0556968090870514,1e-12,70131005,4
10437021,2026.19718607306,32.2606283333333,64.553495,156,154.850507750789,19.0785674759853,4.90722112809907,36.6917604120149,217.669622103558,0.402865541185596,0.0560219835643113,1e-12,70131005,4
10437021,2026.19718607306,32.2606283333333,64.553495,158,156.838040009063,19.0786877889449,4.90733803397719,36.6918798002163,217.894019069849,0.402710295507025,0.0541438467986622,1e-12,70131005,4
10437021,2026.19718607306,32.2606283333333,64.553495,160,158.811683313972,19.0788267236508,4.90746259962397,36.6920471981071,218.493358870932,0.402426754266947,0.0493792743928351,1e-12,70131005,4
10437021,2026.19718607306,32.2606283333333,64.553495,162,160.812002071927,19.0790695785569,4.90763342287065,36.6925117100614,218.869663164512,0.402403419754239,0.04882137364514,1e-12,70131005,4
10437021,2026.19718607306,32.2606283333333,64.553495,164,162.784349052941,19.0788198700631,4.90768572824414,36.6924155767667,218.358085851209,0.402966140968197,0.0526680094439882,1e-12,70131005,4
10437021,2026.19718607306,32.2606283333333,64.553495,166,164.776685306322,19.0788182194006,4.90776948973649,36.6923645811243,218.008534809242,0.402697598527924,0.0466499062201663,1e-12,70131005,4
10437021,2026.19718607306,32.2606283333333,64.553495,168,166.756870211795,19.0790402523423,4.90788966361869,36.6924219237169,218.185550933316,0.402901053671174,0.0436866700476351,1e-12,70131005,4
10437021,2026.19718607306,32.2606283333333,64.553495,170,168.740953842529,19.0790480225336,4.90796969644019,36.6923314363569,218.201080793484,0.402046092039841,0.0504796997862419,1e-12,70131005,4
10437021,2026.19718607306,32.2606283333333,64.553495,172,170.738230988761,19.0792354345475,4.90806254077037,36.6921898420705,218.132080050611,0.402045304873207,0.0512819430313715,1e-12,70131005,4
10437021,2026.19718607306,32.2606283333333,64.553495,174,172.70226544319,19.0794231383928,4.90817892286903,36.6922459775377,218.621362372648,0.402079507731826,0.0460569662609086,1e-12,70131005,4
10437021,2026.19718607306,32.2606283333333,64.553495,176,174.706660027109,19.0795508541585,4.90826977522958,36.6921406549631,218.667508072624,0.401902354279541,0.0497977938907005,1e-12,70131005,4
10437021,2026.19718607306,32.2606283333333,64.553495,178,176.670286358819,19.0796137277876,4.90837191649224,36.6921876822077,218.398651529543,0.401359079055677,0.0457953801040347,1e-12,70131005,4
10437021,2026.19718607306,32.2606283333333,64.553495,180,178.668569531506,19.0794736722493,4.90842937321602,36.6920386781222,218.57130307682,0.401353785805215,0.0465927082116419,1e-12,70131005,4
10437021,2026.19718607306,32.2606283333333,64.553495,182,180.644999366138,19.0796812134569,4.90854131383645,36.6920403215095,218.425604001507,0.402305853042691,0.0516200757321383,1e-12,70131005,4
10437021,2026.19718607306,32.2606283333333,64.553495,184,182.639056785714,19.0790743303409,4.90853619619296,36.6917783992646,218.509483728623,0.40154295598897,0.0516723037296295,1e-12,70131005,4
10437021,2026.19718607306,32.2606283333333,64.553495,186,184.611518074426,19.0773520006063,4.90838167761025,36.6912472442402,218.47586642358,0.402475241716111,0.0609619930224357,1e-12,70131005,4
10437021,2026.19718607306,32.2606283333333,64.553495,188,186.604921069816,19.0742332915785,4.90805374267301,36.6904933275335,218.250922091267,0.403923255281058,0.0631280558148587,1e-12,70131005,4
10437021,2026.19718607306,32.2606283333333,64.553495,190,188.579754336228,19.0701793021357,4.90760463831171,36.6895479698356,217.608644465726,0.403764313974016,0.0514076446379688,1e-12,70131005,4
10437021,2026.19718607306,32.2606283333333,64.553495,192,190.569994915942,19.0664145877053,4.90727930836997,36.6893872747202,218.035989712698,0.402852008488467,0.0523803049386417,1e-12,70131005,4
10437021,2026.19718607306,32.2606283333333,64.553495,194,192.550036766205,19.0645561544705,4.90718414139411,36.6894756406073,217.362132600641,0.40132800177471,0.0440322751254615,1e-12,70131005,4
10437021,2026.19718607306,32.2606283333333,64.553495,196,194.540328876603,19.06325358339,4.90714485336903,36.6895422280613,218.034779007041,0.400138238257152,0.0480424175924556,1e-12,70131005,4
10437021,2026.19718607306,32.2606283333333,64.553495,198,196.518533203899,19.0632156656917,4.90723201340297,36.6895534501378,218.315453206794,0.399368696515075,0.0433618527253701,1e-12,70131005,4
10437021,2026.19718607306,32.2606283333333,64.553495,200,198.507856586074,19.0635860370319,4.90736992387667,36.6896303491434,218.678930196259,0.398851313558243,0.0378094278518298,1e-12,70131005,4
10437021,2026.19718607306,32.2606283333333,64.553495,202,200.490886310952,19.0641992799906,4.90752810577957,36.689662954194,218.505413437738,0.398712908323059,0.0332500470307742,1e-12,70131005,4
10437021,2026.19718607306,32.2606283333333,64.553495,204,202.469449771178,19.0646105301173,4.90768177855203,36.6898364119092,218.411012378352,0.398990625328928,0.0403324371814117,1e-12,70131005,4
10437021,2026.19718607306,32.2606283333333,64.553495,206,204.459820248918,19.0648049627423,4.90778785055475,36.6898015275566,218.176407751738,0.398723586707641,0.0423034590753536,1e-12,70131005,4
10437021,2026.19718607306,32.2606283333333,64.553495,208,206.440051584827,19.0651769360478,4.90791863897197,36.6898175141852,218.475085265506,0.398667955600908,0.0435034874880497,1e-12,70131005,4
10437021,2026.19718607306,32.2606283333333,64.553495,210,208.42484053681,19.0652284352618,4.90803299972831,36.6899789438716,218.292449247211,0.39869229324081,0.0395753095326083,1e-12,70131005,4
10437021,2026.19718607306,32.2606283333333,64.553495,212,210.417907610712,19.0649571390373,4.90807224635055,36.6897944465547,217.887156353852,0.398664229384656,0.0339339585712955,1e-12,70131005,4
10437021,2026.19718607306,32.2606283333333,64.553495,214,212.394098657638,19.0644666604685,4.90807407569565,36.6894893221076,218.410447066055,0.398479840172233,0.041350557361458,1e-12,70131005,4
10437021,2026.19718607306,32.2606283333333,64.553495,216,214.368962295457,19.0635666499843,4.90806080381527,36.6894195414059,218.810074579031,0.397760826241008,0.0447384151199711,1e-12,70131005,4
10437021,2026.19718607306,32.2606283333333,64.553495,218,216.369001296795,19.0636714857906,4.90815994038511,36.6894061883802,218.194536277468,0.398089499825247,0.0355960152027524,1e-12,70131005,4
10437021,2026.19718607306,32.2606283333333,64.553495,220,218.351599384397,19.0637356389525,4.90824725832188,36.68932956712,218.327273371626,0.39816685886258,0.0372993798187547,1e-12,70131005,4
10437021,2026.19718607306,32.2606283333333,64.553495,222,220.323920524463,19.064143923081,4.9083746856179,36.6892858882949,218.608020488177,0.398272699201801,0.0343447702258778,1e-12,70131005,4
10437021,2026.19718607306,32.2606283333333,64.553495,224,222.311881617414,19.0643702253052,4.90850033520133,36.6893883089785,218.582705475027,0.398463783760061,0.0400224976530337,1e-12,70131005,4
10437021,2026.19718607306,32.2606283333333,64.553495,226,224.303155970931,19.0642452342157,4.90856075938465,36.6892531689078,218.524598396951,0.397987092288623,0.0304707377089995,1e-12,70131005,4
10437021,2026.19718607306,32.2606283333333,64.553495,228,226.278158467305,19.0583693262738,4.90787500994623,36.6879307396726,218.047768718394,0.398224653901812,0.0313118038847661,1e-12,70131005,4
10437021,2026.19718607306,32.2606283333333,64.553495,230,228.260888404768,19.0511652597691,4.90704547654903,36.6865737823486,217.733844948794,0.398156175393365,0.0306077618133589,1e-12,70131005,4
10437021,2026.19718607306,32.2606283333333,64.553495,232,230.256251549403,19.0471365571188,4.9066053833205,36.6856825985698,217.894279008262,0.398058851262662,0.0286321755545409,1e-12,70131005,4
10437021,2026.19718607306,32.2606283333333,64.553495,234,232.228767677321,19.0381968345529,4.90549332862511,36.6834835210582,217.184910627441,0.397828154790813,0.035793804128824,1e-12,70131005,4
10437021,2026.19718607306,32.2606283333333,64.553495,236,234.210640437634,19.0113003012482,4.90198917264263,36.6770423249734,217.088428591,0.397637026188887,0.0289413755461562,1e-12,70131005,4
10437021,2026.19718607306,32.2606283333333,64.553495,238,236.208592249152,18.9999212269678,4.90078225630444,36.6761984485803,216.554253589043,0.397524482335222,0.0300399135473777,1e-12,70131005,4
10437021,2026.19718607306,32.2606283333333,64.553495,240,238.186711136172,18.9992885616237,4.9008118103861,36.6762530856013,216.943059477684,0.398206408817885,0.0297106994579078,1e-12,70131005,4
10437021,2026.19718607306,32.2606283333333,64.553495,242,240.164583658068,18.9972449618779,4.90065528047781,36.6759899032392,216.552993117801,0.398545754856451,0.035948228508877,1e-12,70131005,4
10437021,2026.19718607306,32.2606283333333,64.553495,244,242.143592227642,18.9867639326933,4.89933748548546,36.6734167926001,216.34539661468,0.397705600005072,0.0332993363367891,1e-12,70131005,4
10437021,2026.19718607306,32.2606283333333,64.553495,246,244.139464917867,18.9822798855997,4.89882205945197,36.6722913591168,216.142085266491,0.397728768359585,0.0347624363501133,1e-12,70131005,4
10437021,2026.19718607306,32.2606283333333,64.553495,248,246.124690263298,18.9762510082213,4.89809894715693,36.6707839275418,215.280423530269,0.397838853175892,0.0387992009845368,1e-12,70131005,4
10437021,2026.19718607306,32.2606283333333,64.553495,250,248.090056002072,18.9668389433177,4.89690649394643,36.6683171611616,213.64984681456,0.39771303258568,0.0260600479312529,1e-12,70131005,4
10437021,2026.19718607306,32.2606283333333,64.553495,252,250.086038733649,18.9355393641979,4.89292586341768,36.6617311266847,213.30345717669,0.39830534068952,0.0246283415306203,1e-12,70131005,4
10437021,2026.19718607306,32.2606283333333,64.553495,254,252.080282990695,18.920538858211,4.89108514433277,36.6587416705655,212.853947601522,0.397056632895129,0.0315274600081863,1e-12,70131005,4
10437021,2026.19718607306,32.2606283333333,64.553495,256,254.046843719674,18.9060173927542,4.88926136718414,36.6554681437163,211.299071257102,0.397302222366845,0.0305374779445536,1e-12,70131005,4
10437021,2026.19718607306,32.2606283333333,64.553495,258,256.028751362511,18.8604351030133,4.88332262481875,36.6449796933887,209.032593311333,0.396640623326094,0.035871580292182,1e-12,70131005,4
10437021,2026.19718607306,32.2606283333333,64.553495,260,258.027049358127,18.8125078892006,4.87752501259237,36.6377343821358,208.397188992335,0.396385956759017,0.0389604235456495,1e-12,70131005,4
10437021,2026.19718607306,32.2606283333333,64.553495,262,260.012230143328,18.7913244946474,4.87486905094551,36.633310298723,207.782142007755,0.396513661858237,0.0347424485775281,1e-12,70131005,4
10437021,2026.19718607306,32.2606283333333,64.553495,264,261.976446196503,18.757205079958,4.8706416531331,36.6270615929665,205.565060526303,0.396592897705851,0.0346552383199354,1e-12,70131005,4
10437021,2026.19718607306,32.2606283333333,64.553495,266,263.964464053571,18.7123835353662,4.8648411151722,36.6169741403094,204.087816126101,0.396478227417707,0.0403169852407624,1e-12,70131005,4
10437021,2026.19718607306,32.2606283333333,64.553495,268,265.959359846592,18.6348351604328,4.85530678776738,36.6042544593696,204.078530552464,0.395559974897885,0.0289045749271124,1e-12,70131005,4
10437021,2026.19718607306,32.2606283333333,64.553495,270,267.938592713948,18.6161930799274,4.85311423274416,36.6014565761554,203.505227738276,0.394390832980312,0.0246551504368205,1e-12,70131005,4
10437021,2026.19718607306,32.2606283333333,64.553495,272,269.91265874581,18.5744753559194,4.84794020423588,36.5938416400825,202.75037003801,0.393446573373331,0.0244209958603563,1e-12,70131005,4
10437021,2026.19718607306,32.2606283333333,64.553495,274,271.908489845756,18.5314710105777,4.84271593983197,36.5869229978201,202.506296078624,0.3927145805816,0.0286975096318495,1e-12,70131005,4
10437021,2026.19718607306,32.2606283333333,64.553495,276,273.896202928022,18.5147904735084,4.84077767673865,36.5845183161976,202.403668767617,0.392570597435587,0.0331933650918545,1e-12,70131005,4
10437021,2026.19718607306,32.2606283333333,64.553495,278,275.868151042527,18.4972958038282,4.83868298658454,36.5815032319396,201.667713657663,0.391492096897925,0.0211908570411076,1e-12,70131005,4
10437021,2026.19718607306,32.2606283333333,64.553495,280,277.854417853146,18.4758358978777,4.83610837406425,36.5779275250804,201.824588906927,0.391308809701926,0.0264531590074438,1e-12,70131005,4
10437021,2026.19718607306,32.2606283333333,64.553495,282,279.837300889256,18.4637374797757,4.83466682249547,36.5756623229254,201.612318275329,0.39044427599063,0.0203163941306373,1e-12,70131005,4
10437021,2026.19718607306,32.2606283333333,64.553495,284,281.820641255256,18.4382900102978,4.83160578517627,36.571483962915,201.155129465277,0.390460930474593,0.0253709737584402,1e-12,70131005,4
10437021,2026.19718607306,32.2606283333333,64.553495,286,283.807062407962,18.4202659283535,4.8294607622134,36.5684943978407,201.379088088148,0.389938663899304,0.0224011773951677,1e-12,70131005,4
10437021,2026.19718607306,32.2606283333333,64.553495,288,285.791422706855,18.3997693184898,4.82707085014913,36.5656147501046,201.42143976466,0.389780721701332,0.0270721471992634,1e-12,70131005,4
10437021,2026.19718607306,32.2606283333333,64.553495,290,287.768799166676,18.3912147195269,4.82608953763289,36.5641058234051,201.240025636905,0.389468070622359,0.0298702385152224,1e-12,70131005,4
10437021,2026.19718607306,32.2606283333333,64.553495,292,289.75138639458,18.3696269606983,4.82347420466042,36.5602687046116,200.961307697903,0.388853954879285,0.0301228903892086,1e-12,70131005,4
10437021,2026.19718607306,32.2606283333333,64.553495,294,291.744425232702,18.3542587194054,4.82168088872893,36.5578988749448,201.074566444941,0.387759712900512,0.0298969192048799,1e-12,70131005,4
10437021,2026.19718607306,32.2606283333333,64.553495,296,293.716503719424,18.3410024745398,4.82015404126962,36.5559185774633,201.07254375427,0.387479579134688,0.0273791805904777,1e-12,70131005,4
10437021,2026.19718607306,32.2606283333333,64.553495,298,295.702976793442,18.3302531160504,4.81891075405426,36.5541232568158,200.882067096144,0.387144832693399,0.0224485371863915,1e-12,70131005,4
10437021,2026.19718607306,32.2606283333333,64.553495,300,297.690886413203,18.3198395094658,4.81767584946075,36.5520987779274,200.568132817302,0.387259384955893,0.0293502625628555,1e-12,70131005,4
10437021,2026.19718607306,32.2606283333333,64.553495,302,299.669964831092,18.3033653372172,4.81575979045782,36.5496571807113,200.739134171566,0.386860269834037,0.0285840630501354,1e-12,70131005,4
10437021,2026.19718607306,32.2606283333333,64.553495,304,301.650802344594,18.2936970664077,4.8146395238016,36.5479443327266,200.350277313015,0.386577569312651,0.028707729129991,1e-12,70131005,4
10437021,2026.19718607306,32.2606283333333,64.553495,306,303.639527881874,18.290587799446,4.81435098534762,36.5474889928197,200.647562583021,0.386735170999195,0.0235072290595503,1e-12,70131005,4
10437021,2026.19718607306,32.2606283333333,64.553495,308,305.619062884518,18.2895611212561,4.81430163843073,36.5472208214122,200.542054833375,0.386809066528619,0.0211643023913229,1e-12,70131005,4
10437021,2026.19718607306,32.2606283333333,64.553495,310,307.598776974209,18.2886872402271,4.81428562667896,36.5471011852118,200.436043337342,0.387184561971762,0.0256004214715629,1e-12,70131005,4
10437021,2026.19718607306,32.2606283333333,64.553495,312,309.589665174696,18.2852968895855,4.81398023196899,36.5467523230423,200.352393725399,0.387193876606175,0.0282756390330901,1e-12,70131005,4
10437021,2026.19718607306,32.2606283333333,64.553495,314,311.569882692564,18.2752140219698,4.8128391356592,36.5452288708557,200.323485506467,0.387188697791646,0.028143230761819,1e-12,70131005,4
10437021,2026.19718607306,32.2606283333333,64.553495,316,313.545400889525,18.2534002013133,4.8102631089516,36.5418982246318,200.297548099443,0.386834373489027,0.0164662111953999,1e-12,70131005,4
10437021,2026.19718607306,32.2606283333333,64.553495,318,315.536249378671,18.2460191340821,4.80947399605849,36.5409715595153,199.972313917927,0.389165060215281,0.0172778819713552,1e-12,70131005,4
10437021,2026.19718607306,32.2606283333333,64.553495,320,317.522474363737,18.2453408511065,4.80944643832466,36.5405791610988,200.16365401983,0.387099655763956,0.0199918589102299,1e-12,70131005,4
10437021,2026.19718607306,32.2606283333333,64.553495,322,319.487843061058,18.2405500425957,4.8089234890822,36.5396181254222,200.236096172088,0.387152663668211,0.022506929417562,1e-12,70131005,4
10437021,2026.19718607306,32.2606283333333,64.553495,324,321.478593275553,18.2246131327252,4.8070222251617,36.5368091019275,200.015783802676,0.386620275321323,0.0206242854273193,1e-12,70131005,4
10437021,2026.19718607306,32.2606283333333,64.553495,326,323.48079270388,18.2053349671093,4.80480718822053,36.5342922051532,199.364640859785,0.386308003086686,0.0171750869559285,1e-12,70131005,4
10437021,2026.19718607306,32.2606283333333,64.553495,328,325.450137791761,18.196246898664,4.80389195128473,36.5338044618047,199.971410448714,0.386832354465686,0.0245544623052917,1e-12,70131005,4
10437021,2026.19718607306,32.2606283333333,64.553495,330,327.426814370578,18.190092159284,4.80330575792202,36.5335155520285,200.146320861261,0.386295965463541,0.0146928773136368,1e-12,70131005,4
10437021,2026.19718607306,32.2606283333333,64.553495,332,329.416334949112,18.1879848092368,4.8031246918408,36.5330838226778,200.164840323101,0.386227492987067,0.0211009267790807,1e-12,70131005,4
10437021,2026.19718607306,32.2606283333333,64.553495,334,331.405734274024,18.1861218910753,4.80299298979596,36.5328563945965,199.98627455688,0.386304681145392,0.0252318037982347,1e-12,70131005,4
10437021,2026.19718607306,32.2606283333333,64.553495,336,333.374910877892,18.1822773173604,4.80260872309374,36.5322351736951,199.99449744226,0.386626190120402,0.0199505894539322,1e-12,70131005,4
10437021,2026.19718607306,32.2606283333333,64.553495,338,335.361099990505,18.1698943784832,4.80119703831507,36.5304362757804,199.993713165663,0.386236510649733,0.0271348403500647,1e-12,70131005,4
10437021,2026.19718607306,32.2606283333333,64.553495,340,337.34930662744,18.1660431323982,4.80079786952597,36.529692939585,200.075199410354,0.386180039673942,0.0252733975137443,1e-12,70131005,4
10437021,2026.19718607306,32.2606283333333,64.553495,342,339.330521354482,18.1598459709978,4.80016470954948,36.5290387683068,200.346624040194,0.386573463936875,0.018076366009753,1e-12,70131005,4
10437021,2026.19718607306,32.2606283333333,64.553495,344,341.302501803496,18.1602835901835,4.8003039895065,36.529078991852,200.142184595992,0.386915765937338,0.0212376196613376,1e-12,70131005,4
10437021,2026.19718607306,32.2606283333333,64.553495,346,343.297750624682,18.1567066819114,4.79993525871802,36.5283514154259,200.307967823272,0.38621550993281,0.0214393582874714,1e-12,70131005,4
10437021,2026.19718607306,32.2606283333333,64.553495,348,345.282562502583,18.1494328329254,4.79917147852805,36.5275389214522,199.983162393257,0.386414849880243,0.02256975122136,1e-12,70131005,4
10437021,2026.19718607306,32.2606283333333,64.553495,350,347.247943509592,18.1442743136535,4.79862902388743,36.5267343873569,200.547758624714,0.386402766364323,0.0241020922189654,1e-12,70131005,4
10437021,2026.19718607306,32.2606283333333,64.553495,352,349.235750184141,18.1370806494156,4.79785348531453,36.5257489434357,200.287025441622,0.386264387605825,0.0254925187159399,1e-12,70131005,4
10437021,2026.19718607306,32.2606283333333,64.553495,354,351.230709512377,18.1251692469212,4.79651646899987,36.5241628662581,200.585269336121,0.386162768524099,0.0299289569417473,1e-12,70131005,4
10437021,2026.19718607306,32.2606283333333,64.553495,356,353.20822216242,18.1149859977686,4.79531376248602,36.5221841842029,200.316190980867,0.386203464130027,0.0235593816936378,1e-12,70131005,4
10437021,2026.19718607306,32.2606283333333,64.553495,358,355.178816639957,18.0900138154639,4.79236501142567,36.5184386208308,200.193523855219,0.385690482545954,0.0219289396805265,1e-12,70131005,4
10437021,2026.19718607306,32.2606283333333,64.553495,360,357.178656838902,18.0845663118618,4.79180863614558,36.5177689368749,199.945663244169,0.385624514386782,0.0249171055332776,1e-12,70131005,4
10437021,2026.19718607306,32.2606283333333,64.553495,362,359.160164986689,18.0634766487745,4.78916530602285,36.5131676865369,199.295570863851,0.386155141895521,0.0220223684370615,1e-12,70131005,4
10437021,2026.19718607306,32.2606283333333,64.553495,364,361.134686283696,18.0414302228259,4.78638141335946,36.5082098046655,199.000515683326,0.38656258613231,0.0209001713903413,1e-12,70131005,4
10437021,2026.19718607306,32.2606283333333,64.553495,366,363.120966473545,18.0369454812148,4.78599856141786,36.5081662580151,198.731828609409,0.386408800151905,0.0230034872604174,1e-12,70131005,4
10437021,2026.19718607306,32.2606283333333,64.553495,368,365.105890027079,18.0176062280069,4.78357229664471,36.5038510523107,198.095669560303,0.386278026372801,0.0290619715834452,1e-12,70131005,4
10437021,2026.19718607306,32.2606283333333,64.553495,370,367.07413451289,18.0056279333288,4.78219228872387,36.5019395080662,198.04482185674,0.38622634931509,0.0253138299079539,1e-12,70131005,4
10437021,2026.19718607306,32.2606283333333,64.553495,372,369.068950754293,17.9931999340064,4.7807225512459,36.4996572776463,198.397301708698,0.386178113185339,0.0282276815909888,1e-12,70131005,4
10437021,2026.19718607306,32.2606283333333,64.553495,374,371.05748830053,17.988085859571,4.78030321440731,36.4998605294324,198.832248041277,0.386188144111133,0.0228107608246463,1e-12,70131005,4
10437021,2026.19718607306,32.2606283333333,64.553495,376,373.015776991685,17.9683504922205,4.77794906401279,36.4965062911308,199.052364310875,0.386196723813739,0.0306187501518228,1e-12,70131005,4
10437021,2026.19718607306,32.2606283333333,64.553495,378,375.01886865536,17.9609512494739,4.77707613388218,36.4948534396088,198.859999178019,0.385446204143446,0.0267113855100723,1e-12,70131005,4
10437021,2026.19718607306,32.2606283333333,64.553495,380,377.005023417788,17.9471107886858,4.7754858391572,36.4927899343297,198.868340899225,0.385748728916023,0.032268171310132,1e-12,70131005,4
10437021,2026.19718607306,32.2606283333333,64.553495,382,378.977375085315,17.9369199690485,4.77430014781158,36.4909415168363,198.702780360655,0.386042461784899,0.0196230191646266,1e-12,70131005,4
10437021,2026.19718607306,32.2606283333333,64.553495,384,380.961327705667,17.9271931649476,4.77316625675226,36.4891223674806,198.843923636265,0.385691216267208,0.0163430778860295,1e-12,70131005,4
10437021,2026.19718607306,32.2606283333333,64.553495,386,382.939222263618,17.8991203826212,4.76960799397582,36.4828479666566,198.031766432971,0.385658809959521,0.0256929088578044,1e-12,70131005,4
10437021,2026.19718607306,32.2606283333333,64.553495,388,384.93254175319,17.8641614930598,4.76542503123941,36.477340519937,197.799948850585,0.385752982848018,0.026072626763092,1e-12,70131005,4
10437021,2026.19718607306,32.2606283333333,64.553495,390,386.908755863752,17.8541057091895,4.76420706068639,36.4750825342227,197.66042392079,0.38586149783072,0.0238749081116097,1e-12,70131005,4
10437021,2026.19718607306,32.2606283333333,64.553495,392,388.888771881321,17.8217189389986,4.76016957152489,36.4685080333843,197.447592758616,0.386118639337858,0.0187720961134297,1e-12,70131005,4
10437021,2026.19718607306,32.2606283333333,64.553495,394,390.873804209709,17.8080098878847,4.75851400781621,36.46574163048,196.635404761276,0.386189827774085,0.0260161207911593,1e-12,70131005,4
10437021,2026.19718607306,32.2606283333333,64.553495,396,392.860667899664,17.7889731893127,4.75619338405586,36.4620045608924,196.500281331464,0.386179306595897,0.026959108718572,1e-12,70131005,4
10437021,2026.19718607306,32.2606283333333,64.553495,398,394.833933587006,17.7706533660041,4.75399316518672,36.4586605955595,195.912925599407,0.386178574175149,0.026252649223108,1e-12,70131005,4
10437021,2026.19718607306,32.2606283333333,64.553495,400,396.81574536489,17.7534775384137,4.75181764913841,36.4545014013825,194.695712979564,0.385925021693833,0.026909191593181,1e-12,70131005,4
10437021,2026.19718607306,32.2606283333333,64.553495,402,398.80967417973,17.704788346712,4.74563870533419,36.4439846486649,194.054720761003,0.385541312361045,0.0252791899096505,1e-12,70131005,4
10437021,2026.19718607306,32.2606283333333,64.553495,404,400.788924310872,17.6299637388806,4.73647612176744,36.4310499256352,193.217789322616,0.3856110389896,0.0260734710096747,1e-12,70131005,4
10437021,2026.19718607306,32.2606283333333,64.553495,406,402.761672048541,17.5938311253895,4.73199290600553,36.4238766283203,192.341613118587,0.385252701884334,0.0300144966684427,1e-12,70131005,4
10437021,2026.19718607306,32.2606283333333,64.553495,408,404.74459356886,17.5735254607377,4.72948629639911,36.4196103580454,192.385036789869,0.385226953576567,0.0251973207817887,1e-12,70131005,4
10437021,2026.19718607306,32.2606283333333,64.553495,410,406.737836703748,17.5469838589341,4.72623368144297,36.4144673637986,191.772045252706,0.385480543630898,0.0267472533792465,1e-12,70131005,4
10437021,2026.19718607306,32.2606283333333,64.553495,412,408.713734792996,17.5185759139617,4.72278911949181,36.4093244755076,191.769454141312,0.385350106697529,0.0229876351405342,1e-12,70131005,4
10437021,2026.19718607306,32.2606283333333,64.553495,414,410.685383567272,17.4936323920148,4.71971538068618,36.4042798151228,191.115707436596,0.385258847581518,0.0237936687940598,1e-12,70131005,4
10437021,2026.19718607306,32.2606283333333,64.553495,416,412.679449045482,17.4794417579756,4.71799410237154,36.4013122262118,190.36611844836,0.385230701173449,0.019956976391773,1e-12,70131005,4
10437021,2026.19718607306,32.2606283333333,64.553495,418,414.662021104763,17.4434192235147,4.71353950279071,36.3942077593385,189.914188361109,0.385195484467875,0.0214307067338502,1e-12,70131005,4
10437021,2026.19718607306,32.2606283333333,64.553495,420,416.634151124324,17.4121799364844,4.7097208060338,36.3883197154868,188.836620693701,0.385314687071345,0.0307985515269571,1e-12,70131005,4
10437021,2026.19718607306,32.2606283333333,64.553495,422,418.624180468864,17.3960990637957,4.70767200231927,36.3841865026126,187.975184234034,0.385249746846639,0.0355342832557096,1e-12,70131005,4
10437021,2026.19718607306,32.2606283333333,64.553495,424,420.599266897142,17.3624114998294,4.70340879992403,36.37660816402,186.933765732595,0.385395627109272,0.0375386783870168,1e-12,70131005,4
10437021,2026.19718607306,32.2606283333333,64.553495,426,422.594164969729,17.2920804072792,4.69481534439133,36.3642443369943,187.191180575345,0.385188399587003,0.0306045056324321,1e-12,70131005,4
10437021,2026.19718607306,32.2606283333333,64.553495,428,424.565704867855,17.276887113414,4.69318762231128,36.3629512108557,187.666407192432,0.385250620176204,0.0266951763504411,1e-12,70131005,4
10437021,2026.19718607306,32.2606283333333,64.553495,430,426.547322311188,17.2718799231205,4.69265964317757,36.362081570895,187.981976877875,0.385261516139224,0.024994008326198,1e-12,70131005,4
10437021,2026.19718607306,32.2606283333333,64.553495,432,428.545490558751,17.2596509839458,4.69130243473048,36.3604783404988,188.36239960103,0.385200477265254,0.0267493345031454,1e-12,70131005,4
10437021,2026.19718607306,32.2606283333333,64.553495,434,430.510783446758,17.2524278568016,4.69048682183322,36.3590936921716,188.237854931312,0.385530587387495,0.0220650588113353,1e-12,70131005,4
10437021,2026.19718607306,32.2606283333333,64.553495,436,432.495848289905,17.2296157170633,4.68771425969078,36.3546651874826,187.22622665516,0.38518255922847,0.0234857757874318,1e-12,70131005,4
10437021,2026.19718607306,32.2606283333333,64.553495,438,434.478296074565,17.1772803802591,4.68132327867289,36.3452137203322,186.710839536925,0.38517858186914,0.021255853545884,1e-12,70131005,4
10437021,2026.19718607306,32.2606283333333,64.553495,440,436.467756221844,17.1396915001482,4.67672914109326,36.338149458629,186.539435543817,0.385187583905214,0.0219805056627769,1e-12,70131005,4
10437021,2026.19718607306,32.2606283333333,64.553495,442,438.426832504259,17.087855926608,4.67042836843123,36.328975451658,186.411644039612,0.385210332142107,0.0263805645585313,1e-12,70131005,4
10437021,2026.19718607306,32.2606283333333,64.553495,444,440.419708807798,17.0659478532947,4.66780979991147,36.3250281633686,186.214941430928,0.385135970419928,0.0298998328090713,1e-12,70131005,4
10437021,2026.19718607306,32.2606283333333,64.553495,446,442.422114054966,17.0487675997789,4.66578333951284,36.3219979790158,186.131876781398,0.385159737954961,0.0283114722081201,1e-12,70131005,4
10437021,2026.19718607306,32.2606283333333,64.553495,448,444.382480934744,17.0356517340311,4.664224217615,36.3193940511044,185.453462650098,0.385346500647008,0.0252014365796687,1e-12,70131005,4
10437021,2026.19718607306,32.2606283333333,64.553495,450,446.365065846109,17.0291779891344,4.66345386999474,36.3177091040354,184.419987968683,0.385120784211548,0.0306548079799772,1e-12,70131005,4
10437021,2026.19718607306,32.2606283333333,64.553495,452,448.350803813706,16.9926585754735,4.65898549399304,36.3107080248458,183.718854773542,0.385129072893851,0.0270839639352968,1e-12,70131005,4
10437021,2026.19718607306,32.2606283333333,64.553495,454,450.339263904356,16.945715126643,4.65341882915584,36.3034525927619,183.256225337117,0.38516704495184,0.0244460443666592,1e-12,70131005,4
10437021,2026.19718607306,32.2606283333333,64.553495,456,452.301166505997,16.9188985144696,4.65018773703617,36.2985194178191,182.41792360145,0.385233515149524,0.0204260099394784,1e-12,70131005,4
10437021,2026.19718607306,32.2606283333333,64.553495,458,454.293642615187,16.9048507302495,4.64848561525991,36.2954768677859,182.323029194899,0.385175831452986,0.0229183879557741,1e-12,70131005,4
10437021,2026.19718607306,32.2606283333333,64.553495,460,456.284495509953,16.8913235422896,4.64695789134055,36.293492685879,182.290255615395,0.385373703067823,0.0214137542965761,1e-12,70131005,4
10437021,2026.19718607306,32.2606283333333,64.553495,462,458.253166987463,16.8769291896363,4.64523856352023,36.2906060515293,181.883179900826,0.385330192208096,0.0182431066257387,1e-12,70131005,4
10437021,2026.19718607306,32.2606283333333,64.553495,464,460.244891901627,16.8418991915383,4.64105677241065,36.2847028131895,181.415345590952,0.385234997098471,0.0210442557663425,1e-12,70131005,4
10437021,2026.19718607306,32.2606283333333,64.553495,466,462.222813247193,16.8231192679542,4.6388854405543,36.2817921809063,181.286624702786,0.385448443360814,0.0245778798255645,1e-12,70131005,4
10437021,2026.19718607306,32.2606283333333,64.553495,468,464.203469515896,16.8091910407049,4.63726244686885,36.2793190131176,181.091939752585,0.385352175545246,0.0259448206418359,1e-12,70131005,4
10437021,2026.19718607306,32.2606283333333,64.553495,470,466.183849952531,16.793891115952,4.63547776223306,36.2766591543003,180.495605393693,0.385275032490956,0.0267887135889488,1e-12,70131005,4
10437021,2026.19718607306,32.2606283333333,64.553495,472,468.167903101272,16.7570869463757,4.63112099727137,36.2707791649458,181.141534782609,0.385169016657405,0.0262213912096137,1e-12,70131005,4
10437021,2026.19718607306,32.2606283333333,64.553495,474,470.140616117803,16.7424719908801,4.62944048215055,36.2684087955454,181.307260962872,0.385196288043607,0.0307753265090274,1e-12,70131005,4
10437021,2026.19718607306,32.2606283333333,64.553495,476,472.134495008481,16.7225584676684,4.6270970479316,36.2649820161301,181.016186823813,0.385013490643023,0.0230274683702148,1e-12,70131005,4
10437021,2026.19718607306,32.2606283333333,64.553495,478,474.112631366722,16.6954274355384,4.62398746319992,36.2613199235883,181.189636382443,0.384778686946511,0.021335063011036,1e-12,70131005,4
10437021,2026.19718607306,32.2606283333333,64.553495,480,476.083475086251,16.671322801689,4.62125844300795,36.258269808861,181.841881444225,0.38429198788224,0.0219459157653672,1e-12,70131005,4
10437021,2026.19718607306,32.2606283333333,64.553495,482,478.079355988372,16.6486924668417,4.61853283108132,36.2539101567916,181.082064673673,0.383698502266127,0.028530451718922,1e-12,70131005,4
10437021,2026.19718607306,32.2606283333333,64.553495,484,480.056951918605,16.6273613782277,4.61600830464134,36.2501443584064,181.185203007653,0.384402654472703,0.0249483581281851,1e-12,70131005,4
10437021,2026.19718607306,32.2606283333333,64.553495,486,482.028742795531,16.6098241660115,4.61401152471578,36.2475996370199,180.675324695691,0.383954040366484,0.0254456697873683,1e-12,70131005,4
10437021,2026.19718607306,32.2606283333333,64.553495,488,484.026736227685,16.5861551911293,4.61117420435332,36.2431728716196,180.824286799214,0.383736125800202,0.0298151899671025,1e-12,70131005,4
10437021,2026.19718607306,32.2606283333333,64.553495,490,486.000352874291,16.5434139341274,4.60617879276255,36.236924358375,180.136524388942,0.383920815825909,0.0278594210267519,1e-12,70131005,4
10437021,2026.19718607306,32.2606283333333,64.553495,492,487.974582797,16.5301725129033,4.60456376297232,36.2338500343789,179.785555630263,0.384180442822744,0.0148818180967442,1e-12,70131005,4
10437021,2026.19718607306,32.2606283333333,64.553495,494,489.969088302396,16.5083718105456,4.60198898687365,36.2300299187398,180.124773774186,0.384304082033475,0.0237445466870727,1e-12,70131005,4
10437021,2026.19718607306,32.2606283333333,64.553495,496,491.934284633613,16.4906523324026,4.59997684942805,36.22748860144,180.904735610106,0.384230580471272,0.0282112436172419,1e-12,70131005,4
10437021,2026.19718607306,32.2606283333333,64.553495,498,493.934038942104,16.4659140221716,4.59707033312956,36.2233802687424,181.050281797448,0.38420726666661,0.0232382236627819,1e-12,70131005,4
10437021,2026.19718607306,32.2606283333333,64.553495,500,495.907957169967,16.4213400706477,4.59187940344997,36.2169910018331,181.126529328914,0.384042513652399,0.0232951800645043,1e-12,70131005,4
10437021,2026.19718607306,32.2606283333333,64.553495,502,497.889227873112,16.3866895809579,4.58780222795806,36.2114650380369,181.324386183946,0.385938832877993,0.0271859950839304,1e-12,70131005,4
10437021,2026.19718607306,32.2606283333333,64.553495,504,499.876931100307,16.349842260826,4.58340978707868,36.2051160670403,181.595961996106,0.384051538030302,0.0257064523018989,1e-12,70131005,4
10437022,2026.19729261796,32.3007433333333,64.5739583333333,2,1.95911842105263,20.2022814493927,5.01950813115026,36.6965151865694,228.538158157561,0.554458024869867,0.12841548582996,1.43103259109312,70131006,3
10437022,2026.19729261796,32.3007433333333,64.5739583333333,4,3.9757898500028,20.2061755508608,5.01999808347703,36.6964056533884,228.781689361324,0.5318728028436,0.130101345518812,1.05702651062767,70131006,3
10437022,2026.19729261796,32.3007433333333,64.5739583333333,6,5.95887729374465,20.2068382927888,5.02018325076636,36.6966061370443,229.048117832519,0.525519502097142,0.131501703159074,0.620882036615366,70131006,3
10437022,2026.19729261796,32.3007433333333,64.5739583333333,8,7.94119197360016,20.2075223570092,5.02037580573118,36.6968488601634,229.360213910872,0.513040959382547,0.137775034099031,0.232875489310197,70131006,3
10437022,2026.19729261796,32.3007433333333,64.5739583333333,10,9.93026123185482,20.2085792790614,5.02053847856531,36.6965210021755,229.500615758658,0.509741953689616,0.12843712884593,0.164536754796496,70131006,3
10437022,2026.19729261796,32.3007433333333,64.5739583333333,12,11.9141626753179,20.2068414321702,5.02041986549505,36.6963158866945,229.410906829969,0.504459627938905,0.126341123386848,0.0835701840665641,70131006,3
10437022,2026.19729261796,32.3007433333333,64.5739583333333,14,13.9027322222393,20.1988199080489,5.01958672743469,36.6957111676325,229.528004540069,0.504477804600654,0.124706462266034,0.0491285082005955,70131006,3
10437022,2026.19729261796,32.3007433333333,64.5739583333333,16,15.8809739312605,20.1817796224702,5.01773960176172,36.6946263583829,229.608287020904,0.503864660777859,0.127039998945262,0.020129362234257,70131006,3
10437022,2026.19729261796,32.3007433333333,64.5739583333333,18,17.8805928353978,20.1431833908455,5.01353377140637,36.6929213380897,230.136782102394,0.503175617413318,0.134153738299867,0.00598036607235628,70131006,3
10437022,2026.19729261796,32.3007433333333,64.5739583333333,20,19.852191362482,20.111292420935,5.01006980130374,36.6914678138686,230.753255617354,0.50256694899347,0.14145973402701,1e-12,70131006,3
10437022,2026.19729261796,32.3007433333333,64.5739583333333,22,21.8493383244546,20.0317702505829,5.00148727413915,36.6893736783131,231.311498681839,0.502452145442237,0.138872341453191,1e-12,70131006,3
10437022,2026.19729261796,32.3007433333333,64.5739583333333,24,23.8259006472955,19.8924358131004,4.98628799355322,36.6848549125655,232.88618715527,0.497978544314943,0.154712395373031,7.58739848962689e-06,70131006,3
10437022,2026.19729261796,32.3007433333333,64.5739583333333,26,25.818467242582,19.7152358545382,4.96727349642719,36.6817196289503,233.964635567773,0.496789053696045,0.155493743812384,4.48718055838145e-07,70131006,3
10437022,2026.19729261796,32.3007433333333,64.5739583333333,28,27.8007527220541,19.60730633494,4.95635457407254,36.6849577320485,234.131471084783,0.493520054163119,0.165034364466687,1.43706596892584e-08,70131006,3
10437022,2026.19729261796,32.3007433333333,64.5739583333333,30,29.78884439887,19.5561958260083,4.95127783159542,36.6868523086426,233.745352636976,0.493048796247452,0.166407726544174,5.92320394723753e-10,70131006,3
10437022,2026.19729261796,32.3007433333333,64.5739583333333,32,31.7715452803122,19.4605256701899,4.94189777885694,36.6920621121251,232.878285940275,0.48688072498393,0.19376188062146,1e-12,70131006,3
10437022,2026.19729261796,32.3007433333333,64.5739583333333,34,33.7631883293479,19.4560257914624,4.9419773753149,36.6959334134678,232.979993799039,0.486981478388864,0.213061319502757,1e-12,70131006,3
10437022,2026.19729261796,32.3007433333333,64.5739583333333,36,35.7413794050466,19.4530720863241,4.94190673936187,36.6971887737349,232.046263490475,0.488246220931408,0.226799191464089,1.07499108245141e-12,70131006,3
10437022,2026.19729261796,32.3007433333333,64.5739583333333,38,37.7322761027121,19.4382064716476,4.94039460786496,36.6968999123965,231.568506882446,0.490947304745114,0.242080773271474,1.00372710596998e-12,70131006,3
10437022,2026.19729261796,32.3007433333333,64.5739583333333,40,39.7171021470851,19.412060400917,4.93764292885824,36.6961948193373,230.537630694634,0.503413611867694,0.290005164193294,1.00017973353662e-12,70131006,3
10437022,2026.19729261796,32.3007433333333,64.5739583333333,42,41.6929413017271,19.3913912061029,4.93570475523316,36.6974582974381,229.053289844095,0.504420638244924,0.322021951527615,9.99976357540444e-13,70131006,3
10437022,2026.19729261796,32.3007433333333,64.5739583333333,44,43.69344940171,19.3744858273053,4.93371728603348,36.6949871105859,228.67532227254,0.507641191348658,0.348784860331603,9.99997858829923e-13,70131006,3
10437022,2026.19729261796,32.3007433333333,64.5739583333333,46,45.6614000745783,19.3331824293166,4.92883604771668,36.6898210186083,228.391188973462,0.507172238463206,0.391109212845764,1.0000002923234e-12,70131006,3
10437022,2026.19729261796,32.3007433333333,64.5739583333333,48,47.6611859061321,19.2879338322988,4.92314142483221,36.6813016971126,229.379876463836,0.506703970806407,0.39515336683344,1.00000002409578e-12,70131006,3
10437022,2026.19729261796,32.3007433333333,64.5739583333333,50,49.6371510433249,19.2698807719902,4.92103307542117,36.6788134540813,228.58812711196,0.506226789635346,0.413346065195575,9.99999998567209e-13,70131006,3
10437022,2026.19729261796,32.3007433333333,64.5739583333333,52,51.6367268646853,19.254910235328,4.91957448064653,36.6790448746498,228.314484775119,0.505425606063771,0.438570265564334,9.99999999821934e-13,70131006,3
10437022,2026.19729261796,32.3007433333333,64.5739583333333,54,53.6071914685303,19.2444321627635,4.91852773115754,36.6787619282172,227.145021784315,0.507047984025267,0.499364234910861,1.00000000000501e-12,70131006,3
10437022,2026.19729261796,32.3007433333333,64.5739583333333,56,55.6086011179678,19.2458051558227,4.91908014370748,36.681422055181,226.077355777487,0.511807264869323,0.517808985752529,1.00000000000022e-12,70131006,3
10437022,2026.19729261796,32.3007433333333,64.5739583333333,58,57.5842935447207,19.2400975124634,4.91863428589572,36.6819646852544,226.614616921959,0.511844832106165,0.558496123830378,9.99999999999988e-13,70131006,3
10437022,2026.19729261796,32.3007433333333,64.5739583333333,60,59.5682989014709,19.2168848447311,4.91593616852774,36.6790782623497,224.811969054307,0.506703196396637,0.550238019772113,1e-12,70131006,3
10437022,2026.19729261796,32.3007433333333,64.5739583333333,62,61.5655232393961,19.2208145223153,4.91727723689157,36.6860975961173,224.58755600997,0.50464016980906,0.556693381920607,1e-12,70131006,3
10437022,2026.19729261796,32.3007433333333,64.5739583333333,64,63.5279844172237,19.211916413809,4.91627928057876,36.6848272661813,222.933211971205,0.501973336795056,0.648063195104988,1e-12,70131006,3
10437022,2026.19729261796,32.3007433333333,64.5739583333333,66,65.5343292117014,19.2128574343884,4.91723785455814,36.6912791275897,222.29825075118,0.489315534924968,0.584827133447974,1e-12,70131006,3
10437022,2026.19729261796,32.3007433333333,64.5739583333333,68,67.5105208956857,19.2118020139182,4.91742433789201,36.693017001437,222.110431980401,0.486100073217946,0.560796941332014,1e-12,70131006,3
10437022,2026.19729261796,32.3007433333333,64.5739583333333,70,69.4966173725419,19.210559285125,4.91743914055678,36.6934799710601,221.671287107336,0.482124125080687,0.554197272594895,1e-12,70131006,3
10437022,2026.19729261796,32.3007433333333,64.5739583333333,72,71.4905179070844,19.2072933952395,4.91719742395499,36.6935786316578,220.987012084185,0.47747569200194,0.532243910695553,1e-12,70131006,3
10437022,2026.19729261796,32.3007433333333,64.5739583333333,74,73.4538904729363,19.2029361666056,4.91682185603618,36.6935186787325,220.567374017614,0.464376191045091,0.448026698963359,1e-12,70131006,3
10437022,2026.19729261796,32.3007433333333,64.5739583333333,76,75.4623531649926,19.2002244405171,4.91661625160478,36.69343062924,219.996174322501,0.45742805576297,0.401211090737534,1e-12,70131006,3
10437022,2026.19729261796,32.3007433333333,64.5739583333333,78,77.428418603237,19.1980148654099,4.91645712805674,36.6932888676479,220.046918812569,0.446049804266918,0.357555436470456,1e-12,70131006,3
10437022,2026.19729261796,32.3007433333333,64.5739583333333,80,79.4286883351287,19.195862782688,4.91625659715494,36.6927488093096,219.688773783051,0.444685651126273,0.344446951725487,1e-12,70131006,3
10437022,2026.19729261796,32.3007433333333,64.5739583333333,82,81.4116881248645,19.1908859854976,4.91572908407644,36.6919611209316,219.22972751422,0.439764614118944,0.303730085286117,1e-12,70131006,3
10437022,2026.19729261796,32.3007433333333,64.5739583333333,84,83.3960260441722,19.186422666006,4.91527242197641,36.6913140724037,218.826528233747,0.432260825699465,0.276406576836426,1e-12,70131006,3
10437022,2026.19729261796,32.3007433333333,64.5739583333333,86,85.383824088472,19.1827831976647,4.91493478128802,36.6909377752764,218.383584202078,0.424804408074478,0.22664933306902,1e-12,70131006,3
10437022,2026.19729261796,32.3007433333333,64.5739583333333,88,87.3639825115543,19.1769991843834,4.91429719572789,36.6899390841959,217.754248350173,0.421814715597698,0.19460471278168,1e-12,70131006,3
10437022,2026.19729261796,32.3007433333333,64.5739583333333,90,89.3549159958486,19.1709357445942,4.9136421090912,36.6890401431701,217.997344929825,0.415372401726691,0.171647976903322,1e-12,70131006,3
10437022,2026.19729261796,32.3007433333333,64.5739583333333,92,91.3294424566661,19.1694164642538,4.91352623086385,36.6886512508079,218.275946962517,0.413056005219221,0.163724481012568,1e-12,70131006,3
10437022,2026.19729261796,32.3007433333333,64.5739583333333,94,93.3223943121566,19.1669564855219,4.91328137529039,36.6880110444966,218.241416706081,0.412884499739093,0.163237142180952,1e-12,70131006,3
10437022,2026.19729261796,32.3007433333333,64.5739583333333,96,95.3120645971464,19.1652886018623,4.91315654028546,36.6876784161962,218.749764468064,0.411541020630002,0.149896603119448,1e-12,70131006,3
10437022,2026.19729261796,32.3007433333333,64.5739583333333,98,97.2835912562387,19.1621941642764,4.91286483059711,36.6872056846465,218.133787229212,0.410467942515078,0.14513072805909,1e-12,70131006,3
10437022,2026.19729261796,32.3007433333333,64.5739583333333,100,99.2783426221904,19.1604875873518,4.91285989948113,36.687914266233,218.34911688689,0.407651459023684,0.116358707592947,1e-12,70131006,3
10437022,2026.19729261796,32.3007433333333,64.5739583333333,102,101.262455286597,19.1597490828321,4.9128616073857,36.6878228389682,218.313505041882,0.406450390834017,0.113043558541108,1e-12,70131006,3
10437022,2026.19729261796,32.3007433333333,64.5739583333333,104,103.244555942443,19.1590830403967,4.9128709018241,36.6877311528304,218.347009423368,0.403738807538138,0.0970812995235799,1e-12,70131006,3
10437022,2026.19729261796,32.3007433333333,64.5739583333333,106,105.232189163094,19.1565110019574,4.91263207544772,36.6872408710946,218.41094738397,0.402289792321475,0.0835388357606504,1e-12,70131006,3
10437022,2026.19729261796,32.3007433333333,64.5739583333333,108,107.216495828577,19.1471377425404,4.91146414065243,36.6849601821629,218.335412545977,0.401560269384018,0.0754205071227339,1e-12,70131006,3
10437022,2026.19729261796,32.3007433333333,64.5739583333333,110,109.201010999364,19.1372696471479,4.91021089204493,36.682398901747,218.193073450655,0.401118161005076,0.0693261149419653,1e-12,70131006,3
10437022,2026.19729261796,32.3007433333333,64.5739583333333,112,111.187117394298,19.1237861963356,4.90841722960902,36.6784921760093,218.322173872497,0.400633963029434,0.0663248060921779,1e-12,70131006,3
10437022,2026.19729261796,32.3007433333333,64.5739583333333,114,113.17224208807,19.1140926932241,4.90717971384338,36.6759052941177,218.712092253533,0.400154334681351,0.0754257827359586,1e-12,70131006,3
10437022,2026.19729261796,32.3007433333333,64.5739583333333,116,115.154521545346,19.0918484041962,4.90426002563405,36.6702746998003,219.197570840539,0.400538956209841,0.0787086370669364,1e-12,70131006,3
10437022,2026.19729261796,32.3007433333333,64.5739583333333,118,117.143836018898,19.0642204129764,4.90067245172726,36.6637797662643,219.35560600729,0.400855144856144,0.0801269565467877,1e-12,70131006,3
10437022,2026.19729261796,32.3007433333333,64.5739583333333,120,119.1121747892,19.0561442831329,4.89968613194303,36.6618675377195,218.513706343673,0.400621860352956,0.0733206815080664,1e-12,70131006,3
10437022,2026.19729261796,32.3007433333333,64.5739583333333,122,121.115682011816,19.0560294147348,4.8999339748456,36.6632952598011,218.169005768032,0.400826668796369,0.0717736018857561,1e-12,70131006,3
10437022,2026.19729261796,32.3007433333333,64.5739583333333,124,123.094583851991,19.0549983806062,4.89993092034523,36.6634226770625,217.955254654474,0.40090418184382,0.0620358149277054,1e-12,70131006,3
10437022,2026.19729261796,32.3007433333333,64.5739583333333,126,125.078571674245,19.0496423940256,4.89932666361148,36.6623177042198,217.539474691425,0.401066239812569,0.0660404575227508,1e-12,70131006,3
10437022,2026.19729261796,32.3007433333333,64.5739583333333,128,127.067390276635,19.0386024462678,4.89798280853625,36.6600168409296,217.789830252722,0.399848833755495,0.0655875936263384,1e-12,70131006,3
10437022,2026.19729261796,32.3007433333333,64.5739583333333,130,129.049866072736,19.0300276098917,4.89697278444178,36.658343465038,217.077261496801,0.399794529905047,0.0699708418770338,1e-12,70131006,3
10437022,2026.19729261796,32.3007433333333,64.5739583333333,132,131.027470049712,19.0250062327862,4.89643451911428,36.6574964942201,216.961034424459,0.399879635245325,0.0655446728876325,1e-12,70131006,3
10437022,2026.19729261796,32.3007433333333,64.5739583333333,134,133.022354267891,19.0214642802155,4.89605552586385,36.6566810748442,217.363932862515,0.399691593331129,0.0613410975894025,1e-12,70131006,3
10437022,2026.19729261796,32.3007433333333,64.5739583333333,136,135.009277311763,19.0127728302536,4.89498476592671,36.6545975986977,217.744891544033,0.399368380478281,0.0605625569251474,1e-12,70131006,3
10437022,2026.19729261796,32.3007433333333,64.5739583333333,138,136.989460004011,19.0039437225876,4.89397917642098,36.6531839918693,217.723602259594,0.399747455673004,0.0633541870289773,1e-12,70131006,3
10437022,2026.19729261796,32.3007433333333,64.5739583333333,140,138.976605890565,19.0012369686407,4.89378821358105,36.6532123019232,216.988888769388,0.39915399108905,0.0674905045640298,1e-12,70131006,3
10437022,2026.19729261796,32.3007433333333,64.5739583333333,142,140.956568054007,18.9978755840998,4.89347868144871,36.6528213231426,216.383193475966,0.399306319390839,0.0615832654347407,1e-12,70131006,3
10437022,2026.19729261796,32.3007433333333,64.5739583333333,144,142.944603691145,18.9939364723022,4.89313896899945,36.6526874159151,215.536602933715,0.398733535555147,0.0599805568080976,1e-12,70131006,3
10437022,2026.19729261796,32.3007433333333,64.5739583333333,146,144.928303151949,18.9881203612526,4.89252220812249,36.6518809726786,215.570083286412,0.398989514529735,0.0562575062555451,1e-12,70131006,3
10437022,2026.19729261796,32.3007433333333,64.5739583333333,148,146.903026878314,18.984633905661,4.89219965941526,36.6514908987429,214.747771117185,0.398098801282914,0.057240641254219,1e-12,70131006,3
10437022,2026.19729261796,32.3007433333333,64.5739583333333,150,148.902376374971,18.9847606159993,4.89229666928791,36.6514373295333,215.407230631666,0.398408105780951,0.0568429786740542,1e-12,70131006,3
10437022,2026.19729261796,32.3007433333333,64.5739583333333,152,150.877044098266,18.9849462653937,4.89241707256571,36.6515287525245,214.650001741975,0.397901452691227,0.0574571146453285,1e-12,70131006,3
10437022,2026.19729261796,32.3007433333333,64.5739583333333,154,152.870071100535,18.9852985665339,4.89256056587538,36.6516673005559,214.726762798784,0.398021602726524,0.0611680963920249,1e-12,70131006,3
10437022,2026.19729261796,32.3007433333333,64.5739583333333,156,154.843525909514,18.9829211547264,4.89239153285491,36.6515891270631,213.756834391291,0.398868351921755,0.0469997120666269,1e-12,70131006,3
10437022,2026.19729261796,32.3007433333333,64.5739583333333,158,156.840194472628,18.9764233115929,4.89177345324886,36.6513748757623,212.655328986849,0.398240237601988,0.0517950709265518,1e-12,70131006,3
10437022,2026.19729261796,32.3007433333333,64.5739583333333,160,158.830372011622,18.9736363426557,4.89154613366146,36.6511681580321,212.966758304692,0.397676382441765,0.0470559225181595,1e-12,70131006,3
10437022,2026.19729261796,32.3007433333333,64.5739583333333,162,160.806235632149,18.9653834263709,4.89059827233872,36.649728214068,213.82938491161,0.398479209566173,0.0431379062562586,1e-12,70131006,3
10437022,2026.19729261796,32.3007433333333,64.5739583333333,164,162.782824075712,18.9569413242888,4.88966329814855,36.6485636885406,213.506599148347,0.398570825172487,0.0427094602276974,1e-12,70131006,3
10437022,2026.19729261796,32.3007433333333,64.5739583333333,166,164.775608512498,18.9517409022579,4.88913706089054,36.6479738386079,212.8779090592,0.398193708285999,0.0373210862089171,1e-12,70131006,3
10437022,2026.19729261796,32.3007433333333,64.5739583333333,168,166.752361866038,18.9512321384151,4.88915668821345,36.6478314671304,213.017966602759,0.398730460054154,0.0373798884991631,1e-12,70131006,3
10437022,2026.19729261796,32.3007433333333,64.5739583333333,170,168.739129789351,18.9481759660334,4.8888507379372,36.6472000188113,213.090128385599,0.398245543507697,0.040974199127991,1e-12,70131006,3
10437022,2026.19729261796,32.3007433333333,64.5739583333333,172,170.729980345787,18.936530392605,4.88749151480306,36.6452935726954,213.054156159889,0.399955467106311,0.0399694176920534,1e-12,70131006,3
10437022,2026.19729261796,32.3007433333333,64.5739583333333,174,172.704484782681,18.9269169320184,4.88639885032478,36.6438341999684,212.461469851312,0.397664902142229,0.0326886940913133,1e-12,70131006,3
10437022,2026.19729261796,32.3007433333333,64.5739583333333,176,174.702685953923,18.9222513088002,4.88590017487965,36.6430019259707,212.231627417692,0.397722606264891,0.0344889033662078,1e-12,70131006,3
10437022,2026.19729261796,32.3007433333333,64.5739583333333,178,176.669795967119,18.9173775477807,4.88539124688631,36.6422673103215,211.614125593333,0.39804312902033,0.0335409908563293,1e-12,70131006,3
10437022,2026.19729261796,32.3007433333333,64.5739583333333,180,178.666459763785,18.9125006358384,4.88489067982217,36.6416058038785,211.359643146016,0.397700137048782,0.0319265104552198,1e-12,70131006,3
10437022,2026.19729261796,32.3007433333333,64.5739583333333,182,180.644264582962,18.9052871335772,4.88400826643032,36.6397923150516,212.312488939886,0.397896397223928,0.0356039218059193,1e-12,70131006,3
10437022,2026.19729261796,32.3007433333333,64.5739583333333,184,182.631508131965,18.8873180998437,4.88150377735985,36.6338165776041,213.681510344648,0.396548912887954,0.0440951013482312,1e-12,70131006,3
10437022,2026.19729261796,32.3007433333333,64.5739583333333,186,184.620270720721,18.871366311664,4.87931127725115,36.6286821053255,214.868052671108,0.396330152983901,0.0433458346626859,1e-12,70131006,3
10437022,2026.19729261796,32.3007433333333,64.5739583333333,188,186.597098958492,18.8535320608552,4.87690017609045,36.6233649742418,216.265375523696,0.395867229810831,0.0484073402194747,1e-12,70131006,3
10437022,2026.19729261796,32.3007433333333,64.5739583333333,190,188.584887247277,18.8463745833524,4.87601674863155,36.6214865014757,217.070322862782,0.396753220403908,0.0423420068033053,1e-12,70131006,3
10437022,2026.19729261796,32.3007433333333,64.5739583333333,192,190.567224011948,18.8401720859785,4.87527801661892,36.6199836158007,217.297974301834,0.395382148428963,0.0475310792570904,1e-12,70131006,3
10437022,2026.19729261796,32.3007433333333,64.5739583333333,194,192.552302847613,18.8412018209437,4.87556527222191,36.6207390379257,215.772034323221,0.394963900101535,0.0422041146368354,1e-12,70131006,3
10437022,2026.19729261796,32.3007433333333,64.5739583333333,196,194.532701677749,18.8659278723745,4.87935471073692,36.6300758413117,212.997668068088,0.395734052337198,0.039910295946902,1e-12,70131006,3
10437022,2026.19729261796,32.3007433333333,64.5739583333333,198,196.523916735689,18.8698217826322,4.87998914134487,36.6312238633048,212.477702266971,0.396206175104784,0.0369647302717166,1e-12,70131006,3
10437022,2026.19729261796,32.3007433333333,64.5739583333333,200,198.503070827894,18.8642984462688,4.87937045791773,36.6301356486345,212.748852841851,0.396456747888343,0.0315886595771726,1e-12,70131006,3
10437022,2026.19729261796,32.3007433333333,64.5739583333333,202,200.492078180176,18.8529429635004,4.87787611030111,36.6268200257398,214.520987419647,0.395433100107057,0.0327111707633991,1e-12,70131006,3
10437022,2026.19729261796,32.3007433333333,64.5739583333333,204,202.473460705906,18.8429456168428,4.87654093687054,36.6236438113281,215.788571479165,0.394032646610888,0.0364737908015067,1e-12,70131006,3
10437022,2026.19729261796,32.3007433333333,64.5739583333333,206,204.455487136548,18.8435782522935,4.87676136825784,36.6241871756282,214.48994375593,0.394992610906393,0.0376674573736171,1e-12,70131006,3
10437022,2026.19729261796,32.3007433333333,64.5739583333333,208,206.442314146107,18.8459811427223,4.87737116779337,36.6264503605329,212.507885148968,0.394456947533377,0.0434453809414212,1e-12,70131006,3
10437022,2026.19729261796,32.3007433333333,64.5739583333333,210,208.426701804271,18.8401985525273,4.87696541628469,36.627388797338,211.006245307945,0.39438724001497,0.0290857306800069,1e-12,70131006,3
10437022,2026.19729261796,32.3007433333333,64.5739583333333,212,210.404879766729,18.8368887573945,4.87670460620166,36.6273607798041,210.414692177273,0.393686155835727,0.0290157672100687,1e-12,70131006,3
10437022,2026.19729261796,32.3007433333333,64.5739583333333,214,212.396190774854,18.8362451655515,4.87677873145766,36.6277994807629,208.659511804875,0.394072830771201,0.0305296465893474,1e-12,70131006,3
10437022,2026.19729261796,32.3007433333333,64.5739583333333,216,214.374536379402,18.8329995710444,4.87653033952667,36.6278195531147,206.996230084144,0.394445139151494,0.0354436742300095,1e-12,70131006,3
10437022,2026.19729261796,32.3007433333333,64.5739583333333,218,216.360325921896,18.8259577375396,4.87585897619147,36.6276303087013,205.534881972793,0.393618444418087,0.0329950037870741,1e-12,70131006,3
10437022,2026.19729261796,32.3007433333333,64.5739583333333,220,218.347870334191,18.8184440209469,4.87516056643882,36.6276304561456,205.104619554054,0.393534441156476,0.0315275390953352,1e-12,70131006,3
10437022,2026.19729261796,32.3007433333333,64.5739583333333,222,220.328930388415,18.8080180619418,4.87399951871082,36.626302001452,205.808501185504,0.393960765654475,0.0353647529843776,1e-12,70131006,3
10437022,2026.19729261796,32.3007433333333,64.5739583333333,224,222.312288219289,18.8018379237765,4.87330320686224,36.625137176754,206.953798140166,0.393523847199669,0.0349934814226862,1e-12,70131006,3
10437022,2026.19729261796,32.3007433333333,64.5739583333333,226,224.288775017127,18.783114530895,4.8710964296918,36.6223212939213,206.453867313765,0.393099917155835,0.0364372121452134,1e-12,70131006,3
10437022,2026.19729261796,32.3007433333333,64.5739583333333,228,226.284882445193,18.773694516422,4.87003887727745,36.6209724269076,206.058431300113,0.392989427078654,0.0320327394429932,1e-12,70131006,3
10437022,2026.19729261796,32.3007433333333,64.5739583333333,230,228.270626379495,18.7588612306816,4.86840128192677,36.6195159026214,205.270991749134,0.393353682610033,0.0317191128953144,1e-12,70131006,3
10437022,2026.19729261796,32.3007433333333,64.5739583333333,232,230.240114791198,18.7352458558933,4.86558860008132,36.6159025015303,204.08656123822,0.393429528989107,0.0304844118999333,1e-12,70131006,3
10437022,2026.19729261796,32.3007433333333,64.5739583333333,234,232.235394171726,18.7284067333953,4.86487255317484,36.6151501547079,204.310875037732,0.392659532778799,0.0263763560009024,1e-12,70131006,3
10437022,2026.19729261796,32.3007433333333,64.5739583333333,236,234.217294138939,18.7256164247901,4.86463654765705,36.6148693599243,204.340008901504,0.392941212721103,0.0312846486595997,1e-12,70131006,3
10437022,2026.19729261796,32.3007433333333,64.5739583333333,238,236.200188662993,18.7186749153315,4.86385774954713,36.6136759425096,204.031848391245,0.392739633109745,0.0311333049841882,1e-12,70131006,3
10437022,2026.19729261796,32.3007433333333,64.5739583333333,240,238.185791541706,18.7052655398534,4.86238790684541,36.6123686526175,204.54397213214,0.392042684635181,0.0273025723361233,1e-12,70131006,3
10437022,2026.19729261796,32.3007433333333,64.5739583333333,242,240.162207094785,18.7054988211423,4.8627210310153,36.614223943086,206.769222059312,0.391589492019449,0.0216834342881816,1e-12,70131006,3
10437022,2026.19729261796,32.3007433333333,64.5739583333333,244,242.14384796458,18.7098415033058,4.86345083332097,36.6157923113872,207.219290904899,0.391311102485304,0.0257021760452564,1e-12,70131006,3
10437022,2026.19729261796,32.3007433333333,64.5739583333333,246,244.13959215122,18.7088027899722,4.86340220723438,36.615544126934,208.017577984633,0.391367289335001,0.0288334099122539,1e-12,70131006,3
10437022,2026.19729261796,32.3007433333333,64.5739583333333,248,246.120179566409,18.6967471810492,4.86206320600674,36.6141434855361,207.401363862265,0.390899564549504,0.0300058218561853,1e-12,70131006,3
10437022,2026.19729261796,32.3007433333333,64.5739583333333,250,248.096065954995,18.6855677706121,4.86077660538029,36.6124080267887,206.494100269866,0.390419938153442,0.0298980602918418,1e-12,70131006,3
10437022,2026.19729261796,32.3007433333333,64.5739583333333,252,250.089050371464,18.6671251475359,4.85856613443409,36.6092889131199,206.313595357103,0.389838451465491,0.0303516271985714,1e-12,70131006,3
10437022,2026.19729261796,32.3007433333333,64.5739583333333,254,252.075084463029,18.645298162364,4.85606513795312,36.6067067503098,205.79978553698,0.389640404721524,0.0292885206181785,1e-12,70131006,3
10437022,2026.19729261796,32.3007433333333,64.5739583333333,256,254.049303255258,18.6279821312971,4.85408972873594,36.604572425975,205.162890991817,0.389061229056963,0.0223085233365046,1e-12,70131006,3
10437022,2026.19729261796,32.3007433333333,64.5739583333333,258,256.030678175302,18.6196369466126,4.85311566055191,36.6029624057965,204.621873889114,0.388821165012085,0.0293104577500082,1e-12,70131006,3
10437022,2026.19729261796,32.3007433333333,64.5739583333333,260,258.027170139726,18.6044553094046,4.85133688904336,36.6005958789024,204.342354320773,0.388399044283889,0.0320186525520986,1e-12,70131006,3
10437022,2026.19729261796,32.3007433333333,64.5739583333333,262,260.002865427153,18.5923989535638,4.84994573353589,36.5987402840984,203.404010598597,0.388427746247128,0.0309150615739549,1e-12,70131006,3
10437022,2026.19729261796,32.3007433333333,64.5739583333333,264,261.979809115556,18.5836804243338,4.84894020835363,36.5971913905885,202.726741069216,0.388794673444046,0.0277273031419755,1e-12,70131006,3
10437022,2026.19729261796,32.3007433333333,64.5739583333333,266,263.964925582334,18.5751262290235,4.84796452863756,36.5957490251238,202.713667014272,0.388476982976232,0.0248857924465227,1e-12,70131006,3
10437022,2026.19729261796,32.3007433333333,64.5739583333333,268,265.959400554505,18.5619624921322,4.84641753520763,36.5935498735468,202.548911119842,0.388560883966523,0.0253279537046923,1e-12,70131006,3
10437022,2026.19729261796,32.3007433333333,64.5739583333333,270,267.935229564639,18.5558855849915,4.84574994561167,36.5925206983632,202.504608251883,0.388445856787138,0.0305225934991493,1e-12,70131006,3
10437022,2026.19729261796,32.3007433333333,64.5739583333333,272,269.910356982654,18.5413856252314,4.84402684717967,36.5900101690752,202.639579038267,0.387975868998788,0.0248171939526073,1e-12,70131006,3
10437022,2026.19729261796,32.3007433333333,64.5739583333333,274,271.899131894782,18.524616042596,4.84207437434726,36.587564880371,202.513632784637,0.387039572907642,0.0232682006710582,1e-12,70131006,3
10437022,2026.19729261796,32.3007433333333,64.5739583333333,276,273.917019777689,18.5144132787114,4.84089651127361,36.5858634391583,202.516224190698,0.386659982532144,0.0279154408732672,1e-12,70131006,3
10437022,2026.19729261796,32.3007433333333,64.5739583333333,278,275.862618201188,18.5112487542274,4.84056047261278,36.5850601111533,201.613155621309,0.387499688508876,0.0286981430052361,1e-12,70131006,3
10437022,2026.19729261796,32.3007433333333,64.5739583333333,280,277.847178940729,18.4760840193176,4.83634074282203,36.5796831474999,201.67778051635,0.386720782367154,0.0276899177474219,1e-12,70131006,3
10437022,2026.19729261796,32.3007433333333,64.5739583333333,282,279.842088003276,18.4671507881947,4.83524823556632,36.5775732185133,201.596233219138,0.386369181346461,0.025188870909751,1e-12,70131006,3
10437022,2026.19729261796,32.3007433333333,64.5739583333333,284,281.829216588776,18.4614265052565,4.83463121124232,36.5766542115429,201.898665356779,0.386474744755011,0.0223286818532965,1e-12,70131006,3
10437022,2026.19729261796,32.3007433333333,64.5739583333333,286,283.79430555602,18.456959163745,4.83416822266541,36.575927716596,202.077573846275,0.387052475018211,0.0269408275272603,1e-12,70131006,3
10437022,2026.19729261796,32.3007433333333,64.5739583333333,288,285.789112939411,18.4530539386459,4.83376640324911,36.5752216799704,201.684894884542,0.386246109870533,0.0280263890371597,1e-12,70131006,3
10437022,2026.19729261796,32.3007433333333,64.5739583333333,290,287.775750164962,18.446762466839,4.83310609698774,36.5744378398911,201.645123067246,0.386214470210968,0.0263369826973835,1e-12,70131006,3
10437022,2026.19729261796,32.3007433333333,64.5739583333333,292,289.743910523531,18.432936682931,4.83151787429553,36.5724565434132,201.866469911603,0.386443608637834,0.0234345262988459,1e-12,70131006,3
10437022,2026.19729261796,32.3007433333333,64.5739583333333,294,291.737418807593,18.4244145415285,4.83055018750724,36.5710388861237,201.841780991717,0.385869464328642,0.0250125559430184,1e-12,70131006,3
10437022,2026.19729261796,32.3007433333333,64.5739583333333,296,293.725602338267,18.4229672697535,4.8304489261616,36.5707042833054,201.687778795162,0.385606431366688,0.0324172231000383,1e-12,70131006,3
10437022,2026.19729261796,32.3007433333333,64.5739583333333,298,295.691948289968,18.3992629971273,4.82753334552467,36.5662013521024,201.507827862334,0.385718764482483,0.0249095930335007,1e-12,70131006,3
10437022,2026.19729261796,32.3007433333333,64.5739583333333,300,297.692004374601,18.3631162178858,4.82317802996295,36.5604965964677,201.279916118895,0.385223255024155,0.0256222542408391,1e-12,70131006,3
10437022,2026.19729261796,32.3007433333333,64.5739583333333,302,299.667567466731,18.3585685054906,4.82270049520006,36.55971221366,201.142936197406,0.385554433283767,0.0285518539142188,1e-12,70131006,3
10437022,2026.19729261796,32.3007433333333,64.5739583333333,304,301.649813584234,18.3561940684107,4.82246873153485,36.5590894234787,201.245218749625,0.385174583000598,0.0281457357593741,1e-12,70131006,3
10437022,2026.19729261796,32.3007433333333,64.5739583333333,306,303.639945481269,18.3576631528782,4.82278040102038,36.5596783671109,201.789782852323,0.385171500783375,0.0254070213099578,1e-12,70131006,3
10437022,2026.19729261796,32.3007433333333,64.5739583333333,308,305.606380585395,18.3552037997549,4.82258807136057,36.5594672844215,201.062904885537,0.385272831601828,0.0328715967144512,1e-12,70131006,3
10437022,2026.19729261796,32.3007433333333,64.5739583333333,310,307.601113247759,18.3315769766958,4.8196179440873,36.5544111903608,201.402598059332,0.385229502993647,0.0281025348305047,1e-12,70131006,3
10437022,2026.19729261796,32.3007433333333,64.5739583333333,312,309.593384181638,18.3180574006435,4.81803364395005,36.5521725240588,201.415837270453,0.385198148808737,0.0283747311118791,1e-12,70131006,3
10437022,2026.19729261796,32.3007433333333,64.5739583333333,314,311.567361924145,18.3090343976805,4.81699683591767,36.550599614563,201.512130967556,0.385466675556695,0.0245795570345401,1e-12,70131006,3
10437022,2026.19729261796,32.3007433333333,64.5739583333333,316,313.534335304964,18.2979596949933,4.81573513660032,36.5489331523139,201.57108522889,0.384636230786714,0.0208723020841787,1e-12,70131006,3
10437022,2026.19729261796,32.3007433333333,64.5739583333333,318,315.532195631441,18.2880026037741,4.81459809958858,36.5473343959552,201.631171692389,0.385035345495962,0.0185146196776749,1e-12,70131006,3
10437022,2026.19729261796,32.3007433333333,64.5739583333333,320,317.534946360778,18.2818555345172,4.81389300165335,36.5460288483789,201.585642257951,0.384178611082958,0.0176501897175557,1e-12,70131006,3
10437022,2026.19729261796,32.3007433333333,64.5739583333333,322,319.493766949811,18.2793599348573,4.81364765840927,36.5453961718172,201.606871709017,0.385092956591462,0.0236024733024354,1e-12,70131006,3
10437022,2026.19729261796,32.3007433333333,64.5739583333333,324,321.478442533439,18.2724430617258,4.81288514193003,36.5442854011356,201.461238798487,0.384626823429213,0.0206388865496772,1e-12,70131006,3
10437022,2026.19729261796,32.3007433333333,64.5739583333333,326,323.469758288516,18.2440109735457,4.80940237098853,36.5391044880883,201.616145092519,0.385348662619364,0.0269421062825653,1e-12,70131006,3
10437022,2026.19729261796,32.3007433333333,64.5739583333333,328,325.452747092846,18.2408271771001,4.80916174088834,36.539123790222,201.241707895622,0.384701389638876,0.0243274789124691,1e-12,70131006,3
10437022,2026.19729261796,32.3007433333333,64.5739583333333,330,327.421073548838,18.2357196034714,4.80859428289443,36.5380644441914,201.152552109835,0.384317337915668,0.0280333981373271,1e-12,70131006,3
10437022,2026.19729261796,32.3007433333333,64.5739583333333,332,329.414108199076,18.2167520766143,4.8063784284551,36.5352667725333,201.809105387622,0.384064340313446,0.0252960226275765,1e-12,70131006,3
10437022,2026.19729261796,32.3007433333333,64.5739583333333,334,331.404882109686,18.2153896742039,4.8062676706234,36.5347729274341,201.504411293594,0.384183315566799,0.0225140696239817,1e-12,70131006,3
10437022,2026.19729261796,32.3007433333333,64.5739583333333,336,333.378489776831,18.2121383117104,4.80595088262697,36.5342012134719,201.404185090023,0.385001596000687,0.0281876478703658,1e-12,70131006,3
10437022,2026.19729261796,32.3007433333333,64.5739583333333,338,335.356042582093,18.1991877655424,4.804456606534,36.5322055443221,201.969344285492,0.384428000179074,0.0232205901446349,1e-12,70131006,3
10437022,2026.19729261796,32.3007433333333,64.5739583333333,340,337.343290112528,18.1864252181978,4.80300753474762,36.5304273198058,201.930784845236,0.384181517209957,0.0199513453744603,1e-12,70131006,3
10437022,2026.19729261796,32.3007433333333,64.5739583333333,342,339.334138913065,18.1720444652522,4.80130420300075,36.5279142151745,201.498146878827,0.384079081348007,0.0212470597092505,1e-12,70131006,3
10437022,2026.19729261796,32.3007433333333,64.5739583333333,344,341.30453327808,18.1612075888818,4.80007969013719,36.5263369957452,201.262182757172,0.384456857411311,0.0176561290682555,1e-12,70131006,3
10437022,2026.19729261796,32.3007433333333,64.5739583333333,346,343.291898257127,18.1539482751852,4.79932946565412,36.525627375353,201.532186219297,0.384217155631298,0.0225322240221806,1e-12,70131006,3
10437022,2026.19729261796,32.3007433333333,64.5739583333333,348,345.275830027006,18.1508669930352,4.79906919734461,36.5253857098718,201.639059337011,0.383799484419227,0.0171876696362569,1e-12,70131006,3
10437022,2026.19729261796,32.3007433333333,64.5739583333333,350,347.262293992113,18.1334007652403,4.79709082526963,36.5232632795581,201.589249900793,0.383853396215234,0.0256973435597488,1e-12,70131006,3
10437022,2026.19729261796,32.3007433333333,64.5739583333333,352,349.240923946266,18.1203248403643,4.7957447222902,36.5226367274275,202.286800647505,0.383967907264486,0.0276287975667593,1e-12,70131006,3
10437022,2026.19729261796,32.3007433333333,64.5739583333333,354,351.22307344728,18.1167585665464,4.79541730892614,36.5222519293681,202.228581027678,0.384123570739439,0.0281095556466825,1e-12,70131006,3
10437022,2026.19729261796,32.3007433333333,64.5739583333333,356,353.204167787728,18.1143652407663,4.79522699228535,36.5219950829681,202.614722149194,0.384153307514691,0.0250273545348674,1e-12,70131006,3
10437022,2026.19729261796,32.3007433333333,64.5739583333333,358,355.189270026016,18.1055269507458,4.79425628816279,36.520802604849,202.544445108837,0.384129534245955,0.0227265172436285,1e-12,70131006,3
10437022,2026.19729261796,32.3007433333333,64.5739583333333,360,357.176531796584,18.10174993803,4.79396847467258,36.5209445639208,202.695726756026,0.384174897042085,0.0174522182208454,1e-12,70131006,3
10437022,2026.19729261796,32.3007433333333,64.5739583333333,362,359.151566573927,18.1020847737714,4.7941503206913,36.5214420499631,202.728754252765,0.384461141443501,0.0294845803676086,1e-12,70131006,3
10437022,2026.19729261796,32.3007433333333,64.5739583333333,364,361.127706028965,18.0978081144732,4.79377796136489,36.5213056003149,202.443398371185,0.384337417677818,0.0296856252881792,1e-12,70131006,3
10437022,2026.19729261796,32.3007433333333,64.5739583333333,366,363.121705108191,18.0929408979424,4.79326588548976,36.5204991019751,202.699203682993,0.38419527338319,0.0258058711153119,1e-12,70131006,3
10437022,2026.19729261796,32.3007433333333,64.5739583333333,368,365.100746728427,18.0860942803764,4.79245838038247,36.5189269913147,202.89980956682,0.384468413675033,0.0287618488436488,1e-12,70131006,3
10437022,2026.19729261796,32.3007433333333,64.5739583333333,370,367.076486491655,18.0719019285531,4.79084374573345,36.5169905553035,202.767597443875,0.384393655718491,0.0270300093984091,1e-12,70131006,3
10437022,2026.19729261796,32.3007433333333,64.5739583333333,372,369.071249955394,18.0694520167095,4.79063759545448,36.5166481246593,203.108223004903,0.384220293376753,0.0288362478878719,1e-12,70131006,3
10437022,2026.19729261796,32.3007433333333,64.5739583333333,374,371.054727793537,18.0636741004479,4.78996278240715,36.5152579394223,202.685036026547,0.384256347604075,0.0244632815954863,1e-12,70131006,3
10437022,2026.19729261796,32.3007433333333,64.5739583333333,376,373.032473060831,18.0489260181002,4.78812573529274,36.5119072288006,202.000321895341,0.384348097637961,0.0186866276176922,1e-12,70131006,3
10437022,2026.19729261796,32.3007433333333,64.5739583333333,378,374.998684128659,18.0318964761344,4.7859515206548,36.5076970663356,200.816922773019,0.384924114593055,0.0177300196755859,1e-12,70131006,3
10437022,2026.19729261796,32.3007433333333,64.5739583333333,380,376.994815261598,18.0036187380043,4.7824573095582,36.5021968912248,200.409323212678,0.384036172178265,0.0218990722609512,1e-12,70131006,3
10437022,2026.19729261796,32.3007433333333,64.5739583333333,382,379.001415844516,17.9707191830869,4.77838545379173,36.4958510592158,199.974849506788,0.383900397531804,0.0263315652658151,1e-12,70131006,3
10437022,2026.19729261796,32.3007433333333,64.5739583333333,384,380.951597474514,17.962536289423,4.77743562617678,36.4942388781716,199.614723633341,0.38431818139224,0.0291726918693086,1e-12,70131006,3
10437022,2026.19729261796,32.3007433333333,64.5739583333333,386,382.938713327734,17.9598083022862,4.77721370335013,36.494006445059,199.606111090499,0.384226532234819,0.0211208464391798,1e-12,70131006,3
10437022,2026.19729261796,32.3007433333333,64.5739583333333,388,384.927499793992,17.9585775111956,4.77717924575594,36.4940473112493,199.965164663929,0.383940654518311,0.021710497387131,1e-12,70131006,3
10437022,2026.19729261796,32.3007433333333,64.5739583333333,390,386.917922966728,17.9510449505338,4.77631296098342,36.4925704223426,200.204235577293,0.384317274662204,0.0259877771617237,1e-12,70131006,3
10437022,2026.19729261796,32.3007433333333,64.5739583333333,392,388.878930303361,17.9430315305071,4.77539923318057,36.4911149941936,199.234446375614,0.384577012749085,0.0280228393046505,1e-12,70131006,3
10437022,2026.19729261796,32.3007433333333,64.5739583333333,394,390.862872316778,17.9234205443318,4.7728652388085,36.4860931727462,198.22953746007,0.384175351284516,0.0292068862157162,1e-12,70131006,3
10437022,2026.19729261796,32.3007433333333,64.5739583333333,396,392.85379031274,17.9032769726265,4.77048452840554,36.4828584234974,198.835334211992,0.384302508838018,0.0267345902924441,1e-12,70131006,3
10437022,2026.19729261796,32.3007433333333,64.5739583333333,398,394.839510622548,17.9003770144094,4.77025523578521,36.4827146607431,198.827484324577,0.384096178436319,0.0254692963319183,1e-12,70131006,3
10437022,2026.19729261796,32.3007433333333,64.5739583333333,400,396.803027106232,17.8964304242628,4.76980991454724,36.4816488010951,198.538859489142,0.384677404113291,0.0336857727032351,1e-12,70131006,3
10437022,2026.19729261796,32.3007433333333,64.5739583333333,402,398.795351173904,17.8878132363471,4.76889235275699,36.4806940229446,198.391985569884,0.384343832337322,0.0293484332786737,1e-12,70131006,3
10437022,2026.19729261796,32.3007433333333,64.5739583333333,404,400.787214034024,17.8832678570347,4.76838126494078,36.47959698247,198.363731692175,0.38331854076412,0.0241556653828578,1e-12,70131006,3
10437022,2026.19729261796,32.3007433333333,64.5739583333333,406,402.775459117939,17.8627386789458,4.76578673520977,36.4748560954675,197.942921963472,0.384171701634179,0.0256090500421939,1e-12,70131006,3
10437022,2026.19729261796,32.3007433333333,64.5739583333333,408,404.742090710908,17.8292052130545,4.76176644887731,36.4694603352398,197.393078610104,0.38433296587925,0.0263193558327938,1e-12,70131006,3
10437022,2026.19729261796,32.3007433333333,64.5739583333333,410,406.733550478716,17.8130185564807,4.75974541469076,36.4657618211391,197.452565559529,0.384218036208778,0.0239127255581584,1e-12,70131006,3
10437022,2026.19729261796,32.3007433333333,64.5739583333333,412,408.719768400501,17.8001530900768,4.75823547358888,36.4634943718128,197.246649647095,0.38478414791626,0.0253198672728662,1e-12,70131006,3
10437022,2026.19729261796,32.3007433333333,64.5739583333333,414,410.682203046315,17.793725057314,4.75750406082628,36.4621770696951,197.163279026106,0.384811479510163,0.0238204634312523,1e-12,70131006,3
10437022,2026.19729261796,32.3007433333333,64.5739583333333,416,412.672717437252,17.7896312618764,4.75708483505018,36.4614619962,196.626269263903,0.384557628740036,0.0282668248140835,1e-12,70131006,3
10437022,2026.19729261796,32.3007433333333,64.5739583333333,418,414.669186688348,17.7754678883739,4.75534175331531,36.4583413961714,196.183848235639,0.384696242239773,0.0247604021009566,1e-12,70131006,3
10437022,2026.19729261796,32.3007433333333,64.5739583333333,420,416.634904107746,17.7494053851056,4.75214402400506,36.4533166499372,195.600348427374,0.384768810877237,0.0198677123596155,1e-12,70131006,3
10437022,2026.19729261796,32.3007433333333,64.5739583333333,422,418.61152876101,17.6679377181192,4.74200912436787,36.4379834874405,194.106521990985,0.384525820724175,0.0154037714401218,1e-12,70131006,3
10437022,2026.19729261796,32.3007433333333,64.5739583333333,424,420.603406131477,17.6468881453073,4.73941840863761,36.4336730117577,194.04326562211,0.384464948379156,0.0208287510209583,1e-12,70131006,3
10437022,2026.19729261796,32.3007433333333,64.5739583333333,426,422.597881226295,17.6110928290615,4.73500870433433,36.4268357002953,194.243738759229,0.384695846818688,0.0225657502041917,1e-12,70131006,3
10437022,2026.19729261796,32.3007433333333,64.5739583333333,428,424.549783264934,17.5991645930074,4.73344328448991,36.4232165804931,193.504701166489,0.384896117704979,0.0285166042292873,1e-12,70131006,3
10437022,2026.19729261796,32.3007433333333,64.5739583333333,430,426.54893296828,17.5460121489972,4.72699456816512,36.4142599016287,192.476484203713,0.384280000886009,0.0258570013026139,1e-12,70131006,3
10437022,2026.19729261796,32.3007433333333,64.5739583333333,432,428.539519438132,17.5130253381649,4.72294261486765,36.4079575912508,192.174096486798,0.384619169514691,0.0249182790089959,1e-12,70131006,3
10437022,2026.19729261796,32.3007433333333,64.5739583333333,434,430.517933588017,17.4921949157686,4.72047689632487,36.4044963376619,192.370654403255,0.384484400201372,0.0264104630406317,1e-12,70131006,3
10437022,2026.19729261796,32.3007433333333,64.5739583333333,436,432.492011677248,17.4878380095576,4.71999014748448,36.403416492081,192.092318739103,0.384535821886121,0.0235849336956976,1e-12,70131006,3
10437022,2026.19729261796,32.3007433333333,64.5739583333333,438,434.46946818644,17.4616296978292,4.71676491020904,36.3981824921997,191.576540479491,0.384764378655825,0.0251443008549494,1e-12,70131006,3
10437022,2026.19729261796,32.3007433333333,64.5739583333333,440,436.46825638387,17.4497478350466,4.7153469895993,36.3957706683246,191.433177754219,0.384405801798106,0.0228901977886216,1e-12,70131006,3
10437022,2026.19729261796,32.3007433333333,64.5739583333333,442,438.439025529181,17.4204244840856,4.71176341532903,36.3902052776157,191.263291243861,0.384790331336434,0.0315617282030014,1e-12,70131006,3
10437022,2026.19729261796,32.3007433333333,64.5739583333333,444,440.42111819409,17.3840548137947,4.70735601614468,36.3837976609925,191.038285591098,0.384942431561589,0.0289632100316341,1e-12,70131006,3
10437022,2026.19729261796,32.3007433333333,64.5739583333333,446,442.405912455655,17.3603860161365,4.70440207645599,36.3786019921499,190.497833331707,0.385464412690451,0.0251046630859029,1e-12,70131006,3
10437022,2026.19729261796,32.3007433333333,64.5739583333333,448,444.390098426709,17.3226426387331,4.69986882110981,36.3723017081849,190.442408639299,0.384745755238871,0.0247031251719577,1e-12,70131006,3
10437022,2026.19729261796,32.3007433333333,64.5739583333333,450,446.357686333859,17.2700216426112,4.69344412025356,36.3628816797812,189.841592259635,0.385040528644274,0.0313881328358621,1e-12,70131006,3
10437022,2026.19729261796,32.3007433333333,64.5739583333333,452,448.344769652516,17.2315835201494,4.68880062916433,36.356200788624,189.514978120481,0.384621091465551,0.0249518869483392,1e-12,70131006,3
10437022,2026.19729261796,32.3007433333333,64.5739583333333,454,450.343194060426,17.2159599675605,4.68691519150079,36.3530392922787,189.421319796674,0.384746463149498,0.0203352788922426,1e-12,70131006,3
10437022,2026.19729261796,32.3007433333333,64.5739583333333,456,452.310154673852,17.1833820072759,4.6829916908184,36.347342717521,189.173265314177,0.385002209954646,0.0239777997373678,1e-12,70131006,3
10437022,2026.19729261796,32.3007433333333,64.5739583333333,458,454.282643655797,17.1516283923071,4.67914687516918,36.3415784706723,188.678764603313,0.384880374123885,0.027381976194428,1e-12,70131006,3
10437022,2026.19729261796,32.3007433333333,64.5739583333333,460,456.270413777547,17.1206181788874,4.67528275020788,36.3349599667635,188.455130566948,0.384926994118745,0.0247877706218715,1e-12,70131006,3
10437022,2026.19729261796,32.3007433333333,64.5739583333333,462,458.274695109578,17.0935144929552,4.67209666221157,36.3307399737504,188.40824262023,0.384549533941831,0.0218519367650773,1e-12,70131006,3
10437022,2026.19729261796,32.3007433333333,64.5739583333333,464,460.233364406351,17.0916274522039,4.67190975762019,36.3300344351719,188.213678485593,0.385086538657077,0.0228254000825494,1e-12,70131006,3
10437022,2026.19729261796,32.3007433333333,64.5739583333333,466,462.220341678082,17.0656805795651,4.66866639262772,36.3242583236431,187.880138806902,0.384556067516048,0.0240371889440141,1e-12,70131006,3
10437022,2026.19729261796,32.3007433333333,64.5739583333333,468,464.218680638098,17.0060534503068,4.66160280832948,36.3153707893799,187.729893792775,0.384305789195889,0.0202606938423102,1e-12,70131006,3
10437022,2026.19729261796,32.3007433333333,64.5739583333333,470,466.179397302514,16.9368431988738,4.65328934959552,36.3041201287731,186.969279150261,0.384916831936326,0.0268749730467917,1e-12,70131006,3
10437022,2026.19729261796,32.3007433333333,64.5739583333333,472,468.165271133947,16.8904705662876,4.64775176952496,36.296579217527,186.605269067721,0.384757441839185,0.0273808306804079,1e-12,70131006,3
10437022,2026.19729261796,32.3007433333333,64.5739583333333,474,470.152800313341,16.873028878188,4.645653969488,36.2931198614335,186.216982836735,0.38496200495263,0.0246671104203479,1e-12,70131006,3
10437022,2026.19729261796,32.3007433333333,64.5739583333333,476,472.119301345472,16.8177122080084,4.63900449773563,36.2838369186485,186.437547595053,0.385145549278736,0.0323066581665213,1e-12,70131006,3
10437022,2026.19729261796,32.3007433333333,64.5739583333333,478,474.105801376612,16.7940969082368,4.63623399329395,36.2800183576025,186.490391295038,0.384705815189451,0.0316141633956051,1e-12,70131006,3
10437022,2026.19729261796,32.3007433333333,64.5739583333333,480,476.098539351973,16.7819024004859,4.63476767878641,36.2773543555742,186.203569081509,0.384544239110619,0.0271072434155096,1e-12,70131006,3
10437022,2026.19729261796,32.3007433333333,64.5739583333333,482,478.076150869226,16.7614039748754,4.63237525513668,36.2740364588973,185.97529504469,0.384873009652627,0.0259724240896631,1e-12,70131006,3
10437022,2026.19729261796,32.3007433333333,64.5739583333333,484,480.045445542852,16.7577068321495,4.63203055058426,36.2735653013412,185.735313501908,0.385115866032819,0.0301884355817889,1e-12,70131006,3
10437022,2026.19729261796,32.3007433333333,64.5739583333333,486,482.029410362919,16.7436467051939,4.63036869851005,36.2708583908046,186.044892279645,0.38759536507616,0.0216720192939968,1e-12,70131006,3
10437022,2026.19729261796,32.3007433333333,64.5739583333333,488,484.027151353623,16.7178475438125,4.62735275943624,36.2668272916663,185.8656776219,0.386126954909723,0.0242287022424534,1e-12,70131006,3
10437022,2026.19729261796,32.3007433333333,64.5739583333333,490,485.998908377505,16.7087406224242,4.62633188775485,36.2652853892855,185.668370711349,0.386481614359154,0.0279726157460328,1e-12,70131006,3
10437022,2026.19729261796,32.3007433333333,64.5739583333333,492,487.976290153791,16.6748033313752,4.62228704561004,36.2595283291328,185.825807348226,0.38532400029109,0.0260606160252199,1e-12,70131006,3
10437022,2026.19729261796,32.3007433333333,64.5739583333333,494,489.968397475729,16.6303910125361,4.61696047222814,36.2519117586536,185.37158539631,0.384547362880549,0.0238475305690334,1e-12,70131006,3
10437022,2026.19729261796,32.3007433333333,64.5739583333333,496,491.93562660751,16.5879678124786,4.6119676259035,36.2454269480473,184.970895849958,0.384343766555295,0.0200708708301627,1e-12,70131006,3
10437022,2026.19729261796,32.3007433333333,64.5739583333333,498,493.927782097635,16.5582880702956,4.60840865189364,36.2400565029522,184.993733125558,0.383711598576097,0.0227344419585044,1e-12,70131006,3
10437022,2026.19729261796,32.3007433333333,64.5739583333333,500,495.899431714931,16.5195981671396,4.60380272393228,36.2335704726546,184.839096788858,0.383797572944995,0.0252872823935492,1e-12,70131006,3
10437022,2026.19729261796,32.3007433333333,64.5739583333333,502,497.881631024825,16.4649841129557,4.59736142021322,36.2252414184802,184.769723600429,0.384679239945179,0.0229564750569548,1e-12,70131006,3
10437022,2026.19729261796,32.3007433333333,64.5739583333333,504,499.875658121672,16.4482894784654,4.59543178422823,36.2224908236114,184.605578446465,0.384019196742237,0.0246872495930793,1e-12,70131006,3
10437023,2026.1974086758,32.341675,64.5949216666667,3,2.97033737975263,20.4181315286303,5.04523720760484,36.7193851358391,225.612120337705,0.484481503173876,0.138262528630325,1.38504642693541,70131007,2
10437023,2026.1974086758,32.341675,64.5949216666667,5,4.97058612027865,20.4195309142807,5.04547980631968,36.7194137906029,226.340451754066,0.488030535428749,0.133088699656727,0.628552368462773,70131007,2
10437023,2026.1974086758,32.341675,64.5949216666667,7,6.94240342652367,20.4191524120696,5.04551635363384,36.7193009751244,226.954470538174,0.485079304983387,0.137230028507476,0.153001329605564,70131007,2
10437023,2026.1974086758,32.341675,64.5949216666667,9,8.93985964467696,20.424559995247,5.04599426286834,36.7177720086143,226.987003363621,0.485342124593697,0.130201623162566,0.143716288086787,70131007,2
10437023,2026.1974086758,32.341675,64.5949216666667,11,10.9221851138257,20.4261465343548,5.04623261598122,36.7176035370671,226.892603985862,0.486219169700185,0.130857185870619,0.0671532653604092,70131007,2
10437023,2026.1974086758,32.341675,64.5949216666667,13,12.9049280138435,20.4234840922959,5.0460635754117,36.7177932556093,226.912022899097,0.486155488923671,0.130775059056846,0.0430439905642911,70131007,2
10437023,2026.1974086758,32.341675,64.5949216666667,15,14.8970919660331,20.4255195047445,5.04635288019,36.7176519769119,226.621390500587,0.486170435679773,0.131896905889006,0.0194414724196109,70131007,2
10437023,2026.1974086758,32.341675,64.5949216666667,17,16.8775082674148,20.4152032727118,5.0456876003206,36.7204325905335,226.104325962516,0.485841097754658,0.136083569899393,1e-12,70131007,2
10437023,2026.1974086758,32.341675,64.5949216666667,19,18.8673553737855,20.3830915379215,5.04254294806457,36.7218573831808,225.637426503487,0.481911273183648,0.162348095676882,1e-12,70131007,2
10437023,2026.1974086758,32.341675,64.5949216666667,21,20.8442513233054,20.340839566674,5.038305886169,36.7231479013626,225.826399480411,0.478556585471325,0.17616496924151,4.49452830757985e-06,70131007,2
10437023,2026.1974086758,32.341675,64.5949216666667,23,22.8395856921211,20.2901658153045,5.03256884579432,36.7194494692043,226.022428405182,0.478010313070139,0.174217508920766,1.72036186422078e-07,70131007,2
10437023,2026.1974086758,32.341675,64.5949216666667,25,24.8244004078614,20.2077711764739,5.02323716381698,36.7138270335504,228.03280624744,0.479923616248553,0.183335347943111,1e-12,70131007,2
10437023,2026.1974086758,32.341675,64.5949216666667,27,26.8097880909676,20.0043066618155,5.00041739445709,36.7026923039074,229.737759476761,0.482723267504622,0.179425747514448,1.51864759574773e-09,70131007,2
10437023,2026.1974086758,32.341675,64.5949216666667,29,28.7957861329271,20.0066379658993,5.00072122694906,36.7024033401444,229.642424268,0.485370568454819,0.172938529106646,1e-12,70131007,2
10437023,2026.1974086758,32.341675,64.5949216666667,31,30.7779249375918,20.0009615837144,5.00017828369986,36.7021351759766,229.023113943106,0.488374837166735,0.170136854206538,1.12099578400692e-12,70131007,2
10437023,2026.1974086758,32.341675,64.5949216666667,33,32.7667774329634,20.0000712456976,5.00017067663773,36.7021035640024,229.236701675574,0.491107313735428,0.174675128062124,9.95622378594344e-13,70131007,2
10437023,2026.1974086758,32.341675,64.5949216666667,35,34.7555649947698,19.9920618448866,4.99933116166119,36.7014254259489,229.575619503459,0.490493442554079,0.175590096987265,1.00007344255536e-12,70131007,2
10437023,2026.1974086758,32.341675,64.5949216666667,37,36.7395030475617,19.9831316990071,4.99839964775898,36.7007920030438,229.715243860743,0.492319141550644,0.165901030604363,9.99998853188484e-13,70131007,2
10437023,2026.1974086758,32.341675,64.5949216666667,39,38.7175843652615,19.9767331865645,4.99777134277846,36.70044929867,229.95992303499,0.493416155227169,0.165442491561737,1.00000016445463e-12,70131007,2
10437023,2026.1974086758,32.341675,64.5949216666667,41,40.7133411095948,19.9496588907343,4.99485300543511,36.6992621488084,230.312259994438,0.494469221200437,0.16729498495703,1.00000001757642e-12,70131007,2
10437023,2026.1974086758,32.341675,64.5949216666667,43,42.689708300909,19.8797090124094,4.98738092328928,36.6979239019683,231.678082012652,0.494582361633065,0.166368978793523,9.99999999390781e-13,70131007,2
10437023,2026.1974086758,32.341675,64.5949216666667,45,44.6816184262058,19.8362657031109,4.98286385338792,36.6978167367786,232.341807442956,0.496946723579843,0.16206717058268,9.99999999966175e-13,70131007,2
10437023,2026.1974086758,32.341675,64.5949216666667,47,46.6641882459468,19.8261977340657,4.98185479149282,36.6975279038075,232.247864459407,0.498907396164655,0.165779902495343,9.99999999999638e-13,70131007,2
10437023,2026.1974086758,32.341675,64.5949216666667,49,48.6537107323468,19.8070528849859,4.98003667442274,36.6984866607583,232.456243722346,0.498280983446491,0.165548934099971,9.99999999999966e-13,70131007,2
10437023,2026.1974086758,32.341675,64.5949216666667,51,50.6293690722364,19.781694890047,4.97748948437139,36.6988442651345,232.334052537295,0.497736374998856,0.158524061709085,1e-12,70131007,2
10437023,2026.1974086758,32.341675,64.5949216666667,53,52.6301586993634,19.621895772918,4.95998475598108,36.6929138759828,233.294870509966,0.497863833983475,0.158300813118309,1e-12,70131007,2
10437023,2026.1974086758,32.341675,64.5949216666667,55,54.601522198668,19.4727394505388,4.9435747658461,36.686596321654,232.139894310749,0.497535269875069,0.184271781617213,1e-12,70131007,2
10437023,2026.1974086758,32.341675,64.5949216666667,57,56.5961655213298,19.3496717906893,4.92969905557656,36.6783283177264,230.88942008538,0.497354167492202,0.246827042440559,1e-12,70131007,2
10437023,2026.1974086758,32.341675,64.5949216666667,59,58.5749395992898,19.3248910674085,4.92686807376824,36.6757347500569,230.28624742303,0.491625485656297,0.292160834167191,1e-12,70131007,2
10437023,2026.1974086758,32.341675,64.5949216666667,61,60.5693463043688,19.3187904339185,4.92617834945629,36.6745828695525,229.856261035896,0.488296614263198,0.294361122770593,1e-12,70131007,2
10437023,2026.1974086758,32.341675,64.5949216666667,63,62.5437636495952,19.3171415245018,4.9260720507406,36.6743897228404,229.39094989504,0.486687947108096,0.321031429295375,1e-12,70131007,2
10437023,2026.1974086758,32.341675,64.5949216666667,65,64.5411768709873,19.3154590398856,4.92594838968401,36.6740808657747,229.566346401184,0.488551173335287,0.310729401172876,1e-12,70131007,2
10437023,2026.1974086758,32.341675,64.5949216666667,67,66.5191098182566,19.3063897386893,4.92491954347079,36.6727081028329,229.259692664136,0.484545902111985,0.328990128565209,1e-12,70131007,2
10437023,2026.1974086758,32.341675,64.5949216666667,69,68.5022051156947,19.2750639093573,4.92142646689706,36.6703283839708,228.23740748279,0.48266011821855,0.351574010661556,1e-12,70131007,2
10437023,2026.1974086758,32.341675,64.5949216666667,71,70.4948002812924,19.2594275186823,4.91986719531715,36.6703024998796,227.283023988031,0.475733121721186,0.310674170760423,1e-12,70131007,2
10437023,2026.1974086758,32.341675,64.5949216666667,73,72.4740111990189,19.2160444618703,4.91525806825294,36.6691959973807,225.71662721742,0.470929789398848,0.300790577637805,1e-12,70131007,2
10437023,2026.1974086758,32.341675,64.5949216666667,75,74.4713728821215,19.2040332511195,4.91408067142606,36.6691673566428,225.945323749857,0.457713184868816,0.269242174333653,1e-12,70131007,2
10437023,2026.1974086758,32.341675,64.5949216666667,77,76.4435071953516,19.2007804574838,4.91382424679781,36.669129961393,225.435475275268,0.455223781988558,0.277424027867906,1e-12,70131007,2
10437023,2026.1974086758,32.341675,64.5949216666667,79,78.4319066204459,19.1942901761944,4.91323494232571,36.6691586198903,225.299778796194,0.456694881918671,0.276274225258165,1e-12,70131007,2
10437023,2026.1974086758,32.341675,64.5949216666667,81,80.4182748589764,19.186659954646,4.91254744773391,36.6693700804411,224.857964967325,0.454690006538437,0.261620461753119,1e-12,70131007,2
10437023,2026.1974086758,32.341675,64.5949216666667,83,82.3998720928892,19.1795355610278,4.91193561620816,36.6697695307663,224.56877101681,0.455407277058782,0.267543486476136,1e-12,70131007,2
10437023,2026.1974086758,32.341675,64.5949216666667,85,84.3892789043788,19.1715924651527,4.91115771221654,36.6694980269054,224.753011725238,0.453684606854869,0.262353806634388,1e-12,70131007,2
10437023,2026.1974086758,32.341675,64.5949216666667,87,86.3704322443672,19.1694803732309,4.91102139959837,36.669460837862,224.494760360904,0.451203838275106,0.272583159247469,1e-12,70131007,2
10437023,2026.1974086758,32.341675,64.5949216666667,89,88.3588022605057,19.1677480539974,4.91093187150908,36.6694809554974,224.226195090995,0.451900396933191,0.263102953554968,1e-12,70131007,2
10437023,2026.1974086758,32.341675,64.5949216666667,91,90.3453563174899,19.1651381621344,4.91085894518155,36.6704159924361,224.306053627461,0.454899105647639,0.267264713365033,1e-12,70131007,2
10437023,2026.1974086758,32.341675,64.5949216666667,93,92.3293396335456,19.1645335706948,4.91094854199199,36.6709438046873,223.564211573813,0.456621693915565,0.287861242640332,1e-12,70131007,2
10437023,2026.1974086758,32.341675,64.5949216666667,95,94.3082997342218,19.1643794770103,4.91103865738919,36.6710779859838,223.610575605975,0.458888670586857,0.323843716909857,1e-12,70131007,2
10437023,2026.1974086758,32.341675,64.5949216666667,97,96.3018917231603,19.1628828582059,4.91095440685802,36.6709344933917,223.443588023977,0.459008739968961,0.305582766908549,1e-12,70131007,2
10437023,2026.1974086758,32.341675,64.5949216666667,99,98.2803979043607,19.1477722244898,4.90934046781184,36.6699752927657,222.510684425122,0.457395910488539,0.302862076721612,1e-12,70131007,2
10437023,2026.1974086758,32.341675,64.5949216666667,101,100.274424673524,19.1039391480227,4.90433781603865,36.6659275131827,221.822404915369,0.450824397763384,0.244459965384072,1e-12,70131007,2
10437023,2026.1974086758,32.341675,64.5949216666667,103,102.257212830185,19.0847469946488,4.90220228380124,36.6641872817907,221.384434646962,0.428220454382105,0.170762965029323,1e-12,70131007,2
10437023,2026.1974086758,32.341675,64.5949216666667,105,104.24201772762,19.0876822422112,4.90262940591195,36.6644231052402,221.081179706964,0.424033456259714,0.163841408482638,1e-12,70131007,2
10437023,2026.1974086758,32.341675,64.5949216666667,107,106.222607253403,19.0869191612765,4.90264366356652,36.6644585432925,220.660768071497,0.424309072622249,0.15826049669914,1e-12,70131007,2
10437023,2026.1974086758,32.341675,64.5949216666667,109,108.20712925645,19.0824195847687,4.90225189701315,36.6643841554088,220.389350898257,0.423829171550588,0.166517935745724,1e-12,70131007,2
10437023,2026.1974086758,32.341675,64.5949216666667,111,110.198795838054,19.0733711861247,4.90129717213755,36.6635981900466,220.519512079761,0.422486427080021,0.156079341955365,1e-12,70131007,2
10437023,2026.1974086758,32.341675,64.5949216666667,113,112.161252942919,19.0718936182959,4.90119507219816,36.6632870884299,220.190258362697,0.421708604801392,0.157333799530581,1e-12,70131007,2
10437023,2026.1974086758,32.341675,64.5949216666667,115,114.169387759595,19.0532468367461,4.89904750138075,36.6609553551805,220.563190878826,0.420714520055693,0.151908038735431,1e-12,70131007,2
10437023,2026.1974086758,32.341675,64.5949216666667,117,116.149909255499,19.0553580852984,4.89936874897994,36.6610312281562,220.378641297244,0.418751599590588,0.14895917622861,1e-12,70131007,2
10437023,2026.1974086758,32.341675,64.5949216666667,119,118.133188112855,19.0555913754854,4.89952275974093,36.6613615237809,220.353662859263,0.418184946278334,0.140000781935794,1e-12,70131007,2
10437023,2026.1974086758,32.341675,64.5949216666667,121,120.119682931559,19.0558650710737,4.89961704997,36.6611536652014,220.336073890055,0.417760510240424,0.138868534921183,1e-12,70131007,2
10437023,2026.1974086758,32.341675,64.5949216666667,123,122.100771449338,19.055575703678,4.89967316983928,36.6611228364535,220.514217072011,0.418022501953876,0.13384960520509,1e-12,70131007,2
10437023,2026.1974086758,32.341675,64.5949216666667,125,124.089541654823,19.0552447841468,4.89969833554973,36.6608684161427,220.589372205978,0.417718894199438,0.142060253642579,1e-12,70131007,2
10437023,2026.1974086758,32.341675,64.5949216666667,127,126.062531007385,19.0467411173379,4.89873181271143,36.6594994010686,220.584649940953,0.417502173168237,0.14461814739977,1e-12,70131007,2
10437023,2026.1974086758,32.341675,64.5949216666667,129,128.072115565653,19.0420312186107,4.8982983969424,36.6592600067545,220.70532303962,0.416635495440796,0.137860310016522,1e-12,70131007,2
10437023,2026.1974086758,32.341675,64.5949216666667,131,130.03138478318,19.0420960250141,4.89839370295819,36.659245974408,220.6942555372,0.416695024363828,0.130838876619795,1e-12,70131007,2
10437023,2026.1974086758,32.341675,64.5949216666667,133,132.034729883175,19.0415158491972,4.89842780833386,36.6592876040666,220.494295723987,0.416587272399677,0.133902604012999,1e-12,70131007,2
10437023,2026.1974086758,32.341675,64.5949216666667,135,134.010194487013,19.0389300976909,4.89814863156584,36.6584670410407,219.362208560433,0.416310099883298,0.141307847843701,1e-12,70131007,2
10437023,2026.1974086758,32.341675,64.5949216666667,137,136.000020348277,19.0136695211531,4.89532748163467,36.6563104570173,219.327365202381,0.414432326974389,0.130471672350986,1e-12,70131007,2
10437023,2026.1974086758,32.341675,64.5949216666667,139,137.981290135059,19.0114332368562,4.89515531254884,36.6560809147898,219.565410455902,0.412811375055749,0.119541674078423,1e-12,70131007,2
10437023,2026.1974086758,32.341675,64.5949216666667,141,139.963565752631,19.0067885382167,4.89471475866033,36.6557227146325,219.365769286682,0.41170137646305,0.114783422844776,1e-12,70131007,2
10437023,2026.1974086758,32.341675,64.5949216666667,143,141.951221173706,19.0069821969477,4.89481949574999,36.6556746204198,218.920121769714,0.411744466073059,0.11178701890394,1e-12,70131007,2
10437023,2026.1974086758,32.341675,64.5949216666667,145,143.92510328585,19.0063126799152,4.89482333313002,36.6555408160355,219.289277936489,0.41103763696244,0.111248166052086,1e-12,70131007,2
10437023,2026.1974086758,32.341675,64.5949216666667,147,145.927586964278,19.0014737191717,4.89436065565177,36.6551682413072,218.971112565699,0.410566861403949,0.106868361497438,1e-12,70131007,2
10437023,2026.1974086758,32.341675,64.5949216666667,149,147.895963151499,18.9960401683323,4.89378387125743,36.6543606555269,218.419624539325,0.410634535180094,0.127190925996478,1e-12,70131007,2
10437023,2026.1974086758,32.341675,64.5949216666667,151,149.893531324575,18.9823348419866,4.89231625105981,36.6533699124595,217.913961534101,0.408933713340048,0.105175736664758,1e-12,70131007,2
10437023,2026.1974086758,32.341675,64.5949216666667,153,151.86684639037,18.9778765686153,4.89187063106871,36.6528033598126,218.180752750952,0.408217742367613,0.099945898700795,1e-12,70131007,2
10437023,2026.1974086758,32.341675,64.5949216666667,155,153.863740134967,18.978608818624,4.89205113346526,36.6529174301988,217.810753311254,0.408065267433822,0.0954340476861082,1e-12,70131007,2
10437023,2026.1974086758,32.341675,64.5949216666667,157,155.827217202333,18.9789179450113,4.89216632726504,36.65285588892,217.550288966416,0.407071173170158,0.0981262682570688,1e-12,70131007,2
10437023,2026.1974086758,32.341675,64.5949216666667,159,157.837373051881,18.9620794808026,4.89030502079591,36.6513193151522,218.021365828833,0.406806875153776,0.100125015657495,1e-12,70131007,2
10437023,2026.1974086758,32.341675,64.5949216666667,161,159.805457340687,18.9612400406709,4.89028827658009,36.6511628620697,217.591494376719,0.407245505669514,0.0987632417463309,1e-12,70131007,2
10437023,2026.1974086758,32.341675,64.5949216666667,163,161.799635773472,18.9447565801511,4.88846275313808,36.6496107771997,216.991018806157,0.406210489580189,0.0865352343015151,1e-12,70131007,2
10437023,2026.1974086758,32.341675,64.5949216666667,165,163.782357586097,18.9316646813935,4.88702824465853,36.6483503113814,216.450301197824,0.404875048292859,0.0740809554041172,1e-12,70131007,2
10437023,2026.1974086758,32.341675,64.5949216666667,167,165.759066960548,18.9238165633394,4.88620024254673,36.6475593366179,216.676521318152,0.403357933134651,0.0744738703694746,1e-12,70131007,2
10437023,2026.1974086758,32.341675,64.5949216666667,169,167.755754250496,18.9196163652067,4.88580591110359,36.6471947409851,216.731719586379,0.401751839142471,0.0656752909689874,1e-12,70131007,2
10437023,2026.1974086758,32.341675,64.5949216666667,171,169.729659165147,18.9185664475383,4.88576276146041,36.6470020249706,216.386193441988,0.402120988794501,0.0721843735526117,1e-12,70131007,2
10437023,2026.1974086758,32.341675,64.5949216666667,173,171.715734524779,18.9132494705368,4.88520344673258,36.6462348578699,216.330061926303,0.401083309035841,0.0702994307336977,1e-12,70131007,2
10437023,2026.1974086758,32.341675,64.5949216666667,175,173.709406203141,18.9089350007035,4.88477763479881,36.6457057531895,215.993801873791,0.400414855535177,0.0702654093931475,1e-12,70131007,2
10437023,2026.1974086758,32.341675,64.5949216666667,177,175.671160517754,18.9086895453586,4.88482034291405,36.645524956359,215.549150684182,0.400515669050398,0.066725171446389,1e-12,70131007,2
10437023,2026.1974086758,32.341675,64.5949216666667,179,177.679551983304,18.9071895006115,4.88473521723099,36.6453770701097,216.379853303416,0.400298210035114,0.0633132956360743,1e-12,70131007,2
10437023,2026.1974086758,32.341675,64.5949216666667,181,179.654396298735,18.9073028672711,4.88482894367474,36.6453090254125,215.944145092189,0.400929489782484,0.0683195792487643,1e-12,70131007,2
10437023,2026.1974086758,32.341675,64.5949216666667,183,181.639594149959,18.9073430653937,4.88493424502242,36.645403525957,216.09810016484,0.400562112940156,0.0590407331713009,1e-12,70131007,2
10437023,2026.1974086758,32.341675,64.5949216666667,185,183.626324265782,18.9074356341029,4.88501729955223,36.6452640894224,215.871048298676,0.400623063061367,0.0604478333237247,1e-12,70131007,2
10437023,2026.1974086758,32.341675,64.5949216666667,187,185.604050338571,18.9083091870724,4.88520843428483,36.645344754608,216.225667576742,0.400308070674029,0.0589348642636751,1e-12,70131007,2
10437023,2026.1974086758,32.341675,64.5949216666667,189,187.593996698437,18.9066130504595,4.8850703926048,36.6449246416997,215.895732330861,0.400340134046443,0.0545179770629738,1e-12,70131007,2
10437023,2026.1974086758,32.341675,64.5949216666667,191,189.569867723517,18.9029202016385,4.88470995874647,36.6443969089771,215.839409270096,0.399852310247389,0.0595544642255873,1e-12,70131007,2
10437023,2026.1974086758,32.341675,64.5949216666667,193,191.568609902143,18.8954929556208,4.88390670661028,36.6434406669403,215.878423506175,0.399853470087538,0.0580329429237482,1e-12,70131007,2
10437023,2026.1974086758,32.341675,64.5949216666667,195,193.535246221797,18.8901200765565,4.88333891863658,36.6426512213921,216.266158824919,0.399756498461077,0.0578810949240358,1e-12,70131007,2
10437023,2026.1974086758,32.341675,64.5949216666667,197,195.531974482779,18.8885652804046,4.8832390489213,36.6424279607634,215.643287458772,0.399730972953417,0.0573042696450024,1e-12,70131007,2
10437023,2026.1974086758,32.341675,64.5949216666667,199,197.510569219068,18.8783254228671,4.88208302887832,36.6409851269834,215.339160973406,0.399205496209092,0.0486891201157232,1e-12,70131007,2
10437023,2026.1974086758,32.341675,64.5949216666667,201,199.49902355921,18.8690176226168,4.88102819348862,36.6395695521741,214.748718698458,0.398758518907761,0.0550488950775571,1e-12,70131007,2
10437023,2026.1974086758,32.341675,64.5949216666667,203,201.476867803948,18.850032788931,4.87881243260958,36.6369253304012,214.156731556634,0.398624233641508,0.0571444457116887,1e-12,70131007,2
10437023,2026.1974086758,32.341675,64.5949216666667,205,203.469742308445,18.836343648763,4.8772066857206,36.6347362711823,213.791571779393,0.397794449293797,0.0527628083370575,1e-12,70131007,2
10437023,2026.1974086758,32.341675,64.5949216666667,207,205.446132311962,18.8287952248255,4.87639060399689,36.633774016133,212.97069489191,0.397683107923541,0.0447062811630254,1e-12,70131007,2
10437023,2026.1974086758,32.341675,64.5949216666667,209,207.433241596224,18.8205860254359,4.8755040034847,36.632801262109,213.281967115178,0.396987655653341,0.0454433651052687,1e-12,70131007,2
10437023,2026.1974086758,32.341675,64.5949216666667,211,209.418609020852,18.8130106874357,4.87464505593905,36.6314996893241,212.828000332437,0.396522197938346,0.0413472419014089,1e-12,70131007,2
10437023,2026.1974086758,32.341675,64.5949216666667,213,211.39365233919,18.8050737380674,4.87378310281576,36.6304926285951,213.040506399264,0.396211810507295,0.0402049847822311,1e-12,70131007,2
10437023,2026.1974086758,32.341675,64.5949216666667,215,213.395132168585,18.8048840999362,4.87384357647516,36.6304137244163,212.96585970253,0.395949461007493,0.0484671269313745,1e-12,70131007,2
10437023,2026.1974086758,32.341675,64.5949216666667,217,215.356773566283,18.8033459800128,4.87370706390089,36.6298653392818,211.551672413748,0.396504393512787,0.038506574613725,1e-12,70131007,2
10437023,2026.1974086758,32.341675,64.5949216666667,219,217.345329883428,18.7932351696393,4.87255549364453,36.6283367576235,212.144578979511,0.395083260586899,0.0346563104937306,1e-12,70131007,2
10437023,2026.1974086758,32.341675,64.5949216666667,221,219.350136958882,18.7951570211383,4.87286500288827,36.628491363467,211.68850654153,0.399493359432277,0.0471931915278366,1e-12,70131007,2
10437023,2026.1974086758,32.341675,64.5949216666667,223,221.321025256166,18.796278400214,4.87308852516928,36.6286288850218,211.865604549534,0.395597645500177,0.0477011212315699,1e-12,70131007,2
10437023,2026.1974086758,32.341675,64.5949216666667,225,223.298196677619,18.7958635081921,4.87311526518536,36.628465004156,211.62130911569,0.395662206456476,0.0408888600695844,1e-12,70131007,2
10437023,2026.1974086758,32.341675,64.5949216666667,227,225.286350430799,18.7942117626177,4.87297853136157,36.6280158142891,211.256727981163,0.395591352961955,0.0327892020873049,1e-12,70131007,2
10437023,2026.1974086758,32.341675,64.5949216666667,229,227.27837876513,18.7894449799805,4.87246638746325,36.627154556857,210.927755834811,0.395046543291341,0.0349542331731073,1e-12,70131007,2
10437023,2026.1974086758,32.341675,64.5949216666667,231,229.25453131569,18.7859215537231,4.87211803245236,36.6265756720302,211.516682548244,0.394816323748914,0.0395230616763737,1e-12,70131007,2
10437023,2026.1974086758,32.341675,64.5949216666667,233,231.234394053327,18.7858101125679,4.87222313555102,36.6268055446592,210.869166835351,0.394802466296762,0.0356131875374183,1e-12,70131007,2
10437023,2026.1974086758,32.341675,64.5949216666667,235,233.228150179707,18.7843941312136,4.87208538659278,36.6261389811761,210.376810014493,0.394485953726511,0.0430515245524406,1e-12,70131007,2
10437023,2026.1974086758,32.341675,64.5949216666667,237,235.205429667713,18.7763193644436,4.8711893199672,36.6249640577044,210.053504398414,0.39450557527969,0.0399313524210853,1e-12,70131007,2
10437023,2026.1974086758,32.341675,64.5949216666667,239,237.195046477192,18.7707101943155,4.87058680025594,36.6240847822483,210.011798538894,0.393837306966058,0.0372167288150591,1e-12,70131007,2
10437023,2026.1974086758,32.341675,64.5949216666667,241,239.167149577902,18.7616209397926,4.86949643670823,36.6221641801713,207.514877772855,0.393590425651987,0.0328813496298901,1e-12,70131007,2
10437023,2026.1974086758,32.341675,64.5949216666667,243,241.152401104932,18.7234304316106,4.86490861784862,36.6164565134509,205.471782190382,0.392864226970024,0.030523952707616,1e-12,70131007,2
10437023,2026.1974086758,32.341675,64.5949216666667,245,243.152028676954,18.6845154533278,4.86031923363562,36.6113624480556,203.98637712639,0.390881259893466,0.0261841637497553,1e-12,70131007,2
10437023,2026.1974086758,32.341675,64.5949216666667,247,245.129815351734,18.6733385923431,4.85916091658416,36.6107102279119,203.096416828677,0.390323938696118,0.0289227646197317,1e-12,70131007,2
10437023,2026.1974086758,32.341675,64.5949216666667,249,247.099736849838,18.6687463818245,4.85865381318038,36.6097306391688,202.127950453689,0.389563678701891,0.0264058727477014,1e-12,70131007,2
10437023,2026.1974086758,32.341675,64.5949216666667,251,249.090049540097,18.6631591958523,4.85806671015005,36.6089559725404,201.88238706919,0.389264667403181,0.0234107256604425,1e-12,70131007,2
10437023,2026.1974086758,32.341675,64.5949216666667,253,251.089323164069,18.6437641358263,4.85572409044391,36.6055570848588,202.659978386447,0.389194252283563,0.0212700302644562,1e-12,70131007,2
10437023,2026.1974086758,32.341675,64.5949216666667,255,253.054331573941,18.6337502233807,4.85463457584323,36.6044510541373,202.347372117143,0.389164811890359,0.0274490624042519,1e-12,70131007,2
10437023,2026.1974086758,32.341675,64.5949216666667,257,255.033246970001,18.6253714992413,4.85367870131767,36.6030255560744,202.026432249707,0.389233174511745,0.0231076802696002,1e-12,70131007,2
10437023,2026.1974086758,32.341675,64.5949216666667,259,257.026790539378,18.5985748492496,4.85042894848187,36.598494236385,202.522114354915,0.389276616537416,0.021856311590557,1e-12,70131007,2
10437023,2026.1974086758,32.341675,64.5949216666667,261,259.032815242439,18.5960141934447,4.85027315113367,36.5986874829132,202.829966155694,0.388324438229999,0.021510601767895,1e-12,70131007,2
10437023,2026.1974086758,32.341675,64.5949216666667,263,260.979828143572,18.5757071190722,4.84775156656929,36.5945634838521,201.648612950306,0.389262640538449,0.0237150099257587,1e-12,70131007,2
10437023,2026.1974086758,32.341675,64.5949216666667,265,262.969564025486,18.5669480762383,4.84683518192868,36.5938058606833,201.926082421728,0.388285466353387,0.0256527103374502,1e-12,70131007,2
10437023,2026.1974086758,32.341675,64.5949216666667,267,264.963238778089,18.5641737315134,4.84657582422755,36.5933092516684,201.692673487629,0.38866427153304,0.0321545553507479,1e-12,70131007,2
10437023,2026.1974086758,32.341675,64.5949216666667,269,266.954983939889,18.5636497201653,4.84658829582748,36.593121617226,202.314429821474,0.388606932905605,0.0303790868413627,1e-12,70131007,2
10437023,2026.1974086758,32.341675,64.5949216666667,271,268.9174795384,18.5664384688621,4.84701752523492,36.5935296568776,201.822286241813,0.38834468787827,0.0296244362098577,1e-12,70131007,2
10437023,2026.1974086758,32.341675,64.5949216666667,273,270.911507465092,18.5637723326702,4.84674484520593,36.5928241051907,202.361193398913,0.388078903658846,0.0262042752012608,1e-12,70131007,2
10437023,2026.1974086758,32.341675,64.5949216666667,275,272.903589664539,18.5326640574263,4.84297729595016,36.587703830173,202.072499422301,0.38805304784841,0.025561993801658,1e-12,70131007,2
10437023,2026.1974086758,32.341675,64.5949216666667,277,274.872840052272,18.5022713224018,4.83948587332605,36.5842861160151,201.712031468231,0.38869749175536,0.0294121864542475,1e-12,70131007,2
10437023,2026.1974086758,32.341675,64.5949216666667,279,276.860203711164,18.4835001098661,4.83717252907767,36.5805434857425,201.686751113546,0.387288455470671,0.0262350291839862,1e-12,70131007,2
10437023,2026.1974086758,32.341675,64.5949216666667,281,278.844636645845,18.4759351162561,4.83639801868821,36.5799227251503,201.988544640645,0.387152938024196,0.0275182390529997,1e-12,70131007,2
10437023,2026.1974086758,32.341675,64.5949216666667,283,280.832879827851,18.4726982556004,4.83605855528156,36.5791535891217,201.77795756985,0.387232783265025,0.0271822780574867,1e-12,70131007,2
10437023,2026.1974086758,32.341675,64.5949216666667,285,282.808335085632,18.4609251307806,4.83465896466712,36.5769559624436,201.995222300747,0.387163045040591,0.0241984432921368,1e-12,70131007,2
10437023,2026.1974086758,32.341675,64.5949216666667,287,284.784466806985,18.4414397655,4.8323813535152,36.5741435287514,201.910248882943,0.386684462027535,0.0320576943013492,1e-12,70131007,2
10437023,2026.1974086758,32.341675,64.5949216666667,289,286.778960369086,18.4347094268082,4.83158589969267,36.5725987111491,202.049741648775,0.386179040077465,0.0225147959628244,1e-12,70131007,2
10437023,2026.1974086758,32.341675,64.5949216666667,291,288.768648246245,18.4283018906112,4.83089677860889,36.5716716938441,201.732585823376,0.386210893546461,0.0221752468712222,1e-12,70131007,2
10437023,2026.1974086758,32.341675,64.5949216666667,293,290.737115945001,18.4229491752576,4.8303396770349,36.5709300256123,201.120209903699,0.386601936228844,0.0210316713634081,1e-12,70131007,2
10437023,2026.1974086758,32.341675,64.5949216666667,295,292.731549084282,18.4114908779153,4.82901094766813,36.569048786724,201.522099101594,0.386195663323215,0.0227382313596996,1e-12,70131007,2
10437023,2026.1974086758,32.341675,64.5949216666667,297,294.734604542694,18.4131023602628,4.82929565284377,36.5692795609025,201.687557780986,0.386325801757236,0.0253682090456153,1e-12,70131007,2
10437023,2026.1974086758,32.341675,64.5949216666667,299,296.706268349987,18.404590813343,4.82839115296417,36.5683886716834,201.756085668457,0.386256993552795,0.0222960342009831,1e-12,70131007,2
10437023,2026.1974086758,32.341675,64.5949216666667,301,298.676236695447,18.3967189227816,4.82750621532813,36.567094713665,201.647982967299,0.386210728867828,0.0221290901726122,1e-12,70131007,2
10437024,2026.1975152207,32.38378,64.6120933333333,3,2.9773352165725,20.6568051716438,5.07457205951596,36.7517869879086,226.168149290857,0.490153430185634,0.246014796879204,1.37821614608555,70131008,1
10437024,2026.1975152207,32.38378,64.6120933333333,5,4.96663520057588,20.655177592837,5.07450943559938,36.7519505409006,225.863507673006,0.48967094103789,0.244576769003524,0.630608862219189,70131008,1
10437024,2026.1975152207,32.38378,64.6120933333333,7,6.95097440845713,20.6539476163975,5.0744704056635,36.7519616476908,226.43062617966,0.489274209058306,0.243453128717417,0.38311555112101,70131008,1
10437024,2026.1975152207,32.38378,64.6120933333333,9,8.93823138917911,20.652983509366,5.07447000627724,36.7520571200024,226.560623044028,0.49018026431507,0.240599392331132,0.197276621899562,70131008,1
