BATS_HS_Cast_id,Decimal_Year,Lat,Long,Pressure_db,Depth_m,Temperature_C,Conductivity,Practical_Salinity,Dissolved_oxygen,Beam_Attenuation,Fluorescence,PAR,OA_Cast_No,OA_Station_No
10325001,2016.45048383424,32.3820666666667,64.6128,6,5.95798799888362,25.1943855879012,5.52838717429218,36.488776357891,204.973712045897,0.632143231928551,0.171698799888362,139.600406084287,70020002,1
10325001,2016.45048383424,32.3820666666667,64.6128,8,7.94403321239185,25.1681505892967,5.52592020682949,36.4909225635942,205.155347179874,0.631250125593078,0.170303321239185,105.653992464415,70020002,1
10326001,2016.55352345173,32.3830666666667,64.6121166666667,4.841,4.807,27.92950225,5.79901426671456,36.2923701109558,193.84777864267,0.5595,0.0799,235.1,70021001,1
10327002,2016.6244725258,32.3831833333333,64.6150333333333,4.501,4.469,28.12055295,5.83529898146668,36.4008327061903,196.46550092454,0.5378,0.0854,236.71,70022002,1
10328001,2016.71750721008,32.3831666666667,64.6464,2.436,2.419,28.4615,5.87881182992027,36.4440317727357,186.466652344522,0.5153,0.0757,2164.2,70023001,1
10329001,2016.79676115665,32.3841,64.6152166666667,3.837,3.81,25.0536,5.52432128081224,36.5730092011958,204.650322586671,0.4832,0.0446,1545,70024001,1
10330001,2016.88123861566,32.3841166666667,64.6124333333333,3.269,3.246,22.5814,5.26272086620804,36.6123571641327,183.426352130449,0.6069,0.1502,199.94,70025001,1
10331001,2016.94676305404,32.3824333333333,64.6118833333333,3.7,3.674,21.03584386,5.11176872761776,36.7258142293639,204.580071325995,0.4713,0.1338,141.27,70026001,1
10332001,2017.01297754947,32.37535,64.6203166666667,6,5.95801376146789,21.0159766990214,5.03273929795057,36.1030241856882,216.698182729496,0.576681345565749,0.16035,41.60474617737,70027001,1
10332001,2017.01297754947,32.37535,64.6203166666667,8,7.94425229357798,21.1862621220591,5.08745734188072,36.3985143438543,214.927905070685,0.550891335372069,0.143683333333333,31.3030132517839,70027001,1
10332001,2017.01297754947,32.37535,64.6203166666667,10,9.93049082568807,21.3565475450968,5.14217538581086,36.6940045020205,213.157627411875,0.525101325178389,0.127016666666667,21.0012803261978,70027001,1
10332001,2017.01297754947,32.37535,64.6203166666667,12,11.9157957366433,21.2964945979241,5.12460067840093,36.6022707759848,213.425562202246,0.521688001439108,0.129820588235294,21.2021270012592,70027001,1
10334001,2017.26720129376,32.3785666666667,64.6119,4.581,4.549,19.90481321,5.00008538368041,36.7954948307024,222.862457466281,0.6177,0.0618,573.46,70029001,1
10335001,2017.34935121766,32.3797333333333,64.6151166666667,5.113,5.078,22.19934891,5.24784687339096,36.8174592574303,209.05477890149,0.4832,0.1239,98.84,70030001,1
10336001,2017.44554984779,32.3603383333333,64.6034116666667,2,1.98570120481928,24.6293448522892,5.49738685176153,36.7171465051346,207.589389614266,0.577584337349398,0.142174337349398,820.648493975904,70031001,1
10336001,2017.44554984779,32.3603383333333,64.6034116666667,4,3.97124337349398,24.7324773824096,5.50884311113423,36.718338459575,207.437837022504,0.565536144578313,0.140126144578313,343.72078313253,70031001,1
10336001,2017.44554984779,32.3603383333333,64.6034116666667,6,5.95715286511901,24.6525526836145,5.49998992946196,36.716419581732,207.830176482,0.567157875404055,0.132311899794299,389.298857625624,70031001,1
10336001,2017.44554984779,32.3603383333333,64.6034116666667,8,7.94360961664419,24.5181192851755,5.4851984036969,36.7143476313774,206.010221704737,0.570973448683891,0.159741286807901,260.217063301855,70031001,1
10336001,2017.44554984779,32.3603383333333,64.6034116666667,10,9.92973285017911,24.4386295253839,5.47644333281765,36.7127243667815,204.583035672371,0.557676798814789,0.167037357093243,212.52828213412,70031001,1
10337001,2017.54117770167,32.38184,64.6124883333333,5.106,5.07,27.7562688,5.82360757791134,36.600947655473,192.252273964903,0.5739,0.1163,79.27,70032001,1
10338001,2017.61849505327,32.3793166666667,64.614405,2.538,2.52,29.08442281,5.97688571400431,36.6480559417097,193.491726258055,-0.0536,0.0982,1637.9,70033001,1
10339018,2017.70838660578,32.3829816666667,64.6132783333333,2.551,2.533,28.03446741,5.87097408807689,36.7199239980508,185.580213929754,0.4786,0.0778,404.63,70034007,1
10340014,2017.80207001522,32.38281,64.6103916666667,2.262,2.247,26.20045598,5.63564940973514,36.4748932562859,198.166331837131,0.4902,0.0319,644.53,70035007,1
10341001,2017.87543378995,32.3817266666667,64.6131683333333,0.521,0.517,24.63708875,5.47246941124441,36.5237461397354,249.941430370892,3.4445,0.0334,1860.9,70036001,1
10342001,2017.94399162862,32.3813633333333,64.6181133333333,3,2.97769309617124,23.1181774545674,5.32591097624498,36.6554827803578,208.307708960378,20.1208115465782,0.1068421615918,0.0156533221284293,70037001,1
10342001,2017.94399162861,32.3813633333333,64.6181133333333,5,4.96394633546461,23.1189305379437,5.32606847934436,36.6553820029744,208.180926893537,18.1152839223638,0.108922857764927,0.00411690445896488,70037001,1
10342001,2017.94399162861,32.3813633333333,64.6181133333333,7,6.95424948197321,23.1070323628819,5.32478441294484,36.6546619124513,207.83781701864,18.3174123280335,0.101690901754498,0.00934065741941626,70037001,1
10342001,2017.94399162861,32.3813633333333,64.6181133333333,9,8.93789793023753,23.0479370517054,5.31838024255412,36.6536234588992,207.338682669853,18.3001105816985,0.111126129115808,0.00144327142021822,70037001,1
10343018,2018.04863203957,32.3807433333333,64.613325,4,3.97142659861903,21.2216486302732,5.12547885191405,36.676543832184,213.769941545534,0.610435815070549,0.274927379165416,426.235604923446,70038007,1
10343018,2018.04863203957,32.3807433333333,64.613325,6,5.95826388034044,21.2221419009872,5.12562937437647,36.6766067250647,213.706041850871,0.60976999032766,0.286971413250551,307.226070259055,70038007,1
10343018,2018.04863203957,32.3807433333333,64.613325,8,7.94488812419334,21.2223966310597,5.12570167644283,36.6762444501482,213.182523620632,0.609923304008536,0.283200970221222,241.281385249265,70038007,1
10343018,2018.04863203957,32.3807433333333,64.613325,10,9.92698396809966,21.222731199591,5.12581761240246,36.6761651841115,213.477186419628,0.607029070035413,0.278472684617095,186.222433642367,70038007,1
10343018,2018.04863203957,32.3807433333333,64.613325,12,11.9139899862109,21.2234081433769,5.12596818642564,36.6760711423937,213.195466768361,0.605489574812501,0.281415505728628,154.593566983645,70038007,1
10343018,2018.04863203957,32.3807433333333,64.613325,14,13.8963693523355,21.2239062947426,5.12611769641776,36.6761220747396,213.300478277849,0.604628455322361,0.26662080712429,127.595220732283,70038007,1
10344020,2018.11995814307,32.3832283333333,64.6144666666667,3,2.97506487695749,21.0748470306264,5.12564033736061,36.804579243361,223.196484017819,0.424152908277405,0.0625341163310962,376.591504474273,70039007,1
10344020,2018.11995814307,32.3832283333333,64.6144666666667,5,4.96230924484087,21.0649118194908,5.12461747771626,36.8041566712795,223.203575069833,0.424102357817863,0.0589527590230127,269.233211794288,70039007,1
10344020,2018.11995814307,32.3832283333333,64.6144666666667,7,6.95444791871441,21.0622863764398,5.12447623853743,36.8045503202493,223.295530338315,0.425282820565704,0.066789417864827,195.383243963119,70039007,1
10344020,2018.11995814307,32.3832283333333,64.6144666666667,9,8.9364651087578,21.0436919280809,5.12238947488532,36.8030007568899,223.367507150737,0.4256085067595,0.0661326376779462,166.067911025525,70039007,1
10344020,2018.11995814307,32.3832283333333,64.6144666666667,11,10.9225817524634,21.0392262297327,5.12190254219201,36.8021875375253,223.366667276216,0.427803822542336,0.0786071349448388,149.638113958235,70039007,1
10346020,2018.29265410959,32.3799433333333,64.6144433333333,4,3.98548284407167,20.7210244440869,5.07314537416363,36.6841850627945,224.111762008988,0.445125314525353,0.11262367518109,187.265518490278,70041007,1
10346020,2018.29265410959,32.3799433333333,64.6144433333333,6,5.95931427149189,20.7155359473221,5.07408823616189,36.6958701160765,224.291609377303,0.443703215449189,0.109070428563943,138.065974897597,70041007,1
10346020,2018.29265410959,32.3799433333333,64.6144433333333,8,7.95095680600712,20.7023435836817,5.07629065575934,36.7244804639638,224.061020431598,0.441276155416849,0.102964620615028,107.644007914464,70041007,1
10346020,2018.29265410959,32.3799433333333,64.6144433333333,10,9.93562128847718,20.6997425600589,5.0770703154034,36.7323449662598,223.962659276396,0.438810327715675,0.10756320152588,83.4603648892411,70041007,1
10346020,2018.29265410959,32.3799433333333,64.6144433333333,12,11.9172428135961,20.6983295346237,5.07756320004997,36.7368461016845,224.147663341011,0.43773004644028,0.0992495687802666,73.6336821687829,70041007,1
10346020,2018.29265410959,32.3799433333333,64.6144433333333,14,13.8985031096188,20.6930926884008,5.07829519074451,36.74660802472,223.696718244575,0.436955225494265,0.0940936610589498,64.2008901403005,70041007,1
10347001,2018.38783675799,32.3825783333333,64.6129983333333,4,3.97162418043535,24.9776531295279,5.54901596908583,36.8193376377789,211.722497652138,0.576978783110412,0.0837634933123525,1487.4970626803,70042001,1
10347001,2018.38783675799,32.3825783333333,64.6129983333333,6,5.95701961044152,24.9915715026496,5.55070395467628,36.8199372056235,211.610561304562,0.575578289701819,0.0834411239268171,842.349944250932,70042001,1
10347001,2018.38783675799,32.3825783333333,64.6129983333333,8,7.9410473160219,24.9941725532255,5.55105389176105,36.8197654818319,212.154010931533,0.575301786269961,0.0862298428539354,462.240593366891,70042001,1
10347001,2018.38783675799,32.3825783333333,64.6129983333333,10,9.92831615476687,24.8415629272324,5.53327457045721,36.8106009639879,215.659243635648,0.57673407734941,0.0924634026399336,383.991174048015,70042001,1
10347001,2018.38783675799,32.3825783333333,64.6129983333333,12,11.9189508320558,24.6658143499694,5.51218815348235,36.7953785541724,216.740725349958,0.572427389890843,0.117230024766163,271.893989782607,70042001,1
10348001,2018.4424238965,32.3824883333333,64.6138433333333,4,3.96962244323513,26.154569447964,5.65067436077724,36.6206953898985,203.103386004825,0.60722533308313,0.157227228373053,175.308453743667,70043001,1
10348001,2018.4424238965,32.3824883333333,64.6138433333333,6,5.95833946015741,26.1678612626252,5.65362763548722,36.631023610493,203.299142034079,0.605980568493569,0.15416108174787,127.241045150807,70043001,1
10348001,2018.4424238965,32.3824883333333,64.6138433333333,8,7.94097788389286,26.1789586690937,5.65797614602696,36.6533000798479,201.721442924036,0.60743334404135,0.158183484856782,94.041781909651,70043001,1
10348001,2018.4424238965,32.3824883333333,64.6138433333333,10,9.93215360856456,26.1174182072776,5.65365575282862,36.670277187495,199.257722752298,0.60798673476198,0.158512205820588,77.0069484922792,70043001,1
10348001,2018.4424238965,32.3824883333333,64.6138433333333,12,11.9127865788145,25.728068027003,5.60875372483217,36.6521434445076,196.175857960141,0.604823476281034,0.15952665426022,61.7382597033895,70043001,1
10349008,2018.54697488584,32.3833433333333,64.6142266666667,3,2.96499831989247,27.0931348879032,5.74223869905712,36.5404702879858,200.809992190273,0.63463565188172,0.118581115591398,1022.68553427419,70044001,1
10349008,2018.54697488584,32.3833433333333,64.6142266666667,5,4.9660196318861,27.096703609878,5.74276306007507,36.5407979390035,201.113497812838,0.59684015319185,0.10861962920615,752.986904109048,70044001,1
10349008,2018.54697488584,32.3833433333333,64.6142266666667,7,6.95228079531845,27.0798186243771,5.74078593768821,36.539251258263,200.290881793871,0.596811249934103,0.110963889246756,567.49236101101,70044001,1
10349008,2018.54697488584,32.3833433333333,64.6142266666667,9,8.93503883902193,27.0449026311293,5.73666320873535,36.5364723991976,201.051905837014,0.597078714294641,0.129677384348178,443.050189484023,70044001,1
10349008,2018.54697488584,32.3833433333333,64.6142266666667,11,10.9249078792032,26.9995326153966,5.73135396453196,36.5333836127225,200.899678452551,0.593988190865199,0.138713234481939,350.321565049234,70044001,1
10350001,2018.61247336378,32.3871233333333,64.6108933333334,3,2.9683429666765,28.2111968374226,5.87407973620241,36.6041322926853,189.335820363979,0.603560041285756,0.118835535240342,1300.11526983191,70045001,1
10350001,2018.61247336378,32.3871233333333,64.6108933333334,5,4.96657470889142,28.1903213557666,5.87200511076033,36.6051165709078,188.413978923878,0.600080350278394,0.119057297222903,319.91352377107,70045001,1
10350001,2018.61247336378,32.3871233333333,64.6108933333334,7,6.94731250602708,28.1652712082135,5.86952833928496,36.6065102364587,187.882905388168,0.601064308711905,0.125140433553003,165.091259132554,70045001,1
10350001,2018.61247336377,32.3871233333333,64.6108933333334,9,8.93724730643807,28.0644963418718,5.85880788216128,36.6086297513942,187.129613505007,0.598711060267688,0.133431034177067,124.899899390786,70045001,1
10350001,2018.61247336378,32.3871233333333,64.6108933333334,11,10.922457095407,27.9338888715499,5.84478284180974,36.6105972027102,186.782067766902,0.581362030272134,0.14507753888378,98.7907818695053,70045001,1
10350001,2018.61247336378,32.3871233333333,64.6108933333334,13,12.9091585403461,27.9106190377014,5.84237379458346,36.6110682022539,187.181294950513,0.605791117050166,0.155816036562438,89.0504918766341,70045001,1
10351001,2018.69192922374,32.3834533333333,64.6083483333333,4,3.96965682967959,28.0872467980607,5.8174666259654,36.3010877832835,186.107250815355,0.517603204047217,0.0508862225969646,1084.30905902192,70046001,1
10351001,2018.69192922374,32.3834533333333,64.6083483333333,6,5.95842700614704,28.0627872630223,5.81530846582614,36.3041263728726,183.726461200654,0.521865202993149,0.0549136784631301,829.375431420591,70046001,1
10351001,2018.69192922374,32.3834533333333,64.6083483333333,8,7.96543042251093,28.0292005054128,5.81228840314407,36.3081295152189,182.873679669114,0.528282439502867,0.0720918721395093,717.623755686323,70046001,1
10351001,2018.69192922374,32.3834533333333,64.6083483333333,10,9.9326434454742,28.025595723537,5.81205013673531,36.3086171676695,182.275948947566,0.537343539578889,0.0825743868856966,577.804389075353,70046001,1
10351001,2018.69192922374,32.3834533333333,64.6083483333333,12,11.9139142829135,28.0145792611047,5.81108793549617,36.3097182811948,181.758276666152,0.537954675670185,0.088704709494281,479.7726440332,70046001,1
10351001,2018.69192922374,32.3834533333333,64.6083483333333,14,13.9007092195327,28.0107165608856,5.81082875437859,36.3102575368766,181.253581705709,0.541168361089066,0.092188277013145,393.088650921926,70046001,1
10352001,2018.79325532725,32.3813616666667,64.608305,2,1.95356516443362,26.0980153534714,5.6504690165839,36.6650685447722,191.796949994725,0.492701827040195,0.122711571254568,118.54741047503,70047001,1
10352001,2018.79325532725,32.3813616666667,64.608305,4,3.97245689872094,26.0982090772204,5.65048048717234,36.6643504462209,190.879389849313,0.491185695354359,0.116178561274341,87.1124934555462,70047001,1
10352001,2018.79325532725,32.3813616666667,64.608305,6,5.95972423116677,26.0956658888048,5.65024016490458,36.663979894265,190.633785080529,0.489539952760809,0.123206736503288,72.1440761399168,70047001,1
10352001,2018.79325532725,32.3813616666667,64.608305,8,7.94459316617282,26.0965790205569,5.6503686441546,36.6635427835869,190.861298396594,0.490016656816202,0.127175855575787,63.9221351920647,70047001,1
10352001,2018.79325532725,32.3813616666667,64.608305,10,9.9369749356534,26.0943701486617,5.65023477101029,36.6636840843173,190.826677266149,0.48966517888693,0.131137982504374,56.624674990846,70047001,1
10352001,2018.79325532725,32.3813616666667,64.608305,12,11.9155742934802,26.0915351013778,5.65005572533647,36.663995966626,190.485086318808,0.490851452823961,0.135112982809657,52.5501936078789,70047001,1
10352001,2018.79325532725,32.3813616666667,64.608305,14,13.8983180935721,26.090209900693,5.64999979546262,36.6640006879249,190.595819646467,0.491422484591194,0.14623194328579,51.8041051277526,70047001,1
10352001,2018.79325532725,32.3813616666667,64.608305,16,15.8883346118211,26.0905726748083,5.65013077627289,36.6640227983599,191.038172513327,0.491664316939808,0.1435920377794,52.0513888329284,70047001,1
10352001,2018.79325532725,32.3813616666667,64.608305,18,17.8724135751493,26.091026816439,5.65028321885967,36.6641289921354,191.080073306964,0.492335845755835,0.142677422792424,38.2311777818405,70047001,1
10353001,2018.84530060883,32.3850266666667,64.6125283333333,3,2.98502372034956,24.5774438051663,5.5093912652775,36.8498731787891,199.791908741797,0.456250732039496,0.0947496538417887,4.29913007604131,70048001,1
10353001,2018.84530060883,32.3850266666667,64.6125283333333,5,4.9685359797039,24.5734133659319,5.50879378815746,36.8480059761141,199.938340131768,0.454713270500061,0.0956438167631103,8.15867524520426,70048001,1
10353001,2018.84530060883,32.3850266666667,64.6125283333333,7,6.94866580288507,24.5828156669942,5.51041189300221,36.8518090491624,200.553147441251,0.454400855779818,0.100204607272317,7.33543857543943,70048001,1
10353001,2018.84530060883,32.3850266666667,64.6125283333333,9,8.93572811563763,24.5908493017371,5.5118488353755,36.8553703816074,200.536386443921,0.45413679706422,0.108989231196194,6.58381902234529,70048001,1
10353001,2018.84530060883,32.3850266666667,64.6125283333333,11,10.9245884721641,24.5925063339202,5.51217307153733,36.8557806239901,200.679562966363,0.454087419340012,0.115710483073795,6.61735798423681,70048001,1
10353001,2018.84530060883,32.3850266666667,64.6125283333333,13,12.9076929255066,24.5907796169434,5.51196526679881,36.854960122469,200.809169877426,0.453861243964565,0.123099361170468,8.14145745292223,70048001,1
10353001,2018.84530060883,32.3850266666667,64.6125283333333,15,14.8974319084719,24.5921010855261,5.51226035112423,36.8554266130711,200.727082675388,0.453565842556345,0.119926645824268,9.25342086579919,70048001,1
10354001,2018.94971651446,32.382235,64.6138033333333,3,2.97613359148112,22.1042084769797,5.23381284534867,36.7880674404915,181.590864399637,19.6620344627299,0.0735002904162633,0.0108228184898354,70049001,1
10354001,2018.94971651446,32.382235,64.6138033333333,5,4.96542907661807,22.1235793042954,5.23914873638473,36.8131188049177,191.668677023131,20.7176498311165,0.0659613336742785,0.0253797614212674,70049001,1
10354001,2018.94971651446,32.382235,64.6138033333333,7,6.95067651053058,22.1176759782378,5.23926707030538,36.8183639199833,191.708393098083,16.2664752896856,0.0772262789385936,0.0557901794039376,70049001,1
10354001,2018.94971651446,32.382235,64.6138033333333,9,8.93790852785276,22.1181696438424,5.23968755859267,36.8205596296236,196.505998095202,13.8836738125556,0.0843197058710739,0.205127036712874,70049001,1
10355001,2019.02619863014,32.38108,64.6160666666667,4,3.97151494321578,21.2377688152062,5.12679957509155,36.6733453654799,213.185762219453,0.533516049013748,0.0801619246861925,112.531443514644,70050001,1
10355001,2019.02619863014,32.38108,64.6160666666667,6,5.95895181113037,21.2316436898148,5.12617248271163,36.672825981557,212.565602842667,0.534779358447867,0.0765619249806228,84.9613329045283,70050001,1
10355001,2019.02619863014,32.38108,64.6160666666667,8,7.94439798664602,21.2314084660122,5.1261878069584,36.672425490079,212.819700991717,0.534530491261155,0.0813204343562452,72.791028065898,70050001,1
10355001,2019.02619863014,32.38108,64.6160666666667,10,9.93073825647319,21.232128650797,5.12631841493719,36.6721335968806,212.336661714667,0.535989332658329,0.0857332920429468,57.5656262893368,70050001,1
10355001,2019.02619863014,32.38108,64.6160666666667,12,11.9177035733033,21.2319413758638,5.12641266350073,36.6723276789556,212.132823176927,0.53752096660718,0.0902627808888107,48.7629041415495,70050001,1
10355001,2019.02619863014,32.38108,64.6160666666667,14,13.9026455229948,21.2330818523006,5.1265541904241,36.6717632954708,212.252917887929,0.536786934001135,0.091057910904893,46.355384472109,70050001,1
10356001,2019.12766933029,32.3829866666667,64.6084383333333,4,3.96983230796273,20.0182013046852,4.99411564093155,36.6471131865344,219.721278425717,0.608833362629636,0.294765072947794,408.343093689576,70051001,1
10356001,2019.12766933029,32.3829866666667,64.6084383333333,6,5.9513367432286,20.0201332570102,4.99439682747495,36.6470006824333,219.629688326183,0.608464718643029,0.307437789231568,310.012629936045,70051001,1
10356001,2019.12766933029,32.3829866666667,64.6084383333333,8,7.94630200844392,20.0216747482723,4.99465070017468,36.6470036204125,219.740905647744,0.609626469044108,0.307080318026574,252.659280913937,70051001,1
10356001,2019.12766933029,32.3829866666667,64.6084383333333,10,9.93248610785389,20.013500627074,4.99398460702262,36.6478928477967,219.491023960466,0.609331995572887,0.297244625655512,202.826944839302,70051001,1
10357001,2019.18781202435,32.3847216666667,64.6121283333333,4,3.96631261770245,19.5148041774539,4.94448165971042,36.6764368799895,226.139299404644,0.579275706214689,0.163989642184557,1536.27310734463,70052001,1
10357001,2019.18781202435,32.3847216666667,64.6121283333333,6,5.95785768832327,19.5152403905011,4.94461560815241,36.6764132739352,226.023100484577,0.578359588555048,0.156786727262366,915.656587873522,70052001,1
10357001,2019.18781202435,32.3847216666667,64.6121283333333,8,7.94433178587076,19.5169026816159,4.94492117689057,36.6767423741279,226.2608098124,0.578439811476135,0.169759513951281,661.074268450644,70052001,1
10357001,2019.18781202435,32.3847216666667,64.6121283333333,10,9.92908236426277,19.514270273604,4.94477185575783,36.6770563823913,226.098693409729,0.578228216239974,0.177115170417866,585.557775253668,70052001,1
10357001,2019.18781202435,32.3847216666667,64.6121283333333,12,11.9180074908078,19.5130426306976,4.94472663420457,36.6770026705666,226.107435564317,0.579202351358495,0.191014344209348,485.873900097384,70052001,1
10357001,2019.18781202435,32.3847216666667,64.6121283333333,14,13.9030046883758,19.5133764836709,4.94484991115371,36.6769805009986,226.170365628575,0.578912590550253,0.204620747998816,394.241135239018,70052001,1
10358001,2019.26459855403,32.3784566666667,64.606655,4,3.97139319248826,21.4816213938732,5.17334381704364,36.8379696506841,219.213932613591,0.440839392605634,0.0289511296948357,61.6317265346244,70053001,1
10358001,2019.26459855403,32.3784566666667,64.606655,6,5.95976601076427,21.4402765169242,5.16882902301535,36.8365547290728,219.760072709313,0.440514983880615,0.0355151645769864,0.505838197594159,70053001,1
10358001,2019.26459855403,32.3784566666667,64.606655,8,7.94917061092707,21.4388926338054,5.16888369247483,36.8374575944046,219.579814351079,0.441100361252108,0.0316076047333994,2.55112177837823,70053001,1
10358001,2019.26459855403,32.3784566666667,64.606655,10,9.92360727142236,21.2975454429345,5.15061443049073,36.8114516825344,219.934570815686,0.441320615828335,0.0317757371987575,2.68757171397153,70053001,1
10358001,2019.26459855403,32.3784566666667,64.606655,12,11.9119308959755,21.2985567306398,5.15136238665978,36.815897136902,220.205444066067,0.44270448662665,0.0377717830888267,2.79385919918908,70053001,1
10359001,2019.35761986301,32.3815183333333,64.6231783333333,3,2.97413593539704,22.5995163932436,5.29348992397366,36.8383630936276,213.512415562828,0.461592893674293,0.0569307671601615,637.746239569314,70054001,1
10359001,2019.35761986301,32.3815183333333,64.6231783333333,5,4.96226815344638,22.5976011535524,5.29333220110884,36.8380401065284,212.980301425555,0.45950455228073,0.0310365215187816,453.952733811608,70054001,1
10359001,2019.35761986301,32.3815183333333,64.6231783333333,7,6.95151615286887,22.5973379120732,5.29340908279994,36.8381602896681,213.023765795662,0.458958860461373,0.0362357971093624,362.2671209773,70054001,1
10359001,2019.35761986301,32.3815183333333,64.6231783333333,9,8.93781265976139,22.596446224744,5.29338896623779,36.838051220164,213.906356505863,0.459360372391529,0.043778178177596,303.929614413776,70054001,1
10360001,2019.42628234399,32.3815516666667,64.6129433333333,4,3.96806393339617,23.8717406229846,5.43397584951546,36.8598618475333,207.816146545298,0.513278400879673,0.0876239239710965,735.837329563305,70055001,1
10360001,2019.42628234399,32.3815516666667,64.6129433333333,6,5.96074694279095,23.8451514331309,5.43104111383136,36.8588147885484,207.777329257153,0.513660948285641,0.0926986243375874,494.117257369758,70055001,1
10360001,2019.42628234399,32.3815516666667,64.6129433333333,8,7.94275736621626,23.8166477554789,5.42800372561156,36.8585702128754,207.851259620466,0.515569468285716,0.110043095817425,362.652906772925,70055001,1
10360001,2019.42628234399,32.3815516666667,64.6129433333333,10,9.92999211347261,23.8064672541845,5.42694919495154,36.8582731910986,207.938930313315,0.517413849335575,0.114297859566222,289.766469075824,70055001,1
10361001,2019.53293949772,32.3833733333333,64.6110016666667,3,2.97995733273763,27.6885875030046,5.85284932659856,36.8624518839407,194.859307296264,0.583665140176477,0.0924760750586396,377.248216240366,70056001,1
10361001,2019.53293949772,32.3833733333333,64.6110016666667,5,4.96417475859051,27.6794058072349,5.85185059331081,36.8619491083801,194.897457820474,0.583966321234676,0.0987166776453185,119.459303165361,70056001,1
10361001,2019.53293949772,32.3833733333333,64.6110016666667,7,6.95045380350961,27.6213988323531,5.84499638154417,36.8582194622143,196.458869229281,0.584370729925865,0.114125757351978,96.6998862175626,70056001,1
10362001,2019.62345700152,32.38259,64.61034,3,2.97877401129943,28.358636920678,5.83958671089121,36.248164602889,192.955948550057,0.482198305084746,0.0329610169491525,285.975762711864,70057001,1
10362001,2019.62345700152,32.38259,64.61034,5,4.96520546770507,28.3642687241771,5.84019908448302,36.2475293400779,193.511419717681,0.481129586696463,0.0309371867740147,215.449260740756,70057001,1
10362001,2019.62345700152,32.38259,64.61034,7,6.94976712427968,28.3231880249271,5.83541506613072,36.2448904272878,192.824193544995,0.480832210362235,0.0345746798412894,191.156955020031,70057001,1
10362001,2019.62345700152,32.38259,64.61034,9,8.93760674347395,28.2887988956141,5.83155359686629,36.2435831465247,192.578871176696,0.48050583311193,0.0350964104624257,172.650773880259,70057001,1
10362001,2019.62345700152,32.38259,64.61034,11,10.9228830282625,28.2843820573404,5.83116043499954,36.2436055143421,192.874059109599,0.479547945672005,0.038852058761487,162.792794945126,70057001,1
10362001,2019.62345700152,32.38259,64.61034,13,12.9096944817699,28.2811056339549,5.83106234703865,36.2448228057067,192.956802400066,0.479752803998342,0.0412199099633252,152.897052018694,70057001,1
10363001,2019.68367199391,32.38089,64.612905,5,4.9648435745227,29.5846577462859,6.00405785376888,36.4529265101683,181.164802187607,0.650226247392909,0.0523184662281405,207.727652815659,70058001,1
10363001,2019.68367199391,32.38089,64.612905,7,6.95136118747281,29.5807775476856,6.00373025959708,36.4530271514216,181.100821512135,0.648756387312628,3.54128007710523,179.280793160475,70058001,1
10363001,2019.68367199391,32.38089,64.612905,9,8.94366274232793,29.5803457194005,6.00377745995473,36.4530837311022,181.04696202494,0.647103471265782,4.86446603444766,156.274501278835,70058001,1
10364001,2019.80147260274,32.384995,64.61404,2,1.98439870894247,25.5194895862085,5.57961522630237,36.6081622234883,201.426241262679,0.552140136700209,0.0831056768558952,3103.15564837668,70059001,1
10364001,2019.80147260274,32.384995,64.61404,4,3.97556661687639,25.5137466539498,5.57892957760725,36.6070605252803,201.302815721573,0.472550050406346,0.079035034009782,855.286996385516,70059001,1
10364001,2019.80147260274,32.384995,64.61404,6,5.95764149761477,25.5126718991905,5.57880961028935,36.6063839268881,201.504494817312,0.478723468359054,0.0872500138831823,765.456242056272,70059001,1
10364001,2019.80147260274,32.384995,64.61404,8,7.94484929570791,25.5091249853596,5.5787074168063,36.6078309547686,200.722020275254,0.478709394103289,0.0795693473037557,557.398096848819,70059001,1
10365001,2019.87284246575,32.3829183333333,64.6137416666667,4,3.96194164456233,24.1343675725906,5.42453501681507,36.5710387529567,204.246560840581,0.471451724137931,0.0660205128205128,1675.73846153846,70060001,1
10365001,2019.87284246575,32.3829183333333,64.6137416666667,6,5.9606085938352,24.1337924278064,5.42457506500361,36.5711395849276,204.441408179225,0.474669401567641,0.0560525392373337,1135.51670346721,70060001,1
10365001,2019.87284246575,32.3829183333333,64.6137416666667,8,7.94824685505151,24.1340666962797,5.42469872174378,36.5711786220294,204.376872038179,0.472120653527429,0.0471542704084139,945.918240472591,70060001,1
10365001,2019.87284246575,32.3829183333333,64.6137416666667,10,9.93366100423909,24.1290224679824,5.42419300248666,36.5708005467005,204.211877336792,0.471979140390783,0.0510072099663951,749.592576673095,70060001,1
10365001,2019.87284246575,32.3829183333333,64.6137416666667,12,11.9228778810542,24.1224644467394,5.42351537125259,36.5703584295364,204.317536277657,0.471438417611466,0.0550090197186236,626.698379194873,70060001,1
10365001,2019.87284246575,32.3829183333333,64.6137416666667,14,13.9077049754036,24.1222901042834,5.42359037925496,36.5703962650894,204.689170372889,0.472086964213303,0.0553334783808885,531.524985218917,70060001,1
10366001,2019.93839611872,32.384275,64.6147316666667,6,5.95738978424747,22.7941697375929,5.27887810808273,36.5593649321925,206.27307923535,0.491748817260203,0.150277618923837,122.204160384715,70061001,1
10366001,2019.93839611872,32.384275,64.6147316666667,8,7.94441850187971,22.8042375177826,5.28000105094341,36.5590073091273,206.543041210084,0.490820365318339,0.144911489964303,85.5825345260605,70061001,1
10366001,2019.93839611872,32.384275,64.6147316666667,10,9.93570215052574,22.8033551301175,5.28001344705889,36.5591450485668,206.662516428514,0.491171698185686,0.14904481544721,70.542759643331,70061001,1
10366001,2019.93839611872,32.384275,64.6147316666667,12,11.9118592464845,22.8032111833573,5.28009696182887,36.5592200603418,206.667422246502,0.49187719789635,0.147617232960024,56.4621163370544,70061001,1
10366001,2019.93839611872,32.384275,64.6147316666667,14,13.8995196194444,22.8079347828945,5.28067068846928,36.5590480652584,207.169051195124,0.492288231483581,0.151614298362715,47.406925644244,70061001,1
10367001,2020.05602800546,32.38245,64.61539,3,2.97981818181818,20.2657154209091,5.0116884544902,36.5767592658559,215.862666870261,2.07892727272727,0.222629090909091,65.4398909090909,70062001,1
10367001,2020.05602800546,32.38245,64.61539,5,4.96413590663755,20.2741934705343,5.02123909263902,36.6470149832836,215.278038248348,0.414404812438065,0.15321530012796,19.6616171138841,70062001,1
10367001,2020.05602800546,32.38245,64.61539,7,6.94906168745112,20.2487040104731,5.01872609329272,36.6477996911591,216.47339153235,0.479771014647451,0.151931178362239,16.6699311748254,70062001,1
10367001,2020.05602800546,32.38245,64.61539,9,8.94120782899349,20.164257107161,5.0097959826139,36.647135005064,216.973909296644,0.475726969563217,0.149700995252743,11.9233024168156,70062001,1
10367001,2020.05602800546,32.38245,64.61539,11,10.9326649848034,19.9773758651388,4.99033709471292,36.6489148159779,218.389113763067,0.476085383857595,0.152947307412803,7.40524593951895,70062001,1
10368001,2020.15501669702,32.3820333333333,64.61097,5,4.96550997115264,20.7348360842845,5.08349562839742,36.7560856860976,223.739238229102,0.485744111375894,0.0427848614072495,1609.07605669133,70063001,1
10368001,2020.15501669703,32.3820333333333,64.61097,7,6.95154454218976,20.7280205408743,5.08283091202406,36.7558449599604,223.156735018413,0.483503193500015,0.0437599082650221,1365.02591892587,70063001,1
10368001,2020.15501669702,32.3820333333333,64.61097,9,8.93865899582883,20.7252051160623,5.08259183374407,36.755602417721,223.873035517812,0.48282017619025,0.047035634818786,1160.15308561474,70063001,1
10368001,2020.15501669703,32.3820333333333,64.61097,11,10.9220514688057,20.7234363785108,5.08250264506739,36.7556729266489,223.513976524674,0.482754681860418,0.0502946304448352,989.966880113282,70063001,1
10369001,2020.5124829235,32.3797216666667,64.6142866666667,4,3.96774880425155,25.2712186288751,5.54774166293701,36.5713790227531,203.490984015665,0.581643755535872,0.0785563861824624,346.107904340124,70065001,1
10369001,2020.5124829235,32.3797216666667,64.6142866666667,6,5.9574400944104,25.2014789509318,5.54006060294817,36.5699376653602,203.480122293722,0.580709411275678,0.0748639975672553,250.710876861422,70065001,1
10369001,2020.5124829235,32.3797216666667,64.6142866666667,8,7.94422422927097,25.1734671779139,5.5369966235763,36.5691158929602,203.522373025788,0.585002201435858,0.0803247110957358,202.719522475779,70065001,1
10369001,2020.5124829235,32.3797216666667,64.6142866666667,10,9.92923463864598,25.1513279751806,5.5346481678606,36.5688703128095,203.775963009729,0.590867808221581,0.0910422345431815,170.676631777111,70065001,1
10369001,2020.5124829235,32.3797216666667,64.6142866666667,12,11.9165566737973,25.0744460179648,5.52679572965217,36.5718895432918,203.731406500581,0.595252275557429,0.0985611930429564,155.141682459175,70065001,1
10369001,2020.5124829235,32.3797216666667,64.6142866666667,14,13.9014856825583,24.9818700528331,5.51752396320236,36.577018729128,203.945627545812,0.595450188016836,0.110151010326419,138.99866413259,70065001,1
10371001,2020.62276867031,32.3824416666667,64.6123266666667,4,3.96707272727273,29.9778805454545,6.10399585874496,36.8379258749024,184.158585227073,0.693734545454545,0.232650909090909,252.61309090909,70066001,1
10371001,2020.62276867031,32.3824416666667,64.6123266666667,6,5.95856875918002,29.9729432744109,6.10343898961253,36.8372955369757,184.611025266985,0.69051896800562,0.232368991634204,92.3985526534262,70066001,1
10371001,2020.62276867031,32.3824416666667,64.6123266666667,8,7.94784480348625,29.9646897666019,6.10241343146265,36.8359952185148,185.016476388406,0.691658843184528,0.227863726351092,68.1719857502254,70066001,1
10371001,2020.62276867031,32.3824416666667,64.6123266666666,10,9.92762830310054,29.94262688803,6.09982964467413,36.8345892994401,183.756116854734,0.689133535430855,0.232843028976325,50.1871787298286,70066001,1
10372009,2020.71438979964,32.38321,64.612855,4,3.97451966075559,26.6962950170393,5.70896890653125,36.613677890366,195.343992671498,0.630466229760987,0.130409714726291,172.474572089437,70067007,1
10372009,2020.71438979964,32.38321,64.612855,6,5.96959561254032,26.6264208870768,5.70239265856166,36.620833514878,194.33200378636,0.624606249087162,0.127661829963888,119.503500767703,70067007,1
10372009,2020.71438979964,32.38321,64.612855,8,7.943162996885,26.6488645372529,5.70472123018452,36.6192591367835,194.899420637387,0.626122819929414,0.128461350688958,81.7456519077362,70067007,1
10372009,2020.71438979964,32.38321,64.612855,10,9.93264551355284,26.39281068017,5.68077333871664,36.648288775511,192.748572257485,0.618398681991987,0.126386213299829,66.7034057230979,70067007,1
10374015,2020.82647616879,32.3819716666667,64.6122233333333,4,3.90642864185359,25.4767803105497,5.59176710667563,36.7319859878187,191.755626263496,0.524545649494701,0.164824969189056,134.849963026867,70068003,1
10374015,2020.82647616879,32.3819716666667,64.6122233333333,6,5.9598362432071,25.4733062772656,5.5915156152363,36.7322756384768,191.806910351691,0.526934388917648,0.166721413423024,187.07507619713,70068003,1
10374015,2020.82647616879,32.3819716666667,64.6122233333333,8,7.94660526764865,25.4752165675482,5.59182930747656,36.7323975221558,191.58032926156,0.527327678360454,0.160887778091864,132.251060494151,70068003,1
10374015,2020.82647616879,32.3819716666667,64.6122233333333,10,9.93047724291375,25.4772178440455,5.59217002631699,36.732646149307,191.497757604269,0.52803365496502,0.1603168930086,86.9880994385101,70068003,1
10374015,2020.82647616879,32.3819716666667,64.6122233333333,12,11.9147432808084,25.4782005344074,5.5923887186031,36.7328146483055,191.557688889011,0.527686730466813,0.170526226858986,73.0193588317572,70068003,1
10375001,2020.87588987553,32.3832466666667,64.6144866666667,4,3.97094671524536,23.8687242746078,5.41554313318637,36.7214303917927,201.131273895967,0.475326619606057,0.109367733120802,1146.64085278379,70069001,1
10375001,2020.87588987553,32.3832466666667,64.6144866666667,6,5.95960614088373,23.869472648589,5.41570971050251,36.721402096461,201.56798567425,0.475076790158683,0.117410361841335,609.712706371429,70069001,1
10375001,2020.87588987553,32.3832466666667,64.6144866666667,8,7.94137731817799,23.8691938562527,5.41576879475245,36.7214021421234,202.055633910043,0.475380749827877,0.112182213662249,526.215808105848,70069001,1
10375001,2020.87588987553,32.3832466666667,64.6144866666667,10,9.93137187905992,23.8682425051876,5.41579118352671,36.721678270813,201.352674666887,0.474980592362951,0.119422586661912,528.517338510332,70069001,1
10375001,2020.87588987553,32.3832466666667,64.6144866666667,12,11.9150264837718,23.8637838751015,5.41566435151357,36.7237159194645,200.543326093377,0.476243968327862,0.14363039569073,401.044794365556,70069001,1
10376011,2020.95048952641,32.3837816666667,64.614765,5,4.95994307450157,22.3449842413956,5.26796014378473,36.8525588316185,215.852873250113,0.463191080797482,0.0825337880377754,12.1924580272823,70070004,1
10376011,2020.95048952641,32.3837816666667,64.614765,7,6.94964755550617,22.3471984973534,5.2682917334684,36.8525831317987,215.409108880257,0.46134819846684,0.0814785177112092,9.02392631879144,70070004,1
10376011,2020.95048952641,32.3837816666667,64.614765,9,8.93787080799728,22.3478006287504,5.26845104730801,36.8526180289378,215.096655441784,0.460644889588653,0.0831464064882678,6.86688935498713,70070004,1
10376011,2020.95048952641,32.3837816666667,64.614765,11,10.9221354375909,22.3485212176797,5.26865021258584,36.8528665735061,215.068994683126,0.459377954028681,0.0838060009391935,5.90206579256622,70070004,1
10376011,2020.95048952641,32.3837816666667,64.614765,13,12.9099369437265,22.3271869101649,5.26646783422966,36.8530637747901,215.074204344865,0.460256995198931,0.0860543232688174,5.21520425470949,70070004,1
10376011,2020.95048952641,32.3837816666667,64.614765,15,14.8952351112927,22.3196234299634,5.26576054601296,36.8531987353495,215.409987568,0.46057151592166,0.0818880762920922,4.57720127726739,70070004,1
10377013,2021.07052511416,32.381525,64.611515,4,3.972140969163,19.382356469207,4.95508625020738,36.8820552247991,223.236649408717,0.600899706314244,0.0843483113069016,554.913362701909,70071008,1
10377013,2021.07052511416,32.381525,64.611515,6,5.95787769389005,19.3628323471559,4.95314036195099,36.8823132052976,222.699534352413,0.599810346206087,0.0825637689986827,389.38457095281,70071008,1
10377013,2021.07052511416,32.381525,64.611515,8,7.94363050607473,19.3579998137703,4.95284176196086,36.8833350956406,222.319820842231,0.599312129922855,0.0998933530546679,294.390419136211,70071008,1
10377013,2021.07052511416,32.381525,64.611515,10,9.92991060054981,19.2691903551892,4.94383390937725,36.8858846614051,223.192901182715,0.598640312398991,0.106419818751553,237.899141117586,70071008,1
10378001,2021.11385844749,32.38247,64.6135416666667,4,3.96417664092664,20.5344553254183,5.0652537376262,36.781615835956,218.591554382455,0.47768314028314,0.0846245495495496,508.699356499356,70072001,1
10378001,2021.11385844749,32.38247,64.6135416666667,6,5.96449508403452,20.5304735191345,5.06492162129242,36.7816237885629,218.213160776018,0.478364481790481,0.0923925810142635,462.287729491927,70072001,1
10378001,2021.11385844749,32.38247,64.6135416666666,8,7.94634723517343,20.5256441044782,5.06447120086907,36.7814018993392,218.859067969853,0.478100119277596,0.0951797772769087,321.303584237393,70072001,1
10378001,2021.11385844749,32.38247,64.6135416666667,10,9.93335568727234,20.4699116507866,5.05832265293509,36.7788606072125,218.560001977797,0.478606272336809,0.101250387424538,217.952731549454,70072001,1
10379003,2021.20691019787,32.3835833333333,64.6144033333333,4,3.97443455691509,19.7784288836151,4.98269480010653,36.7625647574593,219.63487002051,0.458861809417872,0.11936347793845,115.041289210234,70073002,1
10379003,2021.20691019787,32.3835833333333,64.6144033333333,6,5.95801546400885,19.8076295404887,4.9856462741078,36.7606473738448,219.859196868313,0.454066761123998,0.128676126768467,81.2827148633956,70073002,1
10379003,2021.20691019787,32.3835833333333,64.6144033333333,8,7.94239669452978,19.8075830997463,4.98572008418362,36.7605473634437,219.730462599823,0.455820132692335,0.126718269507482,59.524922989935,70073002,1
10379003,2021.20691019787,32.3835833333333,64.6144033333333,10,9.93489935675524,19.7244051960623,4.97758097795245,36.7653272064833,219.865864260485,0.453965634627604,0.130501716212887,49.2161168747824,70073002,1
10380005,2021.26440829528,32.38179,64.6131033333333,3,2.96249859786876,19.4298005047672,4.93038336594154,36.6339257548911,223.000788920662,0.692807291082445,0.0681136287156478,1446.99091418957,70074001,1
10380005,2021.26440829528,32.38179,64.6131033333333,5,4.96572653514107,19.4327766655008,4.93128692261769,36.6380972894244,222.004991702585,1.24489170918981,0.0745211758475714,324.556573859043,70074001,1
10380005,2021.26440829528,32.38179,64.6131033333333,7,6.94714411665066,19.4323013582963,4.93149008469196,36.6394550254348,222.814331973341,0.646551013407426,0.0822604885424168,224.974806566248,70074001,1
10380005,2021.26440829528,32.38179,64.6131033333333,9,8.93477039879082,19.4218505233969,4.93047112837605,36.6393821428559,223.272281264665,0.604621983557224,0.0749193363991188,158.674199853214,70074001,1
10380005,2021.26440829528,32.38179,64.6131033333333,11,10.922863034072,19.422325446405,4.93080694392602,36.6410122693427,221.845895217037,0.605257798801088,0.079200609927927,124.47049873808,70074001,1
10380005,2021.26440829528,32.38179,64.6131033333333,13,12.9080208741563,19.4226170008721,4.9310600502145,36.6421126957508,222.196108711731,0.605567277578628,0.0865255792133436,114.283995861848,70074001,1
10380005,2021.26440829528,32.38179,64.6131033333333,15,14.8948436538677,19.4240547120964,4.9312906858789,36.6420165694013,223.569064445866,0.605377409418474,0.080877901837344,110.680648305178,70074001,1
10381004,2021.36306887367,32.378125,64.6137833333333,4,3.96418770226537,21.9309172523625,5.19508747228815,36.6278805627156,217.794653783773,0.519347249190939,0.0960168284789644,746.492588996764,70075001,1
10381004,2021.36306887367,32.378125,64.6137833333333,6,5.95945980869549,21.9315266591629,5.1952478096615,36.6279234578627,217.751393343132,0.517401092017541,0.0968011761607371,318.075142532322,70075001,1
10381004,2021.36306887367,32.378125,64.6137833333333,8,7.94589154000355,21.9265867915448,5.19480465988001,36.6278837517386,217.817095951558,0.517057053066494,0.106964902353093,232.563787535271,70075001,1
10381004,2021.36306887367,32.378125,64.6137833333333,10,9.93181725191869,21.9244851331159,5.19468180798958,36.6279788044007,217.783300702768,0.516718383638624,0.116755828776317,183.504258141804,70075001,1
10381004,2021.36306887367,32.378125,64.6137833333333,12,11.9163110520704,21.9243366754115,5.19474863690899,36.627922613673,217.693726063726,0.516986916483078,0.112538796516228,159.788803008442,70075001,1
10381004,2021.36306887367,32.378125,64.6137833333333,14,13.9005578743447,21.9266898587708,5.19508996914393,36.6279232989597,217.821790988133,0.517009578491412,0.114967046384504,144.847754858561,70075001,1
10382019,2021.461554414,32.3820366666667,64.6108,4,3.97176885644769,25.2367119221411,5.5296055841118,36.464372751693,207.328272597367,0.46359902676399,0.0340734793187348,364.464209245742,70076008,1
10382019,2021.461554414,32.3820366666667,64.6108,6,5.95740051744957,25.2361652387982,5.52958969589732,36.4640384054579,206.829055737796,0.447304217799875,0.0379056774763563,256.661257285881,70076008,1
10382019,2021.461554414,32.3820366666667,64.6108,8,7.94434436711624,25.2361977215659,5.52967772715458,36.4640102307391,207.726001449375,0.446432568540881,0.0350035626272715,229.538202820367,70076008,1
10383021,2021.52760273973,32.3817233333333,64.612895,3,2.97462859931674,27.8896236212787,5.84042364704668,36.6167329259889,200.864127379972,0.583157589067838,0.0506008296730112,2868.07974621767,70077008,1
10383021,2021.52760273973,32.3817233333333,64.612895,5,4.96436814317339,27.9259777306198,5.84507165841834,36.6206642352105,200.330174739281,0.545592950443865,0.0470100803875333,1172.96161517332,70077008,1
10383021,2021.52760273973,32.3817233333333,64.612895,7,6.94862601198341,27.7029718724667,5.8177227241275,36.6002027213895,200.64753778249,0.531744914229794,0.0561630188105884,572.048709342595,70077008,1
10383021,2021.52760273973,32.3817233333333,64.612895,9,8.93516368832912,27.4987264259171,5.79164994156583,36.5737818140591,200.752724754216,0.542591260023814,0.0710254670612303,241.376318247051,70077008,1
10383021,2021.52760273973,32.3817233333333,64.612895,11,10.9210504616428,27.2957614383838,5.76600882679385,36.5491626522054,201.730548030018,0.557274199175878,0.0782002561040633,152.019832549311,70077008,1
10384006,2021.62304414003,32.3768833333333,64.6132516666667,5,4.96997314178638,28.448624547158,5.85397815493329,36.279340567195,192.421174201615,0.440740099937539,0.0353772017489069,26.4033635227983,70078004,1
10384006,2021.62304414003,32.3768833333333,64.6132516666667,7,6.94917900803269,28.4501130873221,5.85423490470482,36.2793886816075,192.119580987747,0.439499065194097,0.033108612255893,21.5396938174683,70078004,1
10384006,2021.62304414003,32.3768833333333,64.6132516666667,9,8.93606046100082,28.4526122783934,5.8545726473522,36.2792289345186,192.187580768726,0.440137587854616,0.0346073928028034,18.0084467713198,70078004,1
10384006,2021.62304414003,32.3768833333333,64.6132516666667,11,10.9224940413811,28.4541762301778,5.85480824059934,36.279071397568,192.076639676229,0.438818716871697,0.030943310692136,14.7918841401139,70078004,1
10384006,2021.62304414003,32.3768833333333,64.6132516666667,13,12.9081576129781,28.4547602552309,5.85495116272177,36.2790166444558,192.155987078387,0.439619074735258,0.0316149968793605,14.5591581898232,70078004,1
10385011,2021.70257039574,32.3818766666667,64.613395,5,4.96507367514003,28.7587255062473,5.92845940862367,36.5612030664395,176.85367893909,0.541646747091771,0.139665704437742,76.1005204653167,70079003,1
10385011,2021.70257039574,32.3818766666667,64.613395,7,6.95139916772284,28.7601967107427,5.92868937776779,36.5610657943493,176.62617627282,0.543319785640592,0.146603611895105,52.0683106724085,70079003,1
10385011,2021.70257039574,32.3818766666667,64.613395,9,8.93683988413937,28.7527187575461,5.92750036129259,36.5579280995561,176.635611942008,0.541311630435542,0.139288389731627,39.6124833562161,70079003,1
10385011,2021.70257039574,32.3818766666667,64.613395,11,10.9228188533017,28.745159210598,5.92639179014742,36.5554127435729,176.561295220492,0.541867080076458,0.140108553365061,31.1587132354532,70079003,1
10385011,2021.70257039574,32.3818766666667,64.613395,13,12.909470528451,28.738557703138,5.9254221901128,36.5531280597514,176.874828839895,0.542007548488476,0.138590993968721,25.2534118730256,70079003,1
10386023,2021.77147640791,32.3804,64.6120783333333,4,3.9685667844523,26.5307731448763,5.68666058775273,36.5832791301383,189.716594284191,0.46626332155477,0.0960419787985866,646.822544169612,70080008,1
10386023,2021.77147640791,32.3804,64.6120783333333,6,5.9601295141784,26.5270711163649,5.68599731010408,36.5807634420033,189.313606326356,0.461861817794413,0.0903877922201092,451.191215105821,70080008,1
10386023,2021.77147640791,32.3804,64.6120783333333,8,7.94358917140584,26.5207448144737,5.68496884452389,36.5776795097079,188.925025574532,0.460650670461953,0.0974219673026031,360.591061829962,70080008,1
10386023,2021.77147640792,32.3804,64.6120783333333,10,9.93270382779711,26.5162850963541,5.68434657861603,36.576062644945,188.986443335053,0.459625767594873,0.100279301944031,289.834746844342,70080008,1
10387010,2021.88418188737,32.3819516666667,64.6124216666667,4,3.9711007751938,23.8720985377026,5.39376707253179,36.5522659990955,207.393975917302,0.432414464411557,0.0462729915433404,1318.55181465821,70081003,1
10387010,2021.88418188737,32.3819516666667,64.6124216666667,6,5.95672166432722,23.8752193498242,5.39420528080088,36.5523633780362,207.177304327492,0.429806003715456,0.040216114840623,1099.52006911689,70081003,1
10387010,2021.88418188737,32.3819516666667,64.6124216666667,8,7.9445706080577,23.8779757612723,5.39455813814622,36.552109125079,207.304534877322,0.42906624867634,0.0439582341955694,748.905720336913,70081003,1
10387010,2021.88418188737,32.3819516666667,64.6124216666667,10,9.92865130778114,23.8788626010045,5.39471499171292,36.5518975112529,206.799296095163,0.429324272074776,0.0475955632250677,654.076635604627,70081003,1
10387010,2021.88418188737,32.3819516666667,64.6124216666667,12,11.9112770460743,23.8400668601646,5.3909464681799,36.5543822399062,206.498887514028,0.428649747952922,0.0457017695111719,540.378024933578,70081003,1
10387010,2021.88418188737,32.3819516666667,64.6124216666667,14,13.9027460953724,23.7987985338987,5.38724740669401,36.5594349933663,206.251979175197,0.430924866637634,0.0546439455083453,444.224892241801,70081003,1
10388010,2021.94472222222,32.382395,64.6112483333333,5,4.95146240432238,22.5560430661864,5.25638935718203,36.5834281102717,210.352542996516,0.441461031067087,0.0903523187753264,353.249376407024,70082006,1
10388010,2021.94472222222,32.382395,64.6112483333333,7,6.9552528787971,22.5510680985904,5.2559507812326,36.5834666776917,210.949154935521,0.440859895682178,0.0962659524157237,258.10692502953,70082006,1
10388010,2021.94472222222,32.382395,64.6112483333333,9,8.93754516597501,22.5516913042948,5.25609404847269,36.5833649127836,210.678678677039,0.439839511292234,0.0948904618381009,181.360794159285,70082006,1
10388010,2021.94472222222,32.382395,64.6112483333333,11,10.9245765504984,22.5468732430131,5.25567118423855,36.5833947267763,210.46425258186,0.439966916669669,0.0987689651853535,136.368443994502,70082006,1
10388010,2021.94472222222,32.382395,64.6112483333333,13,12.9094963438869,22.5235267427712,5.25331359766403,36.5838169557961,210.263724749328,0.439871001537946,0.106249338043525,121.514527349877,70082006,1
10389011,2022.04058219178,32.3822816666667,64.6152883333333,4,3.97366030181706,20.6823568216816,5.06886456732687,36.6827857188347,216.620789912684,0.434519987680936,0.105199599630428,245.378749615029,70083003,1
10389011,2022.04058219178,32.3822816666667,64.6152883333333,6,5.96227558528172,20.6787288552589,5.06860810260482,36.6831003280293,216.701796375919,0.43678897650711,0.10845469707622,166.604049331958,70083003,1
10389011,2022.04058219178,32.3822816666667,64.6152883333333,8,7.93557630176566,20.6751095085588,5.06833829786779,36.6832987465024,216.703348729537,0.435460133569637,0.111711434752756,128.75278902532,70083003,1
10389011,2022.04058219178,32.3822816666667,64.6152883333333,10,9.93305746105374,20.4169395032462,5.04075446168855,36.6810809669266,217.592607938381,0.434313654063729,0.108534963256019,102.89085047322,70083003,1
10390001,2022.23705098935,32.3809316666667,64.6107066666667,3,2.96670323398859,20.7987419162777,5.10008321756237,36.8363381058283,212.731604092948,16.5455642993025,0.0431772986683576,1352.45970196576,70084001,1
10390001,2022.23705098935,32.3809316666667,64.6107066666667,5,4.96457047695426,20.8028397802569,5.10048141415644,36.835284134535,191.243479866164,16.5566166744377,0.0400919600227536,387.636185764731,70084001,1
10390001,2022.23705098935,32.3809316666667,64.6107066666667,7,6.95131953313654,20.7994844807038,5.10026503949176,36.8356992183348,203.886183057802,16.5106344348511,0.0477239254546662,272.85904157874,70084001,1
10390001,2022.23705098935,32.3809316666667,64.6107066666667,9,8.93897614194178,20.8019819144414,5.10017618359994,36.832074451148,204.786437977516,16.4951988827832,0.0461896905546643,211.125350447568,70084001,1
10390001,2022.23705098935,32.3809316666667,64.6107066666667,11,10.9201198337285,20.8063986966851,5.10051505154952,36.8302623890676,205.027012915809,16.2828759688287,0.0533235485484875,164.087571064559,70084001,1
10391001,2022.32750570776,32.383205,64.6118816666667,3,2.97112328767123,20.4327197443836,5.06231484027712,36.8465484691496,221.440077936407,0.579820821917808,0.0509030136986301,3632.7794520548,70085001,1
10391001,2022.32750570776,32.383205,64.6118816666667,5,4.96241916202115,20.4342287151944,5.062522444461,36.8461893209339,222.145171415847,0.598015776593309,0.0267507550247688,872.557785709748,70085001,1
10391001,2022.32750570776,32.383205,64.6118816666667,7,6.94827249855961,20.4348237072648,5.06269127860007,36.8463100296147,221.788897436185,0.571505445072786,0.0337076400404754,828.766624775214,70085001,1
10391001,2022.32750570776,32.383205,64.6118816666667,9,8.93863872173126,20.4348235859447,5.06280153313637,36.8464701538316,221.756058429986,0.570245090697712,0.039038774415618,709.673877928807,70085001,1
10391001,2022.32750570776,32.383205,64.6118816666667,11,10.9288729156072,20.4351241883068,5.0629262531192,36.8464865276465,221.798079629647,0.570133642329333,0.0461479606000375,598.249795739609,70085001,1
10392001,2022.38778348554,32.381945,64.6123616666667,2,1.98348674317372,23.8184854497349,1.9562453873746,12.3571230625504,247.593416843019,2.62684093787099,143.97889742778,4852.52730510487,70086001,1
10392001,2022.38778348554,32.381945,64.6123616666667,4,3.97125611531393,23.8521084285106,5.4066868249291,36.6685126487821,244.132982724677,1.55021331381203,0.114332282572548,1506.97277726392,70086001,1
10392001,2022.38778348554,32.381945,64.6123616666667,6,5.9601985235653,23.9309641546101,5.41426861777111,36.6596320563111,267.379862955701,0.601398789156346,0.0594991682016688,1346.62894663009,70086001,1
10392001,2022.38778348554,32.381945,64.6123616666667,8,7.93942284957962,23.7882265998571,5.40202133839413,36.6831559049476,214.193833404263,0.542545533524581,0.0669282044793426,1074.43178156379,70086001,1
10392001,2022.38778348554,32.381945,64.6123616666667,10,9.92834574263967,23.3242070058828,5.34942887770864,36.6633757936434,214.02841952935,0.546382758833344,0.0762479935278287,782.325557563395,70086001,1
10392001,2022.38778348554,32.381945,64.6123616666667,12,11.9181525002915,23.2360736416015,5.33994159387933,36.6627019668435,214.47984109642,0.51926580249073,0.0875881470549704,754.475015549233,70086001,1
10392001,2022.38778348554,32.381945,64.6123616666667,14,13.8997966266007,23.1450634549683,5.33077496329615,36.6669333235655,213.364979127844,0.49784371854404,0.086188670842328,545.619155344207,70086001,1
10393001,2022.48762937595,32.3807933333333,64.6114133333333,3,2.98570551181102,25.1630657511811,5.54451629228548,36.6352102295967,198.338432858447,0.487590157480315,0.0747995275590551,4.12729078740157,70087001,1
10393001,2022.48762937595,32.3807933333333,64.6114133333333,5,4.96545205700568,25.1598190156623,5.54435114994309,36.6359503511157,197.563103839486,0.487588961510815,0.0716260348620985,2.24117366734562,70087001,1
10393001,2022.48762937595,32.3807933333333,64.6114133333333,7,6.94969760969103,25.1578874753684,5.54432449898423,36.6366567232307,197.774416959042,0.487457904824952,0.072907428877671,1.26906545583387,70087001,1
10393001,2022.48762937595,32.3807933333333,64.6114133333333,9,8.93856848366547,25.1487260700678,5.54375172270447,36.6391540510056,194.70841457287,0.48643852039245,0.0771600109778807,0.792387966080272,70087001,1
10393001,2022.48762937595,32.3807933333333,64.6114133333333,11,10.9190090004655,24.9507063631741,5.53036411376115,36.6994296877089,189.767425122709,0.491094603001081,0.075218817157015,0.497765768778691,70087001,1
10393001,2022.48762937595,32.3807933333333,64.6114133333333,13,12.909606546451,24.7558576926913,5.51643858190772,36.7532931863424,190.123036041165,0.505835266021401,0.108975323277014,0.371065399840614,70087001,1
10394001,2022.53015981735,32.3835566666667,64.6118883333333,3,2.97692349726776,26.4866594080874,5.69991361735648,36.7149815940936,192.016911897566,0.667982513661201,0.11776393442623,653.810491803279,70088001,1
10394001,2022.53015981735,32.3835566666667,64.6118883333333,5,4.96385620110162,26.5198049552924,5.70370993159122,36.7155052298391,191.097731554785,0.596508413009474,0.121842861876961,260.865986218107,70088001,1
10394001,2022.53015981735,32.3835566666667,64.6118883333333,7,6.94720100983522,26.5715498434952,5.70966501770604,36.7168872536308,190.669565650009,0.578900504007858,0.118415016251638,183.14926156375,70088001,1
10394001,2022.53015981735,32.3835566666667,64.6118883333333,9,8.93589217131015,26.5301656613043,5.70493320476081,36.7148526534439,189.676743897637,0.576860690591951,0.112086999398163,139.959117161503,70088001,1
10394001,2022.53015981735,32.3835566666667,64.6118883333333,11,10.9224578024779,26.4623504798023,5.69743850858763,36.7137811592116,188.864158860815,0.57607030920483,0.113173634309318,107.865463022476,70088001,1
10394001,2022.53015981735,32.3835566666667,64.6118883333333,13,12.9066450038259,26.2995542137158,5.67883408293762,36.7076086750517,189.685900683348,0.56835019997099,0.112293296874083,87.9041626690252,70088001,1
10395001,2022.61245814307,32.38132,64.6117633333333,3,2.9656267961165,28.733042075534,5.90187115663884,36.3963294540625,192.774260295925,0.487256737864078,0.0425355339805825,555.026613592233,70089001,1
10395001,2022.61245814307,32.38132,64.6117633333333,5,4.96478087608129,28.5945149983184,5.88633716160567,36.3935740124578,188.120565498948,0.485887477985566,0.0460709570576857,391.849707087425,70089001,1
10395001,2022.61245814307,32.38132,64.6117633333333,7,6.94945105733081,28.2811440466925,5.85005143034447,36.3798733976676,187.062285608862,0.497347820590476,0.0966544212080921,303.75162926791,70089001,1
10395001,2022.61245814307,32.38132,64.6117633333333,9,8.93698455585218,28.1479599919246,5.83488822755857,36.3753915369986,186.863704255646,0.528934953129105,0.128531676761883,245.399605632818,70089001,1
10395001,2022.61245814307,32.38132,64.6117633333333,11,10.9230813286859,28.1312931426359,5.83331097136078,36.3765460510131,186.410439080459,0.537648178273644,0.13343258094389,204.802467824606,70089001,1
10395001,2022.61245814307,32.38132,64.6117633333333,13,12.9071916837144,28.1138581111476,5.83189492824013,36.3794202099443,185.710185570885,0.540030374889809,0.146605889217282,169.414299642769,70089001,1
10396001,2022.70620053272,32.3832966666667,64.6126533333333,3,2.97426302305722,28.1578619903217,5.85831638048255,36.5345245358306,187.048997548766,0.539408226586963,0.0849938229433533,2544.78963848562,70090001,1
10396001,2022.70620053272,32.3832966666667,64.6126533333333,5,4.96427228778394,28.1822396215166,5.86123339868196,36.53555357222,186.595913674582,0.537440650052787,0.0826780605743709,1308.30063632332,70090001,1
10396001,2022.70620053272,32.3832966666667,64.6126533333333,7,6.95245316436662,28.1166923142112,5.85371881920413,36.5328176792555,186.079771624052,0.534069978167909,0.084113335425371,967.712515248488,70090001,1
10396001,2022.70620053272,32.3832966666667,64.6126533333333,9,8.9392465795901,28.0548105327918,5.84614395309786,36.5268025117052,185.909024617079,0.540931542938553,0.107646558529291,785.753423185928,70090001,1
10396001,2022.70620053272,32.3832966666667,64.6126533333333,11,10.9221488912036,28.0181473438678,5.84181356434347,36.5240812356753,186.151701071138,0.55247167522242,0.133475836593267,673.122492630403,70090001,1
10396001,2022.70620053272,32.3832966666667,64.6126533333333,13,12.909436015325,27.9947562106165,5.83916847931645,36.5229491880206,186.374510608479,0.559216898816827,0.146574228350079,668.689638121256,70090001,1
10396001,2022.70620053272,32.3832966666667,64.6126533333333,15,14.8923431068864,27.9874646852302,5.83845165566351,36.5229320322679,186.436262328116,0.561511472870267,0.155228988084386,491.473921416476,70090001,1
10397001,2022.77688165906,32.3831266666667,64.61438,4,3.9548870292887,25.755013412899,5.57701201374434,36.3993835038214,194.639216993984,0.483278900179319,0.0827395696353855,597.497752540347,70091001,1
10397001,2022.77688165906,32.3831266666667,64.61438,6,5.95938672589501,25.7548782587049,5.57643226492327,36.3945761890939,194.885982621767,0.483180290897382,0.0810350283966543,389.753844528634,70091001,1
10397001,2022.77688165906,32.3831266666667,64.61438,8,7.94429652249678,25.7215428998024,5.57431429320543,36.4049595583348,195.021810393065,0.482719063125713,0.0771562186122633,297.894045059567,70091001,1
10397001,2022.77688165906,32.3831266666667,64.61438,10,9.93174502125243,25.6735845317063,5.57664375900437,36.4598344551022,193.691497287543,0.481972863694793,0.0852482514777689,245.529630601072,70091001,1
10397001,2022.77688165906,32.3831266666667,64.61438,12,11.9111563474828,25.6654565433312,5.58010724118461,36.4912316712499,192.128370896062,0.479509158167348,0.0951847003258132,208.19221083681,70091001,1
10397001,2022.77688165906,32.3831266666667,64.61438,14,13.9016146348254,25.6894135554074,5.58512864251628,36.508410728152,191.77698488211,0.478995726208904,0.0920889387787394,179.343969281752,70091001,1
10398010,2022.90551369863,32.383295,64.6126683333333,3,2.9655472614841,23.5516363074205,5.36135427642837,36.5688264141329,205.598493878589,0.597631890459364,0.0545549469964664,301.874743816254,70092004,1
10398010,2022.90551369863,32.383295,64.6126683333333,5,4.96542714721654,23.5530452777915,5.36158851406444,36.5687757322515,205.887436230703,0.503989670824327,0.0566100823188222,95.4869735815022,70092004,1
10398010,2022.90551369863,32.383295,64.6126683333333,7,6.95421544664286,23.5584195539995,5.36220719125191,36.5683981549351,206.196592009408,0.479570733441727,0.0564126017300698,87.6174255347344,70092004,1
10398010,2022.90551369863,32.383295,64.6126683333333,9,8.93396941069489,23.5617084650923,5.36268223651477,36.5686424845244,206.586518166912,0.47450643753039,0.0627264787048233,74.0740526237744,70092004,1
10398010,2022.90551369863,32.383295,64.6126683333333,11,10.9244270822126,23.561186961916,5.36273397590443,36.5687870785126,206.154294383546,0.474472441177095,0.0628117459679483,68.2929097554355,70092004,1
10398010,2022.90551369863,32.383295,64.6126683333333,13,12.9079486034364,23.5613255294825,5.36283590200401,36.5687712207012,206.538777374044,0.474953304323913,0.0596895099953677,67.7594258798061,70092004,1
10399001,2022.94692541857,32.3826216666667,64.6111566666667,3,2.96071977946244,22.3148953135768,5.23960313496744,36.6552858474755,210.975762753766,0.590087360441075,0.0413981254307374,1945.85247415575,70093001,1
10399001,2022.94692541857,32.3826216666667,64.6111566666667,5,4.96455734818286,22.2994289555793,5.23794006655884,36.6545345413281,211.266516855328,0.572404990442404,0.043514466473352,379.487731104441,70093001,1
10399001,2022.94692541857,32.3826216666667,64.6111566666667,7,6.94925071334491,22.2968799442276,5.23772472332779,36.6542836260886,211.223528276093,0.57166325015118,0.0465490473051929,195.322422069219,70093001,1
10399001,2022.94692541857,32.3826216666667,64.6111566666667,9,8.93716826570137,22.2901385856243,5.23710523134073,36.6543877070671,210.568152254968,0.577299147429393,0.0460285286035575,167.876175669338,70093001,1
10399001,2022.94692541857,32.3826216666667,64.6111566666667,11,10.9231473745885,22.2903759702226,5.23723763425618,36.654523827383,211.473945021782,0.579669617317691,0.0524720546808438,145.972112819322,70093001,1
10399001,2022.94692541857,32.3826216666667,64.6111566666667,13,12.9141030053167,22.1605013498432,5.2238069442636,36.6576101999034,211.392384966233,0.590279168994789,0.0561909789184055,113.255055376433,70093001,1
10400009,2023.02873287671,32.3834633333333,64.6096116666667,3,2.95919784097986,20.4417266140752,5.02615847366052,36.5427853175421,217.144552381776,0.458316732406062,0.0652376375337347,114.963468133693,70094005,1
10400009,2023.02873287671,32.3834633333333,64.6096116666667,5,4.96282927173526,20.4414441449638,5.02624043209355,36.5429622590468,216.974934479828,0.458064055017336,0.0647902757970113,30.6179288025349,70094005,1
10400009,2023.02873287671,32.3834633333333,64.6096116666667,7,6.95482865342451,20.4415352852546,5.0263754113148,36.5432497920375,217.329095167005,0.458373289437158,0.0572041981708395,17.9129006470023,70094005,1
10400009,2023.02873287671,32.3834633333333,64.6096116666667,9,8.92821092139802,20.4394771280127,5.02622446846982,36.543057799243,217.332808568173,0.45806137894353,0.0630914701363404,13.8072953646432,70094005,1
10400009,2023.02873287671,32.3834633333333,64.6096116666667,11,10.931121650403,20.4187084574569,5.02391771224748,36.5414138072976,217.381724493792,0.458369185977325,0.0618377059958805,11.534983982924,70094005,1
10400009,2023.02873287671,32.3834633333333,64.6096116666667,13,12.9121748854755,20.4082479540273,5.02276274134766,36.5402752955534,216.806346038537,0.457824206185743,0.0679613418412036,9.59426685254117,70094005,1
10400009,2023.02873287671,32.3834633333333,64.6096116666667,15,14.8914870373423,20.3997855913469,5.02184437195463,36.5393427841358,216.540450325606,0.45796012148231,0.0652843474026742,8.21197756257442,70094005,1
10400009,2023.02873287671,32.3834633333333,64.6096116666667,17,16.8829889142588,20.3893823999125,5.02063178293663,36.5376809444016,216.322096726788,0.456536897566426,0.0599722213636845,7.39545439031354,70094005,1
10401001,2023.09465943683,32.3854033333333,64.61157,3,2.9637506619594,19.650310635481,4.9623572804234,36.7065500136318,224.705535125219,0.705516813768756,0.0428596204766108,1465.63203442189,70095001,1
10401001,2023.09465943683,32.3854033333333,64.61157,5,4.97245577500597,19.6592646972662,4.96339747955208,36.7065778922404,224.931506840979,0.618258595115159,0.0472002569100732,501.932035619741,70095001,1
10401001,2023.09465943683,32.3854033333333,64.61157,7,6.95367719251071,19.6596318708065,4.96357322722484,36.7069621357859,225.004253111945,0.573199779043536,0.0528224063703965,364.059934969601,70095001,1
10401001,2023.09465943683,32.3854033333333,64.61157,9,8.93911154126099,19.6584408869552,4.963534916429,36.7069353917048,225.140447117275,0.552632073062665,0.0525228591939059,243.833527704424,70095001,1
10401001,2023.09465943683,32.3854033333333,64.61157,11,10.9182194276275,19.6611354440087,4.96390289855003,36.7068733051922,225.23095950925,0.550276711747304,0.0616889449275494,202.981199263832,70095001,1
10401001,2023.09465943683,32.3854033333333,64.61157,13,12.9087717689155,19.6646787578902,4.96433129464104,36.7065679116392,224.970611405534,0.550965322816657,0.0679500188208292,160.108806854532,70095001,1
10401001,2023.09465943683,32.3854033333333,64.61157,15,14.8925628097169,19.6711499242304,4.96512078855293,36.7066926933994,224.905063979708,0.551497936123436,0.0652604221869563,126.340850829597,70095001,1
10401001,2023.09465943683,32.3854033333333,64.61157,17,16.8878828973521,19.6751183033602,4.9655653718732,36.7061485966219,224.871619078396,0.551450080755933,0.0723505354338958,106.9943971406,70095001,1
10402011,2023.22079528158,32.38108,64.6154083333333,4,3.96802558691638,19.9707197836982,4.99996171129436,36.7369075383399,219.964039219567,0.498981693484569,0.050249828541282,251.820873120549,70096001,1
10402011,2023.22079528158,32.38108,64.6154083333333,6,5.94970892411188,19.971938245278,5.00017325821221,36.7368394472563,220.294221648555,0.496924679474652,0.0540705353315836,155.888431731237,70096001,1
10402011,2023.22079528158,32.38108,64.6154083333333,8,7.94443373798416,19.9717345717286,5.00025126773106,36.7369129374321,220.535711046389,0.493453743247457,0.0580335301941746,122.032045402246,70096001,1
10403022,2023.28997907154,32.3822666666667,64.61485,3,2.97876143268308,21.2005582347298,5.13074273759283,36.7374416777958,228.421665357815,0.717895522865366,0.0240954908858331,1596.32571154461,70097001,1
10403022,2023.28997907154,32.3822666666667,64.61485,5,4.96593068938381,21.1934282120632,5.13004044141027,36.7371852623883,228.289494998224,0.512521890283715,0.0729742518362456,610.113929886429,70097001,1
10403022,2023.28997907154,32.3822666666667,64.61485,7,6.94729489754389,21.2031781726636,5.1312024953941,36.7374387588113,228.512345021285,0.503122623478448,0.0771687327161801,429.64626762808,70097001,1
10403022,2023.28997907154,32.3822666666667,64.61485,9,8.94259574106738,21.094326562535,5.11954714110305,36.7363544096523,229.870252598302,0.50430963005094,0.0822162462144403,374.688486965742,70097001,1
10403022,2023.28997907154,32.3822666666667,64.61485,11,10.9215479589815,20.9003312357618,5.09867132829911,36.7340043885789,232.369636971418,0.500819413646783,0.0900039213245159,295.059643001714,70097001,1
10404001,2023.35822298326,32.3823583333333,64.6113316666667,3,2.9570559147965,21.3083192088246,5.14816594889979,36.7850662650574,221.027002794397,0.470129833903892,0.000226626093571698,2499.90483834158,70098001,1
10404001,2023.35822298326,32.3823583333333,64.6113316666667,5,4.96290000261884,21.3119839090416,5.14871336829132,36.7855920454191,220.968489902242,0.459565076493629,0.0490093645687073,851.557617983776,70098001,1
10404001,2023.35822298326,32.3823583333333,64.6113316666667,7,6.95187669451117,21.3135527058148,5.14902064164763,36.7859883984202,220.99837530129,0.458691489281994,0.0426518033604363,467.084898202577,70098001,1
10404001,2023.35822298326,32.3823583333333,64.6113316666667,9,8.93802371222576,21.3055445303813,5.14808153221438,36.7845935541069,221.093460003594,0.458777737950936,0.0428496638037406,411.890722170107,70098001,1
10404001,2023.35822298326,32.3823583333333,64.6113316666667,11,10.9222960255641,21.3033988543596,5.14791544515251,36.7843763261985,221.434172207218,0.458667006326051,0.0405352019906735,241.830625865464,70098001,1
10405001,2023.46740106545,32.383515,64.6150683333333,4,3.9494297752809,23.9884391385768,5.35372707605881,36.1519075291492,208.400928688266,0.499203999464954,0.0616711922596754,831.392490636704,70099001,1
10405001,2023.46740106545,32.383515,64.6150683333333,6,5.95717527681706,23.9969437036882,5.35466262797915,36.151439786583,208.720004535651,0.496228142819343,0.0562403294706857,534.582292149654,70099001,1
10405001,2023.46740106545,32.383515,64.6150683333333,8,7.94271537979717,24.0138962666991,5.35642289989832,36.1503781149004,208.578007708821,0.495063187251168,0.0544392325929388,398.869744279568,70099001,1
10405001,2023.46740106545,32.383515,64.6150683333333,10,9.92989457166988,24.0022554044344,5.35539158715026,36.151325235124,208.337697095773,0.495358059442499,0.0563191419958853,320.183275381242,70099001,1
10406001,2023.56656012177,32.382785,64.612585,6,5.96536128364389,28.5782302070393,5.82515979309215,35.9789470051704,196.861483305079,0.471025465838509,0.0445657971014493,680.368621118012,70100001,1
10406001,2023.56656012177,32.382785,64.612585,8,7.94476630384465,28.3974082165903,5.80408416258829,35.9685144090826,196.678187646347,0.481519072844839,0.0632921254473217,574.936479971661,70100001,1
10406001,2023.56656012177,32.382785,64.612585,10,9.9318721880465,28.1726805273764,5.77931529219034,35.965395232416,196.122933784429,0.499825906926258,0.0699531669811562,485.073759965113,70100001,1
10407001,2023.61783105023,32.3821916666667,64.613005,5,4.96826190914107,28.5132189810557,5.85516831886182,36.2382029420214,189.873621098989,0.469698627000184,0.0658659738826559,242.375872723929,70101001,1
10407001,2023.61783105023,32.3821916666667,64.613005,7,6.95490389590347,28.5342834173302,5.85767494731185,36.2389978998009,189.80893135799,0.46746282530593,0.0657717583258773,171.903795128726,70101001,1
10407001,2023.61783105023,32.3821916666667,64.613005,9,8.93838608814498,28.4986593037797,5.85359466730796,36.2371320578147,190.163641874161,0.467697038247668,0.0709075468051462,139.100822864167,70101001,1
10407001,2023.61783105023,32.3821916666667,64.613005,11,10.9166289632176,28.4905172712464,5.85289213189288,36.2378447793816,189.984046589655,0.470909149910126,0.0747449594202362,117.049520374398,70101001,1
10407001,2023.61783105023,32.3821916666667,64.613005,13,12.9066982298527,28.4838157066508,5.85229935103453,36.2382227351622,189.888315062344,0.470975525945756,0.0778863857710351,96.7867161090045,70101001,1
10407001,2023.61783105023,32.3821916666667,64.613005,15,14.894262866273,28.4188988042196,5.84624950882546,36.2449980446811,189.678361934312,0.47108897621821,0.0788722532490421,84.9764082554968,70101001,1
10408013,2023.72376712329,32.3809183333333,64.606805,4,3.97298193111237,27.2458877470356,5.75610017261225,36.5195496703389,198.032422747396,0.420157891022022,0.0382935629587803,0.760871593732355,70102004,1
10408013,2023.72376712329,32.3809183333333,64.606805,6,5.97130016517173,27.246546321893,5.75629214868463,36.51977984186,197.916697306556,0.420642898763796,0.0376200501643317,0.417691730474639,70102004,1
10408013,2023.72376712329,32.3809183333333,64.606805,8,7.94758879357616,27.2452850471557,5.75627374245825,36.5200098426646,197.259172202553,0.421351513255273,0.0396344885827199,0.21146522622768,70102004,1
10408013,2023.72376712329,32.3809183333333,64.606805,10,9.92407277598926,27.2247193220379,5.75422390858977,36.5208386745227,197.008137102583,0.419243571711819,0.0363710674393165,0.0832192132310598,70102004,1
10408013,2023.72376712329,32.3809183333333,64.606805,12,11.9264998712987,27.2228130156707,5.75415366985634,36.5212037074943,197.303364756201,0.420209548160553,0.0432897538237588,0.0266654364849585,70102004,1
10409001,2023.79064878234,32.3838016666667,64.6149183333333,3,2.96297151277014,26.137459086444,5.64450463474857,36.5895629223886,200.387901284743,0.475121291748527,0.00634626719056973,1120.53802799607,70103001,1
10409001,2023.79064878234,32.3838016666667,64.6149183333333,5,4.97668647303457,26.1416033964002,5.64507300484235,36.5897657694022,200.416645913508,0.461386636633069,0.0416047245339079,665.748137114531,70103001,1
10409001,2023.79064878234,32.3838016666667,64.6149183333333,7,6.99299867471033,26.1350855054512,5.64441291935369,36.5894969369258,201.045997719011,0.434674988708352,0.0481773533971151,570.726064859398,70103001,1
10409001,2023.79064878234,32.3838016666667,64.6149183333333,9,8.93155859105986,26.1303851494527,5.64393441763074,36.5891049542575,200.762694011247,0.436774371540148,0.0436960619797714,521.665390419204,70103001,1
10409001,2023.79064878234,32.3838016666667,64.6149183333333,11,10.9282571799272,26.1303432629579,5.64402470201494,36.5891537883251,200.212821554917,0.436222955323293,0.0506391346397849,411.650184538135,70103001,1
10409001,2023.79064878234,32.3838016666667,64.6149183333333,13,12.9258589460183,26.1309211745144,5.64421027451899,36.589404807017,200.656682236849,0.436320215438778,0.057442246892558,349.238668296771,70103001,1
10410001,2023.87568683409,32.383285,64.6121633333333,2,1.97250765606596,23.4482235178642,5.34998780294485,36.5673665697219,206.187613754899,9.47324175500589,0.0331173144876325,4172.23580683157,70104001,1
10410001,2023.87568683409,32.383285,64.6121633333333,4,3.97445425492677,23.4517178824326,5.35096907000526,36.5713406932879,206.745882982678,1.08076758738357,0.0478781210458812,1538.78606884274,70104001,1
10410001,2023.87568683409,32.383285,64.6121633333333,6,5.95722940513437,23.4544572737392,5.3514705790162,36.5722456471269,206.497840543583,0.442617684114521,0.0741244189087677,787.48931081656,70104001,1
10410001,2023.87568683409,32.383285,64.6121633333333,8,7.93775034046843,23.2558379556085,5.32796951774742,36.5549570981431,204.47720642809,0.459354819426368,0.0744838481485378,656.954651263658,70104001,1
10410001,2023.87568683409,32.383285,64.6121633333333,10,9.93040551740208,22.958056665231,5.29287464048276,36.5301319731678,204.926754294649,0.469580237071839,0.114581240621252,546.633008248344,70104001,1
10411001,2023.94392884323,32.3819083333333,64.6119666666667,4,3.98587996430165,21.818052000595,5.18307182407736,36.6282229121498,209.141672440406,0.424472304030939,0.0623353264911498,115.507049828945,70105001,1
10411001,2023.94392884323,32.3819083333333,64.6119666666667,6,5.96053882495945,21.814478519894,5.18276659986007,36.6281163056681,209.330903928867,0.422200236537976,0.065458779285718,98.5948838978981,70105001,1
10411001,2023.94392884323,32.3819083333333,64.6119666666667,8,7.94415874840512,21.8142110953214,5.18285253181613,36.6283125137814,209.162551223876,0.42248368291054,0.0624030046960486,86.980874810683,70105001,1
10411001,2023.94392884323,32.3819083333333,64.6119666666667,10,9.93232749363761,21.8151209315137,5.18303304047573,36.6282608608211,209.349033225509,0.42214794874715,0.0675618309971506,83.6300982632631,70105001,1
10412001,2024.04009942319,32.3848466666667,64.6132,4,3.96731658291457,20.1271341708543,5.00338215262519,36.6285344647838,222.168909840649,0.457998567839196,0.0570673366834171,1239.45075376884,70106001,1
10412001,2024.04009942319,32.3848466666667,64.6132,6,5.96129138731167,20.1256498353249,5.0033292865077,36.6286470083338,222.861169015296,0.457452898590829,0.0520208503373688,961.057086451647,70106001,1
10412001,2024.04009942319,32.3848466666667,64.6132,8,7.93379244207182,20.1038258527783,5.00105763106212,36.6282012538333,221.848884483337,0.457834487304817,0.0648575659048357,700.791667144095,70106001,1
10412001,2024.04009942319,32.3848466666667,64.6132,10,9.93580406229346,20.0872289584653,4.99933387945276,36.6277136437757,221.101949158995,0.45935074954778,0.0662370742877919,571.908772198333,70106001,1
10412001,2024.04009942319,32.3848466666667,64.6132,12,11.9168229133027,20.0116256868106,4.99136510833145,36.6271576030391,220.722980072132,0.460060135830438,0.0770633496672771,498.835301569197,70106001,1
10412001,2024.04009942319,32.3848466666667,64.6132,14,13.9016449280606,19.8726537138605,4.97683419235673,36.6276553354073,221.162129447929,0.464393224082674,0.0793408451469784,413.179387038364,70106001,1
10413013,2024.13023679417,32.38037,64.61241,3,2.97537509627728,18.9469255455712,4.88442129040115,36.6746545141947,226.608414228591,0.464438165917843,0.109998741976893,519.50486521181,70107008,1
10413013,2024.13023679417,32.38037,64.61241,5,4.95949736945884,18.9340094932034,4.88318961867536,36.6749504906418,226.616314262868,0.46360269184409,0.112198874625035,371.017518397693,70107008,1
10413013,2024.13023679417,32.38037,64.61241,7,6.95177885506833,18.8963321295977,4.87948350024675,36.676326322282,226.966115856541,0.462828757234676,0.114307097691099,271.695447567292,70107008,1
10413013,2024.13023679417,32.38037,64.61241,9,8.9508806435416,18.7713670014893,4.86696262325751,36.6806872325725,227.018558478279,0.463835444101991,0.117509001016666,214.812165266416,70107008,1
10414007,2024.19256413175,32.3796083333333,64.6105266666667,3,2.97416341829085,19.6816163418291,4.95352453362723,36.6056373071966,223.778314901189,0.552731465517241,0.114985757121439,116.564829085457,70108006,1
10414007,2024.19256413175,32.3796083333333,64.6105266666667,5,4.96901914599961,19.6780902130845,4.95323026522381,36.6055283431277,223.878159222614,0.55088131635434,0.106693260361954,76.2908706301942,70108006,1
10414007,2024.19256413175,32.3796083333333,64.6105266666667,7,6.94741261830906,19.6787971564705,4.95347905982356,36.6062238914613,223.574689626538,0.541132590021662,0.0973001784398251,63.1951641488603,70108006,1
10414007,2024.19256413175,32.3796083333333,64.6105266666667,9,8.93623269597447,19.6790466002967,4.95353750669867,36.6057385164936,223.411185290956,0.542898240968293,0.104221033442044,54.5669784907214,70108006,1
10414007,2024.19256413175,32.3796083333333,64.6105266666667,11,10.9227791608538,19.6791968816617,4.9536343448707,36.6056591469786,222.94590385585,0.537785261000988,0.109931507659978,46.9316007546893,70108006,1
10414007,2024.19256413175,32.3796083333333,64.6105266666667,13,12.9080455922207,19.6798249003746,4.95379594216144,36.6056995009209,223.397784185474,0.537088969351223,0.101518780341821,43.5791338669356,70108006,1
10414007,2024.19256413175,32.3796083333333,64.6105266666667,15,14.8958438172808,19.6767810385689,4.95356818766804,36.6057211807134,223.163782933054,0.538277715956548,0.110798784047432,38.0530663355989,70108006,1
10415001,2024.2890444748,32.38325,64.612005,3,2.9786739380023,19.8256318025258,4.97214884979759,36.6340983853552,227.91434242166,0.505398269640807,0.0671791372806298,3263.31292438904,70109001,1
10415001,2024.2890444748,32.38325,64.612005,5,4.98285356043537,19.8247303688408,4.97209279896965,36.6336717200295,227.079360825689,0.480739098173627,0.0722305189708821,1263.03991021716,70109001,1
10415001,2024.2890444748,32.38325,64.612005,7,6.95568159734896,19.7325518646018,4.96237151598928,36.6329907298823,227.830806217908,0.480090774372448,0.0744383651421455,1138.04274146611,70109001,1
10415001,2024.2890444748,32.38325,64.612005,9,8.93502616567321,19.7111440893142,4.96021959814704,36.6331287274327,228.008948082734,0.478957875757037,0.0850141130643932,927.150908921746,70109001,1
10415001,2024.2890444748,32.38325,64.612005,11,10.9251042844429,19.6985562202895,4.95896410975427,36.6329792996602,228.017702132129,0.483305788876845,0.0901329377352689,775.234439676965,70109001,1
10416002,2024.43888319672,32.3830133333333,64.6107016666667,4,3.98333933161954,24.5902233933162,5.4969216742805,36.7450010612105,208.848434490753,0.491474807197943,0.0304341902313625,1950.62904884319,70110001,1
10416002,2024.43888319672,32.3830133333333,64.6107016666667,6,5.95731732385386,24.5988644270407,5.49843390681887,36.7486558287852,209.362463113331,0.495507205686614,0.0432482963787714,1452.93584580108,70110001,1
10416002,2024.43888319672,32.3830133333333,64.6107016666667,8,7.94633993991782,24.4967758035381,5.48714847675924,36.7465628542151,208.543832532788,0.493649862929786,0.045014930988605,1216.10617246453,70110001,1
10416002,2024.43888319672,32.3830133333333,64.6107016666667,10,9.93160346496692,23.9864871743112,5.4350540544204,36.770939248555,209.032453989599,0.48436880463943,0.0486482594397664,1005.44359418824,70110001,1
10416002,2024.43888319672,32.3830133333333,64.6107016666667,12,11.9177089307668,23.8660253618659,5.42342640860427,36.7811996777946,208.695110183859,0.473294106665893,0.0577487550062167,851.021122776709,70110001,1
10417001,2024.53966871585,32.3822733333333,64.6131433333334,5,4.96588570667377,27.4807620620754,5.81910838841017,36.785070037585,201.206066432209,0.515099397387835,0.0587793259624351,591.27787931264,70111002,1
10417001,2024.53966871585,32.3822733333333,64.6131433333334,7,6.95307202435944,27.4594160945438,5.8167576170157,36.7844782539952,201.015703350276,0.512098427484307,0.0551110156936918,130.800181304963,70111002,1
10417001,2024.53966871585,32.3822733333333,64.6131433333334,9,8.9342803248393,27.4363976290439,5.81410198230088,36.7830234255381,201.175268016559,0.511625303359744,0.0585453179217571,92.1038217055616,70111002,1
10417001,2024.53966871585,32.3822733333333,64.6131433333334,11,10.9258523083399,27.3490178954592,5.80343233621541,36.7750200568602,201.235225649921,0.511656028089446,0.0668169962860717,88.3927053954912,70111002,1
10418006,2024.61669702489,32.383365,64.616145,4,3.97317161643836,29.3581198027397,6.0506254065702,36.9469436012752,189.24476938274,0.543944652837573,0.167633983561644,572.285697534247,70112006,1
10418006,2024.61669702489,32.383365,64.616145,6,5.95825818779062,29.3598113200151,6.05083762651069,36.9464987493824,189.296651074074,0.544404726012779,0.170355164147367,421.1147343825,70112006,1
10418006,2024.61669702489,32.383365,64.616145,8,7.94347002401986,29.363640543245,6.05121492808265,36.9455447465842,189.167210930923,0.544788344814641,0.178254164574356,311.650818865023,70112006,1
10418006,2024.61669702489,32.383365,64.616145,10,9.92135433047576,29.3583607179904,6.05081992189317,36.9462854261697,189.455871077973,0.54286638821518,0.179614357778156,241.972302933216,70112006,1
10419001,2024.69537606254,32.3829,64.6142516666666,4,3.9737995817358,27.8723743813175,5.79387389906882,36.3004375389483,194.825447995848,0.444585681090143,0.0931997908678982,108.049117462531,70113001,1
10419001,2024.69537606254,32.3829,64.6142516666667,6,5.96343343795961,27.8699545541077,5.79454547943965,36.3064420674634,194.312519906552,0.446179477792731,0.100438044414827,84.2498602776633,70113001,1
10419001,2024.69537606254,32.3829,64.6142516666667,8,7.93405010691166,27.8729400445785,5.79568670457853,36.3115887576385,193.263830344905,0.44544934926998,0.103307618322951,70.0943268125386,70113001,1
10419001,2024.69537606254,32.3829,64.6142516666666,10,9.92744402319817,27.8626220856668,5.79559981819211,36.3183390689884,191.601536908552,0.447214678022202,0.110716315430152,59.8598997075563,70113001,1
10420001,2024.78387598664,32.3806333333333,64.6152383333333,3,2.95036791147995,25.7494819732596,5.58172682343446,36.4388358408672,203.460690533831,0.43099760467748,0.0498240663900415,42.2380963577686,70114001,1
10420001,2024.78387598664,32.3806333333333,64.6152383333333,5,4.9717680566299,25.7436136972572,5.58110100789241,36.4382703491777,203.214929720398,0.42856454431723,0.0465924341340196,26.6108225545898,70114001,1
10420001,2024.78387598664,32.3806333333333,64.6152383333333,7,6.95116826114552,25.7470967395419,5.58158504467163,36.4384015808283,203.267166133101,0.428694093912203,0.0488586385725833,20.8840619714441,70114001,1
10420001,2024.78387598664,32.3806333333333,64.6152383333333,9,8.93790153345538,25.749607478522,5.58192199694743,36.4382271470527,203.189349563083,0.428315529855386,0.0445086998773904,16.7681069101226,70114001,1
10420001,2024.78387598664,32.3806333333333,64.6152383333333,11,10.9153745456583,25.7495991528643,5.58201311062519,36.43825634376,203.455661292153,0.428365712104448,0.046335919607543,14.5631451398776,70114001,1
10420001,2024.78387598664,32.3806333333333,64.6152383333333,13,12.912493728525,25.7425956763306,5.5812926336067,36.4379014877933,203.420476171321,0.428312041742781,0.0424619617071684,12.7271949995861,70114001,1
10421001,2024.8870958561,32.3846866666667,64.6107866666667,2,1.95741355641356,22.8114771342771,5.292135220024,36.649689555556,209.285898896148,0.452642428142428,0.0681589446589446,426.88193050193,70115001,1
10421001,2024.8870958561,32.3846866666667,64.6107866666667,4,3.97556703648627,22.8188131645572,5.2930585056479,36.6500440697062,209.219007602268,0.451677674541982,0.0651101095823197,322.945919557669,70115001,1
10421001,2024.8870958561,32.3846866666667,64.6107866666667,6,5.95500173855058,22.8118943926644,5.29236124994169,36.6497062121245,209.327758148764,0.452754645697254,0.0706001118909927,236.382227967118,70115001,1
10421001,2024.8870958561,32.3846866666667,64.6107866666667,8,7.95029377681246,22.7876715080029,5.28966266350611,36.6482579294319,209.414369189879,0.454278259812539,0.0780548258490192,211.743459172768,70115001,1
10421001,2024.8870958561,32.3846866666667,64.6107866666667,10,9.91758861767521,22.2965064428208,5.23570686289312,36.6375930317702,212.624486296063,0.465877196833406,0.0749471095893711,192.346578864951,70115001,1
10422017,2024.96024969642,32.3831066666667,64.61313,4,3.99131242690058,21.9340665789474,5.21709060644924,36.7999382799894,212.571820747551,0.431771929824561,0.0375289619883041,2.40380206140351,70116008,1
10422017,2024.96024969642,32.3831066666667,64.61313,6,5.96087793771435,21.9312632021058,5.21687844227983,36.7999267982431,212.62254392491,0.431278332293991,0.0393777759163736,1.29703205526358,70116008,1
10422017,2024.96024969642,32.3831066666667,64.61313,8,7.94207377224946,21.9332619721203,5.21719539382023,36.8000250192055,211.82509126143,0.43172683267531,0.0370812794125807,0.822406828186248,70116008,1
10422017,2024.96024969642,32.3831066666667,64.61313,10,9.92955712383038,21.9335288764621,5.21729947572415,36.7999086561432,212.411793450461,0.431399626049571,0.0341967033416332,0.566470358320153,70116008,1
10423019,2025.05416856925,32.3828383333333,64.615285,3,2.99085214242607,19.474021691592,4.94515834366818,36.7183826392421,221.071157062426,0.448614484007242,0.090219312009656,443.549305974653,70117008,1
10423019,2025.05416856925,32.3828383333333,64.615285,5,4.96301199554099,19.474597975475,4.94530463886088,36.7183375347605,220.942577732999,0.449203598106587,0.0932785850752041,317.986854140757,70117008,1
10423019,2025.05416856925,32.3828383333333,64.615285,7,6.95320717283749,19.4702161622769,4.94491447899656,36.7181837088825,221.198446331673,0.448524014936167,0.0971577175688927,249.137042653517,70117008,1
10423019,2025.05416856925,32.3828383333333,64.615285,9,8.92916985259532,19.4616015230283,4.94404252456288,36.7177379473191,221.201357697329,0.448161805788594,0.100015202863055,208.782338149227,70117008,1
10423019,2025.05416856925,32.3828383333333,64.615285,11,10.9249244070444,19.4556997433926,4.94344024752878,36.7171522916154,221.538306824613,0.447867339879842,0.10791464627622,175.720300818102,70117008,1
10423019,2025.05416856925,32.3828383333333,64.615285,13,12.9116665427812,19.4536060395861,4.94328765152927,36.7169651370178,221.345646826067,0.447225358273452,0.111308788524067,150.467486178273,70117008,1
10424001,2025.11114155251,32.3827333333333,64.6141616666666,3,2.98044189417734,19.1180887052672,4.90955590838472,36.7346470234711,225.1011396422,0.542317830393815,0.158177917371346,222.171299830877,70118001,1
10424001,2025.11114155251,32.3827333333333,64.6141616666666,5,4.96556886324318,19.1149207552817,4.90943754294237,36.7356941941009,225.251492768269,0.540661721407397,0.157324445862503,174.287250276521,70118001,1
10424001,2025.11114155251,32.3827333333333,64.6141616666666,7,6.95138455242659,19.1152450341074,4.9095630845662,36.7356972559514,225.231177348727,0.540926164000801,0.158339156727656,136.589797605741,70118001,1
10424001,2025.11114155251,32.3827333333333,64.6141616666666,9,8.93608611586123,19.1200299720654,4.90999692507498,36.7343394595749,225.126029743273,0.540397942492261,0.16352524574172,116.648368708317,70118001,1
10424001,2025.11114155251,32.3827333333333,64.6141616666666,11,10.9285544789622,19.1265172047938,4.91099219447363,36.736194996661,225.028195196116,0.537543158509886,0.159855464980302,98.7837535576806,70118001,1
10425001,2025.16889649924,32.3816,64.6130166666667,4,3.97151604418727,18.6991294622809,4.84307445052525,36.5443372743795,228.623273272586,0.481577538137822,0.134919147816938,225.391425565492,70119001,1
10425001,2025.16889649924,32.3816,64.6130166666667,6,5.95264956373268,18.6921202503018,4.84109990819249,36.5330415349558,229.62695175509,0.48721938277155,0.130473549797585,175.006089784561,70119001,1
10425001,2025.16889649924,32.3816,64.6130166666667,8,7.95003979891349,18.7052058407457,4.84427115033601,36.5475527884073,229.733040839186,0.482755573097529,0.132752742314123,148.64205158258,70119001,1
10426018,2025.26498287671,32.3833666666667,64.610115,2,1.97189818440726,21.253492483953,5.13902088900314,36.7589720272207,215.685055484556,0.531762620149519,0.0573829476682093,4011.54236383054,70120008,1
10426018,2025.26498287671,32.3833666666667,64.610115,4,3.96952842919864,21.2980619715253,5.14382180189915,36.7585677644434,219.20238474033,0.532252723847142,0.0479765558409786,1625.21519799365,70120008,1
10426018,2025.26498287671,32.3833666666667,64.610115,6,5.96029407146082,21.1179465540003,5.12484740542556,36.7598288838701,220.687241538898,0.532283765324393,0.0527838828270865,1289.14336709701,70120008,1
10427014,2025.3491761796,32.3810633333333,64.6041166666667,3,2.97648868778281,21.4033976884327,5.15209678473661,36.7350100176003,218.749416321687,0.465128986338739,0.0548561908679556,193.944954751131,70121004,1
10427014,2025.3491761796,32.3810633333333,64.6041166666667,5,4.96646614875757,21.4014162574445,5.15198103727826,36.7350559599003,219.430046916058,0.462422076133669,0.0514425301606681,146.501129248319,70121004,1
10427014,2025.3491761796,32.3810633333333,64.6041166666667,7,6.94785066897859,21.3957381329701,5.15144961452469,36.7349350852436,219.816648004959,0.461973020528963,0.0575862809395641,113.077427189544,70121004,1
10427014,2025.3491761796,32.3810633333333,64.6041166666667,9,8.93800689064484,21.3960629526262,5.1515722061697,36.7349168011653,219.989602667723,0.463423195403903,0.0538626065720573,93.393378833849,70121004,1
10427014,2025.3491761796,32.3810633333333,64.6041166666667,11,10.922699315488,21.3963808530439,5.15169984201894,36.7349450399052,220.458814067484,0.46049818350691,0.0526621335659515,85.8036299322908,70121004,1
10427014,2025.3491761796,32.3810633333333,64.6041166666667,13,12.9107407057593,21.3969446826757,5.15185716486031,36.7350008073179,220.764859696624,0.460904550002408,0.0564563500407406,78.162968611982,70121004,1
10428001,2025.4178348554,32.3828766666667,64.6114983333333,5,4.965,23.4525110886006,5.36625612917322,36.6880931409005,213.984780086685,0.521683107359953,0.117588018891375,207.372433507333,70122001,1
10428001,2025.4178348554,32.3828766666667,64.6114983333333,7,6.95183953987132,23.4333457458431,5.36464402118066,36.690920438742,214.209699279316,0.511918295775249,0.122327715819261,171.91968101432,70122001,1
10428001,2025.4178348554,32.3828766666667,64.6114983333333,9,8.93815310989343,23.3726667968832,5.35874997033985,36.6952732684793,214.968560624739,0.503444975304509,0.119551623189839,138.868714925102,70122001,1
10428001,2025.4178348554,32.3828766666667,64.6114983333333,11,10.9273686020917,23.331676299446,5.35470607159495,36.6975039618952,214.810357523123,0.497587676606489,0.110609316350812,112.696880271994,70122001,1
10429021,2025.53861872146,32.3826133333333,64.6122783333333,3,2.98214662273476,29.2297897093114,6.01036652516916,36.7679442897763,193.34672803119,0.476649206230343,0.0567602965403624,1191.37364085667,70123008,1
10429021,2025.53861872146,32.3826133333333,64.6122783333333,5,4.96643558661417,29.1241880555352,5.99789011905199,36.7622437185434,195.182644513234,0.47449701368355,0.0426417750352788,1331.32186164197,70123008,1
10429021,2025.53861872146,32.3826133333333,64.6122783333333,7,6.9496934101438,29.0631420440037,5.99063567434949,36.7583746183078,195.751634741116,0.467999635567777,0.0396986170734593,1085.48582250406,70123008,1
10429021,2025.53861872146,32.3826133333333,64.6122783333333,9,8.93942442573626,29.045900823696,5.98874020843824,36.7579067662521,196.382829553292,0.455320754050779,0.0373949184962802,981.473897847344,70123008,1
10429021,2025.53861872146,32.3826133333333,64.6122783333333,11,10.9210857643016,28.9415221662455,5.97620915149485,36.7507133218459,196.839018815996,0.442748686743598,0.0379005761216935,847.271323007443,70123008,1
10430022,2025.62363584475,32.3847883333333,64.6165433333333,2,1.983720062819,29.4254057723832,6.02782556560357,36.7385997670367,186.593975639791,0.501269640753828,0.0834065174715351,1316.17023949745,70124008,1
10430022,2025.62363584475,32.3847883333333,64.6165433333333,4,3.97501161126873,29.369150586914,6.02199718715847,36.7409434246278,188.161078631643,0.49989350151898,0.0781070659353815,969.285845858186,70124008,1
10430022,2025.62363584475,32.3847883333333,64.6165433333333,6,5.96090839756814,29.3143837909657,6.01813270217055,36.755698595184,189.089993371669,0.506972604504108,0.0891580967723941,796.196561072827,70124008,1
10430022,2025.62363584475,32.3847883333333,64.6165433333333,8,7.9432483438746,29.2844524854463,6.01720539621524,36.7716807816049,190.941787321067,0.504478647572911,0.0898703716257055,644.837671052264,70124008,1
10430022,2025.62363584475,32.3847883333333,64.6165433333333,10,9.93146416049123,29.2607628797435,6.01673819992592,36.7860573116887,191.352848101788,0.49421377286463,0.0784725949046334,537.37022138074,70124008,1
10431001,2025.73042808219,32.3834333333333,64.6105283333333,4,3.97360858208955,28.7109181070448,5.92142746391931,36.549447670705,156.68184177662,0.579546902985075,0.113993470149254,1478.21324253731,70125001,1
10431001,2025.73042808219,32.3834333333333,64.6105283333333,6,5.95820654016647,28.6455387290532,5.92896704675446,36.6516927331712,180.677776019606,0.58324798053571,0.117981114864068,1297.11928483766,70125001,1
10431001,2025.73042808219,32.3834333333333,64.6105283333333,8,7.94253789618531,28.6400641781918,5.9281859789078,36.6498600248502,180.747523605816,0.583066809729964,0.134506474471788,877.949165447593,70125001,1
10431001,2025.73042808219,32.3834333333333,64.6105283333333,10,9.93186676760135,28.633408358782,5.92745793208406,36.6493066229752,180.955382906916,0.58230254102061,0.146233483071257,722.779727833726,70125001,1
10431001,2025.73042808219,32.3834333333333,64.6105283333333,12,11.9143413066,28.6336324433693,5.92758763394093,36.6494291161697,181.37880155721,0.583349446787095,0.158041136388066,600.567946794426,70125001,1
10431001,2025.73042808219,32.3834333333333,64.6105283333333,14,13.9035846484593,28.6238210688808,5.92618241120144,36.6465829199229,181.803066943639,0.579218245756609,0.166001622876373,504.951394127396,70125001,1
10432019,2025.79400304414,32.3826383333333,64.6117666666667,4,3.96641857015722,25.4706786109843,5.55099511431632,36.4349324221792,196.565903060985,0.607967042420647,0.270899644022545,89.9501417976861,70126008,1
10432019,2025.79400304414,32.3826383333333,64.6117666666667,6,5.94947343261553,25.4696607102259,5.55100047487668,36.4351361905564,197.978865231627,0.607750231917984,0.269439525762959,73.9360676146722,70126008,1
10432019,2025.79400304414,32.3826383333333,64.6117666666667,8,7.94637748696049,25.4538463924207,5.54952672920542,36.4362646702753,197.993355899659,0.607257464186331,0.266695622836741,63.7353775969538,70126008,1
10432019,2025.79400304414,32.3826383333333,64.6117666666667,10,9.92979651633461,25.4553689615928,5.54977786836659,36.4362493436141,197.934515601882,0.608222029617582,0.261436097474284,59.5420207467002,70126008,1
10432019,2025.79400304414,32.3826383333333,64.6117666666667,12,11.9185426017785,25.4637890458103,5.55070732308217,36.4357203228383,197.822654513354,0.606665470536118,0.257855593113383,61.2979703113199,70126008,1
10433017,2025.88153538813,32.381475,64.61171,3,2.96847714604236,23.4066907374493,5.34423202138839,36.5571055693128,207.944368990079,0.448984280936455,0.0702132107023411,303.732073578595,70127008,1
10433017,2025.88153538813,32.381475,64.61171,5,4.96168289737182,23.3884649531514,5.34225999988298,36.5563284367699,208.358423715461,0.448501154136245,0.0640591458216594,247.890067015678,70127008,1
10433017,2025.88153538813,32.381475,64.61171,7,6.95208975520828,23.3814473361524,5.34155786112462,36.5560470070892,208.480742605889,0.448418194049102,0.0723351808099889,222.491187751273,70127008,1
10434001,2025.94175799087,32.3825183333333,64.61214,5,4.97017950391645,22.4370720626632,5.25583255398552,36.6791888531117,208.830000368253,0.456666324213872,0.0926416449086162,215.42795691906,70128001,1
10434001,2025.94175799087,32.3825183333333,64.61214,7,6.9490418899315,22.4361180402491,5.25589802719071,36.6798030689735,209.624656749479,0.458686142162136,0.0995049197057024,154.42127619577,70128001,1
10434001,2025.94175799087,32.3825183333333,64.61214,9,8.94240076626578,22.4368441353575,5.25605179037374,36.6796942060248,209.517167901434,0.458039285261454,0.0949183043696511,123.376916844074,70128001,1
10434001,2025.94175799087,32.3825183333333,64.61214,11,10.9258860484471,22.4371772988279,5.25618429990841,36.6797498016168,209.476955707895,0.456855308823447,0.0880727657837573,103.652501534363,70128001,1
10435001,2026.03441590563,32.38305,64.614355,3,2.97808531273116,21.3649023262102,5.15228520196869,36.7695583701021,210.976488832589,0.416834424337067,0.0728310922988411,171.141732555272,70129001,1
10435001,2026.03441590563,32.38305,64.614355,5,4.95782954279512,21.366788334445,5.15255784342928,36.7694039493073,210.942493424039,0.416200458873594,0.0718104849241519,133.047891580273,70129001,1
10435001,2026.03441590563,32.38305,64.614355,7,6.94563354616312,21.3668780179655,5.15263684432968,36.7692365056774,210.907061316017,0.4167944053767,0.0713352043225871,106.453112827345,70129001,1
10435001,2026.03441590563,32.38305,64.614355,9,8.93581104584345,21.3615445595175,5.15220015700405,36.7695831385561,210.952976362952,0.416080192498712,0.0733527768693524,88.2360406199024,70129001,1
10437022,2026.19729261796,32.3007433333333,64.5739583333333,2,1.95911842105263,20.2022814493927,5.01950813115026,36.6965151865694,228.538158157561,0.554458024869867,0.12841548582996,1.43103259109312,70132008,1
10437022,2026.19729261796,32.3007433333333,64.5739583333333,4,3.9757898500028,20.2061755508608,5.01999808347703,36.6964056533884,228.781689361324,0.5318728028436,0.130101345518812,1.05702651062767,70132008,1
10437022,2026.19729261796,32.3007433333333,64.5739583333333,6,5.95887729374465,20.2068382927888,5.02018325076636,36.6966061370443,229.048117832519,0.525519502097142,0.131501703159074,0.620882036615366,70132008,1
10437022,2026.19729261796,32.3007433333333,64.5739583333333,8,7.94119197360016,20.2075223570092,5.02037580573118,36.6968488601634,229.360213910872,0.513040959382547,0.137775034099031,0.232875489310197,70132008,1
10437022,2026.19729261796,32.3007433333333,64.5739583333333,10,9.93026123185482,20.2085792790614,5.02053847856531,36.6965210021755,229.500615758658,0.509741953689616,0.12843712884593,0.164536754796496,70132008,1
10437022,2026.19729261796,32.3007433333333,64.5739583333333,12,11.9141626753179,20.2068414321702,5.02041986549505,36.6963158866945,229.410906829969,0.504459627938905,0.126341123386848,0.0835701840665641,70132008,1
10437022,2026.19729261796,32.3007433333333,64.5739583333333,14,13.9027322222393,20.1988199080489,5.01958672743469,36.6957111676325,229.528004540069,0.504477804600654,0.124706462266034,0.0491285082005955,70132008,1
10437022,2026.19729261796,32.3007433333333,64.5739583333333,16,15.8809739312605,20.1817796224702,5.01773960176172,36.6946263583829,229.608287020904,0.503864660777859,0.127039998945262,0.020129362234257,70132008,1
10437022,2026.19729261796,32.3007433333333,64.5739583333333,18,17.8805928353978,20.1431833908455,5.01353377140637,36.6929213380897,230.136782102394,0.503175617413318,0.134153738299867,0.00598036607235628,70132008,1
10437022,2026.19729261796,32.3007433333333,64.5739583333333,20,19.852191362482,20.111292420935,5.01006980130374,36.6914678138686,230.753255617354,0.50256694899347,0.14145973402701,1e-12,70132008,1
10437022,2026.19729261796,32.3007433333333,64.5739583333333,22,21.8493383244546,20.0317702505829,5.00148727413915,36.6893736783131,231.311498681839,0.502452145442237,0.138872341453191,1e-12,70132008,1
10437022,2026.19729261796,32.3007433333333,64.5739583333333,24,23.8259006472955,19.8924358131004,4.98628799355322,36.6848549125655,232.88618715527,0.497978544314943,0.154712395373031,7.58739848962689e-06,70132008,1
10437022,2026.19729261796,32.3007433333333,64.5739583333333,26,25.818467242582,19.7152358545382,4.96727349642719,36.6817196289503,233.964635567773,0.496789053696045,0.155493743812384,4.48718055838145e-07,70132008,1
10437022,2026.19729261796,32.3007433333333,64.5739583333333,28,27.8007527220541,19.60730633494,4.95635457407254,36.6849577320485,234.131471084783,0.493520054163119,0.165034364466687,1.43706596892584e-08,70132008,1
10437022,2026.19729261796,32.3007433333333,64.5739583333333,30,29.78884439887,19.5561958260083,4.95127783159542,36.6868523086426,233.745352636976,0.493048796247452,0.166407726544174,5.92320394723753e-10,70132008,1
10437022,2026.19729261796,32.3007433333333,64.5739583333333,32,31.7715452803122,19.4605256701899,4.94189777885694,36.6920621121251,232.878285940275,0.48688072498393,0.19376188062146,1e-12,70132008,1
10437022,2026.19729261796,32.3007433333333,64.5739583333333,34,33.7631883293479,19.4560257914624,4.9419773753149,36.6959334134678,232.979993799039,0.486981478388864,0.213061319502757,1e-12,70132008,1
10437022,2026.19729261796,32.3007433333333,64.5739583333333,36,35.7413794050466,19.4530720863241,4.94190673936187,36.6971887737349,232.046263490475,0.488246220931408,0.226799191464089,1.07499108245141e-12,70132008,1
10437022,2026.19729261796,32.3007433333333,64.5739583333333,38,37.7322761027121,19.4382064716476,4.94039460786496,36.6968999123965,231.568506882446,0.490947304745114,0.242080773271474,1.00372710596998e-12,70132008,1
10437022,2026.19729261796,32.3007433333333,64.5739583333333,40,39.7171021470851,19.412060400917,4.93764292885824,36.6961948193373,230.537630694634,0.503413611867694,0.290005164193294,1.00017973353662e-12,70132008,1
10437022,2026.19729261796,32.3007433333333,64.5739583333333,42,41.6929413017271,19.3913912061029,4.93570475523316,36.6974582974381,229.053289844095,0.504420638244924,0.322021951527615,9.99976357540444e-13,70132008,1
10437022,2026.19729261796,32.3007433333333,64.5739583333333,44,43.69344940171,19.3744858273053,4.93371728603348,36.6949871105859,228.67532227254,0.507641191348658,0.348784860331603,9.99997858829923e-13,70132008,1
10437022,2026.19729261796,32.3007433333333,64.5739583333333,46,45.6614000745783,19.3331824293166,4.92883604771668,36.6898210186083,228.391188973462,0.507172238463206,0.391109212845764,1.0000002923234e-12,70132008,1
10437022,2026.19729261796,32.3007433333333,64.5739583333333,48,47.6611859061321,19.2879338322988,4.92314142483221,36.6813016971126,229.379876463836,0.506703970806407,0.39515336683344,1.00000002409578e-12,70132008,1
10437022,2026.19729261796,32.3007433333333,64.5739583333333,50,49.6371510433249,19.2698807719902,4.92103307542117,36.6788134540813,228.58812711196,0.506226789635346,0.413346065195575,9.99999998567209e-13,70132008,1
10437022,2026.19729261796,32.3007433333333,64.5739583333333,52,51.6367268646853,19.254910235328,4.91957448064653,36.6790448746498,228.314484775119,0.505425606063771,0.438570265564334,9.99999999821934e-13,70132008,1
10437022,2026.19729261796,32.3007433333333,64.5739583333333,54,53.6071914685303,19.2444321627635,4.91852773115754,36.6787619282172,227.145021784315,0.507047984025267,0.499364234910861,1.00000000000501e-12,70132008,1
10437022,2026.19729261796,32.3007433333333,64.5739583333333,56,55.6086011179678,19.2458051558227,4.91908014370748,36.681422055181,226.077355777487,0.511807264869323,0.517808985752529,1.00000000000022e-12,70132008,1
10437022,2026.19729261796,32.3007433333333,64.5739583333333,58,57.5842935447207,19.2400975124634,4.91863428589572,36.6819646852544,226.614616921959,0.511844832106165,0.558496123830378,9.99999999999988e-13,70132008,1
10437022,2026.19729261796,32.3007433333333,64.5739583333333,60,59.5682989014709,19.2168848447311,4.91593616852774,36.6790782623497,224.811969054307,0.506703196396637,0.550238019772113,1e-12,70132008,1
10437022,2026.19729261796,32.3007433333333,64.5739583333333,62,61.5655232393961,19.2208145223153,4.91727723689157,36.6860975961173,224.58755600997,0.50464016980906,0.556693381920607,1e-12,70132008,1
10437022,2026.19729261796,32.3007433333333,64.5739583333333,64,63.5279844172237,19.211916413809,4.91627928057876,36.6848272661813,222.933211971205,0.501973336795056,0.648063195104988,1e-12,70132008,1
10437022,2026.19729261796,32.3007433333333,64.5739583333333,66,65.5343292117014,19.2128574343884,4.91723785455814,36.6912791275897,222.29825075118,0.489315534924968,0.584827133447974,1e-12,70132008,1
10437022,2026.19729261796,32.3007433333333,64.5739583333333,68,67.5105208956857,19.2118020139182,4.91742433789201,36.693017001437,222.110431980401,0.486100073217946,0.560796941332014,1e-12,70132008,1
10437022,2026.19729261796,32.3007433333333,64.5739583333333,70,69.4966173725419,19.210559285125,4.91743914055678,36.6934799710601,221.671287107336,0.482124125080687,0.554197272594895,1e-12,70132008,1
10437022,2026.19729261796,32.3007433333333,64.5739583333333,72,71.4905179070844,19.2072933952395,4.91719742395499,36.6935786316578,220.987012084185,0.47747569200194,0.532243910695553,1e-12,70132008,1
10437022,2026.19729261796,32.3007433333333,64.5739583333333,74,73.4538904729363,19.2029361666056,4.91682185603618,36.6935186787325,220.567374017614,0.464376191045091,0.448026698963359,1e-12,70132008,1
10437022,2026.19729261796,32.3007433333333,64.5739583333333,76,75.4623531649926,19.2002244405171,4.91661625160478,36.69343062924,219.996174322501,0.45742805576297,0.401211090737534,1e-12,70132008,1
10437022,2026.19729261796,32.3007433333333,64.5739583333333,78,77.428418603237,19.1980148654099,4.91645712805674,36.6932888676479,220.046918812569,0.446049804266918,0.357555436470456,1e-12,70132008,1
10437022,2026.19729261796,32.3007433333333,64.5739583333333,80,79.4286883351287,19.195862782688,4.91625659715494,36.6927488093096,219.688773783051,0.444685651126273,0.344446951725487,1e-12,70132008,1
10437022,2026.19729261796,32.3007433333333,64.5739583333333,82,81.4116881248645,19.1908859854976,4.91572908407644,36.6919611209316,219.22972751422,0.439764614118944,0.303730085286117,1e-12,70132008,1
10437022,2026.19729261796,32.3007433333333,64.5739583333333,84,83.3960260441722,19.186422666006,4.91527242197641,36.6913140724037,218.826528233747,0.432260825699465,0.276406576836426,1e-12,70132008,1
10437022,2026.19729261796,32.3007433333333,64.5739583333333,86,85.383824088472,19.1827831976647,4.91493478128802,36.6909377752764,218.383584202078,0.424804408074478,0.22664933306902,1e-12,70132008,1
10437022,2026.19729261796,32.3007433333333,64.5739583333333,88,87.3639825115543,19.1769991843834,4.91429719572789,36.6899390841959,217.754248350173,0.421814715597698,0.19460471278168,1e-12,70132008,1
10437022,2026.19729261796,32.3007433333333,64.5739583333333,90,89.3549159958486,19.1709357445942,4.9136421090912,36.6890401431701,217.997344929825,0.415372401726691,0.171647976903322,1e-12,70132008,1
10437022,2026.19729261796,32.3007433333333,64.5739583333333,92,91.3294424566661,19.1694164642538,4.91352623086385,36.6886512508079,218.275946962517,0.413056005219221,0.163724481012568,1e-12,70132008,1
10437022,2026.19729261796,32.3007433333333,64.5739583333333,94,93.3223943121566,19.1669564855219,4.91328137529039,36.6880110444966,218.241416706081,0.412884499739093,0.163237142180952,1e-12,70132008,1
10437022,2026.19729261796,32.3007433333333,64.5739583333333,96,95.3120645971464,19.1652886018623,4.91315654028546,36.6876784161962,218.749764468064,0.411541020630002,0.149896603119448,1e-12,70132008,1
10437022,2026.19729261796,32.3007433333333,64.5739583333333,98,97.2835912562387,19.1621941642764,4.91286483059711,36.6872056846465,218.133787229212,0.410467942515078,0.14513072805909,1e-12,70132008,1
10437022,2026.19729261796,32.3007433333333,64.5739583333333,100,99.2783426221904,19.1604875873518,4.91285989948113,36.687914266233,218.34911688689,0.407651459023684,0.116358707592947,1e-12,70132008,1
10437022,2026.19729261796,32.3007433333333,64.5739583333333,102,101.262455286597,19.1597490828321,4.9128616073857,36.6878228389682,218.313505041882,0.406450390834017,0.113043558541108,1e-12,70132008,1
10437022,2026.19729261796,32.3007433333333,64.5739583333333,104,103.244555942443,19.1590830403967,4.9128709018241,36.6877311528304,218.347009423368,0.403738807538138,0.0970812995235799,1e-12,70132008,1
10437022,2026.19729261796,32.3007433333333,64.5739583333333,106,105.232189163094,19.1565110019574,4.91263207544772,36.6872408710946,218.41094738397,0.402289792321475,0.0835388357606504,1e-12,70132008,1
10437022,2026.19729261796,32.3007433333333,64.5739583333333,108,107.216495828577,19.1471377425404,4.91146414065243,36.6849601821629,218.335412545977,0.401560269384018,0.0754205071227339,1e-12,70132008,1
10437022,2026.19729261796,32.3007433333333,64.5739583333333,110,109.201010999364,19.1372696471479,4.91021089204493,36.682398901747,218.193073450655,0.401118161005076,0.0693261149419653,1e-12,70132008,1
10437022,2026.19729261796,32.3007433333333,64.5739583333333,112,111.187117394298,19.1237861963356,4.90841722960902,36.6784921760093,218.322173872497,0.400633963029434,0.0663248060921779,1e-12,70132008,1
10437022,2026.19729261796,32.3007433333333,64.5739583333333,114,113.17224208807,19.1140926932241,4.90717971384338,36.6759052941177,218.712092253533,0.400154334681351,0.0754257827359586,1e-12,70132008,1
10437022,2026.19729261796,32.3007433333333,64.5739583333333,116,115.154521545346,19.0918484041962,4.90426002563405,36.6702746998003,219.197570840539,0.400538956209841,0.0787086370669364,1e-12,70132008,1
10437022,2026.19729261796,32.3007433333333,64.5739583333333,118,117.143836018898,19.0642204129764,4.90067245172726,36.6637797662643,219.35560600729,0.400855144856144,0.0801269565467877,1e-12,70132008,1
10437022,2026.19729261796,32.3007433333333,64.5739583333333,120,119.1121747892,19.0561442831329,4.89968613194303,36.6618675377195,218.513706343673,0.400621860352956,0.0733206815080664,1e-12,70132008,1
10437022,2026.19729261796,32.3007433333333,64.5739583333333,122,121.115682011816,19.0560294147348,4.8999339748456,36.6632952598011,218.169005768032,0.400826668796369,0.0717736018857561,1e-12,70132008,1
10437022,2026.19729261796,32.3007433333333,64.5739583333333,124,123.094583851991,19.0549983806062,4.89993092034523,36.6634226770625,217.955254654474,0.40090418184382,0.0620358149277054,1e-12,70132008,1
10437022,2026.19729261796,32.3007433333333,64.5739583333333,126,125.078571674245,19.0496423940256,4.89932666361148,36.6623177042198,217.539474691425,0.401066239812569,0.0660404575227508,1e-12,70132008,1
10437022,2026.19729261796,32.3007433333333,64.5739583333333,128,127.067390276635,19.0386024462678,4.89798280853625,36.6600168409296,217.789830252722,0.399848833755495,0.0655875936263384,1e-12,70132008,1
10437022,2026.19729261796,32.3007433333333,64.5739583333333,130,129.049866072736,19.0300276098917,4.89697278444178,36.658343465038,217.077261496801,0.399794529905047,0.0699708418770338,1e-12,70132008,1
10437022,2026.19729261796,32.3007433333333,64.5739583333333,132,131.027470049712,19.0250062327862,4.89643451911428,36.6574964942201,216.961034424459,0.399879635245325,0.0655446728876325,1e-12,70132008,1
10437022,2026.19729261796,32.3007433333333,64.5739583333333,134,133.022354267891,19.0214642802155,4.89605552586385,36.6566810748442,217.363932862515,0.399691593331129,0.0613410975894025,1e-12,70132008,1
10437022,2026.19729261796,32.3007433333333,64.5739583333333,136,135.009277311763,19.0127728302536,4.89498476592671,36.6545975986977,217.744891544033,0.399368380478281,0.0605625569251474,1e-12,70132008,1
10437022,2026.19729261796,32.3007433333333,64.5739583333333,138,136.989460004011,19.0039437225876,4.89397917642098,36.6531839918693,217.723602259594,0.399747455673004,0.0633541870289773,1e-12,70132008,1
10437022,2026.19729261796,32.3007433333333,64.5739583333333,140,138.976605890565,19.0012369686407,4.89378821358105,36.6532123019232,216.988888769388,0.39915399108905,0.0674905045640298,1e-12,70132008,1
10437022,2026.19729261796,32.3007433333333,64.5739583333333,142,140.956568054007,18.9978755840998,4.89347868144871,36.6528213231426,216.383193475966,0.399306319390839,0.0615832654347407,1e-12,70132008,1
10437022,2026.19729261796,32.3007433333333,64.5739583333333,144,142.944603691145,18.9939364723022,4.89313896899945,36.6526874159151,215.536602933715,0.398733535555147,0.0599805568080976,1e-12,70132008,1
10437022,2026.19729261796,32.3007433333333,64.5739583333333,146,144.928303151949,18.9881203612526,4.89252220812249,36.6518809726786,215.570083286412,0.398989514529735,0.0562575062555451,1e-12,70132008,1
10437022,2026.19729261796,32.3007433333333,64.5739583333333,148,146.903026878314,18.984633905661,4.89219965941526,36.6514908987429,214.747771117185,0.398098801282914,0.057240641254219,1e-12,70132008,1
10437022,2026.19729261796,32.3007433333333,64.5739583333333,150,148.902376374971,18.9847606159993,4.89229666928791,36.6514373295333,215.407230631666,0.398408105780951,0.0568429786740542,1e-12,70132008,1
10437022,2026.19729261796,32.3007433333333,64.5739583333333,152,150.877044098266,18.9849462653937,4.89241707256571,36.6515287525245,214.650001741975,0.397901452691227,0.0574571146453285,1e-12,70132008,1
10437022,2026.19729261796,32.3007433333333,64.5739583333333,154,152.870071100535,18.9852985665339,4.89256056587538,36.6516673005559,214.726762798784,0.398021602726524,0.0611680963920249,1e-12,70132008,1
10437022,2026.19729261796,32.3007433333333,64.5739583333333,156,154.843525909514,18.9829211547264,4.89239153285491,36.6515891270631,213.756834391291,0.398868351921755,0.0469997120666269,1e-12,70132008,1
10437022,2026.19729261796,32.3007433333333,64.5739583333333,158,156.840194472628,18.9764233115929,4.89177345324886,36.6513748757623,212.655328986849,0.398240237601988,0.0517950709265518,1e-12,70132008,1
10437022,2026.19729261796,32.3007433333333,64.5739583333333,160,158.830372011622,18.9736363426557,4.89154613366146,36.6511681580321,212.966758304692,0.397676382441765,0.0470559225181595,1e-12,70132008,1
10437022,2026.19729261796,32.3007433333333,64.5739583333333,162,160.806235632149,18.9653834263709,4.89059827233872,36.649728214068,213.82938491161,0.398479209566173,0.0431379062562586,1e-12,70132008,1
10437022,2026.19729261796,32.3007433333333,64.5739583333333,164,162.782824075712,18.9569413242888,4.88966329814855,36.6485636885406,213.506599148347,0.398570825172487,0.0427094602276974,1e-12,70132008,1
10437022,2026.19729261796,32.3007433333333,64.5739583333333,166,164.775608512498,18.9517409022579,4.88913706089054,36.6479738386079,212.8779090592,0.398193708285999,0.0373210862089171,1e-12,70132008,1
10437022,2026.19729261796,32.3007433333333,64.5739583333333,168,166.752361866038,18.9512321384151,4.88915668821345,36.6478314671304,213.017966602759,0.398730460054154,0.0373798884991631,1e-12,70132008,1
10437022,2026.19729261796,32.3007433333333,64.5739583333333,170,168.739129789351,18.9481759660334,4.8888507379372,36.6472000188113,213.090128385599,0.398245543507697,0.040974199127991,1e-12,70132008,1
10437022,2026.19729261796,32.3007433333333,64.5739583333333,172,170.729980345787,18.936530392605,4.88749151480306,36.6452935726954,213.054156159889,0.399955467106311,0.0399694176920534,1e-12,70132008,1
10437022,2026.19729261796,32.3007433333333,64.5739583333333,174,172.704484782681,18.9269169320184,4.88639885032478,36.6438341999684,212.461469851312,0.397664902142229,0.0326886940913133,1e-12,70132008,1
10437022,2026.19729261796,32.3007433333333,64.5739583333333,176,174.702685953923,18.9222513088002,4.88590017487965,36.6430019259707,212.231627417692,0.397722606264891,0.0344889033662078,1e-12,70132008,1
10437022,2026.19729261796,32.3007433333333,64.5739583333333,178,176.669795967119,18.9173775477807,4.88539124688631,36.6422673103215,211.614125593333,0.39804312902033,0.0335409908563293,1e-12,70132008,1
10437022,2026.19729261796,32.3007433333333,64.5739583333333,180,178.666459763785,18.9125006358384,4.88489067982217,36.6416058038785,211.359643146016,0.397700137048782,0.0319265104552198,1e-12,70132008,1
10437022,2026.19729261796,32.3007433333333,64.5739583333333,182,180.644264582962,18.9052871335772,4.88400826643032,36.6397923150516,212.312488939886,0.397896397223928,0.0356039218059193,1e-12,70132008,1
10437022,2026.19729261796,32.3007433333333,64.5739583333333,184,182.631508131965,18.8873180998437,4.88150377735985,36.6338165776041,213.681510344648,0.396548912887954,0.0440951013482312,1e-12,70132008,1
10437022,2026.19729261796,32.3007433333333,64.5739583333333,186,184.620270720721,18.871366311664,4.87931127725115,36.6286821053255,214.868052671108,0.396330152983901,0.0433458346626859,1e-12,70132008,1
10437022,2026.19729261796,32.3007433333333,64.5739583333333,188,186.597098958492,18.8535320608552,4.87690017609045,36.6233649742418,216.265375523696,0.395867229810831,0.0484073402194747,1e-12,70132008,1
10437022,2026.19729261796,32.3007433333333,64.5739583333333,190,188.584887247277,18.8463745833524,4.87601674863155,36.6214865014757,217.070322862782,0.396753220403908,0.0423420068033053,1e-12,70132008,1
10437022,2026.19729261796,32.3007433333333,64.5739583333333,192,190.567224011948,18.8401720859785,4.87527801661892,36.6199836158007,217.297974301834,0.395382148428963,0.0475310792570904,1e-12,70132008,1
10437022,2026.19729261796,32.3007433333333,64.5739583333333,194,192.552302847613,18.8412018209437,4.87556527222191,36.6207390379257,215.772034323221,0.394963900101535,0.0422041146368354,1e-12,70132008,1
10437022,2026.19729261796,32.3007433333333,64.5739583333333,196,194.532701677749,18.8659278723745,4.87935471073692,36.6300758413117,212.997668068088,0.395734052337198,0.039910295946902,1e-12,70132008,1
10437022,2026.19729261796,32.3007433333333,64.5739583333333,198,196.523916735689,18.8698217826322,4.87998914134487,36.6312238633048,212.477702266971,0.396206175104784,0.0369647302717166,1e-12,70132008,1
10437022,2026.19729261796,32.3007433333333,64.5739583333333,200,198.503070827894,18.8642984462688,4.87937045791773,36.6301356486345,212.748852841851,0.396456747888343,0.0315886595771726,1e-12,70132008,1
10437022,2026.19729261796,32.3007433333333,64.5739583333333,202,200.492078180176,18.8529429635004,4.87787611030111,36.6268200257398,214.520987419647,0.395433100107057,0.0327111707633991,1e-12,70132008,1
10437022,2026.19729261796,32.3007433333333,64.5739583333333,204,202.473460705906,18.8429456168428,4.87654093687054,36.6236438113281,215.788571479165,0.394032646610888,0.0364737908015067,1e-12,70132008,1
10437022,2026.19729261796,32.3007433333333,64.5739583333333,206,204.455487136548,18.8435782522935,4.87676136825784,36.6241871756282,214.48994375593,0.394992610906393,0.0376674573736171,1e-12,70132008,1
10437022,2026.19729261796,32.3007433333333,64.5739583333333,208,206.442314146107,18.8459811427223,4.87737116779337,36.6264503605329,212.507885148968,0.394456947533377,0.0434453809414212,1e-12,70132008,1
10437022,2026.19729261796,32.3007433333333,64.5739583333333,210,208.426701804271,18.8401985525273,4.87696541628469,36.627388797338,211.006245307945,0.39438724001497,0.0290857306800069,1e-12,70132008,1
10437022,2026.19729261796,32.3007433333333,64.5739583333333,212,210.404879766729,18.8368887573945,4.87670460620166,36.6273607798041,210.414692177273,0.393686155835727,0.0290157672100687,1e-12,70132008,1
10437022,2026.19729261796,32.3007433333333,64.5739583333333,214,212.396190774854,18.8362451655515,4.87677873145766,36.6277994807629,208.659511804875,0.394072830771201,0.0305296465893474,1e-12,70132008,1
10437022,2026.19729261796,32.3007433333333,64.5739583333333,216,214.374536379402,18.8329995710444,4.87653033952667,36.6278195531147,206.996230084144,0.394445139151494,0.0354436742300095,1e-12,70132008,1
10437022,2026.19729261796,32.3007433333333,64.5739583333333,218,216.360325921896,18.8259577375396,4.87585897619147,36.6276303087013,205.534881972793,0.393618444418087,0.0329950037870741,1e-12,70132008,1
10437022,2026.19729261796,32.3007433333333,64.5739583333333,220,218.347870334191,18.8184440209469,4.87516056643882,36.6276304561456,205.104619554054,0.393534441156476,0.0315275390953352,1e-12,70132008,1
10437022,2026.19729261796,32.3007433333333,64.5739583333333,222,220.328930388415,18.8080180619418,4.87399951871082,36.626302001452,205.808501185504,0.393960765654475,0.0353647529843776,1e-12,70132008,1
10437022,2026.19729261796,32.3007433333333,64.5739583333333,224,222.312288219289,18.8018379237765,4.87330320686224,36.625137176754,206.953798140166,0.393523847199669,0.0349934814226862,1e-12,70132008,1
10437022,2026.19729261796,32.3007433333333,64.5739583333333,226,224.288775017127,18.783114530895,4.8710964296918,36.6223212939213,206.453867313765,0.393099917155835,0.0364372121452134,1e-12,70132008,1
10437022,2026.19729261796,32.3007433333333,64.5739583333333,228,226.284882445193,18.773694516422,4.87003887727745,36.6209724269076,206.058431300113,0.392989427078654,0.0320327394429932,1e-12,70132008,1
10437022,2026.19729261796,32.3007433333333,64.5739583333333,230,228.270626379495,18.7588612306816,4.86840128192677,36.6195159026214,205.270991749134,0.393353682610033,0.0317191128953144,1e-12,70132008,1
10437022,2026.19729261796,32.3007433333333,64.5739583333333,232,230.240114791198,18.7352458558933,4.86558860008132,36.6159025015303,204.08656123822,0.393429528989107,0.0304844118999333,1e-12,70132008,1
10437022,2026.19729261796,32.3007433333333,64.5739583333333,234,232.235394171726,18.7284067333953,4.86487255317484,36.6151501547079,204.310875037732,0.392659532778799,0.0263763560009024,1e-12,70132008,1
10437022,2026.19729261796,32.3007433333333,64.5739583333333,236,234.217294138939,18.7256164247901,4.86463654765705,36.6148693599243,204.340008901504,0.392941212721103,0.0312846486595997,1e-12,70132008,1
10437022,2026.19729261796,32.3007433333333,64.5739583333333,238,236.200188662993,18.7186749153315,4.86385774954713,36.6136759425096,204.031848391245,0.392739633109745,0.0311333049841882,1e-12,70132008,1
10437022,2026.19729261796,32.3007433333333,64.5739583333333,240,238.185791541706,18.7052655398534,4.86238790684541,36.6123686526175,204.54397213214,0.392042684635181,0.0273025723361233,1e-12,70132008,1
10437022,2026.19729261796,32.3007433333333,64.5739583333333,242,240.162207094785,18.7054988211423,4.8627210310153,36.614223943086,206.769222059312,0.391589492019449,0.0216834342881816,1e-12,70132008,1
10437022,2026.19729261796,32.3007433333333,64.5739583333333,244,242.14384796458,18.7098415033058,4.86345083332097,36.6157923113872,207.219290904899,0.391311102485304,0.0257021760452564,1e-12,70132008,1
10437022,2026.19729261796,32.3007433333333,64.5739583333333,246,244.13959215122,18.7088027899722,4.86340220723438,36.615544126934,208.017577984633,0.391367289335001,0.0288334099122539,1e-12,70132008,1
10437022,2026.19729261796,32.3007433333333,64.5739583333333,248,246.120179566409,18.6967471810492,4.86206320600674,36.6141434855361,207.401363862265,0.390899564549504,0.0300058218561853,1e-12,70132008,1
10437022,2026.19729261796,32.3007433333333,64.5739583333333,250,248.096065954995,18.6855677706121,4.86077660538029,36.6124080267887,206.494100269866,0.390419938153442,0.0298980602918418,1e-12,70132008,1
10437022,2026.19729261796,32.3007433333333,64.5739583333333,252,250.089050371464,18.6671251475359,4.85856613443409,36.6092889131199,206.313595357103,0.389838451465491,0.0303516271985714,1e-12,70132008,1
10437022,2026.19729261796,32.3007433333333,64.5739583333333,254,252.075084463029,18.645298162364,4.85606513795312,36.6067067503098,205.79978553698,0.389640404721524,0.0292885206181785,1e-12,70132008,1
10437022,2026.19729261796,32.3007433333333,64.5739583333333,256,254.049303255258,18.6279821312971,4.85408972873594,36.604572425975,205.162890991817,0.389061229056963,0.0223085233365046,1e-12,70132008,1
10437022,2026.19729261796,32.3007433333333,64.5739583333333,258,256.030678175302,18.6196369466126,4.85311566055191,36.6029624057965,204.621873889114,0.388821165012085,0.0293104577500082,1e-12,70132008,1
10437022,2026.19729261796,32.3007433333333,64.5739583333333,260,258.027170139726,18.6044553094046,4.85133688904336,36.6005958789024,204.342354320773,0.388399044283889,0.0320186525520986,1e-12,70132008,1
10437022,2026.19729261796,32.3007433333333,64.5739583333333,262,260.002865427153,18.5923989535638,4.84994573353589,36.5987402840984,203.404010598597,0.388427746247128,0.0309150615739549,1e-12,70132008,1
10437022,2026.19729261796,32.3007433333333,64.5739583333333,264,261.979809115556,18.5836804243338,4.84894020835363,36.5971913905885,202.726741069216,0.388794673444046,0.0277273031419755,1e-12,70132008,1
10437022,2026.19729261796,32.3007433333333,64.5739583333333,266,263.964925582334,18.5751262290235,4.84796452863756,36.5957490251238,202.713667014272,0.388476982976232,0.0248857924465227,1e-12,70132008,1
10437022,2026.19729261796,32.3007433333333,64.5739583333333,268,265.959400554505,18.5619624921322,4.84641753520763,36.5935498735468,202.548911119842,0.388560883966523,0.0253279537046923,1e-12,70132008,1
10437022,2026.19729261796,32.3007433333333,64.5739583333333,270,267.935229564639,18.5558855849915,4.84574994561167,36.5925206983632,202.504608251883,0.388445856787138,0.0305225934991493,1e-12,70132008,1
10437022,2026.19729261796,32.3007433333333,64.5739583333333,272,269.910356982654,18.5413856252314,4.84402684717967,36.5900101690752,202.639579038267,0.387975868998788,0.0248171939526073,1e-12,70132008,1
10437022,2026.19729261796,32.3007433333333,64.5739583333333,274,271.899131894782,18.524616042596,4.84207437434726,36.587564880371,202.513632784637,0.387039572907642,0.0232682006710582,1e-12,70132008,1
10437022,2026.19729261796,32.3007433333333,64.5739583333333,276,273.917019777689,18.5144132787114,4.84089651127361,36.5858634391583,202.516224190698,0.386659982532144,0.0279154408732672,1e-12,70132008,1
10437022,2026.19729261796,32.3007433333333,64.5739583333333,278,275.862618201188,18.5112487542274,4.84056047261278,36.5850601111533,201.613155621309,0.387499688508876,0.0286981430052361,1e-12,70132008,1
10437022,2026.19729261796,32.3007433333333,64.5739583333333,280,277.847178940729,18.4760840193176,4.83634074282203,36.5796831474999,201.67778051635,0.386720782367154,0.0276899177474219,1e-12,70132008,1
10437022,2026.19729261796,32.3007433333333,64.5739583333333,282,279.842088003276,18.4671507881947,4.83524823556632,36.5775732185133,201.596233219138,0.386369181346461,0.025188870909751,1e-12,70132008,1
10437022,2026.19729261796,32.3007433333333,64.5739583333333,284,281.829216588776,18.4614265052565,4.83463121124232,36.5766542115429,201.898665356779,0.386474744755011,0.0223286818532965,1e-12,70132008,1
10437022,2026.19729261796,32.3007433333333,64.5739583333333,286,283.79430555602,18.456959163745,4.83416822266541,36.575927716596,202.077573846275,0.387052475018211,0.0269408275272603,1e-12,70132008,1
10437022,2026.19729261796,32.3007433333333,64.5739583333333,288,285.789112939411,18.4530539386459,4.83376640324911,36.5752216799704,201.684894884542,0.386246109870533,0.0280263890371597,1e-12,70132008,1
10437022,2026.19729261796,32.3007433333333,64.5739583333333,290,287.775750164962,18.446762466839,4.83310609698774,36.5744378398911,201.645123067246,0.386214470210968,0.0263369826973835,1e-12,70132008,1
10437022,2026.19729261796,32.3007433333333,64.5739583333333,292,289.743910523531,18.432936682931,4.83151787429553,36.5724565434132,201.866469911603,0.386443608637834,0.0234345262988459,1e-12,70132008,1
10437022,2026.19729261796,32.3007433333333,64.5739583333333,294,291.737418807593,18.4244145415285,4.83055018750724,36.5710388861237,201.841780991717,0.385869464328642,0.0250125559430184,1e-12,70132008,1
10437022,2026.19729261796,32.3007433333333,64.5739583333333,296,293.725602338267,18.4229672697535,4.8304489261616,36.5707042833054,201.687778795162,0.385606431366688,0.0324172231000383,1e-12,70132008,1
10437022,2026.19729261796,32.3007433333333,64.5739583333333,298,295.691948289968,18.3992629971273,4.82753334552467,36.5662013521024,201.507827862334,0.385718764482483,0.0249095930335007,1e-12,70132008,1
10437022,2026.19729261796,32.3007433333333,64.5739583333333,300,297.692004374601,18.3631162178858,4.82317802996295,36.5604965964677,201.279916118895,0.385223255024155,0.0256222542408391,1e-12,70132008,1
10437022,2026.19729261796,32.3007433333333,64.5739583333333,302,299.667567466731,18.3585685054906,4.82270049520006,36.55971221366,201.142936197406,0.385554433283767,0.0285518539142188,1e-12,70132008,1
10437022,2026.19729261796,32.3007433333333,64.5739583333333,304,301.649813584234,18.3561940684107,4.82246873153485,36.5590894234787,201.245218749625,0.385174583000598,0.0281457357593741,1e-12,70132008,1
10437022,2026.19729261796,32.3007433333333,64.5739583333333,306,303.639945481269,18.3576631528782,4.82278040102038,36.5596783671109,201.789782852323,0.385171500783375,0.0254070213099578,1e-12,70132008,1
10437022,2026.19729261796,32.3007433333333,64.5739583333333,308,305.606380585395,18.3552037997549,4.82258807136057,36.5594672844215,201.062904885537,0.385272831601828,0.0328715967144512,1e-12,70132008,1
10437022,2026.19729261796,32.3007433333333,64.5739583333333,310,307.601113247759,18.3315769766958,4.8196179440873,36.5544111903608,201.402598059332,0.385229502993647,0.0281025348305047,1e-12,70132008,1
10437022,2026.19729261796,32.3007433333333,64.5739583333333,312,309.593384181638,18.3180574006435,4.81803364395005,36.5521725240588,201.415837270453,0.385198148808737,0.0283747311118791,1e-12,70132008,1
10437022,2026.19729261796,32.3007433333333,64.5739583333333,314,311.567361924145,18.3090343976805,4.81699683591767,36.550599614563,201.512130967556,0.385466675556695,0.0245795570345401,1e-12,70132008,1
10437022,2026.19729261796,32.3007433333333,64.5739583333333,316,313.534335304964,18.2979596949933,4.81573513660032,36.5489331523139,201.57108522889,0.384636230786714,0.0208723020841787,1e-12,70132008,1
10437022,2026.19729261796,32.3007433333333,64.5739583333333,318,315.532195631441,18.2880026037741,4.81459809958858,36.5473343959552,201.631171692389,0.385035345495962,0.0185146196776749,1e-12,70132008,1
10437022,2026.19729261796,32.3007433333333,64.5739583333333,320,317.534946360778,18.2818555345172,4.81389300165335,36.5460288483789,201.585642257951,0.384178611082958,0.0176501897175557,1e-12,70132008,1
10437022,2026.19729261796,32.3007433333333,64.5739583333333,322,319.493766949811,18.2793599348573,4.81364765840927,36.5453961718172,201.606871709017,0.385092956591462,0.0236024733024354,1e-12,70132008,1
10437022,2026.19729261796,32.3007433333333,64.5739583333333,324,321.478442533439,18.2724430617258,4.81288514193003,36.5442854011356,201.461238798487,0.384626823429213,0.0206388865496772,1e-12,70132008,1
10437022,2026.19729261796,32.3007433333333,64.5739583333333,326,323.469758288516,18.2440109735457,4.80940237098853,36.5391044880883,201.616145092519,0.385348662619364,0.0269421062825653,1e-12,70132008,1
10437022,2026.19729261796,32.3007433333333,64.5739583333333,328,325.452747092846,18.2408271771001,4.80916174088834,36.539123790222,201.241707895622,0.384701389638876,0.0243274789124691,1e-12,70132008,1
10437022,2026.19729261796,32.3007433333333,64.5739583333333,330,327.421073548838,18.2357196034714,4.80859428289443,36.5380644441914,201.152552109835,0.384317337915668,0.0280333981373271,1e-12,70132008,1
10437022,2026.19729261796,32.3007433333333,64.5739583333333,332,329.414108199076,18.2167520766143,4.8063784284551,36.5352667725333,201.809105387622,0.384064340313446,0.0252960226275765,1e-12,70132008,1
10437022,2026.19729261796,32.3007433333333,64.5739583333333,334,331.404882109686,18.2153896742039,4.8062676706234,36.5347729274341,201.504411293594,0.384183315566799,0.0225140696239817,1e-12,70132008,1
10437022,2026.19729261796,32.3007433333333,64.5739583333333,336,333.378489776831,18.2121383117104,4.80595088262697,36.5342012134719,201.404185090023,0.385001596000687,0.0281876478703658,1e-12,70132008,1
10437022,2026.19729261796,32.3007433333333,64.5739583333333,338,335.356042582093,18.1991877655424,4.804456606534,36.5322055443221,201.969344285492,0.384428000179074,0.0232205901446349,1e-12,70132008,1
10437022,2026.19729261796,32.3007433333333,64.5739583333333,340,337.343290112528,18.1864252181978,4.80300753474762,36.5304273198058,201.930784845236,0.384181517209957,0.0199513453744603,1e-12,70132008,1
10437022,2026.19729261796,32.3007433333333,64.5739583333333,342,339.334138913065,18.1720444652522,4.80130420300075,36.5279142151745,201.498146878827,0.384079081348007,0.0212470597092505,1e-12,70132008,1
10437022,2026.19729261796,32.3007433333333,64.5739583333333,344,341.30453327808,18.1612075888818,4.80007969013719,36.5263369957452,201.262182757172,0.384456857411311,0.0176561290682555,1e-12,70132008,1
10437022,2026.19729261796,32.3007433333333,64.5739583333333,346,343.291898257127,18.1539482751852,4.79932946565412,36.525627375353,201.532186219297,0.384217155631298,0.0225322240221806,1e-12,70132008,1
10437022,2026.19729261796,32.3007433333333,64.5739583333333,348,345.275830027006,18.1508669930352,4.79906919734461,36.5253857098718,201.639059337011,0.383799484419227,0.0171876696362569,1e-12,70132008,1
10437022,2026.19729261796,32.3007433333333,64.5739583333333,350,347.262293992113,18.1334007652403,4.79709082526963,36.5232632795581,201.589249900793,0.383853396215234,0.0256973435597488,1e-12,70132008,1
10437022,2026.19729261796,32.3007433333333,64.5739583333333,352,349.240923946266,18.1203248403643,4.7957447222902,36.5226367274275,202.286800647505,0.383967907264486,0.0276287975667593,1e-12,70132008,1
10437022,2026.19729261796,32.3007433333333,64.5739583333333,354,351.22307344728,18.1167585665464,4.79541730892614,36.5222519293681,202.228581027678,0.384123570739439,0.0281095556466825,1e-12,70132008,1
10437022,2026.19729261796,32.3007433333333,64.5739583333333,356,353.204167787728,18.1143652407663,4.79522699228535,36.5219950829681,202.614722149194,0.384153307514691,0.0250273545348674,1e-12,70132008,1
10437022,2026.19729261796,32.3007433333333,64.5739583333333,358,355.189270026016,18.1055269507458,4.79425628816279,36.520802604849,202.544445108837,0.384129534245955,0.0227265172436285,1e-12,70132008,1
10437022,2026.19729261796,32.3007433333333,64.5739583333333,360,357.176531796584,18.10174993803,4.79396847467258,36.5209445639208,202.695726756026,0.384174897042085,0.0174522182208454,1e-12,70132008,1
10437022,2026.19729261796,32.3007433333333,64.5739583333333,362,359.151566573927,18.1020847737714,4.7941503206913,36.5214420499631,202.728754252765,0.384461141443501,0.0294845803676086,1e-12,70132008,1
10437022,2026.19729261796,32.3007433333333,64.5739583333333,364,361.127706028965,18.0978081144732,4.79377796136489,36.5213056003149,202.443398371185,0.384337417677818,0.0296856252881792,1e-12,70132008,1
10437022,2026.19729261796,32.3007433333333,64.5739583333333,366,363.121705108191,18.0929408979424,4.79326588548976,36.5204991019751,202.699203682993,0.38419527338319,0.0258058711153119,1e-12,70132008,1
10437022,2026.19729261796,32.3007433333333,64.5739583333333,368,365.100746728427,18.0860942803764,4.79245838038247,36.5189269913147,202.89980956682,0.384468413675033,0.0287618488436488,1e-12,70132008,1
10437022,2026.19729261796,32.3007433333333,64.5739583333333,370,367.076486491655,18.0719019285531,4.79084374573345,36.5169905553035,202.767597443875,0.384393655718491,0.0270300093984091,1e-12,70132008,1
10437022,2026.19729261796,32.3007433333333,64.5739583333333,372,369.071249955394,18.0694520167095,4.79063759545448,36.5166481246593,203.108223004903,0.384220293376753,0.0288362478878719,1e-12,70132008,1
10437022,2026.19729261796,32.3007433333333,64.5739583333333,374,371.054727793537,18.0636741004479,4.78996278240715,36.5152579394223,202.685036026547,0.384256347604075,0.0244632815954863,1e-12,70132008,1
10437022,2026.19729261796,32.3007433333333,64.5739583333333,376,373.032473060831,18.0489260181002,4.78812573529274,36.5119072288006,202.000321895341,0.384348097637961,0.0186866276176922,1e-12,70132008,1
10437022,2026.19729261796,32.3007433333333,64.5739583333333,378,374.998684128659,18.0318964761344,4.7859515206548,36.5076970663356,200.816922773019,0.384924114593055,0.0177300196755859,1e-12,70132008,1
10437022,2026.19729261796,32.3007433333333,64.5739583333333,380,376.994815261598,18.0036187380043,4.7824573095582,36.5021968912248,200.409323212678,0.384036172178265,0.0218990722609512,1e-12,70132008,1
10437022,2026.19729261796,32.3007433333333,64.5739583333333,382,379.001415844516,17.9707191830869,4.77838545379173,36.4958510592158,199.974849506788,0.383900397531804,0.0263315652658151,1e-12,70132008,1
10437022,2026.19729261796,32.3007433333333,64.5739583333333,384,380.951597474514,17.962536289423,4.77743562617678,36.4942388781716,199.614723633341,0.38431818139224,0.0291726918693086,1e-12,70132008,1
10437022,2026.19729261796,32.3007433333333,64.5739583333333,386,382.938713327734,17.9598083022862,4.77721370335013,36.494006445059,199.606111090499,0.384226532234819,0.0211208464391798,1e-12,70132008,1
10437022,2026.19729261796,32.3007433333333,64.5739583333333,388,384.927499793992,17.9585775111956,4.77717924575594,36.4940473112493,199.965164663929,0.383940654518311,0.021710497387131,1e-12,70132008,1
10437022,2026.19729261796,32.3007433333333,64.5739583333333,390,386.917922966728,17.9510449505338,4.77631296098342,36.4925704223426,200.204235577293,0.384317274662204,0.0259877771617237,1e-12,70132008,1
10437022,2026.19729261796,32.3007433333333,64.5739583333333,392,388.878930303361,17.9430315305071,4.77539923318057,36.4911149941936,199.234446375614,0.384577012749085,0.0280228393046505,1e-12,70132008,1
10437022,2026.19729261796,32.3007433333333,64.5739583333333,394,390.862872316778,17.9234205443318,4.7728652388085,36.4860931727462,198.22953746007,0.384175351284516,0.0292068862157162,1e-12,70132008,1
10437022,2026.19729261796,32.3007433333333,64.5739583333333,396,392.85379031274,17.9032769726265,4.77048452840554,36.4828584234974,198.835334211992,0.384302508838018,0.0267345902924441,1e-12,70132008,1
10437022,2026.19729261796,32.3007433333333,64.5739583333333,398,394.839510622548,17.9003770144094,4.77025523578521,36.4827146607431,198.827484324577,0.384096178436319,0.0254692963319183,1e-12,70132008,1
10437022,2026.19729261796,32.3007433333333,64.5739583333333,400,396.803027106232,17.8964304242628,4.76980991454724,36.4816488010951,198.538859489142,0.384677404113291,0.0336857727032351,1e-12,70132008,1
10437022,2026.19729261796,32.3007433333333,64.5739583333333,402,398.795351173904,17.8878132363471,4.76889235275699,36.4806940229446,198.391985569884,0.384343832337322,0.0293484332786737,1e-12,70132008,1
10437022,2026.19729261796,32.3007433333333,64.5739583333333,404,400.787214034024,17.8832678570347,4.76838126494078,36.47959698247,198.363731692175,0.38331854076412,0.0241556653828578,1e-12,70132008,1
10437022,2026.19729261796,32.3007433333333,64.5739583333333,406,402.775459117939,17.8627386789458,4.76578673520977,36.4748560954675,197.942921963472,0.384171701634179,0.0256090500421939,1e-12,70132008,1
10437022,2026.19729261796,32.3007433333333,64.5739583333333,408,404.742090710908,17.8292052130545,4.76176644887731,36.4694603352398,197.393078610104,0.38433296587925,0.0263193558327938,1e-12,70132008,1
10437022,2026.19729261796,32.3007433333333,64.5739583333333,410,406.733550478716,17.8130185564807,4.75974541469076,36.4657618211391,197.452565559529,0.384218036208778,0.0239127255581584,1e-12,70132008,1
10437022,2026.19729261796,32.3007433333333,64.5739583333333,412,408.719768400501,17.8001530900768,4.75823547358888,36.4634943718128,197.246649647095,0.38478414791626,0.0253198672728662,1e-12,70132008,1
10437022,2026.19729261796,32.3007433333333,64.5739583333333,414,410.682203046315,17.793725057314,4.75750406082628,36.4621770696951,197.163279026106,0.384811479510163,0.0238204634312523,1e-12,70132008,1
10437022,2026.19729261796,32.3007433333333,64.5739583333333,416,412.672717437252,17.7896312618764,4.75708483505018,36.4614619962,196.626269263903,0.384557628740036,0.0282668248140835,1e-12,70132008,1
10437022,2026.19729261796,32.3007433333333,64.5739583333333,418,414.669186688348,17.7754678883739,4.75534175331531,36.4583413961714,196.183848235639,0.384696242239773,0.0247604021009566,1e-12,70132008,1
10437022,2026.19729261796,32.3007433333333,64.5739583333333,420,416.634904107746,17.7494053851056,4.75214402400506,36.4533166499372,195.600348427374,0.384768810877237,0.0198677123596155,1e-12,70132008,1
10437022,2026.19729261796,32.3007433333333,64.5739583333333,422,418.61152876101,17.6679377181192,4.74200912436787,36.4379834874405,194.106521990985,0.384525820724175,0.0154037714401218,1e-12,70132008,1
10437022,2026.19729261796,32.3007433333333,64.5739583333333,424,420.603406131477,17.6468881453073,4.73941840863761,36.4336730117577,194.04326562211,0.384464948379156,0.0208287510209583,1e-12,70132008,1
10437022,2026.19729261796,32.3007433333333,64.5739583333333,426,422.597881226295,17.6110928290615,4.73500870433433,36.4268357002953,194.243738759229,0.384695846818688,0.0225657502041917,1e-12,70132008,1
10437022,2026.19729261796,32.3007433333333,64.5739583333333,428,424.549783264934,17.5991645930074,4.73344328448991,36.4232165804931,193.504701166489,0.384896117704979,0.0285166042292873,1e-12,70132008,1
10437022,2026.19729261796,32.3007433333333,64.5739583333333,430,426.54893296828,17.5460121489972,4.72699456816512,36.4142599016287,192.476484203713,0.384280000886009,0.0258570013026139,1e-12,70132008,1
10437022,2026.19729261796,32.3007433333333,64.5739583333333,432,428.539519438132,17.5130253381649,4.72294261486765,36.4079575912508,192.174096486798,0.384619169514691,0.0249182790089959,1e-12,70132008,1
10437022,2026.19729261796,32.3007433333333,64.5739583333333,434,430.517933588017,17.4921949157686,4.72047689632487,36.4044963376619,192.370654403255,0.384484400201372,0.0264104630406317,1e-12,70132008,1
10437022,2026.19729261796,32.3007433333333,64.5739583333333,436,432.492011677248,17.4878380095576,4.71999014748448,36.403416492081,192.092318739103,0.384535821886121,0.0235849336956976,1e-12,70132008,1
10437022,2026.19729261796,32.3007433333333,64.5739583333333,438,434.46946818644,17.4616296978292,4.71676491020904,36.3981824921997,191.576540479491,0.384764378655825,0.0251443008549494,1e-12,70132008,1
10437022,2026.19729261796,32.3007433333333,64.5739583333333,440,436.46825638387,17.4497478350466,4.7153469895993,36.3957706683246,191.433177754219,0.384405801798106,0.0228901977886216,1e-12,70132008,1
10437022,2026.19729261796,32.3007433333333,64.5739583333333,442,438.439025529181,17.4204244840856,4.71176341532903,36.3902052776157,191.263291243861,0.384790331336434,0.0315617282030014,1e-12,70132008,1
10437022,2026.19729261796,32.3007433333333,64.5739583333333,444,440.42111819409,17.3840548137947,4.70735601614468,36.3837976609925,191.038285591098,0.384942431561589,0.0289632100316341,1e-12,70132008,1
10437022,2026.19729261796,32.3007433333333,64.5739583333333,446,442.405912455655,17.3603860161365,4.70440207645599,36.3786019921499,190.497833331707,0.385464412690451,0.0251046630859029,1e-12,70132008,1
10437022,2026.19729261796,32.3007433333333,64.5739583333333,448,444.390098426709,17.3226426387331,4.69986882110981,36.3723017081849,190.442408639299,0.384745755238871,0.0247031251719577,1e-12,70132008,1
10437022,2026.19729261796,32.3007433333333,64.5739583333333,450,446.357686333859,17.2700216426112,4.69344412025356,36.3628816797812,189.841592259635,0.385040528644274,0.0313881328358621,1e-12,70132008,1
10437022,2026.19729261796,32.3007433333333,64.5739583333333,452,448.344769652516,17.2315835201494,4.68880062916433,36.356200788624,189.514978120481,0.384621091465551,0.0249518869483392,1e-12,70132008,1
10437022,2026.19729261796,32.3007433333333,64.5739583333333,454,450.343194060426,17.2159599675605,4.68691519150079,36.3530392922787,189.421319796674,0.384746463149498,0.0203352788922426,1e-12,70132008,1
10437022,2026.19729261796,32.3007433333333,64.5739583333333,456,452.310154673852,17.1833820072759,4.6829916908184,36.347342717521,189.173265314177,0.385002209954646,0.0239777997373678,1e-12,70132008,1
10437022,2026.19729261796,32.3007433333333,64.5739583333333,458,454.282643655797,17.1516283923071,4.67914687516918,36.3415784706723,188.678764603313,0.384880374123885,0.027381976194428,1e-12,70132008,1
10437022,2026.19729261796,32.3007433333333,64.5739583333333,460,456.270413777547,17.1206181788874,4.67528275020788,36.3349599667635,188.455130566948,0.384926994118745,0.0247877706218715,1e-12,70132008,1
10437022,2026.19729261796,32.3007433333333,64.5739583333333,462,458.274695109578,17.0935144929552,4.67209666221157,36.3307399737504,188.40824262023,0.384549533941831,0.0218519367650773,1e-12,70132008,1
10437022,2026.19729261796,32.3007433333333,64.5739583333333,464,460.233364406351,17.0916274522039,4.67190975762019,36.3300344351719,188.213678485593,0.385086538657077,0.0228254000825494,1e-12,70132008,1
10437022,2026.19729261796,32.3007433333333,64.5739583333333,466,462.220341678082,17.0656805795651,4.66866639262772,36.3242583236431,187.880138806902,0.384556067516048,0.0240371889440141,1e-12,70132008,1
10437022,2026.19729261796,32.3007433333333,64.5739583333333,468,464.218680638098,17.0060534503068,4.66160280832948,36.3153707893799,187.729893792775,0.384305789195889,0.0202606938423102,1e-12,70132008,1
10437022,2026.19729261796,32.3007433333333,64.5739583333333,470,466.179397302514,16.9368431988738,4.65328934959552,36.3041201287731,186.969279150261,0.384916831936326,0.0268749730467917,1e-12,70132008,1
10437022,2026.19729261796,32.3007433333333,64.5739583333333,472,468.165271133947,16.8904705662876,4.64775176952496,36.296579217527,186.605269067721,0.384757441839185,0.0273808306804079,1e-12,70132008,1
10437022,2026.19729261796,32.3007433333333,64.5739583333333,474,470.152800313341,16.873028878188,4.645653969488,36.2931198614335,186.216982836735,0.38496200495263,0.0246671104203479,1e-12,70132008,1
10437022,2026.19729261796,32.3007433333333,64.5739583333333,476,472.119301345472,16.8177122080084,4.63900449773563,36.2838369186485,186.437547595053,0.385145549278736,0.0323066581665213,1e-12,70132008,1
10437022,2026.19729261796,32.3007433333333,64.5739583333333,478,474.105801376612,16.7940969082368,4.63623399329395,36.2800183576025,186.490391295038,0.384705815189451,0.0316141633956051,1e-12,70132008,1
10437022,2026.19729261796,32.3007433333333,64.5739583333333,480,476.098539351973,16.7819024004859,4.63476767878641,36.2773543555742,186.203569081509,0.384544239110619,0.0271072434155096,1e-12,70132008,1
10437022,2026.19729261796,32.3007433333333,64.5739583333333,482,478.076150869226,16.7614039748754,4.63237525513668,36.2740364588973,185.97529504469,0.384873009652627,0.0259724240896631,1e-12,70132008,1
10437022,2026.19729261796,32.3007433333333,64.5739583333333,484,480.045445542852,16.7577068321495,4.63203055058426,36.2735653013412,185.735313501908,0.385115866032819,0.0301884355817889,1e-12,70132008,1
10437022,2026.19729261796,32.3007433333333,64.5739583333333,486,482.029410362919,16.7436467051939,4.63036869851005,36.2708583908046,186.044892279645,0.38759536507616,0.0216720192939968,1e-12,70132008,1
10437022,2026.19729261796,32.3007433333333,64.5739583333333,488,484.027151353623,16.7178475438125,4.62735275943624,36.2668272916663,185.8656776219,0.386126954909723,0.0242287022424534,1e-12,70132008,1
10437022,2026.19729261796,32.3007433333333,64.5739583333333,490,485.998908377505,16.7087406224242,4.62633188775485,36.2652853892855,185.668370711349,0.386481614359154,0.0279726157460328,1e-12,70132008,1
10437022,2026.19729261796,32.3007433333333,64.5739583333333,492,487.976290153791,16.6748033313752,4.62228704561004,36.2595283291328,185.825807348226,0.38532400029109,0.0260606160252199,1e-12,70132008,1
10437022,2026.19729261796,32.3007433333333,64.5739583333333,494,489.968397475729,16.6303910125361,4.61696047222814,36.2519117586536,185.37158539631,0.384547362880549,0.0238475305690334,1e-12,70132008,1
10437022,2026.19729261796,32.3007433333333,64.5739583333333,496,491.93562660751,16.5879678124786,4.6119676259035,36.2454269480473,184.970895849958,0.384343766555295,0.0200708708301627,1e-12,70132008,1
10437022,2026.19729261796,32.3007433333333,64.5739583333333,498,493.927782097635,16.5582880702956,4.60840865189364,36.2400565029522,184.993733125558,0.383711598576097,0.0227344419585044,1e-12,70132008,1
10437022,2026.19729261796,32.3007433333333,64.5739583333333,500,495.899431714931,16.5195981671396,4.60380272393228,36.2335704726546,184.839096788858,0.383797572944995,0.0252872823935492,1e-12,70132008,1
10437022,2026.19729261796,32.3007433333333,64.5739583333333,502,497.881631024825,16.4649841129557,4.59736142021322,36.2252414184802,184.769723600429,0.384679239945179,0.0229564750569548,1e-12,70132008,1
10437022,2026.19729261796,32.3007433333333,64.5739583333333,504,499.875658121672,16.4482894784654,4.59543178422823,36.2224908236114,184.605578446465,0.384019196742237,0.0246872495930793,1e-12,70132008,1
10437024,2026.1975152207,32.38378,64.6120933333333,3,2.9773352165725,20.6568051716438,5.07457205951596,36.7517869879086,226.168149290857,0.490153430185634,0.246014796879204,1.37821614608555,70131008,1
10437024,2026.1975152207,32.38378,64.6120933333333,5,4.96663520057588,20.655177592837,5.07450943559938,36.7519505409006,225.863507673006,0.48967094103789,0.244576769003524,0.630608862219189,70131008,1
10437024,2026.1975152207,32.38378,64.6120933333333,7,6.95097440845713,20.6539476163975,5.0744704056635,36.7519616476908,226.43062617966,0.489274209058306,0.243453128717417,0.38311555112101,70131008,1
10437024,2026.1975152207,32.38378,64.6120933333333,9,8.93823138917911,20.652983509366,5.07447000627724,36.7520571200024,226.560623044028,0.49018026431507,0.240599392331132,0.197276621899562,70131008,1
10439015,2026.35224695586,32.37867,64.6130233333333,3,2.97631330472103,21.7309670600858,5.18064801673673,36.6833881043576,217.971486173512,0.47273347639485,0.085374678111588,492.612789699571,70133008,1
10439015,2026.35224695586,32.37867,64.6130233333333,5,4.96739061550565,21.7184187802506,5.17919602042276,36.6817877166057,217.675266100023,0.475224291004851,0.0897740710214994,385.641839380629,70133008,1
