BATS_HS_Cast_id,Decimal_Year,Lat,Long,Pressure_db,Depth_m,Temperature_C,Conductivity,Practical_Salinity,Dissolved_oxygen,Beam_Attenuation,Fluorescence,PAR,OA_Cast_No,OA_Station_No
10431001,2025.73042808219,32.3834333333333,64.6105283333333,4,3.97360858208955,28.7109181070448,5.92142746391931,36.549447670705,156.68184177662,0.579546902985075,0.113993470149254,1478.21324253731,70125001,1
10431001,2025.73042808219,32.3834333333333,64.6105283333333,6,5.95820654016647,28.6455387290532,5.92896704675446,36.6516927331712,180.677776019606,0.58324798053571,0.117981114864068,1297.11928483766,70125001,1
10431001,2025.73042808219,32.3834333333333,64.6105283333333,8,7.94253789618531,28.6400641781918,5.9281859789078,36.6498600248502,180.747523605816,0.583066809729964,0.134506474471788,877.949165447593,70125001,1
10431001,2025.73042808219,32.3834333333333,64.6105283333333,10,9.93186676760135,28.633408358782,5.92745793208406,36.6493066229752,180.955382906916,0.58230254102061,0.146233483071257,722.779727833726,70125001,1
10431001,2025.73042808219,32.3834333333333,64.6105283333333,12,11.9143413066,28.6336324433693,5.92758763394093,36.6494291161697,181.37880155721,0.583349446787095,0.158041136388066,600.567946794426,70125001,1
10431001,2025.73042808219,32.3834333333333,64.6105283333333,14,13.9035846484593,28.6238210688808,5.92618241120144,36.6465829199229,181.803066943639,0.579218245756609,0.166001622876373,504.951394127396,70125001,1
10431002,2025.73050418569,32.3422716666667,64.5913683333333,4,3.97282216670452,28.6327757669425,5.90080903430912,36.4655571067643,198.446386373953,0.423106395639337,0.0255810583692937,1494.27066772655,70125002,2
10431002,2025.73050418569,32.3422716666667,64.5913683333333,6,5.95777135414374,28.5791678865374,5.89643835272618,36.4756537099544,198.096439720548,0.423182753334775,0.0238075585332632,1207.10713124469,70125002,2
10431002,2025.73050418569,32.3422716666667,64.5913683333333,8,7.9399612441734,28.5879185227453,5.90631259931071,36.5372858036308,198.260287516351,0.423401620738977,0.0257332522344612,1062.32019518417,70125002,2
10431002,2025.73050418569,32.3422716666667,64.5913683333333,10,9.92890881747978,28.6402858464203,5.92210433691074,36.6066081596671,197.862263465812,0.423033630749251,0.0222042188075614,899.678203569176,70125002,2
10431002,2025.73050418569,32.3422716666667,64.5913683333333,12,11.9134976420015,28.6548930082754,5.92820910650662,36.6373498950397,197.825425728399,0.421876044525588,0.0236740687935201,792.911698479151,70125002,2
10431002,2025.73050418569,32.3422716666667,64.5913683333333,14,13.9064067901525,28.6545596896387,5.9298634614255,36.6485477965582,197.811681708783,0.421893393089287,0.0203801035323188,765.270285845218,70125002,2
10431002,2025.73050418569,32.3422716666667,64.5913683333333,16,15.8782495587832,28.6567748590305,5.93213543683705,36.6620897061672,198.389342736966,0.42284587957663,0.0261948145339337,872.083558446727,70125002,2
10431002,2025.73050418569,32.3422716666667,64.5913683333333,18,17.8826987996408,28.6700687057561,5.93807626609601,36.6926806092159,198.094714386965,0.423307282844918,0.0237286651438735,723.602599180377,70125002,2
10431002,2025.73050418569,32.3422716666667,64.5913683333333,20,19.8500148675343,28.669960609913,5.94314228821544,36.7275275474622,198.479197805972,0.424311740462396,0.032207757061841,612.82204248884,70125002,2
10431002,2025.73050418569,32.3422716666667,64.5913683333333,22,21.8522363804655,28.7055326058191,5.95304254724163,36.7684864788499,198.060004326667,0.424453212039515,0.0287294283414825,631.705794733619,70125002,2
10431002,2025.73050418569,32.3422716666667,64.5913683333333,24,23.8229077372887,28.7273634560588,5.9579919399713,36.7855088801256,197.955697548271,0.425691446105614,0.0239863228108845,581.206171754081,70125002,2
10431002,2025.73050418569,32.3422716666667,64.5913683333333,26,25.8216179705747,28.7479112404396,5.96320755457337,36.8053662369331,197.714639780266,0.425014417786013,0.0300373725877155,556.911756224499,70125002,2
10431002,2025.73050418569,32.3422716666667,64.5913683333333,28,27.7959743222569,28.767765103415,5.96834260917775,36.8251836002813,197.623500496331,0.425628598530422,0.0301854057982813,520.775762758137,70125002,2
10431002,2025.73050418569,32.3422716666667,64.5913683333333,30,29.7897355149749,28.797722908845,5.97614678445572,36.8557615601273,197.367698208657,0.425837128012068,0.0301753785294003,496.556767086601,70125002,2
10431002,2025.73050418569,32.3422716666667,64.5913683333333,32,31.7709768209829,28.8066587899568,5.9785331103791,36.8648554268327,197.483015825217,0.426184638210363,0.0266489986088212,491.400506894348,70125002,2
10431002,2025.73050418569,32.3422716666667,64.5913683333333,34,33.7620630598284,28.81362722276,5.98099918058783,36.8760274850423,197.594168911071,0.426179817788036,0.0296743586079677,442.314550861976,70125002,2
10431002,2025.73050418569,32.3422716666667,64.5913683333333,36,35.7431983469713,28.8079167463221,5.98044088872894,36.8759548907277,197.354607805101,0.42585338307326,0.0315046474523134,424.135388080398,70125002,2
10431002,2025.73050418569,32.3422716666667,64.5913683333333,38,37.7334378888194,28.8025815191236,5.97982492275789,36.8751893102253,197.037769678798,0.425550824257209,0.0355962369030729,378.049650449397,70125002,2
10431002,2025.73050418569,32.3422716666667,64.5913683333333,40,39.715398693489,28.8019149296854,5.97985943882544,36.8753366592289,197.483306158448,0.424777557784234,0.0345311642447216,390.703460329331,70125002,2
10431002,2025.73050418569,32.3422716666667,64.5913683333333,42,41.7031098285378,28.8024714866847,5.98008112064454,36.875839967946,196.907770448833,0.425286147730804,0.0300063367262898,386.295032413678,70125002,2
10431002,2025.73050418569,32.3422716666667,64.5913683333333,44,43.688137396668,28.8033458477873,5.98030962435577,36.8761444219942,197.533278567217,0.424901509910495,0.0274334610477382,339.662597972957,70125002,2
10431002,2025.73050418569,32.3422716666667,64.5913683333333,46,45.6685628695124,28.8051134394509,5.98175998308329,36.8842713010069,197.773043891218,0.424737130327462,0.0297089384821736,298.609587104681,70125002,2
10431002,2025.73050418569,32.3422716666667,64.5913683333333,48,47.6579539548416,28.8047579457168,5.98197389569103,36.8854278265236,197.971781404956,0.424406035702242,0.0304405349405201,316.991334447133,70125002,2
10431002,2025.73050418569,32.3422716666667,64.5913683333333,50,49.6360490278968,28.7998885952908,5.9820771514191,36.8893150989417,198.074963002856,0.424232608821028,0.0294859239916046,288.869432746812,70125002,2
10431002,2025.73050418569,32.3422716666667,64.5913683333333,52,51.6374249790175,28.7643094795254,5.97941677461279,36.8977663881937,198.418323442597,0.425037604544034,0.032213102849301,275.367451956524,70125002,2
10431002,2025.73050418569,32.3422716666667,64.5913683333333,54,53.609431813199,28.7077497810905,5.97226376791155,36.8911540625529,199.506969331402,0.425215147168271,0.0334008677591313,265.168764133821,70125002,2
10431002,2025.73050418569,32.3422716666667,64.5913683333333,56,55.6074024272364,28.5801640637489,5.95680775889818,36.8816863479895,200.073457754241,0.424852010083842,0.0303791972599814,251.93270961173,70125002,2
10431002,2025.73050418569,32.3422716666667,64.5913683333333,58,57.5763953937398,28.5140731328168,5.94831257134256,36.8730096327024,204.556630521319,0.425031199327744,0.0382591646271124,244.164486025885,70125002,2
10431002,2025.73050418569,32.3422716666667,64.5913683333333,60,59.5826571678666,27.7123719554603,5.85490638243455,36.8404204950269,210.089794593415,0.42307699280701,0.0389378423923531,226.712970476338,70125002,2
10431002,2025.73050418569,32.3422716666667,64.5913683333333,62,61.543586915803,27.8100921276533,5.86685818896508,36.8478459116295,210.756943012029,0.428416434835023,0.0424118573853721,217.484522690993,70125002,2
10431002,2025.73050418569,32.3422716666667,64.5913683333333,64,63.5567480473606,27.477766309456,5.83108145289604,36.8543550593596,213.017670569753,0.432391839619844,0.0461905517030326,198.192640311362,70125002,2
10431002,2025.73050418569,32.3422716666667,64.5913683333333,66,65.5125226170683,27.3899855843307,5.8214779090851,36.8544121266647,217.73011411798,0.433607159218137,0.0346571966561068,188.957840888948,70125002,2
10431002,2025.73050418569,32.3422716666667,64.5913683333333,68,67.5241897428038,26.5748240749983,5.73297592913296,36.863990953686,222.154148203653,0.43107305429599,0.0439848567613867,176.77374643184,70125002,2
10431002,2025.73050418569,32.3422716666667,64.5913683333333,70,69.501433605219,26.6292018647545,5.73867385738796,36.8611284101174,221.262791604016,0.434787412663448,0.0512455364738892,172.019299984171,70125002,2
10431002,2025.73050418569,32.3422716666667,64.5913683333333,72,71.4919118695071,26.2391103713872,5.69659130281614,36.8666500619551,223.336966438039,0.436687695196931,0.0536589716028084,151.201404227857,70125002,2
10431002,2025.73050418569,32.3422716666667,64.5913683333333,74,73.4685954501827,25.8695413336225,5.65784904574992,36.8795341246179,227.429843365477,0.43900159072319,0.0544796010570627,141.07803298992,70125002,2
10431002,2025.73050418569,32.3422716666667,64.5913683333333,76,75.4575172613066,24.9680766514572,5.55754083007959,36.8667329448274,228.624522940038,0.43198917454041,0.056574461492007,139.629935355432,70125002,2
10431002,2025.73050418569,32.3422716666667,64.5913683333333,78,77.4399189956641,24.2750488854151,5.47397257852062,36.8055504660115,226.015134660588,0.434251843328031,0.066126120851601,117.470398841285,70125002,2
10431002,2025.73050418569,32.3422716666667,64.5913683333333,80,79.4216711865143,23.4516529635785,5.37852643528146,36.757435802463,222.686849570109,0.431120620771893,0.0735793704021215,110.884792644588,70125002,2
10431002,2025.73050418569,32.3422716666667,64.5913683333333,82,81.412117192598,22.9005794564371,5.31726829861324,36.7429425760335,224.379691688641,0.432049172096038,0.0866074671867503,103.623088575107,70125002,2
10431002,2025.73050418569,32.3422716666667,64.5913683333333,84,83.3918000072171,22.8173010922741,5.30855389539261,36.744268985264,223.682916996818,0.435254130148887,0.0972972740980893,95.3666005219377,70125002,2
10431002,2025.73050418569,32.3422716666667,64.5913683333333,86,85.3855564564611,22.7437812701471,5.30073655025945,36.7443532621153,223.223667715501,0.434786663008855,0.0965422881248637,85.1456887607186,70125002,2
10431002,2025.73050418569,32.3422716666667,64.5913683333333,88,87.365775698999,22.6775693813027,5.29360737883304,36.7436257261411,222.432625599648,0.435613620925858,0.101260331023252,75.0763811844245,70125002,2
10431002,2025.73050418569,32.3422716666667,64.5913683333333,90,89.3516150229103,22.6086581004197,5.28628300986933,36.7436285438607,222.38874115448,0.436432626333366,0.102570193716521,68.7030782463716,70125002,2
10431002,2025.73050418569,32.3422716666667,64.5913683333333,92,91.3317214320218,22.4989429472844,5.27425590840367,36.741118729862,222.115306994226,0.435644595278431,0.104579793587671,59.9990038844983,70125002,2
10431002,2025.73050418569,32.3422716666667,64.5913683333333,94,93.3221033939097,22.2817263939484,5.25123904390002,36.7429005448324,221.428970047415,0.434618530199598,0.113961645096282,55.4633829253113,70125002,2
10431002,2025.73050418569,32.3422716666667,64.5913683333333,96,95.3027350211106,22.0522950130989,5.22681189131979,36.7437087932833,223.935030498571,0.438039536013044,0.129966347592873,49.0161054031539,70125002,2
10431002,2025.73050418569,32.3422716666667,64.5913683333333,98,97.2910826200529,21.973827206338,5.21818728354369,36.7413016312628,226.098970384759,0.437211406476812,0.128220619726645,43.8010843842771,70125002,2
10431002,2025.73050418569,32.3422716666667,64.5913683333333,100,99.2751271616615,21.6603635881286,5.18337973095814,36.73057973772,229.703506428746,0.434656307812846,0.122766738633304,39.2577082684188,70125002,2
10431002,2025.73050418569,32.3422716666667,64.5913683333333,102,101.262115381466,21.3858616093261,5.15318004826817,36.723006580529,230.580352135813,0.428983783268755,0.131785119761241,35.2243810206503,70125002,2
10431002,2025.73050418569,32.3422716666667,64.5913683333333,104,103.244990720605,21.1907609092686,5.13211917140991,36.7203227533423,228.997554209575,0.43178699680348,0.141635422228979,31.7302912545912,70125002,2
10431002,2025.73050418569,32.3422716666667,64.5913683333333,106,105.232970666096,20.9755103523546,5.10897199919138,36.717934137415,229.223180332286,0.426730795265373,0.138697578384824,28.0491244682603,70125002,2
10431002,2025.73050418569,32.3422716666667,64.5913683333333,108,107.213329311503,20.8530903797858,5.09345657235876,36.6970729453413,231.726794408872,0.425565370724654,0.136864053522058,25.6314201081183,70125002,2
10431002,2025.73050418569,32.3422716666667,64.5913683333333,110,109.202634822292,20.6687307516848,5.0710351255439,36.6733802735817,231.749875111976,0.424441671345176,0.145757063381286,22.0894522375047,70125002,2
10431002,2025.73050418569,32.3422716666667,64.5913683333333,112,111.184683085647,20.5252649289729,5.0579569234146,36.6902125393155,227.228612556362,0.422662912555794,0.147971574909385,19.8019363214742,70125002,2
10431002,2025.73050418569,32.3422716666667,64.5913683333333,114,113.171734982931,20.4122250427206,5.04603798087515,36.6900960108047,225.162005919861,0.423467540075985,0.148905159276348,17.5469335885285,70125002,2
10431002,2025.73050418569,32.3422716666667,64.5913683333333,116,115.154898080747,20.2424078514107,5.02847066634207,36.6929603859102,222.07716304684,0.424247897788212,0.152840695417029,15.8013452156703,70125002,2
10431002,2025.73050418569,32.3422716666667,64.5913683333333,118,117.14027312478,20.2188615475195,5.02609317238837,36.6931852502517,220.160138787234,0.420518646257653,0.147088759678692,14.0077678866451,70125002,2
10431002,2025.73050418569,32.3422716666667,64.5913683333333,120,119.126536385034,20.1021653182626,5.0150290374061,36.7031283964334,218.656462432153,0.417673992950897,0.139390172689101,12.4271542911521,70125002,2
10431002,2025.73050418569,32.3422716666667,64.5913683333333,122,121.119514681761,20.1069065613227,5.01560129132659,36.7029644107393,218.084155843695,0.417060082322687,0.127588119620505,11.1127102628364,70125002,2
10431002,2025.73050418569,32.3422716666667,64.5913683333333,124,123.099365975513,20.0663493691954,5.01132812557609,36.7024046479182,216.827528445466,0.443871344110961,0.117010925612917,10.025969237514,70125002,2
10431002,2025.73050418569,32.3422716666667,64.5913683333333,126,125.077232954218,20.0389408302124,5.00844028563519,36.7017791309559,216.343562191765,0.41324141089857,0.119096743680678,8.99668275468493,70125002,2
10431002,2025.73050418569,32.3422716666667,64.5913683333333,128,127.068302802908,19.9353744871954,4.99717567958282,36.6985257671282,214.227515057571,0.412776582031814,0.11969306918297,8.08664033817901,70125002,2
10431002,2025.73050418569,32.3422716666667,64.5913683333333,130,129.046357819232,19.8948512494953,4.99325375720907,36.700802675775,211.964155883947,0.412050955629607,0.116481979295345,7.32675391254139,70125002,2
10431002,2025.73050418569,32.3422716666667,64.5913683333333,132,131.038341991639,19.8545870598622,4.98905236905246,36.7005281644928,210.277085795333,0.411638559807602,0.118363270816874,6.58802356831514,70125002,2
10431002,2025.73050418569,32.3422716666667,64.5913683333333,134,133.012775735737,19.7996875594655,4.98299137431284,36.6976613900826,211.070485633078,0.412078253337063,0.112379403547571,5.96195175197873,70125002,2
10431002,2025.73050418569,32.3422716666667,64.5913683333333,136,135.008577328601,19.763428014457,4.97891249266628,36.6948709124941,210.651984938278,0.410471322573879,0.109263172351541,5.45614866332125,70125002,2
10431002,2025.73050418569,32.3422716666667,64.5913683333333,138,136.985553466009,19.7348466241644,4.97569416085934,36.6924806948382,210.075610019673,0.40991727593737,0.109216436883951,4.95532093031271,70125002,2
10431002,2025.73050418569,32.3422716666667,64.5913683333333,140,138.975699696444,19.6879174437192,4.97038481246305,36.6888080753769,209.553230260381,0.409652265072766,0.105383345538032,4.40590772447715,70125002,2
10431002,2025.73050418569,32.3422716666667,64.5913683333333,142,140.957911056802,19.6312705816899,4.96387344831062,36.6836597944249,209.187877964593,0.407886169522247,0.0980131490173968,4.02512106671117,70125002,2
10431002,2025.73050418569,32.3422716666667,64.5913683333333,144,142.941622865045,19.5365683122323,4.95326830261284,36.6778223552431,206.412375206535,0.406105915380411,0.0950608038826126,3.65588833582932,70125002,2
10431002,2025.73050418569,32.3422716666667,64.5913683333333,146,144.929164545971,19.4706442532387,4.9463359894429,36.6772383245279,205.169511311104,0.40580177490277,0.0894434968341935,3.31891799532919,70125002,2
10431002,2025.73050418569,32.3422716666667,64.5913683333333,148,146.908852835312,19.4204688055939,4.94081571465288,36.6745662518331,205.093764682269,0.40488662939403,0.0832963885518659,3.02499877697316,70125002,2
10431002,2025.73050418569,32.3422716666667,64.5913683333333,150,148.897181324447,19.3779130105365,4.93508674728665,36.6634150152403,207.218830194126,0.404445737088344,0.0839848132105494,2.7839936729475,70125002,2
10431002,2025.73050418569,32.3422716666667,64.5913683333333,152,150.881627339285,19.3261769057874,4.92848486495163,36.6530247508555,207.431406095602,0.403798458141675,0.0881371187382574,2.53671524458587,70125002,2
10431002,2025.73050418569,32.3422716666667,64.5913683333333,154,152.8668460617,19.3164073864778,4.92842306932898,36.6603621173636,204.474251871606,0.403264972813191,0.0826431422204511,2.32109664771612,70125002,2
10431002,2025.73050418569,32.3422716666667,64.5913683333333,156,154.849236162489,19.3300427428131,4.93084557558946,36.6678629985731,203.538221300954,0.403779253602517,0.0811842095127176,2.12255330485183,70125002,2
10431002,2025.73050418569,32.3422716666667,64.5913683333333,158,156.836521308993,19.3330408918879,4.9315181490537,36.6700948556101,202.743440126367,0.403549423052549,0.0812185903842665,1.93902467387024,70125002,2
10431002,2025.73050418569,32.3422716666667,64.5913683333333,160,158.814716363197,19.3336416604233,4.93186878651783,36.6717461309219,202.758226240503,0.404202763121266,0.080901865577209,1.78709950591371,70125002,2
10431002,2025.73050418569,32.3422716666667,64.5913683333333,162,160.804021383493,19.3245390524962,4.9310022558283,36.6717659589801,202.977939025704,0.40344512822409,0.0792385015728125,1.63289769344682,70125002,2
10431002,2025.73050418569,32.3422716666667,64.5913683333333,164,162.783546573834,19.3109141863785,4.92941287118492,36.6697227869588,203.735046236509,0.402757206565506,0.0747540715901674,1.51589649262643,70125002,2
10431002,2025.73050418569,32.3422716666667,64.5913683333333,166,164.772299375602,19.2842478034041,4.92624510570927,36.6659587217845,205.036020367218,0.402204538463719,0.0711978942728873,1.38437936065934,70125002,2
10431002,2025.73050418569,32.3422716666667,64.5913683333333,168,166.758483999524,19.237710873522,4.92087541870312,36.6612643801478,205.800855396179,0.401596721245041,0.0686153151240089,1.27385763878987,70125002,2
10431002,2025.73050418569,32.3422716666667,64.5913683333333,170,168.737723924849,19.2069037556247,4.91729609567222,36.6576846666114,206.41635564458,0.400535203971037,0.0722744139713582,1.17935185596478,70125002,2
10431002,2025.73050418569,32.3422716666667,64.5913683333333,172,170.731281814798,19.1945210760308,4.916093542708,36.6577721007418,205.906821015499,0.399967213479246,0.0626028291275167,1.08531427724968,70125002,2
10431002,2025.73050418569,32.3422716666667,64.5913683333333,174,172.703348048959,19.1895899509629,4.91596882115256,36.6603236067527,202.764530633373,0.400477296559674,0.0595760419719246,1.00070443217887,70125002,2
10431002,2025.73050418569,32.3422716666667,64.5913683333333,176,174.69963813491,19.1594950437869,4.91280730043124,36.6596073387285,201.582095779346,0.399169528817265,0.0579263189654111,0.917028780707785,70125002,2
10431002,2025.73050418569,32.3422716666667,64.5913683333333,178,176.672351496155,19.1296435490768,4.909297097699,36.6557428762798,201.166339707514,0.398872533214439,0.0524510560932071,0.859417208353357,70125002,2
10431002,2025.73050418569,32.3422716666667,64.5913683333333,180,178.668492076062,19.0962069787204,4.90558755211775,36.6533612783712,201.019910918271,0.397229488234892,0.0499401415981232,0.791064917130867,70125002,2
10431002,2025.73050418569,32.3422716666667,64.5913683333333,182,180.644276810511,19.0715007220755,4.90278575434592,36.6508874513529,200.461457524306,0.397302717131585,0.0497917862578552,0.735005846257873,70125002,2
10431002,2025.73050418569,32.3422716666667,64.5913683333333,184,182.632747742416,19.0512058008884,4.90041938146505,36.6481703352416,199.968419381885,0.397050635038602,0.0475859231232984,0.681641085886916,70125002,2
10431002,2025.73050418569,32.3422716666667,64.5913683333333,186,184.61111296444,19.0369745964706,4.89876007175105,36.6460373089813,201.434379546172,0.396619565438759,0.050475956176643,0.637288600384548,70125002,2
10431002,2025.73050418569,32.3422716666667,64.5913683333333,188,186.601102472776,19.0295570631439,4.89788229825091,36.6444539058842,202.893399924076,0.396914041118599,0.047805202878414,0.594658728490524,70125002,2
10431002,2025.73050418569,32.3422716666667,64.5913683333333,190,188.580806969487,19.0111324877035,4.89580704184864,36.6425235730134,202.497943728362,0.39696916623265,0.0427514381908987,0.551064364751552,70125002,2
10431002,2025.73050418569,32.3422716666667,64.5913683333333,192,190.568735302176,18.9713551426804,4.89127137496904,36.6387543382906,201.782918902928,0.396328729453648,0.0418758638163425,0.504455084094457,70125002,2
10431002,2025.73050418569,32.3422716666667,64.5913683333333,194,192.546689736643,18.9469647933147,4.88870007789943,36.6379140744999,201.89325210061,0.396090517755782,0.0383568900754773,0.465850769748591,70125002,2
10431002,2025.73050418569,32.3422716666667,64.5913683333333,196,194.541745179815,18.9327651717259,4.88722054447275,36.6372526802123,201.938611664945,0.394266717914736,0.0346204919177835,0.429167000949495,70125002,2
10431002,2025.73050418569,32.3422716666667,64.5913683333333,198,196.520425717669,18.9139851958953,4.88499936827607,36.6343902222661,202.701140137865,0.393506627060369,0.037686713041796,0.403459731500943,70125002,2
10431002,2025.73050418569,32.3422716666667,64.5913683333333,200,198.504147855155,18.8990665120807,4.88330266370525,36.6325299459644,203.392035306156,0.392863652817506,0.0365027964447491,0.378721098829828,70125002,2
10431002,2025.73050418569,32.3422716666667,64.5913683333333,202,200.487716729051,18.8887804766314,4.88233475358454,36.6327142158045,204.034673271766,0.392989856508247,0.0293189408804264,0.35486699444776,70125002,2
10431002,2025.73050418569,32.3422716666667,64.5913683333333,204,202.47245999961,18.8825991202035,4.88177199087547,36.6326820166617,205.847257596872,0.393093748647492,0.0367928014988206,0.333546664151469,70125002,2
10431002,2025.73050418569,32.3422716666667,64.5913683333333,206,204.456973624958,18.8691485137151,4.88029786502887,36.6313956792051,205.342126576575,0.3934426623881,0.0410853851500014,0.309623322207778,70125002,2
10431002,2025.73050418569,32.3422716666667,64.5913683333333,208,206.439637779375,18.8549757512407,4.87871008760604,36.6297878388033,206.62179100507,0.392880162492543,0.0343415125067296,0.285963323880563,70125002,2
10431002,2025.73050418569,32.3422716666667,64.5913683333333,210,208.427428487186,18.8460125146779,4.87783662568518,36.6295952710018,208.111383885607,0.393578316035477,0.0393356821515554,0.261666704470927,70125002,2
10431002,2025.73050418569,32.3422716666667,64.5913683333333,212,210.401351114259,18.8449483680006,4.87792026069314,36.6304867447645,208.536268832191,0.396744481103309,0.0427629965939669,0.242951060868595,70125002,2
10431002,2025.73050418569,32.3422716666667,64.5913683333333,214,212.389831777165,18.8355058257719,4.87692569714063,36.6296953724132,208.062695534426,0.395372991353086,0.0376729572308711,0.223400228595909,70125002,2
10431002,2025.73050418569,32.3422716666667,64.5913683333333,216,214.38826128983,18.8208432946203,4.87524135990977,36.6277017992352,207.933374845173,0.394705974867748,0.0369673889266198,0.20128236033235,70125002,2
10431002,2025.73050418569,32.3422716666667,64.5913683333333,218,216.347258524408,18.8122409040427,4.87452317736711,36.628499634402,208.288420035246,0.395187516060901,0.0370271747077901,0.183599277875637,70125002,2
10431002,2025.73050418569,32.3422716666667,64.5913683333333,220,218.336640950546,18.8146066287644,4.87514473847041,36.6308971529061,208.716151668352,0.393905960945189,0.0337850018777556,0.163267537192567,70125002,2
10431002,2025.73050418569,32.3422716666667,64.5913683333333,222,220.333937366981,18.8119762113294,4.87503552249299,36.6315479606427,209.097311608593,0.39477342969265,0.035881911745264,0.153227403571103,70125002,2
10431002,2025.73050418569,32.3422716666667,64.5913683333333,224,222.320314597276,18.802662581298,4.87406756912207,36.6308655515051,209.192953558462,0.394815901473179,0.0337278654659534,0.143927445913918,70125002,2
10431002,2025.73050418569,32.3422716666667,64.5913683333333,226,224.276914266659,18.7922758189205,4.87301955843262,36.6304574120831,208.647945616878,0.394403498792788,0.0415008941098531,0.129279288192935,70125002,2
10431002,2025.73050418569,32.3422716666667,64.5913683333333,228,226.270540248643,18.7892096707275,4.87270420195697,36.6297520101189,209.213140834604,0.396936912709345,0.0347664331917918,0.121808495953926,70125002,2
10431002,2025.73050418569,32.3422716666667,64.5913683333333,230,228.279675164033,18.780675709207,4.87167509660873,36.6278598716246,209.28717231122,0.400948939246336,0.0314452429233249,0.115313082678577,70125002,2
10431002,2025.73050418569,32.3422716666667,64.5913683333333,232,230.249970228916,18.7808774772937,4.87187174202911,36.6285856971172,209.17397645483,0.394358187264634,0.0284978227679469,0.101548148964581,70125002,2
10431002,2025.73050418569,32.3422716666667,64.5913683333333,234,232.223777681102,18.7513596507618,4.86838907059083,36.6245482109281,209.468702887082,0.392674774049983,0.0233602464379327,0.0883333073933422,70125002,2
10431002,2025.73050418569,32.3422716666667,64.5913683333333,236,234.220430156865,18.73181526905,4.86614537089326,36.62213986641,209.57507299307,0.39275915681473,0.0286679589430876,0.0814158883474032,70125002,2
10431002,2025.73050418569,32.3422716666667,64.5913683333333,238,236.203202059033,18.7291433035874,4.86587112949533,36.6214311910819,209.365884074614,0.393122042189771,0.0269225679028128,0.0728431123674981,70125002,2
10431002,2025.73050418569,32.3422716666667,64.5913683333333,240,238.176286744156,18.7195495823882,4.8648482724832,36.6205259678484,208.506498152742,0.392760416930633,0.0328572695948387,0.0684618978143414,70125002,2
10431002,2025.73050418569,32.3422716666667,64.5913683333333,242,240.169001259025,18.714436853421,4.86430903903417,36.6197387918806,208.417471476253,0.391945578048792,0.0282821379790954,0.0577430080700185,70125002,2
10431002,2025.73050418569,32.3422716666667,64.5913683333333,244,242.156675247401,18.7061400555273,4.86336815626818,36.6183756772455,208.618846355624,0.391751689166441,0.0283235705754266,0.0518527151072166,70125002,2
10431002,2025.73050418569,32.3422716666667,64.5913683333333,246,244.132561612225,18.7028027432478,4.86302856850843,36.6177031333585,208.640222594007,0.391681955203414,0.0254777671608234,0.0479997738967935,70125002,2
10431002,2025.73050418569,32.3422716666667,64.5913683333333,248,246.111402173685,18.694263745191,4.86210075026367,36.6166646013172,209.218498653371,0.390910354997425,0.0270867793186394,0.0449728298662853,70125002,2
10431002,2025.73050418569,32.3422716666667,64.5913683333333,250,248.10147821926,18.6864286959213,4.86123208686428,36.6155016824135,209.658322319617,0.391212720493586,0.0256421913354484,0.0345688577346581,70125002,2
10431002,2025.73050418569,32.3422716666667,64.5913683333333,252,250.090120951178,18.6837390490352,4.8610091349732,36.6152418735368,209.455666448101,0.390909893136973,0.0237622571981683,0.0283395984721125,70125002,2
10431002,2025.73050418569,32.3422716666667,64.5913683333333,254,252.067180579665,18.6765772699335,4.86025957296934,36.6144896431339,208.868614213933,0.391850604057068,0.024767163192902,0.0238044417058275,70125002,2
10431002,2025.73050418569,32.3422716666667,64.5913683333333,256,254.048898061526,18.6700277375007,4.85966851393494,36.6145365031014,208.70308147918,0.392074306267552,0.0202887913418676,0.0194578276800029,70125002,2
10431002,2025.73050418569,32.3422716666667,64.5913683333333,258,256.037613130126,18.6650399979967,4.85913291104016,36.613667041656,208.52211600668,0.390670869457121,0.0208587314395041,0.0136988862082171,70125002,2
10431002,2025.73050418569,32.3422716666667,64.5913683333333,260,258.01587391784,18.6632298884211,4.85900228215361,36.6134087439025,207.846558330307,0.390074922492147,0.0232782180827083,0.00778049757396696,70125002,2
10431002,2025.73050418569,32.3422716666667,64.5913683333333,262,259.997803093697,18.6507211901279,4.85759236963034,36.6118047038893,207.62478831542,0.389685043492011,0.0244697549975896,0.00745537651296176,70125002,2
10431002,2025.73050418569,32.3422716666667,64.5913683333333,264,261.992126472947,18.6389567367256,4.85626698465937,36.6102552696597,207.625441692299,0.389439859873129,0.0233876504669794,0.00196175038348737,70125002,2
10431002,2025.73050418569,32.3422716666667,64.5913683333333,266,263.968747860317,18.6305064371399,4.85531539029871,36.6089315725825,207.624186668853,0.389399439504488,0.0279937178218527,0.00290788422710148,70125002,2
10431002,2025.73050418569,32.3422716666667,64.5913683333333,268,265.943525926968,18.6272350672139,4.85511238686107,36.6093564046763,208.316755700632,0.388664465902896,0.0186329906599613,0.000584498345817712,70125002,2
10431002,2025.73050418569,32.3422716666667,64.5913683333333,270,267.939418938639,18.6163821550881,4.85384957895789,36.6075251812015,208.866068263423,0.388628130129334,0.0176662975772554,0.00135495526445493,70125002,2
10431002,2025.73050418569,32.3422716666667,64.5913683333333,272,269.927359471021,18.607564994751,4.85283870533451,36.6060223215755,208.712755905926,0.389330391915658,0.0210854389900251,0.000843201359734304,70125002,2
10431002,2025.73050418569,32.3422716666667,64.5913683333333,274,271.894398179402,18.5978833802563,4.8517740179732,36.6048301229891,208.322301332206,0.389318454045861,0.0209107053235211,9.99999999916161e-13,70125002,2
10431002,2025.73050418569,32.3422716666667,64.5913683333333,276,273.88883877734,18.5941282505725,4.85147923482009,36.60490563526,207.940227959798,0.388564811018884,0.0208310225323905,3.74637437790723e-06,70125002,2
10431002,2025.73050418569,32.3422716666667,64.5913683333333,278,275.874896054194,18.5921193689934,4.85131218432966,36.6045141967976,207.915082056517,0.388921705249098,0.0246321400864495,3.63033478505717e-07,70125002,2
10431002,2025.73050418569,32.3422716666667,64.5913683333333,280,277.850732039575,18.5853816549484,4.85057310933929,36.6034687944924,208.370636777911,0.388870839288352,0.0231904544791865,5.89380461913142e-09,70125002,2
10431002,2025.73050418569,32.3422716666667,64.5913683333333,282,279.826941312652,18.5774508972839,4.84966195746372,36.6020220240788,208.565365658296,0.388503660545964,0.0260610759905908,9.99999999916161e-13,70125002,2
10431002,2025.73050418569,32.3422716666667,64.5913683333333,284,281.824431226686,18.5609153682972,4.84770446156348,36.5993359538718,208.320341039647,0.388519386680744,0.0245265145623674,9.99999999916161e-13,70125002,2
10431002,2025.73050418569,32.3422716666667,64.5913683333333,286,283.806463247095,18.5539301602246,4.84698349067096,36.5986618643644,208.587984538017,0.388312505084117,0.0218040301426093,5.62687725732432e-13,70125002,2
10431002,2025.73050418569,32.3422716666667,64.5913683333333,288,285.772029059939,18.5423191001584,4.84564308896834,36.5968366879943,207.697903839764,0.388282975464174,0.0245041861701034,1.06247318203822e-12,70125002,2
10431002,2025.73050418569,32.3422716666667,64.5913683333333,290,287.766254413161,18.5305428742459,4.84422485094119,36.5944959192354,207.651620897191,0.387610813790459,0.0205796986708436,9.99134369562838e-13,70125002,2
10431002,2025.73050418569,32.3422716666667,64.5913683333333,292,289.765006325918,18.5165728995526,4.84250635373331,36.5915512773038,207.574346543878,0.387618434829174,0.0209283879411175,9.99852511582676e-13,70125002,2
10431002,2025.73050418569,32.3422716666667,64.5913683333333,294,291.723587051814,18.5047277779826,4.84107388401875,36.5891469174171,207.22107240141,0.388317612216735,0.0258015484237707,1.00001324438272e-12,70125002,2
10431002,2025.73050418569,32.3422716666667,64.5913683333333,296,293.721712590958,18.4883386821805,4.83920387935078,36.5870597032824,207.249382515372,0.387994580933115,0.0279799621959158,1.00000031672755e-12,70125002,2
10431002,2025.73050418569,32.3422716666667,64.5913683333333,298,295.706407049111,18.4722255934039,4.83718167535677,36.5834301177474,207.107447332396,0.387674362146408,0.0268822947655344,1.0000000109849e-12,70125002,2
10431002,2025.73050418569,32.3422716666667,64.5913683333333,300,297.689363959749,18.457652165761,4.83536372409467,36.5801647696118,207.097851536815,0.387552602158725,0.018398112830297,1.0000000010303e-12,70125002,2
10431002,2025.73050418569,32.3422716666667,64.5913683333333,302,299.669289388515,18.4475431095177,4.83418749212068,36.5783871019324,207.168643704578,0.388058033725392,0.0223255388045636,9.99999999916161e-13,70125002,2
10431003,2025.73061643836,32.2962783333333,64.572735,3,2.96962390158172,28.81470229286,5.92036882614264,36.4624987392525,198.282433940134,0.426526971294669,0.0354005858230814,1781.17814879906,70125003,3
10431003,2025.73061643836,32.2962783333333,64.572735,5,4.96638431019122,28.816278666644,5.92063368912531,36.4625278771251,198.413431535856,0.42553304747366,0.0296738320833693,869.158578003224,70125003,3
10431003,2025.73061643836,32.2962783333333,64.572735,7,6.95119742944964,28.6731889819017,5.90397879899696,36.4556942271801,198.196322815453,0.425075942366394,0.0345614608263414,502.501541474869,70125003,3
10431003,2025.73061643836,32.2962783333333,64.572735,9,8.9390474118442,28.5531576488436,5.88688838225411,36.4280154427961,198.632324142808,0.42597862492532,0.0330694215364516,291.134061365942,70125003,3
10431003,2025.73061643836,32.2962783333333,64.572735,11,10.9218245341491,28.5028410282697,5.8798336625572,36.4167672275713,198.772976771394,0.425636886815308,0.0265503951574603,211.644328982865,70125003,3
10431003,2025.73061643836,32.2962783333333,64.572735,13,12.9030889853567,28.5493685888406,5.89076030768693,36.456768166951,198.66690951806,0.427272786158797,0.0304007204811275,220.932232620575,70125003,3
10431003,2025.73061643836,32.2962783333333,64.572735,15,14.896880486395,28.5390552848991,5.89078909224941,36.4642961029931,198.691042121049,0.428213101061884,0.0365687342653462,199.752286028095,70125003,3
10431003,2025.73061643836,32.2962783333333,64.572735,17,16.8812892481899,28.4700367138593,5.88033981798312,36.4437165094127,199.020078591826,0.428144623372709,0.0341114851297542,203.882717372394,70125003,3
10431003,2025.73061643836,32.2962783333333,64.572735,19,18.8663313336603,28.4489186454967,5.87733636290148,36.4383402149434,199.057275822224,0.428803915101226,0.0326703362470497,196.38825116003,70125003,3
10431003,2025.73061643836,32.2962783333333,64.572735,21,20.8454260351168,28.4417456396558,5.87643497552946,36.4369423816008,199.347419299779,0.427995458820427,0.0347854196431441,202.348905574821,70125003,3
10431003,2025.73061643836,32.2962783333333,64.572735,23,22.8443871174206,28.4406502329569,5.87634780730814,36.4365661260261,198.790172550225,0.429012612708209,0.0339698874001873,199.047057078647,70125003,3
10431003,2025.73061643836,32.2962783333333,64.572735,25,24.8169180073095,28.4440612528006,5.8777057862008,36.4428388636189,198.369837032192,0.428640386547331,0.0364024484201485,212.457345911559,70125003,3
10431003,2025.73061643836,32.2962783333333,64.572735,27,26.8162425943412,28.4672622984514,5.88382498847218,36.4671992306382,198.634504221112,0.428352377065874,0.0377037158527815,207.585958471398,70125003,3
10431003,2025.73061643836,32.2962783333333,64.572735,29,28.7863399698614,28.5038936431421,5.89217827488082,36.496823589274,198.836345416087,0.427810379933147,0.0311034051541232,213.759323704248,70125003,3
10431003,2025.73061643836,32.2962783333333,64.572735,31,30.7854862279346,28.5463370335671,5.9013021858943,36.5273136518064,198.65540136201,0.427964439939371,0.0331166611449287,209.175015162697,70125003,3
10431003,2025.73061643836,32.2962783333333,64.572735,33,32.7612854423804,28.5639393644297,5.90533035877577,36.5412982397421,198.699126467637,0.42853243315021,0.0342743853519203,215.11850038936,70125003,3
10431003,2025.73061643836,32.2962783333333,64.572735,35,34.7589803416247,28.5830676490394,5.91021842217408,36.5601023048186,198.691537052043,0.427852233021274,0.0338156854790273,212.264851986476,70125003,3
10431003,2025.73061643836,32.2962783333333,64.572735,37,36.7262834425539,28.5958070550681,5.91377595545873,36.5745279949887,198.653323252727,0.427400567393908,0.0425047907289623,219.7958632312,70125003,3
10431003,2025.73061643836,32.2962783333333,64.572735,39,38.7302304038666,28.603131373063,5.9161296710575,36.5847128341252,198.347941678059,0.426465410198732,0.0397916185755442,216.624894712735,70125003,3
10431003,2025.73061643836,32.2962783333333,64.572735,41,40.7081430877836,28.6020094983939,5.91696172389323,36.5907821076968,198.718243927095,0.426805756234586,0.0341234707117355,220.004094121743,70125003,3
10431003,2025.73061643836,32.2962783333333,64.572735,43,42.6973048541455,28.6346542619316,5.92812082266212,36.64291182306,198.593759727802,0.427247698568575,0.0371777249254419,224.041851921388,70125003,3
10431003,2025.73061643836,32.2962783333333,64.572735,45,44.6785421202265,28.6528048058294,5.93324266152641,36.6640529020111,198.682393237036,0.425374497532269,0.0378322529232223,230.689152740395,70125003,3
10431003,2025.73061643836,32.2962783333333,64.572735,47,46.6699405272543,28.6468834053795,5.93274307094351,36.6645291025622,198.454731517567,0.426382708291331,0.0370474961053156,238.898213787833,70125003,3
10431003,2025.73061643836,32.2962783333333,64.572735,49,48.639875318866,28.4679314927037,5.91154021778532,36.6540155654616,201.732044394345,0.424944406101268,0.0382344177684158,237.302645995639,70125003,3
10431003,2025.73061643836,32.2962783333333,64.572735,51,50.6446387344798,28.3646198648384,5.90541994461929,36.6905954588058,202.327149520448,0.426284016142449,0.04437895978627,234.768698787565,70125003,3
10431003,2025.73061643836,32.2962783333333,64.572735,53,52.6153930828727,28.0672503008868,5.87042281677728,36.674681616422,205.378519211987,0.430572981880218,0.0494144182299117,221.242820191548,70125003,3
10431003,2025.73061643836,32.2962783333333,64.572735,55,54.6226624385545,27.3896772562189,5.78716361461947,36.6125424454664,209.564341505149,0.430246702139043,0.0537941325627565,210.570393227966,70125003,3
10431003,2025.73061643836,32.2962783333333,64.572735,57,56.5843025760858,27.1248345251502,5.75857286654846,36.6157523977782,213.392859549697,0.434194698854666,0.0530678625520251,191.506419146913,70125003,3
10431003,2025.73061643836,32.2962783333333,64.572735,59,58.5827437263637,26.6188527888534,5.71183325699195,36.6783862855942,216.304896992314,0.435231406061003,0.0546509329723241,185.052982729942,70125003,3
10431003,2025.73061643836,32.2962783333333,64.572735,61,60.5629507447605,26.2376504511281,5.67151579857287,36.6881645164746,218.31807038706,0.436351070693553,0.0534414364721193,166.502730500637,70125003,3
10431003,2025.73061643836,32.2962783333333,64.572735,63,62.5520255088328,25.8186343358088,5.62849157180376,36.7081425811552,220.598712107613,0.437218411494346,0.0582996040791791,157.558508731242,70125003,3
10431003,2025.73061643836,32.2962783333333,64.572735,65,64.534816074167,25.5954181934788,5.60747480500952,36.7323719562521,219.666921283817,0.436386104721364,0.0626969971383196,144.500441910857,70125003,3
10431003,2025.73061643836,32.2962783333333,64.572735,67,66.5229349321671,25.3026741669756,5.5755217415506,36.7317004170815,219.643166367267,0.43424298316936,0.0662753887600305,141.254457185775,70125003,3
10431003,2025.73061643836,32.2962783333333,64.572735,69,68.4989980622388,25.1194919040163,5.55635350752217,36.7370393840999,219.171773249306,0.4315469401206,0.0676717886702397,117.751195449238,70125003,3
10431003,2025.73061643836,32.2962783333333,64.572735,71,70.4937924444648,24.9027239861638,5.5322834692067,36.7329286280708,219.066815490759,0.434542950413642,0.0702462830009676,112.46863098451,70125003,3
10431003,2025.73061643836,32.2962783333333,64.572735,73,72.4755207434781,24.7645031109438,5.51821017408462,36.7395269803376,219.67507483043,0.434715093910344,0.0746932611235076,106.626500712745,70125003,3
10431003,2025.73061643836,32.2962783333333,64.572735,75,74.4649435749477,24.6566274733246,5.51027378006202,36.7674283007987,220.33316674522,0.434738364105295,0.0749424799186981,96.2347407269981,70125003,3
10431003,2025.73061643836,32.2962783333333,64.572735,77,76.4434180620735,24.2469206371154,5.46843036962296,36.787104837531,215.595608777699,0.431918996606583,0.0797485496785847,88.6395914141127,70125003,3
10431003,2025.73061643836,32.2962783333333,64.572735,79,78.4338112956597,23.9082659561962,5.43095241623033,36.7808620552174,214.338827378697,0.435315284220997,0.0935278068370411,82.6486056365114,70125003,3
10431003,2025.73061643836,32.2962783333333,64.572735,81,80.421022344176,23.6459676652237,5.40225138892655,36.7780198779367,212.574318067953,0.43279419349786,0.0986889470610292,74.417310147695,70125003,3
10431003,2025.73061643836,32.2962783333333,64.572735,83,82.3975453689614,23.5828443455148,5.39669957698415,36.7871851461043,208.990445633458,0.436036753225258,0.100408886353009,67.6647785869361,70125003,3
10431003,2025.73061643836,32.2962783333333,64.572735,85,84.3908873658293,23.4359746758216,5.38106659885624,36.7884672525091,209.66046970496,0.436561582497287,0.107948127544764,60.7408328294481,70125003,3
10431003,2025.73061643836,32.2962783333333,64.572735,87,86.3687834673888,23.24073972358,5.3581497261606,36.7737661081468,212.660078955843,0.442773458974795,0.125675977028995,54.8758766218011,70125003,3
10431003,2025.73061643836,32.2962783333333,64.572735,89,88.3654119940429,22.8296936466062,5.31081997250052,36.7496895896026,217.019290744069,0.445167453828836,0.137816435923136,48.1853788301409,70125003,3
10431003,2025.73061643836,32.2962783333333,64.572735,91,90.3365971185125,22.4870695535907,5.27370637175816,36.7470887974183,221.204706940261,0.444279911245742,0.149801198476255,44.1079922613431,70125003,3
10431003,2025.73061643836,32.2962783333333,64.572735,93,92.3336604173035,22.2602915636979,5.25003195942637,36.75188282442,221.44077408946,0.438770928198932,0.147429551230784,38.0643821996215,70125003,3
10431003,2025.73061643836,32.2962783333333,64.572735,95,94.3118485199742,22.1726712572728,5.24091628622238,36.7534746439419,222.6573653485,0.436871327520367,0.150989412546462,34.5220247236536,70125003,3
10431003,2025.73061643836,32.2962783333333,64.572735,97,96.3011474167454,22.1079447685667,5.23356742245048,36.7495729534025,224.288631133645,0.435479222362077,0.16033461523721,30.6896110285536,70125003,3
10431003,2025.73061643836,32.2962783333333,64.572735,99,98.2854273726623,21.9313038373808,5.21518075394217,36.7532530393818,219.237023257643,0.43646839067318,0.187795798004344,27.0776851279576,70125003,3
10431003,2025.73061643836,32.2962783333333,64.572735,101,100.266533413251,21.774976195527,5.19782161379059,36.7476651336339,221.720701766659,0.440896773955121,0.227434565847329,24.3115448009933,70125003,3
10431003,2025.73061643836,32.2962783333333,64.572735,103,102.257923238015,21.6530390289966,5.18657341135147,36.7613399430811,213.959656821444,0.43812132551504,0.225554634626976,21.1143750686226,70125003,3
10431003,2025.73061643836,32.2962783333333,64.572735,105,104.23524642048,21.5111119446271,5.17346007004082,36.777191747953,203.09902200633,0.435733871060087,0.226200982262353,18.7808650646421,70125003,3
10431003,2025.73061643836,32.2962783333333,64.572735,107,106.222284616985,21.3548382286921,5.15628216266288,36.7727236119273,202.880875469348,0.43460556852606,0.231299156022513,16.426150413084,70125003,3
10431003,2025.73061643836,32.2962783333333,64.572735,109,108.21166505036,21.2702981391101,5.14640384361333,36.7651855888599,202.772223307519,0.434924995863023,0.238381470082023,14.2495590350494,70125003,3
10431003,2025.73061643836,32.2962783333333,64.572735,111,110.190815257753,21.1847619152364,5.13707237178319,36.7628679004756,201.424965696405,0.434460214735483,0.228056152844465,12.4818872994311,70125003,3
10431003,2025.73061643836,32.2962783333333,64.572735,113,112.181776600317,20.930354212573,5.10994280290678,36.7622048390547,199.760196981919,0.427690432664006,0.215228132430836,11.013598367173,70125003,3
10431003,2025.73061643836,32.2962783333333,64.572735,115,114.161389745218,20.8768267344218,5.10428254041856,36.7618277431516,198.855647274847,0.427568341596331,0.188148839605793,9.64071838017665,70125003,3
10431003,2025.73061643836,32.2962783333333,64.572735,117,116.14536932078,20.7705434672755,5.09268128870578,36.7588155421512,198.579602189627,0.424423374536534,0.175391632712437,8.59201608195186,70125003,3
10431003,2025.73061643836,32.2962783333333,64.572735,119,118.143880542884,20.7096577341615,5.08615270708879,36.7577037049247,198.697604007335,0.423016131830402,0.16356008664239,7.71544262407134,70125003,3
10431003,2025.73061643836,32.2962783333333,64.572735,121,120.121812729248,20.6337397252278,5.07780651712482,36.7547933980384,199.240948883201,0.420996500596465,0.156602420486963,6.94114459962342,70125003,3
10431003,2025.73061643836,32.2962783333333,64.572735,123,122.104007418879,20.6158779250834,5.07595424035933,36.7544510067843,198.450099611392,0.419820490004413,0.150335944365051,6.17157065580992,70125003,3
10431003,2025.73061643836,32.2962783333333,64.572735,125,124.083290659151,20.5779922390795,5.07193052672151,36.7537623092053,198.990324267471,0.418412827713785,0.144377155712402,5.49327976951238,70125003,3
10431003,2025.73061643836,32.2962783333333,64.572735,127,126.074133378573,20.4734980008134,5.06001607309616,36.7464276145019,199.308289217214,0.41756217046005,0.134453081780303,4.99841170761459,70125003,3
10431003,2025.73061643836,32.2962783333333,64.572735,129,128.057517375963,20.3472107951203,5.04596563922597,36.7404772810147,197.823950942265,0.416048812995496,0.136021964356061,4.49005804877626,70125003,3
10431003,2025.73061643836,32.2962783333333,64.572735,131,130.04650335306,20.273645693043,5.03792751601271,36.7378594079717,198.705649853184,0.413177975921973,0.115797017594652,4.08076530837444,70125003,3
10431003,2025.73061643836,32.2962783333333,64.572735,133,132.024077268884,20.2087579373912,5.0305610741029,36.7331572049511,201.377147883611,0.411849818082714,0.110264330549644,3.68659589696533,70125003,3
10431003,2025.73061643836,32.2962783333333,64.572735,135,134.014827487212,20.1800023571296,5.02756634698085,36.7328674368344,201.375761476004,0.411106400190811,0.113172520313813,3.38658627769984,70125003,3
10431003,2025.73061643836,32.2962783333333,64.572735,137,135.997814639845,20.1320764583294,5.02246811921703,36.7319857590481,201.419736110993,0.410160432679278,0.110878006918494,3.05501365138871,70125003,3
10431003,2025.73061643836,32.2962783333333,64.572735,139,137.969202641064,20.0844473514499,5.01704797949142,36.7281841198772,201.896484435997,0.41005776140116,0.104983180624782,2.78775088474496,70125003,3
10431003,2025.73061643836,32.2962783333333,64.572735,141,139.96777857456,20.050767182602,5.01312185229494,36.7244917333069,201.142345045118,0.409281037549354,0.0972107810653766,2.55012354819706,70125003,3
10431003,2025.73061643836,32.2962783333333,64.572735,143,141.944445847738,20.0119058595782,5.00869062126919,36.7211476156228,199.469362815384,0.409423380648607,0.0946389182583327,2.34182798026153,70125003,3
10431003,2025.73061643836,32.2962783333333,64.572735,145,143.944273617123,19.9121349077671,4.99714688253611,36.7122858942561,199.750947098664,0.406430410967519,0.0879431563514775,2.1359552923323,70125003,3
10431003,2025.73061643836,32.2962783333333,64.572735,147,145.899251942791,19.9157533212137,4.99760128087624,36.7121422480727,201.970774721831,0.407920870889291,0.081877964779496,1.97513226694254,70125003,3
10431003,2025.73061643836,32.2962783333333,64.572735,149,147.917553805182,19.8154556516291,4.98699701406973,36.7114449688538,203.692556830695,0.404573972539822,0.0796802194296573,1.79673345931371,70125003,3
10431003,2025.73061643836,32.2962783333333,64.572735,151,149.889928136352,19.8021066842196,4.98531210646053,36.708426090549,204.043296074743,0.40542017450857,0.0797779061808479,1.66124419436786,70125003,3
10431003,2025.73061643836,32.2962783333333,64.572735,153,151.889143132389,19.6714304494694,4.97038254273055,36.6983844403256,205.192379844762,0.403700263731657,0.0790353861519379,1.53188626284726,70125003,3
10431003,2025.73061643836,32.2962783333333,64.572735,155,153.860104894594,19.6492757148353,4.96801439445817,36.6974166597022,205.003450233061,0.404788536987197,0.0745394827063258,1.41525839719177,70125003,3
10431003,2025.73061643836,32.2962783333333,64.572735,157,155.846143124928,19.5805285022201,4.96092998018794,36.6981186908949,205.975019345549,0.401645270563163,0.0628835532065466,1.30778423433322,70125003,3
10431003,2025.73061643836,32.2962783333333,64.572735,159,157.826854879833,19.5374629847512,4.95623147261352,36.6960979363207,205.456768439785,0.400401761580095,0.0547069602243407,1.20764450975241,70125003,3
10431003,2025.73061643836,32.2962783333333,64.572735,161,159.811506286928,19.4912334320549,4.95093964870652,36.6918980360854,203.289987820732,0.400007311867581,0.0490858544302914,1.12559404333008,70125003,3
10431003,2025.73061643836,32.2962783333333,64.572735,163,161.797686074816,19.4454617665382,4.94587602564387,36.6891796499188,203.512948906671,0.397528756838923,0.0449890894065364,1.03955684655423,70125003,3
10431003,2025.73061643836,32.2962783333333,64.572735,165,163.778585516437,19.3988768959354,4.94066463072401,36.6859277493727,202.739883451322,0.397436341872868,0.0398014864478038,0.964151733467708,70125003,3
10431003,2025.73061643836,32.2962783333333,64.572735,167,165.768366429058,19.3584304394785,4.936421397063,36.6853413923351,204.69388998752,0.396723835736767,0.0369012934037957,0.9040597960677,70125003,3
10431003,2025.73061643836,32.2962783333333,64.572735,169,167.742384090565,19.3188981015885,4.93217878754679,36.6839470243894,206.105847908484,0.396761471560716,0.0388772603058712,0.846224645617393,70125003,3
10431003,2025.73061643836,32.2962783333333,64.572735,171,169.738037381696,19.298003509492,4.92986394920414,36.6822436150499,206.612771346923,0.395471097219336,0.03731344877913,0.791334059044527,70125003,3
10431003,2025.73061643836,32.2962783333333,64.572735,173,171.717576536987,19.2560281539816,4.92514103612382,36.678962779808,206.528894981814,0.395955210699152,0.0367059543622832,0.733466386201003,70125003,3
10431003,2025.73061643836,32.2962783333333,64.572735,175,173.697171060427,19.2284453766485,4.92209582132953,36.6770290253339,206.471917831286,0.395020581480039,0.0356174450712359,0.693206245035894,70125003,3
10431003,2025.73061643836,32.2962783333333,64.572735,177,175.692148892862,19.2069698609058,4.91975402852287,36.6755964030384,206.698066594466,0.394910264892265,0.0378121023666075,0.642627999745732,70125003,3
10431003,2025.73061643836,32.2962783333333,64.572735,179,177.663290673252,19.1753686496027,4.916491071506,36.6753720916452,206.759896195338,0.394303365263934,0.0356194735617319,0.612401338199348,70125003,3
10431003,2025.73061643836,32.2962783333333,64.572735,181,179.664198267148,19.1560074068376,4.91446475907506,36.6747120445425,206.800378524696,0.393727806830695,0.0332122138060726,0.56669761237215,70125003,3
10431003,2025.73061643836,32.2962783333333,64.572735,183,181.627963345954,19.1456083466313,4.91341212930381,36.6743068036432,206.995276430424,0.394183315738134,0.0365081327304946,0.528012812869072,70125003,3
10431003,2025.73061643836,32.2962783333333,64.572735,185,183.645715208918,19.109049744807,4.90932478715771,36.6715257060244,207.74944743669,0.392981948923229,0.0298564178634988,0.488935705635994,70125003,3
10431003,2025.73061643836,32.2962783333333,64.572735,187,185.605469110129,19.1075630288175,4.90928954556341,36.6717870884185,207.424491542093,0.393518753607269,0.0265800193665081,0.454741925216434,70125003,3
10431003,2025.73061643836,32.2962783333333,64.572735,189,187.595919818966,19.074846490087,4.90587710353595,36.6712745396053,207.623734429092,0.393048859339606,0.025719515920006,0.425098908603636,70125003,3
10431003,2025.73061643836,32.2962783333333,64.572735,191,189.573470382099,19.0577810880859,4.90407005587282,36.6704147032457,207.964296729461,0.392435010623163,0.0263350875848989,0.400794657698401,70125003,3
10431003,2025.73061643836,32.2962783333333,64.572735,193,191.561642024254,19.047298644242,4.90285954415679,36.6687482331591,208.042725542645,0.392653789121872,0.0294063985645409,0.374192913031945,70125003,3
10431003,2025.73061643836,32.2962783333333,64.572735,195,193.547643485027,19.0361926524162,4.90175027610669,36.6684838371849,208.096541613519,0.391902698677059,0.028632928072543,0.351703021389337,70125003,3
10431003,2025.73061643836,32.2962783333333,64.572735,197,195.530070842637,19.0177862572411,4.89975412027863,36.6672131104733,208.483364936097,0.391847446655271,0.0269514849069869,0.328844669260229,70125003,3
10431003,2025.73061643836,32.2962783333333,64.572735,199,197.51305231245,19.0041471664474,4.89835976077739,36.6667879170659,209.005407929116,0.391947167275013,0.0264321144091182,0.312428405634209,70125003,3
10431003,2025.73061643836,32.2962783333333,64.572735,201,199.496285636455,18.9933362522492,4.89728144192646,36.6665194929296,209.198093645963,0.391567354745868,0.0237169032133119,0.289993231832834,70125003,3
10431003,2025.73061643836,32.2962783333333,64.572735,203,201.47251965319,18.9701994217416,4.8948386788063,36.6656683089395,209.411083936949,0.391726567527231,0.0268804982972108,0.270130669295328,70125003,3
10431003,2025.73061643836,32.2962783333333,64.572735,205,203.481012209197,18.9702954716631,4.89491815884389,36.6654965991108,209.619339237801,0.391007471469974,0.023057153112888,0.252085200133439,70125003,3
10431003,2025.73061643836,32.2962783333333,64.572735,207,205.435187035802,18.9684678124144,4.89481775431463,36.6655124656433,209.76544515974,0.391441828590729,0.022993909655006,0.232400348818358,70125003,3
10431003,2025.73061643836,32.2962783333333,64.572735,209,207.430403125823,18.9520207632545,4.89313508418155,36.6651393556483,210.357571403482,0.390756114285315,0.0232042595861047,0.213726861889694,70125003,3
10431003,2025.73061643836,32.2962783333333,64.572735,211,209.430006201936,18.9436594613424,4.89237051428856,36.665342946304,210.44746033847,0.390720555604389,0.0263754501474785,0.197530567105995,70125003,3
10431003,2025.73061643836,32.2962783333333,64.572735,213,211.385684100553,18.9394108953454,4.89206901642388,36.6658075540172,210.511087601663,0.390909412042419,0.0295090359813228,0.18083311275498,70125003,3
10431003,2025.73061643836,32.2962783333333,64.572735,215,213.376154223403,18.9286486683546,4.89103733150949,36.6658853145018,211.039557239957,0.390097985932769,0.0280725081554541,0.168154799717965,70125003,3
10431003,2025.73061643836,32.2962783333333,64.572735,217,215.374251185532,18.9175235831556,4.89005054716408,36.666662492175,211.239338654788,0.389946807462709,0.0282754259515306,0.156866034989209,70125003,3
10431003,2025.73061643836,32.2962783333333,64.572735,219,217.353754514998,18.9156446524669,4.8899196883673,36.6664669289523,211.402587123196,0.39025372763339,0.0254056525989785,0.143426430172326,70125003,3
10431003,2025.73061643836,32.2962783333333,64.572735,221,219.329185457046,18.9049212215421,4.8888368623306,36.6660777962771,211.719953519519,0.389839964090924,0.0242554950993567,0.134562676132425,70125003,3
10431003,2025.73061643836,32.2962783333333,64.572735,223,221.318329010974,18.8947943172575,4.88783171041057,36.6658148146543,211.842211934778,0.389565680025977,0.0251135137944477,0.129134506325542,70125003,3
10431003,2025.73061643836,32.2962783333333,64.572735,225,223.313925292442,18.8907327552609,4.88738431150026,36.6648825232103,211.844556896081,0.389629490426958,0.023934228317975,0.119322102852079,70125003,3
10431003,2025.73061643836,32.2962783333333,64.572735,227,225.279997056832,18.8809039871342,4.88626681989479,36.6634062943279,211.698278374982,0.389840776459907,0.034062625747208,0.107371526676021,70125003,3
10431003,2025.73061643836,32.2962783333333,64.572735,229,227.271030071037,18.8636733710241,4.88422365921614,36.6606759453505,211.273436335357,0.38929421343254,0.0268909280302861,0.100029504613579,70125003,3
10431003,2025.73061643836,32.2962783333333,64.572735,231,229.264618580488,18.8526545078596,4.88278446565031,36.6575356844672,211.662847845531,0.389488120973222,0.0275381877814672,0.0941529256578318,70125003,3
10431003,2025.73061643836,32.2962783333333,64.572735,233,231.242178321618,18.851082004735,4.88263802050805,36.6569363282621,211.580507677312,0.390309645869145,0.0251313386505879,0.0841011809359739,70125003,3
10431003,2025.73061643836,32.2962783333333,64.572735,235,233.217699566114,18.8466957988102,4.88211053562467,36.6556135795772,211.316687293029,0.389792528119553,0.025467878689571,0.0803254122907209,70125003,3
10431003,2025.73061643836,32.2962783333333,64.572735,237,235.205958907696,18.8323536183685,4.88023845230195,36.6517602274447,211.473207435634,0.389686294850224,0.0214860636473523,0.0701764787325465,70125003,3
10431003,2025.73061643836,32.2962783333333,64.572735,239,237.201620899685,18.8295670662096,4.8799551158392,36.6510805375542,211.491101036046,0.389717345195481,0.0258517350915234,0.0614689902640559,70125003,3
10431003,2025.73061643836,32.2962783333333,64.572735,241,239.164821473999,18.8206988155616,4.87879834933484,36.6484135205477,210.737774205636,0.389847718074434,0.0255416425197511,0.0555570108167176,70125003,3
10431003,2025.73061643836,32.2962783333333,64.572735,243,241.149364753697,18.803755562536,4.87665251073902,36.6445474068882,210.725569291068,0.390273727583202,0.0249447774304688,0.0502278700180114,70125003,3
10431003,2025.73061643836,32.2962783333333,64.572735,245,243.154832154891,18.7819677031137,4.87397121649581,36.6404455071794,211.031066674438,0.389735961858131,0.0299113935246959,0.0424939432839551,70125003,3
10431003,2025.73061643836,32.2962783333333,64.572735,247,245.126807635237,18.7821310109766,4.87423683085295,36.6417894363529,211.007666627172,0.390669276349289,0.0263443507887742,0.0385821139897653,70125003,3
10431003,2025.73061643836,32.2962783333333,64.572735,249,247.103878814242,18.7911864935677,4.87571148509646,36.6454682717592,211.073543806957,0.390293902192971,0.0300261904197692,0.0322231338250825,70125003,3
10431003,2025.73061643836,32.2962783333333,64.572735,251,249.086173255121,18.7866883794056,4.87540271363387,36.6460900118022,210.544914220399,0.389298569399154,0.0237700889545803,0.0313304225588534,70125003,3
10431003,2025.73061643836,32.2962783333333,64.572735,253,251.082631980801,18.7619869683337,4.87221303189857,36.6402698656891,211.309897389019,0.388672775302178,0.0235517468507559,0.0247210565347034,70125003,3
10431003,2025.73061643836,32.2962783333333,64.572735,255,253.063505812501,18.7547259323562,4.87128889590697,36.6381374914703,210.944851857207,0.389558158006332,0.0245368245853005,0.0186761012765774,70125003,3
10431003,2025.73061643836,32.2962783333333,64.572735,257,255.032660929723,18.7360906396353,4.86892283122627,36.6338951022405,210.437929527383,0.389625074500833,0.0241723615534154,0.0170666138718048,70125003,3
10431003,2025.73061643836,32.2962783333333,64.572735,259,257.029189208791,18.7127745432528,4.86575917164142,36.62704740298,210.779361611376,0.389667678103647,0.0235821656753543,0.0127706310630757,70125003,3
10431003,2025.73061643836,32.2962783333333,64.572735,261,259.021107941716,18.7079458322751,4.86531819705053,36.6268415925873,210.785195916742,0.3903468812488,0.0240023875772501,0.00805946892863222,70125003,3
10431003,2025.73061643836,32.2962783333333,64.572735,263,260.980937511752,18.7017631944558,4.86474116629931,36.6266852421851,210.837460975504,0.390390738038659,0.0261309333307867,0.00193302880888323,70125003,3
10431003,2025.73061643836,32.2962783333333,64.572735,265,262.970257018785,18.6843578442836,4.86257831613705,36.6230567697452,211.266839781776,0.389653221498716,0.0293737746397796,0.000466695926935691,70125003,3
10431003,2025.73061643836,32.2962783333333,64.572735,267,264.978135910889,18.660085111357,4.85962608373658,36.6188327912623,211.461660879616,0.389619416870157,0.025330249185921,3.23663146887445e-05,70125003,3
10431003,2025.73061643836,32.2962783333333,64.572735,269,266.952602403672,18.6613197484202,4.85981018683745,36.6185386761301,211.322646202915,0.389995294951873,0.0286960485613531,1.66593131560828e-05,70125003,3
10431003,2025.73061643836,32.2962783333333,64.572735,271,268.92228107609,18.6474402258295,4.85822241045256,36.616646269838,211.498711751901,0.390546703009563,0.0229430636140246,6.75324519879518e-07,70125003,3
10431003,2025.73061643836,32.2962783333333,64.572735,273,270.920897250986,18.6361127509934,4.85676398246357,36.6135823847087,211.756737759048,0.38965369408754,0.0279735106958236,1e-12,70125003,3
10431003,2025.73061643836,32.2962783333333,64.572735,275,272.900187134393,18.6251425452702,4.85537826348546,36.6108155334411,211.933148582265,0.389870732434681,0.0265231474980995,1e-12,70125003,3
10431003,2025.73061643836,32.2962783333333,64.572735,277,274.866671861543,18.6095854562138,4.85341732921139,36.607241027737,213.208167859059,0.390175252979396,0.0254566020917403,2.7949696908719e-05,70125003,3
10431003,2025.73061643836,32.2962783333333,64.572735,279,276.857932593755,18.5913561658719,4.85120178555983,36.6038762013252,213.561286424156,0.390265531226756,0.0264984295412493,1.31825726248828e-06,70125003,3
10431003,2025.73061643836,32.2962783333333,64.572735,281,278.861896033784,18.5877665382479,4.85083947908449,36.6032320359407,213.471370148806,0.392686247624154,0.0277907475767498,1.30995543045214e-07,70125003,3
10431003,2025.73061643836,32.2962783333333,64.572735,283,280.80862767613,18.5896162002644,4.85112222238836,36.603230535717,213.094147225305,0.390264880290064,0.0319956146049714,1e-12,70125003,3
10431003,2025.73061643836,32.2962783333333,64.572735,285,282.807683195085,18.5735516129448,4.849159361397,36.6000826251774,213.182989402418,0.390613892290001,0.0286911612667521,1e-12,70125003,3
10431003,2025.73061643836,32.2962783333333,64.572735,287,284.800796432969,18.5586576117289,4.84738231294424,36.597469264607,213.425751409934,0.390619032378365,0.0228496621994243,1e-12,70125003,3
10431003,2025.73061643836,32.2962783333333,64.572735,289,286.784917043792,18.5559932578141,4.8471057698995,36.5967302361364,213.34512163465,0.39068743452556,0.0248521440787651,1e-12,70125003,3
10431003,2025.73061643836,32.2962783333333,64.572735,291,288.749991268556,18.5500523307682,4.84649394204794,36.5960549333934,213.03854323732,0.390669995640279,0.0259502745326135,1.00303441842715e-12,70125003,3
10431003,2025.73061643836,32.2962783333333,64.572735,293,290.744878839921,18.5475497527737,4.84628114592112,36.5957131651195,212.951715956089,0.389987018246677,0.0216813223042544,9.99580328014913e-13,70125003,3
10431003,2025.73061643836,32.2962783333333,64.572735,295,292.740824358513,18.5447757372425,4.84601885666646,36.5951922853295,213.494891011349,0.390364779129383,0.0255412090595745,9.9996891318629e-13,70125003,3
10431003,2025.73061643836,32.2962783333333,64.572735,297,294.701622246982,18.5418440461273,4.84577128200278,36.594936400432,213.385764047121,0.390614444935807,0.0265035870888487,9.99999323373338e-13,70125003,3
10431003,2025.73061643836,32.2962783333333,64.572735,299,296.693943450497,18.5382134811287,4.84541806573949,36.5944042341455,213.704525793122,0.389768834029821,0.0272092480778833,9.99999963058199e-13,70125003,3
10431003,2025.73061643836,32.2962783333333,64.572735,301,298.689039342379,18.5334357048032,4.8449282209178,36.5937307671445,214.252859933282,0.390407328808083,0.0291599108938575,9.99999997941864e-13,70125003,3
10431003,2025.73061643836,32.2962783333333,64.572735,303,300.65386649757,18.521014624561,4.84354321655569,36.5922440026346,213.889362450053,0.390242096938696,0.0221965294287808,1.00000000029575e-12,70125003,3
10431003,2025.73061643836,32.2962783333333,64.572735,305,302.639152049299,18.515329231726,4.843025759342,36.5921415829927,214.370789441249,0.389659355000033,0.0227938279156358,1.00000000000302e-12,70125003,3
10431003,2025.73061643836,32.2962783333333,64.572735,307,304.631935883202,18.5106295710036,4.84257710217915,36.5917477346385,214.412234405248,0.38965379739348,0.022614937361288,1.00000000000023e-12,70125003,3
10431003,2025.73061643836,32.2962783333333,64.572735,309,306.616120744206,18.506467189475,4.84219110923629,36.5914088571991,214.505379675269,0.38954910901871,0.0265697727124662,1.00000000000001e-12,70125003,3
10431003,2025.73061643836,32.2962783333333,64.572735,311,308.590860696351,18.5063771471295,4.84225466932009,36.591271268302,214.457697615537,0.389591360052317,0.0238101146502562,9.99999999999999e-13,70125003,3
10431003,2025.73061643836,32.2962783333333,64.572735,313,310.570274740334,18.5013401901638,4.84175429815055,36.5907376018388,214.466309432792,0.389516451192779,0.020676547244135,1e-12,70125003,3
10431003,2025.73061643836,32.2962783333333,64.572735,315,312.56176970564,18.5010622985265,4.84181931970723,36.5907795178607,214.814971453051,0.388786097049928,0.0287677464700542,1e-12,70125003,3
10431003,2025.73061643836,32.2962783333333,64.572735,317,314.547399644003,18.4999337378134,4.84177288033655,36.5906302722015,214.824840504533,0.389145039049265,0.0276125191417745,1e-12,70125003,3
10431003,2025.73061643836,32.2962783333333,64.572735,319,316.518250797541,18.4997869500907,4.84183884358943,36.5905638881684,214.869181394109,0.388868190049982,0.0244122941482433,1e-12,70125003,3
10431003,2025.73061643836,32.2962783333333,64.572735,321,318.502782058644,18.4993506615076,4.8418912688966,36.5906398001843,215.05512638078,0.389116977239222,0.0299401429071236,1e-12,70125003,3
10431003,2025.73061643836,32.2962783333333,64.572735,323,320.490436210841,18.4960420553518,4.84160203238608,36.5903646817536,215.631828926946,0.388916253150341,0.0263666277164405,1e-12,70125003,3
10431003,2025.73061643836,32.2962783333333,64.572735,325,322.47749735669,18.4911831367952,4.84120404232343,36.5905429025754,215.89612605203,0.3887052845058,0.0237822390109871,1e-12,70125003,3
10431003,2025.73061643836,32.2962783333333,64.572735,327,324.444160768845,18.4854696101103,4.84086527636228,36.5919838516275,216.543349815428,0.388200217075217,0.0253666245453655,1e-12,70125003,3
10431003,2025.73061643836,32.2962783333333,64.572735,329,326.435931469201,18.482176327359,4.84075507185493,36.5932167829602,216.691311541885,0.387730390116867,0.0226331836355717,1e-12,70125003,3
10431003,2025.73061643836,32.2962783333333,64.572735,331,328.433488395399,18.4821034699272,4.84084844061726,36.5933181172542,216.623773770639,0.387619473144381,0.0255639210024929,1e-12,70125003,3
10431003,2025.73061643836,32.2962783333333,64.572735,333,330.409595016089,18.4819722355547,4.84093676349883,36.593428541257,216.59695240769,0.387532286652581,0.0246651057356678,1e-12,70125003,3
10431003,2025.73061643836,32.2962783333333,64.572735,335,332.379897976416,18.4820754724499,4.84106671234209,36.5936844788222,216.569730625707,0.387274192096454,0.0274688475195546,1e-12,70125003,3
10431003,2025.73061643836,32.2962783333333,64.572735,337,334.372653306265,18.4822303106463,4.84117900850597,36.5937446292992,216.933452335359,0.386966905172476,0.0252959688096858,1e-12,70125003,3
10431003,2025.73061643836,32.2962783333333,64.572735,339,336.362984096497,18.4819136303562,4.84124090681743,36.5937955565384,217.055561593717,0.387321664096589,0.0234953361939007,1e-12,70125003,3
10431003,2025.73061643836,32.2962783333333,64.572735,341,338.324293508053,18.4811816701387,4.84132194886073,36.5943782976098,217.245021689728,0.387139621670075,0.0232008591419569,1e-12,70125003,3
10431003,2025.73061643836,32.2962783333333,64.572735,343,340.317539768994,18.4805268779135,4.84138467192189,36.5947368853119,217.262017694012,0.386399729314938,0.0238420008130161,1e-12,70125003,3
10431003,2025.73061643836,32.2962783333333,64.572735,345,342.305244530132,18.4792948496979,4.84142834175307,36.5954465940351,217.155494803879,0.386524276106511,0.028044278189941,1e-12,70125003,3
10431003,2025.73061643836,32.2962783333333,64.572735,347,344.282533246169,18.47876513588,4.8414616244465,36.5954439984941,217.229098344623,0.386520214583784,0.0269099313259793,1e-12,70125003,3
10431003,2025.73061643836,32.2962783333333,64.572735,349,346.254513842483,18.4784820668639,4.84154682652239,36.5956635706,217.877315449431,0.386483874539967,0.0288128762698544,1e-12,70125003,3
10431003,2025.73061643836,32.2962783333333,64.572735,351,348.246141873143,18.476222177322,4.8414343047342,36.5959594815305,217.879980401008,0.386356994829697,0.0266815378076211,1e-12,70125003,3
10431003,2025.73061643836,32.2962783333333,64.572735,353,350.252323150166,18.475191657879,4.84142654893143,36.5960534178846,217.606429569043,0.386706706564986,0.022732427570919,1e-12,70125003,3
10431003,2025.73061643836,32.2962783333333,64.572735,355,352.195178257139,18.4760338256496,4.84160489133854,36.5960649325296,217.398437985812,0.386811118609348,0.0240540209829882,1e-12,70125003,3
10431003,2025.73061643836,32.2962783333333,64.572735,357,354.19335850655,18.4701518499965,4.84107022326617,36.5959918839957,217.507646770015,0.386491093678214,0.0190360814962333,1e-12,70125003,3
10431003,2025.73061643836,32.2962783333333,64.572735,359,356.189250583317,18.4678916860036,4.84090637405766,36.5958520379083,217.644852221291,0.385858583142668,0.0204629603876251,1e-12,70125003,3
10431003,2025.73061643836,32.2962783333333,64.572735,361,358.16395083061,18.4670497670414,4.84085686388627,36.5954237528676,217.861668106202,0.386394648367852,0.0220668903038718,1e-12,70125003,3
10431003,2025.73061643836,32.2962783333333,64.572735,363,360.13868702659,18.4626323268296,4.84041929786239,36.5948744124451,217.300548800151,0.386353903757873,0.023151482377634,1e-12,70125003,3
10431003,2025.73061643836,32.2962783333333,64.572735,365,362.132762837073,18.4582856189854,4.83997712443736,36.5942229331678,217.274630923829,0.38563853117866,0.0191563162135619,1e-12,70125003,3
10431003,2025.73061643836,32.2962783333333,64.572735,367,364.115143665834,18.4542156609003,4.83953136374119,36.5932948427955,216.932708546404,0.386097492980746,0.0214538054733878,1e-12,70125003,3
10431003,2025.73061643836,32.2962783333333,64.572735,369,366.082647731758,18.4453748921831,4.83850701270565,36.5916871485294,216.580206055932,0.386015315906784,0.020786991609774,1e-12,70125003,3
10431003,2025.73061643836,32.2962783333333,64.572735,371,368.074113301833,18.4384970877646,4.83773297856367,36.5904624977369,216.837383332995,0.385576308076454,0.0230166479831279,1e-12,70125003,3
10431003,2025.73061643836,32.2962783333333,64.572735,373,370.068495318834,18.4300180510687,4.83675433810622,36.5889203575713,216.733174199368,0.386259743754395,0.0224193301857979,1e-12,70125003,3
10431003,2025.73061643836,32.2962783333333,64.572735,375,372.039898913511,18.4212659570532,4.83572337800744,36.5871751729865,216.146553066561,0.386740931674526,0.0199945207913411,1e-12,70125003,3
10431003,2025.73061643836,32.2962783333333,64.572735,377,374.013565667276,18.4180059962746,4.83540280306321,36.5865904111214,215.921810963708,0.385637274399072,0.0222407234183893,1e-12,70125003,3
10431003,2025.73061643836,32.2962783333333,64.572735,379,376.008878489598,18.4067155218128,4.83404557056115,36.5843242014853,215.726223590989,0.385482498179713,0.026135497030798,1e-12,70125003,3
10431003,2025.73061643836,32.2962783333333,64.572735,381,377.991662803899,18.3946034635755,4.83261932300624,36.582199477643,216.078773686933,0.38574329274266,0.0217039479720935,1e-12,70125003,3
10431003,2025.73061643836,32.2962783333333,64.572735,383,379.958520228568,18.3802273052689,4.83089919793694,36.5795846265819,215.488139580061,0.38614033331773,0.0237421657727177,1e-12,70125003,3
10431003,2025.73061643836,32.2962783333333,64.572735,385,381.957921806136,18.3694640890854,4.82965123174589,36.5777744930876,215.613581481047,0.385503446832611,0.0228884474758798,1e-12,70125003,3
10431003,2025.73061643836,32.2962783333333,64.572735,387,383.937327927964,18.3560888233413,4.82797921526856,36.5746743395416,215.290352676692,0.385758671014036,0.0204908374310845,1e-12,70125003,3
10431003,2025.73061643836,32.2962783333333,64.572735,389,385.910222664457,18.3409136877345,4.8261355543809,36.5717102965716,214.668904379494,0.385875505841232,0.02758427840594,1e-12,70125003,3
10431003,2025.73061643836,32.2962783333333,64.572735,391,387.900101518096,18.338680224574,4.82598510375882,36.5716592260171,214.839728356924,0.385524831702138,0.0277187034118561,1e-12,70125003,3
10431003,2025.73061643836,32.2962783333333,64.572735,393,389.886510089945,18.341932629555,4.82651482512875,36.5725236000992,215.038610574931,0.385874692966292,0.0234303427107883,1e-12,70125003,3
10431003,2025.73061643836,32.2962783333333,64.572735,395,391.8644802505,18.3405538728952,4.82647117705082,36.5726224229377,215.535591430366,0.385899460076987,0.0228721682042427,1e-12,70125003,3
10431003,2025.73061643836,32.2962783333333,64.572735,397,393.839047802388,18.337756606439,4.82622564531236,36.5722630420415,215.646419997983,0.38592244180903,0.0196305814022929,1e-12,70125003,3
10431003,2025.73061643836,32.2962783333333,64.572735,399,395.82927273895,18.3339583745014,4.82582555554237,36.5714771038928,215.432436485248,0.38554580115579,0.0184371829327178,1e-12,70125003,3
10431003,2025.73061643836,32.2962783333333,64.572735,401,397.813920554393,18.3261523947264,4.82494809672623,36.5701882455724,215.225740154351,0.385986477464524,0.0186100543355099,1e-12,70125003,3
10431003,2025.73061643836,32.2962783333333,64.572735,403,399.783736171265,18.3182079852925,4.82405930017344,36.5689252949304,214.960201993141,0.385617312638012,0.0288154009998237,1e-12,70125003,3
10431003,2025.73061643836,32.2962783333333,64.572735,405,401.774507146631,18.3074399473807,4.8227968253346,36.5669881077263,215.263103468093,0.385521798843137,0.025495851515292,1e-12,70125003,3
10431003,2025.73061643836,32.2962783333333,64.572735,407,403.764193586892,18.2971226539811,4.82161245438407,36.5653147519004,215.163596040425,0.38601203183153,0.0257339854901882,1e-12,70125003,3
10431003,2025.73061643836,32.2962783333333,64.572735,409,405.73674580061,18.2894359532555,4.82081330473293,36.5645843621891,215.108412349435,0.386443279125169,0.0275105743627121,1e-12,70125003,3
10431003,2025.73061643836,32.2962783333333,64.572735,411,407.717218924975,18.2833260880588,4.82017180865496,36.5637948939754,214.973670374785,0.385550974480896,0.025832892734887,1e-12,70125003,3
10431003,2025.73061643836,32.2962783333333,64.572735,413,409.706460877473,18.2821985124043,4.8201342618863,36.5637224340478,215.26873296343,0.38559621586212,0.030192155178163,1e-12,70125003,3
10431003,2025.73061643836,32.2962783333333,64.572735,415,411.684827371668,18.2774028890765,4.8196293601866,36.5629281056239,215.137570017285,0.386144111039846,0.0224835495628442,1e-12,70125003,3
10431003,2025.73061643836,32.2962783333333,64.572735,417,413.664956295539,18.273778251675,4.81930349476935,36.5626187152902,214.876040375769,0.385524804144346,0.0237634068672266,1e-12,70125003,3
10431003,2025.73061643836,32.2962783333333,64.572735,419,415.650463771328,18.2720800410513,4.81918809257182,36.5623901576537,215.173251426273,0.385621351665293,0.0260655635265641,1e-12,70125003,3
10431003,2025.73061643836,32.2962783333333,64.572735,421,417.633921611303,18.2665501803994,4.81853831649236,36.5610130601621,214.80728764539,0.385894504410786,0.0233772505826797,1e-12,70125003,3
10431003,2025.73061643836,32.2962783333333,64.572735,423,419.606504499376,18.2588129175049,4.81772416342608,36.560197782814,214.851782211241,0.386320417456825,0.0241970429176524,1e-12,70125003,3
10431003,2025.73061643836,32.2962783333333,64.572735,425,421.602017946213,18.2481464817431,4.81663854424786,36.559672671167,215.029705526301,0.386344902061581,0.0268394304498711,1e-12,70125003,3
10431003,2025.73061643836,32.2962783333333,64.572735,427,423.571513565817,18.2406586319343,4.81583713910419,36.5587428771738,215.076897080018,0.386192582081399,0.0202516813780114,1e-12,70125003,3
10431003,2025.73061643836,32.2962783333333,64.572735,429,425.556336681998,18.2341319983057,4.81516645875131,36.5580728875546,215.055621616474,0.386305142080163,0.0305122690888378,1e-12,70125003,3
10431003,2025.73061643836,32.2962783333333,64.572735,431,427.548748524674,18.2311583933283,4.81488020330119,36.5575211075601,215.23754469765,0.385699600223023,0.0253607570038502,1e-12,70125003,3
10431003,2025.73061643836,32.2962783333333,64.572735,433,429.521610128341,18.2297341822269,4.81481926339933,36.5575134150884,215.336363452952,0.386471608350265,0.0245650088580295,1e-12,70125003,3
10431003,2025.73061643836,32.2962783333333,64.572735,435,431.502598855107,18.2207856933981,4.81388853999441,36.5567788372911,215.299409525388,0.386445812567168,0.0241626735618303,1e-12,70125003,3
10431003,2025.73061643836,32.2962783333333,64.572735,437,433.487048458146,18.211388483063,4.81289947509753,36.5559450534755,215.071062674472,0.38646813599387,0.0254430855952126,1e-12,70125003,3
10431003,2025.73061643836,32.2962783333333,64.572735,439,435.46719844457,18.2066404768737,4.81246195470993,36.5556810864475,215.405736686789,0.386446317303435,0.0272178486788268,1e-12,70125003,3
10431003,2025.73061643836,32.2962783333333,64.572735,441,437.447280218063,18.2042975682437,4.81226215507152,36.5553055982667,215.281210768614,0.386419929632879,0.0262975458591475,1e-12,70125003,3
10431003,2025.73061643836,32.2962783333333,64.572735,443,439.439547026322,18.2024976847459,4.81211680776787,36.5549116535913,214.895090067673,0.386438231992099,0.0261721164781996,1e-12,70125003,3
10431003,2025.73061643836,32.2962783333333,64.572735,445,441.402301608969,18.2003247292284,4.81192010515836,36.5544113399758,215.2284080926,0.386481995621501,0.0209833942671773,1e-12,70125003,3
10431003,2025.73061643836,32.2962783333333,64.572735,447,443.389114270345,18.1951525291476,4.8113867767826,36.5537065254917,215.140677862975,0.386418131988742,0.0247089731832964,1e-12,70125003,3
10431003,2025.73061643836,32.2962783333333,64.572735,449,445.390360968475,18.193295996186,4.81131364286837,36.5539799710219,215.191390163197,0.386420042346258,0.0240180171410638,1e-12,70125003,3
10431003,2025.73061643836,32.2962783333333,64.572735,451,447.358427220326,18.1933925581944,4.81140176768498,36.5538917042284,215.039421906786,0.386508487678637,0.0155192161695357,1e-12,70125003,3
10431003,2025.73061643836,32.2962783333333,64.572735,453,449.335328540773,18.1900936466826,4.811167518338,36.5540734966509,214.99577888247,0.385893236577082,0.0226432278410439,1e-12,70125003,3
10431003,2025.73061643836,32.2962783333333,64.572735,455,451.321152156254,18.1874926046793,4.81096870011977,36.5539365054698,214.969860724615,0.386520327552545,0.0200570425366469,1e-12,70125003,3
10431003,2025.73061643836,32.2962783333333,64.572735,457,453.313898337358,18.1815519396851,4.81028893196753,36.5526646649635,214.869728187135,0.386463878078843,0.0253746784151471,1e-12,70125003,3
10431003,2025.73061643836,32.2962783333333,64.572735,459,455.272815768855,18.1773746679765,4.80982199266785,36.5516406919576,214.541494408916,0.386482966311328,0.0233208323162279,1e-12,70125003,3
10431003,2025.73061643836,32.2962783333333,64.572735,461,457.260488963288,18.1727217164121,4.809382727291,36.5512764765315,214.41445147148,0.385973540555001,0.0222748249585223,1e-12,70125003,3
10431003,2025.73061643836,32.2962783333333,64.572735,463,459.255615299991,18.1692873986211,4.80905846232835,36.5508095786369,214.514137297865,0.386414348053335,0.021586856071932,1e-12,70125003,3
10431003,2025.73061643836,32.2962783333333,64.572735,465,461.233963504882,18.1660479705492,4.80868715385957,36.5497670060414,214.254668774164,0.386726125886427,0.0210441504022987,1e-12,70125003,3
10431003,2025.73061643836,32.2962783333333,64.572735,467,463.20350246976,18.159971229225,4.80798758686993,36.5484459342195,213.841578743262,0.386414916920219,0.0238457596171763,1e-12,70125003,3
10431003,2025.73061643836,32.2962783333333,64.572735,469,465.192993794327,18.1492248502092,4.80668174884296,36.5461014771717,213.402128357616,0.386420538241514,0.0195927769053418,1e-12,70125003,3
10431003,2025.73061643836,32.2962783333333,64.572735,471,467.182833972859,18.1464000815635,4.8063323686293,36.5448761608592,213.43255403951,0.38617530269792,0.0191101179206451,1e-12,70125003,3
10431003,2025.73061643836,32.2962783333333,64.572735,473,469.144088327518,18.1401120051885,4.80556442750764,36.543157212106,212.909998825164,0.386548970217394,0.0235724118732464,1e-12,70125003,3
10431003,2025.73061643836,32.2962783333333,64.572735,475,471.134199625657,18.1379563300183,4.80542017429568,36.5430895949806,212.443750870586,0.386381825489499,0.024158532000964,1e-12,70125003,3
10431003,2025.73061643836,32.2962783333333,64.572735,477,473.128179424276,18.1288699671788,4.80430977581052,36.5409344348774,212.486991880409,0.385999649107668,0.022565152543912,1e-12,70125003,3
10431003,2025.73061643836,32.2962783333333,64.572735,479,475.104942250579,18.1205292568481,4.80324073727051,36.5384672460381,212.195654894529,0.386414394310312,0.0227466557455777,1e-12,70125003,3
10431003,2025.73061643836,32.2962783333333,64.572735,481,477.076965532153,18.1069438672929,4.80156173608186,36.5354539307902,211.236099707901,0.385997521817565,0.0208358759876714,1e-12,70125003,3
10431003,2025.73061643836,32.2962783333333,64.572735,483,479.065399276386,18.0933135714981,4.79983543007166,36.532073043644,210.727817545158,0.385786413659305,0.0225191272169255,1e-12,70125003,3
10431003,2025.73061643836,32.2962783333333,64.572735,485,481.059739539016,18.0638532924609,4.79606491534713,36.5252954377124,210.10748743465,0.386287816672891,0.0209102293245975,1e-12,70125003,3
10431003,2025.73061643836,32.2962783333333,64.572735,487,483.021777709756,18.0461179373091,4.79382909363994,36.5212016310699,209.538385323805,0.385964404717334,0.014933597886298,1e-12,70125003,3
10431003,2025.73061643836,32.2962783333333,64.572735,489,485.010790975777,18.0365496385709,4.79266083393187,36.5189683512534,208.612106679265,0.386075316676208,0.0176246188542768,1e-12,70125003,3
10431003,2025.73061643836,32.2962783333333,64.572735,491,486.989163350669,18.0310033735616,4.79199240290005,36.517430736904,208.17797419674,0.386481004276148,0.022944296249341,1e-12,70125003,3
10431003,2025.73061643836,32.2962783333333,64.572735,493,488.971725527913,18.0229294744258,4.79098953855442,36.5152801839794,206.743297815512,0.386044346346641,0.0294310997028964,1e-12,70125003,3
10431003,2025.73061643836,32.2962783333333,64.572735,495,490.952812021193,17.9953765794451,4.78743971244187,36.5086623948605,204.841998013757,0.386512011313157,0.0247419315068696,1e-12,70125003,3
10431003,2025.73061643836,32.2962783333333,64.572735,497,492.930393274376,17.9633942212926,4.78324523777188,36.5004536143405,202.032477638185,0.388580620582781,0.0226993872367189,1e-12,70125003,3
10431003,2025.73061643836,32.2962783333333,64.572735,499,494.914134585384,17.9093302519132,4.7764562071804,36.4896519336585,201.716669843317,0.386648606497095,0.0284604050059053,1e-12,70125003,3
10431003,2025.73061643836,32.2962783333333,64.572735,501,496.886438821118,17.899606042726,4.77537634046299,36.4882999434514,201.283278111987,0.386479154285276,0.0196075221954008,1e-12,70125003,3
10431003,2025.73061643836,32.2962783333333,64.572735,503,498.88885132919,17.8936225488124,4.77469376201794,36.4870191929969,201.640876413422,0.386494080191056,0.0237685751138977,1e-12,70125003,3
10431004,2025.73073820396,32.2591116666667,64.549755,4,3.9678694123556,28.593933147994,5.88876695280512,36.4113313565918,198.455526670788,0.42904199899548,0.0303899547965846,1672.62125565043,70125004,4
10431004,2025.73073820396,32.2591116666667,64.549755,6,5.9555515153772,28.5842839804672,5.88770273876295,36.4107016891105,198.499777967363,0.430047540669174,0.0278184584614888,1322.2069869746,70125004,4
10431004,2025.73073820396,32.2591116666667,64.549755,8,7.94601709601688,28.5616155771152,5.88541155461454,36.4114998702251,198.699477039903,0.429822217388307,0.0307934840091012,1116.88443197904,70125004,4
10431004,2025.73073820396,32.2591116666667,64.549755,10,9.92498091763929,28.5434255616478,5.88392677029499,36.4144917951592,198.498543733559,0.429081271761148,0.0285666726762209,949.307684487941,70125004,4
10431004,2025.73073820396,32.2591116666667,64.549755,12,11.9224444081674,28.5294474626639,5.88265819426444,36.4157585865341,198.712857536217,0.42908678755447,0.0265729713799228,882.195797817131,70125004,4
10431004,2025.73073820396,32.2591116666667,64.549755,14,13.8951889188087,28.5182445751181,5.88157862276569,36.4162136224014,198.859695802419,0.431126389305655,0.028233519751768,798.567776018127,70125004,4
10431004,2025.73073820396,32.2591116666667,64.549755,16,15.8910246087955,28.4988414083501,5.87957154295232,36.4164861211519,198.744350908803,0.429648639758209,0.0324643490098286,720.543668512586,70125004,4
10431004,2025.73073820396,32.2591116666667,64.549755,18,17.871290816852,28.4859142461069,5.87822167432717,36.4163755425617,198.816915434975,0.429502238712417,0.0280799351260518,632.191078807472,70125004,4
10431004,2025.73073820396,32.2591116666667,64.549755,20,19.8583187357927,28.4802538139676,5.87792998545084,36.4180794393113,198.946080757888,0.429956866698275,0.0322133496799496,621.35809635086,70125004,4
10431004,2025.73073820396,32.2591116666667,64.549755,22,21.8431887934671,28.4760566656005,5.87788929046331,36.4204143345169,199.077174491847,0.431241723550347,0.0312902156391876,593.671277027638,70125004,4
10431004,2025.73073820396,32.2591116666667,64.549755,24,23.835005093165,28.4689934453999,5.87744974308191,36.42216324304,199.011737412214,0.430839890724862,0.0315282188414862,552.93256618663,70125004,4
10431004,2025.73073820396,32.2591116666667,64.549755,26,25.8151461054099,28.4645649683667,5.87712229539961,36.4226699586254,199.119409736643,0.430196164556808,0.0356695317691749,488.634478785877,70125004,4
10431004,2025.73073820396,32.2591116666667,64.549755,28,27.8052031032601,28.4584741396126,5.87669423697634,36.4237515422776,198.883017751678,0.430485045416034,0.0367077133607524,482.087218495175,70125004,4
10431004,2025.73073820396,32.2591116666667,64.549755,30,29.7843030765882,28.4481350292973,5.87586968210661,36.425326666604,198.532118787875,0.431217305943507,0.034708486024497,437.213303923646,70125004,4
10431004,2025.73073820396,32.2591116666667,64.549755,32,31.7764123143436,28.4435813432004,5.87575000335958,36.427384581013,198.780933561708,0.430405675432389,0.0403862434924344,420.109116073726,70125004,4
10431004,2025.73073820396,32.2591116666667,64.549755,34,33.7582009291132,28.4344757098691,5.87553421619229,36.4322736959143,199.128865518568,0.430420181323641,0.0384471904078715,413.513266161815,70125004,4
10431004,2025.73073820396,32.2591116666667,64.549755,36,35.7459389195866,28.4355766577083,5.87766378609734,36.445728800754,198.905897121282,0.430937528820259,0.0360015517593709,379.148501945692,70125004,4
10431004,2025.73073820396,32.2591116666667,64.549755,38,37.7298278456025,28.4287755158151,5.87807616814839,36.4532461014318,198.934080324012,0.430956665176461,0.0319516758371087,362.73719333801,70125004,4
10431004,2025.73073820396,32.2591116666667,64.549755,40,39.7144132931424,28.4243539446623,5.87798529172497,36.4554065225451,199.055322522161,0.43084436833024,0.0333830514880365,322.538884512858,70125004,4
10431004,2025.73073820396,32.2591116666667,64.549755,42,41.6993146595927,28.4577528669783,5.88577875425983,36.4836346020715,199.06860255553,0.430322576055888,0.0325707299930295,318.769623511477,70125004,4
10431004,2025.73073820396,32.2591116666667,64.549755,44,43.6818321673526,28.4842503635649,5.89222655434192,36.5077330319287,199.242751484594,0.43036911574589,0.0385121137093892,296.375488564002,70125004,4
10431004,2025.73073820396,32.2591116666667,64.549755,46,45.6768138102444,28.5064675892369,5.89970568004908,36.5423217347894,199.109639620619,0.430341194553385,0.04055245757052,283.393568101646,70125004,4
10431004,2025.73073820396,32.2591116666667,64.549755,48,47.6564754101033,28.509605468082,5.90539854551579,36.5791246706831,199.605198612095,0.430418199997738,0.0396461841414055,264.433198636254,70125004,4
10431004,2025.73073820396,32.2591116666667,64.549755,50,49.6511428815838,28.4039570117426,5.8935466256903,36.5771291982008,200.068384154573,0.430156807535333,0.0393209148175255,259.106506316181,70125004,4
10431004,2025.73073820396,32.2591116666667,64.549755,52,51.6200987834207,28.4854496104068,5.91091333447164,36.6351790361344,199.243209501524,0.431450917210182,0.0359767391747774,242.37300407731,70125004,4
10431004,2025.73073820396,32.2591116666667,64.549755,54,53.6228776340197,27.8286411497306,5.83175981338728,36.5867100221983,202.484575346609,0.428381325314078,0.0444628598319402,218.779085137883,70125004,4
10431004,2025.73073820396,32.2591116666667,64.549755,56,55.6027510866622,27.4374541525642,5.78690749260975,36.5733024506935,203.821796575017,0.437019093176262,0.0538942148471568,205.579745908298,70125004,4
10431004,2025.73073820396,32.2591116666667,64.549755,58,57.5876511238082,26.9446318644116,5.74009775426316,36.6247915534818,207.27371197506,0.437003823243671,0.0598263441837832,194.552135823552,70125004,4
10431004,2025.73073820396,32.2591116666667,64.549755,60,59.5714389285026,26.4347071352594,5.68812217536015,36.652352092499,210.083351787211,0.438078112933422,0.0590220679497597,173.896163531649,70125004,4
10431004,2025.73073820396,32.2591116666667,64.549755,62,61.557444616088,26.0000748299422,5.64397461821105,36.6765308780247,215.930924668799,0.437695805735837,0.0639038153816788,164.727235945405,70125004,4
10431004,2025.73073820396,32.2591116666667,64.549755,64,63.545639899932,25.8609207419233,5.64251304612628,36.7769929189356,220.513634887274,0.438652257016628,0.0654810748319858,148.514433285926,70125004,4
10431004,2025.73073820396,32.2591116666667,64.549755,66,65.5260131604907,25.5574706585058,5.61251352901702,36.7999715282239,221.763855649131,0.43882517010123,0.0599135304221458,138.026408045305,70125004,4
10431004,2025.73073820396,32.2591116666667,64.549755,68,67.5141842583005,25.2982681675754,5.58310878722374,36.791324312556,220.154230878497,0.438578007924761,0.0702780100356385,118.225019146859,70125004,4
10431004,2025.73073820396,32.2591116666667,64.549755,70,69.5014332164941,24.8551085662107,5.53398662523557,36.7848741163912,220.803235805549,0.436205253244992,0.0756247836070242,112.341090772268,70125004,4
10431004,2025.73073820396,32.2591116666667,64.549755,72,71.47936669071,24.6964503244618,5.5205740983244,36.8133116173209,223.393324979961,0.439432625586192,0.0783172744882924,105.532596205947,70125004,4
10431004,2025.73073820396,32.2591116666667,64.549755,74,73.4727283966492,24.6765532689807,5.52175025246565,36.8377955063391,225.576891642709,0.440332059641538,0.0799616206581038,95.9729578984595,70125004,4
10431004,2025.73073820396,32.2591116666667,64.549755,76,75.4498016108917,24.6389627022072,5.52380657911256,36.8834566738935,224.472494244709,0.441141116380897,0.0785635092933807,87.3454212946403,70125004,4
10431004,2025.73073820396,32.2591116666667,64.549755,78,77.444341630095,24.2757541084961,5.47815953794201,36.8367094096436,219.760547815351,0.439648106572948,0.0830181041865933,82.0904892580316,70125004,4
10431004,2025.73073820396,32.2591116666667,64.549755,80,79.4182209726368,23.8136338209079,5.42017540300763,36.7766220051366,212.286248385264,0.442055001590261,0.0858468040643328,75.1844478907004,70125004,4
10431004,2025.73073820396,32.2591116666667,64.549755,82,81.4175895178505,23.5670708710321,5.393982126761,36.779756628225,212.934156816047,0.437911213111248,0.0989373022702176,67.7263963443303,70125004,4
10431004,2025.73073820396,32.2591116666667,64.549755,84,83.3894126072615,23.3735093739488,5.37365751678315,36.7837655725061,215.382009640515,0.438975910183777,0.105890653437933,60.3793424960059,70125004,4
10431004,2025.73073820396,32.2591116666667,64.549755,86,85.3860051470224,23.0824506931473,5.3449591897814,36.8043652602068,218.072803545224,0.435315252230629,0.118375546245214,54.5390149457281,70125004,4
10431004,2025.73073820396,32.2591116666667,64.549755,88,87.3548938600209,22.8792242811272,5.32481988783883,36.8176741432092,222.092459832892,0.438132357383159,0.132820832627491,49.1201246263286,70125004,4
10431004,2025.73073820396,32.2591116666667,64.549755,90,89.3612537600095,22.8789946538725,5.32737791698584,36.8370961649332,230.728431133825,0.434453201687753,0.131382615121511,43.108121057608,70125004,4
10431004,2025.73073820396,32.2591116666667,64.549755,92,91.3269241917427,22.8154044860532,5.3214807345303,36.8438732695512,230.359597595146,0.435903769055859,0.127276409370738,38.5267648885087,70125004,4
10431004,2025.73073820396,32.2591116666667,64.549755,94,93.3289776143334,22.4405956165655,5.27485121360527,36.7942794751729,230.503774637664,0.430540808615672,0.125926224970541,35.5855351776825,70125004,4
10431004,2025.73073820396,32.2591116666667,64.549755,96,95.2984511428552,22.2984528220498,5.25757747511103,36.7780039332696,227.441134040584,0.434082087544527,0.132450217697416,31.8087638939959,70125004,4
10431004,2025.73073820396,32.2591116666667,64.549755,98,97.2940647254489,22.216356711903,5.24941067061972,36.7824544494216,224.118846167903,0.432869502945015,0.149314955091943,28.6848880890079,70125004,4
10431004,2025.73073820396,32.2591116666667,64.549755,100,99.2744095109436,22.1413052257225,5.24161139138774,36.783782325626,220.77050640501,0.438122054212415,0.188901254078406,25.4001918914148,70125004,4
10431004,2025.73073820396,32.2591116666667,64.549755,102,101.262669642355,21.8590466905964,5.20962911075096,36.7695526008777,216.287553410795,0.440789450606571,0.215967924730253,22.6830420779958,70125004,4
10431004,2025.73073820396,32.2591116666667,64.549755,104,103.242514394944,21.6135437866979,5.18194173369971,36.7577687666208,213.670523504296,0.442989483759548,0.272060948946074,19.4262835871366,70125004,4
10431004,2025.73073820396,32.2591116666667,64.549755,106,105.230861071166,21.4363218892476,5.16167200717159,36.746446016336,212.787998173584,0.44470504049375,0.262346881416103,17.1012917589885,70125004,4
10431004,2025.73073820396,32.2591116666667,64.549755,108,107.215595446433,21.299893617048,5.14671937180867,36.7426850108807,210.097304369191,0.437191191154179,0.232996856719487,14.5345704925758,70125004,4
10431004,2025.73073820396,32.2591116666667,64.549755,110,109.20054573159,21.2109490503424,5.13880250232776,36.754659618454,207.694825761476,0.434724228979527,0.22469908318503,12.7756146439204,70125004,4
10431004,2025.73073820396,32.2591116666667,64.549755,112,111.18919332026,21.1756855663643,5.13892792278763,36.7852794241948,211.088057028796,0.429691260049868,0.206002745164412,11.1170442990803,70125004,4
10431004,2025.73073820396,32.2591116666667,64.549755,114,113.162368604042,21.1109965389081,5.13502523466174,36.8087925743552,208.985310739251,0.424346445766372,0.16071982463307,9.86994954808386,70125004,4
10431004,2025.73073820396,32.2591116666667,64.549755,116,115.165737341484,21.0081959077397,5.12239983420168,36.7947350248387,206.982448486283,0.415013591096853,0.119820723285073,8.88906446259019,70125004,4
10431004,2025.73073820396,32.2591116666667,64.549755,118,117.139411729553,20.9154556104287,5.11137433535491,36.7848454951312,204.638782294367,0.416421205002482,0.12640265270642,7.96501735684426,70125004,4
10431004,2025.73073820396,32.2591116666667,64.549755,120,119.120058003681,20.8189463236758,5.10045804668038,36.7790113476678,202.308153450252,0.416736118084832,0.134048683642179,7.25409698056967,70125004,4
10431004,2025.73073820396,32.2591116666667,64.549755,122,121.118257002823,20.7823816018102,5.09670720652407,36.7794567181284,201.102461788688,0.415479341953886,0.129070400941401,6.528834899035,70125004,4
10431004,2025.73073820396,32.2591116666667,64.549755,124,123.089963285311,20.6700927037414,5.08283358500336,36.7631246641657,199.526162511791,0.415297236863731,0.123675657008371,5.88102358585214,70125004,4
10431004,2025.73073820396,32.2591116666667,64.549755,126,125.084564716717,20.5388720578967,5.06777069892595,36.7533775193899,200.590743732868,0.412482786347484,0.113654509657291,5.32594672074481,70125004,4
10431004,2025.73073820396,32.2591116666667,64.549755,128,127.067100218402,20.3212057627108,5.04292762301215,36.7385531985382,202.513083176791,0.41032018897704,0.104868649343475,4.77950677034925,70125004,4
10431004,2025.73073820396,32.2591116666667,64.549755,130,129.048075602169,20.2276191216205,5.03235363907666,36.7325572755115,203.24652679799,0.409373947611293,0.0973770683524439,4.39921890746015,70125004,4
10431004,2025.73073820396,32.2591116666667,64.549755,132,131.037570455193,20.1145873351674,5.01976245576982,36.7268156274752,203.190305909437,0.408822117048047,0.100277870351373,3.93838641922014,70125004,4
10431004,2025.73073820396,32.2591116666667,64.549755,134,133.018808390152,20.034693100795,5.01098009446731,36.7234660558605,203.754101333979,0.406861921703562,0.0904974554993725,3.64070156813799,70125004,4
10431004,2025.73073820396,32.2591116666667,64.549755,136,135.004954236308,19.9672530688434,5.00357405211189,36.7205414015431,204.266060220413,0.40969680149006,0.0764343659604025,3.25534114010347,70125004,4
10431004,2025.73073820396,32.2591116666667,64.549755,138,136.990908139929,19.9078385579487,4.99713023831865,36.7185173879559,204.118139209847,0.405682689152485,0.0746006572212084,3.03544916903178,70125004,4
10431004,2025.73073820396,32.2591116666667,64.549755,140,138.972132127993,19.8481554256387,4.99073573125976,36.7171153680114,204.102923141359,0.404390690286362,0.069368438732292,2.73772987468895,70125004,4
10431004,2025.73073820396,32.2591116666667,64.549755,142,140.961635825284,19.7823010378096,4.98328434462201,36.7123353755198,204.716455641463,0.403929271043431,0.0662694713240295,2.55181604372561,70125004,4
10431004,2025.73073820396,32.2591116666667,64.549755,144,142.937230284728,19.7034452254506,4.97448296964627,36.7077246332751,204.749953564823,0.404497880697862,0.0566835051453861,2.34962084667422,70125004,4
10431004,2025.73073820396,32.2591116666667,64.549755,146,144.929827255246,19.6298916023402,4.96617618468458,36.7025193688998,204.58470451864,0.402130536620342,0.0563355974292964,2.16983771612986,70125004,4
10431004,2025.73073820396,32.2591116666667,64.549755,148,146.914993231296,19.5907551045515,4.9618621742048,36.7002596278668,204.413568787062,0.400837977587831,0.05359124956644,2.01224012006902,70125004,4
10431004,2025.73073820396,32.2591116666667,64.549755,150,148.896725799319,19.523666703362,4.95440551503702,36.6963870414161,204.397627454512,0.406191072338016,0.0528150256266301,1.86713033929158,70125004,4
10431004,2025.73073820396,32.2591116666667,64.549755,152,150.885041223863,19.5072642009385,4.95262392694015,36.6952126303762,204.646248330586,0.400215361796946,0.0468764456376648,1.73577463319439,70125004,4
10431004,2025.73073820396,32.2591116666667,64.549755,154,152.861948286988,19.4975175778079,4.95160676371131,36.6945561805341,204.52387928693,0.400139169504007,0.0547053348928819,1.61017091952096,70125004,4
10431004,2025.73073820396,32.2591116666667,64.549755,156,154.852551185895,19.4897490088768,4.95078353084995,36.6937760190871,204.679322693754,0.399974983455311,0.048527691650874,1.4839508268448,70125004,4
10431004,2025.73073820396,32.2591116666667,64.549755,158,156.835785786182,19.4789843075385,4.94962589046679,36.6928421998216,204.832410872959,0.399427006279604,0.0476117114609991,1.38555802228685,70125004,4
10431004,2025.73073820396,32.2591116666667,64.549755,160,158.820297495961,19.4467628042224,4.94608954249929,36.6909418564586,204.836072469257,0.399688986873408,0.0494601953194175,1.28013744600415,70125004,4
10431004,2025.73073820396,32.2591116666667,64.549755,162,160.800949066474,19.4143701999468,4.94248816537864,36.6886415798441,205.905435088527,0.39882882258548,0.0494599768413219,1.19251166747602,70125004,4
10431004,2025.73073820396,32.2591116666667,64.549755,164,162.791320236027,19.3773557965809,4.93862516337672,36.6882162528506,206.023452760313,0.399058808042286,0.0411150381612572,1.09279536352126,70125004,4
10431004,2025.73073820396,32.2591116666667,64.549755,166,164.769821457065,19.3307289635903,4.93354674611229,36.6860908416471,205.819668519766,0.400703309478911,0.0423037939165348,1.02132797087891,70125004,4
10431004,2025.73073820396,32.2591116666667,64.549755,168,166.760454663944,19.2892392972037,4.92896547352451,36.683578893635,206.256550380151,0.397217867641858,0.038830401684711,0.947202021320695,70125004,4
10431004,2025.73073820396,32.2591116666667,64.549755,170,168.736639435259,19.2786245379319,4.92788772617544,36.6831648084191,206.519552489598,0.397410011216792,0.0386618303657025,0.879370676159263,70125004,4
10431004,2025.73073820396,32.2591116666667,64.549755,172,170.733457130245,19.2752004798898,4.92760453747021,36.6830607758542,206.426644763735,0.396956632962913,0.0351442226994344,0.817312315538183,70125004,4
10431004,2025.73073820396,32.2591116666667,64.549755,174,172.704254842236,19.2736108328493,4.92752717380028,36.6830624104916,206.698722988134,0.397005992212955,0.0408530518601055,0.75146174014758,70125004,4
10431004,2025.73073820396,32.2591116666667,64.549755,176,174.697525130128,19.2616988627047,4.92629748048166,36.6825181871691,206.237801138542,0.396619892724315,0.0378413879762456,0.702648942510437,70125004,4
10431004,2025.73073820396,32.2591116666667,64.549755,178,176.67866692421,19.2370335176905,4.92359336963229,36.6808716346974,206.371539592657,0.395918068319951,0.0296495838575203,0.656454171912487,70125004,4
10431004,2025.73073820396,32.2591116666667,64.549755,180,178.663226328907,19.2263986075975,4.92247288876171,36.6801126610674,206.61935404081,0.396304961016678,0.030196411443964,0.613155398202472,70125004,4
10431004,2025.73073820396,32.2591116666667,64.549755,182,180.653662537253,19.2121831530052,4.92096737963101,36.6792847214882,206.720817707812,0.39561648921695,0.0333496726770087,0.5715215234815,70125004,4
10431004,2025.73073820396,32.2591116666667,64.549755,184,182.628367115952,19.1974646819877,4.91941784998428,36.6785307762192,206.626114100281,0.395860316976087,0.0242081159762892,0.52578654452736,70125004,4
10431004,2025.73073820396,32.2591116666667,64.549755,186,184.618677187484,19.1970279013332,4.91946426745041,36.6785523849838,206.664058924686,0.395619020085671,0.0272196497111897,0.487501165202757,70125004,4
10431004,2025.73073820396,32.2591116666667,64.549755,188,186.599578631511,19.1822059881748,4.91787951149464,36.6775920368703,206.938347999159,0.395464074571894,0.0309847031515401,0.447977684491304,70125004,4
10431004,2025.73073820396,32.2591116666667,64.549755,190,188.589417092294,19.1622445093817,4.91574136360306,36.6765255370607,206.79950358381,0.39450269517078,0.032629608292538,0.422263138166147,70125004,4
10431004,2025.73073820396,32.2591116666667,64.549755,192,190.56227975791,19.1562295357549,4.91516399842332,36.6762385401831,207.193536411653,0.394171699904755,0.0301915456435079,0.395510663408195,70125004,4
10431004,2025.73073820396,32.2591116666667,64.549755,194,192.559300404219,19.1462984921688,4.914153526135,36.675774731774,207.147126295567,0.393908857779617,0.0297547209907964,0.368962667463341,70125004,4
10431004,2025.73073820396,32.2591116666667,64.549755,196,194.53531922072,19.128712954226,4.91224811807953,36.6745579184411,207.137106690678,0.394295054513084,0.0278782649118803,0.342250818819212,70125004,4
10431004,2025.73073820396,32.2591116666667,64.549755,198,196.523418031865,19.1142569157169,4.91073476707775,36.6738665141935,207.537366194794,0.393459122946389,0.0257562326209747,0.322975433666009,70125004,4
10431004,2025.73073820396,32.2591116666667,64.549755,200,198.502179365811,19.1037848328298,4.90974268851084,36.6740321195797,207.308929864371,0.393770237208227,0.023194125513846,0.294628129824618,70125004,4
10431004,2025.73073820396,32.2591116666667,64.549755,202,200.487656648664,19.090141839078,4.90833957299714,36.6735462456044,207.563097379464,0.392980260486581,0.0293346667290753,0.272253698429263,70125004,4
10431004,2025.73073820396,32.2591116666667,64.549755,204,202.479194297567,19.084110950137,4.90778152042468,36.6734327655598,207.710385554523,0.39286586755536,0.0243706758287248,0.257115637550764,70125004,4
10431004,2025.73073820396,32.2591116666667,64.549755,206,204.457580605122,19.077576735468,4.9071169742736,36.6728690668073,207.963922375516,0.392985513584355,0.027555210466181,0.23254615618818,70125004,4
10431004,2025.73073820396,32.2591116666667,64.549755,208,206.437217209553,19.0668845328282,4.90594558906061,36.6717200571526,207.948317628025,0.392392986950758,0.0259174692397486,0.216171331463727,70125004,4
10431004,2025.73073820396,32.2591116666667,64.549755,210,208.431686254111,19.0603446493123,4.90531004087469,36.6714042172974,208.109634980324,0.392881470833731,0.025808588007216,0.196675253175022,70125004,4
10431004,2025.73073820396,32.2591116666667,64.549755,212,210.410635044814,19.0498212712386,4.90422693086406,36.6708467063442,208.454949500306,0.392999764798723,0.03070237088324,0.178304193629619,70125004,4
10431004,2025.73073820396,32.2591116666667,64.549755,214,212.386578184795,19.0397864292365,4.90314802213294,36.6698916074726,208.647340381202,0.392720906290153,0.0235980889163923,0.166166946054619,70125004,4
10431004,2025.73073820396,32.2591116666667,64.549755,216,214.381162471402,19.0233469989098,4.90132563553331,36.6683450484188,208.871369221038,0.392380220571558,0.0228232453082444,0.149878648914212,70125004,4
10431004,2025.73073820396,32.2591116666667,64.549755,218,216.366629704823,19.0137537609018,4.90028910823356,36.6673537768253,208.515872364442,0.392446355895229,0.0243074229075656,0.138669782731409,70125004,4
10431004,2025.73073820396,32.2591116666667,64.549755,220,218.335505278562,19.0120792480335,4.90018743840949,36.6672248250603,208.438927976432,0.392361113478004,0.0280948380261081,0.13160611236422,70125004,4
10431004,2025.73073820396,32.2591116666667,64.549755,222,220.331834892686,19.010636603858,4.90012693120307,36.6672372324269,208.669337919291,0.392034949196247,0.0262192956903872,0.121592299745046,70125004,4
10431004,2025.73073820396,32.2591116666667,64.549755,224,222.318528147393,19.0077081490951,4.89985870797664,36.6668158790668,208.764221302343,0.392144173411247,0.026080160665156,0.11249954077479,70125004,4
10431004,2025.73073820396,32.2591116666667,64.549755,226,224.287019980661,19.0032638262111,4.89947288953523,36.6667456642887,208.905097408171,0.393245876382957,0.0283943957468634,0.101629590875092,70125004,4
10431004,2025.73073820396,32.2591116666667,64.549755,228,226.281792264735,18.9921911247301,4.89840465873618,36.6667949284536,208.856196637367,0.391766928939614,0.0298135490316412,0.0933720067050693,70125004,4
10431004,2025.73073820396,32.2591116666667,64.549755,230,228.271827931337,18.982160587178,4.8974097496776,36.6665386846346,209.364764036761,0.391344500830338,0.025689211572623,0.0861694956416767,70125004,4
10431004,2025.73073820396,32.2591116666667,64.549755,232,230.250775913082,18.9675691973695,4.89596342614046,36.6665163333177,209.9083052014,0.391772739032738,0.023755807834568,0.0779954528668172,70125004,4
10431004,2025.73073820396,32.2591116666667,64.549755,234,232.223504596962,18.9642060615423,4.89576644188148,36.6670790064181,210.026077419448,0.391692055034048,0.0324939418931378,0.0697767680024506,70125004,4
10431004,2025.73073820396,32.2591116666667,64.549755,236,234.217184852525,18.961969242944,4.8956717818566,36.6675067577286,210.372729552739,0.391136257089867,0.0298765584652652,0.061585106110344,70125004,4
10431004,2025.73073820396,32.2591116666667,64.549755,238,236.209332613867,18.9559458029513,4.89505258563218,36.6668675144938,210.381740368132,0.391304319753485,0.0273186526157589,0.0537304403183894,70125004,4
10431004,2025.73073820396,32.2591116666667,64.549755,240,238.178608125978,18.9549718976802,4.89502853911051,36.6667724550527,210.37625850345,0.391213944883726,0.0279596108696793,0.0515366850646673,70125004,4
10431004,2025.73073820396,32.2591116666667,64.549755,242,240.164110718649,18.9537690418227,4.89505329061911,36.6672911889822,210.718757458808,0.391766607915696,0.0218151505096364,0.0408704836835235,70125004,4
10431004,2025.73073820396,32.2591116666667,64.549755,244,242.151765475706,18.952363235353,4.89512343567596,36.668372068425,210.75555207052,0.390640747268626,0.0241316499433738,0.0399869832944233,70125004,4
10431004,2025.73073820396,32.2591116666667,64.549755,246,244.139825367937,18.951380593004,4.89525292478798,36.6695784338731,211.040211124758,0.390750346747533,0.0238899204617087,0.0348102331092136,70125004,4
10431004,2025.73073820396,32.2591116666667,64.549755,248,246.106953273039,18.9512089966173,4.89541423079346,36.6703350318448,211.085955749564,0.391140005597128,0.0235338769775835,0.0300640679207302,70125004,4
10431004,2025.73073820396,32.2591116666667,64.549755,250,248.103937576719,18.9485126999812,4.89529110929049,36.6709303596268,210.96234914422,0.390234663253839,0.0243286067733472,0.0248170259381057,70125004,4
10431004,2025.73073820396,32.2591116666667,64.549755,252,250.093284756849,18.9436545549773,4.89484141271481,36.6706880159279,211.290386904762,0.390573658608996,0.0230669133942829,0.0190366245513818,70125004,4
10431004,2025.73073820396,32.2591116666667,64.549755,254,252.064443308569,18.9302693954849,4.89338599855923,36.6695194529003,211.246502730908,0.390639457642331,0.0243546202316865,0.014925555487194,70125004,4
10431004,2025.73073820396,32.2591116666667,64.549755,256,254.046455147717,18.9157406589514,4.89183897790425,36.6685900339626,211.699907333195,0.389950211936761,0.0245258286956624,0.00669880585871504,70125004,4
10431004,2025.73073820396,32.2591116666667,64.549755,258,256.040987698239,18.909840540734,4.89126461610742,36.6682183748351,211.840324716591,0.38966936810137,0.0233974611730742,0.00477862960342559,70125004,4
10431004,2025.73073820396,32.2591116666667,64.549755,260,258.025101181636,18.9014748255664,4.89043809999654,36.6679038730151,211.992733351983,0.389638174363974,0.0229229354117951,0.00514617847138211,70125004,4
10431004,2025.73073820396,32.2591116666667,64.549755,262,259.997264969917,18.8870212079263,4.88877380488046,36.6659152300043,212.276495527323,0.388957590796007,0.0199058166962378,0.00185254226973052,70125004,4
10431004,2025.73073820396,32.2591116666667,64.549755,264,261.986533472465,18.8740839644009,4.88735427823036,36.6646462939242,211.972649209425,0.388653956441931,0.023198441463525,0.000316804956526659,70125004,4
10431004,2025.73073820396,32.2591116666667,64.549755,266,263.977932124445,18.8579629627713,4.88546582332053,36.6622391202503,212.267039998056,0.388860594725745,0.0210137509675756,0.000278888149174186,70125004,4
10431004,2025.73073820396,32.2591116666667,64.549755,268,265.949979737891,18.8451771332214,4.88393917211568,36.6599283544218,212.174772466283,0.388922250433327,0.0219335735232833,0.000212311762070724,70125004,4
10431004,2025.73073820396,32.2591116666667,64.549755,270,267.936582534963,18.8403940271744,4.88346911995355,36.6594438995218,212.448581193247,0.388717439867933,0.02131729653768,0.000113226434151005,70125004,4
10431004,2025.73073820396,32.2591116666667,64.549755,272,269.923220891761,18.8362154414503,4.88303205920806,36.6587021752575,212.185927223577,0.388584197145749,0.0250426513242239,3.45771563330682e-06,70125004,4
10431004,2025.73073820396,32.2591116666667,64.549755,274,271.901129601765,18.823053919379,4.88148176646008,36.6565209451714,212.127155492884,0.388546086163008,0.0249768746356251,9.58151633924901e-08,70125004,4
10431004,2025.73073820396,32.2591116666667,64.549755,276,273.892437636911,18.8103891268438,4.87999000637115,36.6543921750563,212.284064198632,0.388586185474924,0.0260866823079323,1.13713632481484e-09,70125004,4
10431004,2025.73073820396,32.2591116666667,64.549755,278,275.87235175721,18.8034752387295,4.87915955097605,36.6527504217636,212.265309055345,0.38856901862862,0.021522409045144,1e-12,70125004,4
10431004,2025.73073820396,32.2591116666667,64.549755,280,277.850637425698,18.7913424857506,4.87767470450852,36.6502053296738,211.862652011054,0.388436696805606,0.0237390971804931,5.61207825768505e-12,70125004,4
10431004,2025.73073820396,32.2591116666667,64.549755,282,279.839629344949,18.7826311739141,4.87662339889896,36.64828884501,211.947045858668,0.388296645601647,0.0208341333252986,1.05356255945424e-12,70125004,4
10431004,2025.73073820396,32.2591116666667,64.549755,284,281.822035893585,18.7770691981069,4.87601213519877,36.6472986902058,211.832434986371,0.388565629019461,0.0222027598194697,1.00085647389041e-12,70125004,4
10431004,2025.73073820396,32.2591116666667,64.549755,286,283.807807378844,18.7705643586346,4.8752796204188,36.6461191132641,211.910253727784,0.388298885445067,0.0237130700366254,1.00005662901704e-12,70125004,4
10431004,2025.73073820396,32.2591116666667,64.549755,288,285.784448402465,18.7514831104653,4.87302623948765,36.6432319731921,212.04357710182,0.389288802932111,0.0261817036364725,9.99997063415862e-13,70125004,4
10431004,2025.73073820396,32.2591116666667,64.549755,290,287.762856063935,18.7468316893517,4.87254262753402,36.6425119228117,212.293257575783,0.388213344493202,0.0232903026365041,1.00000043944668e-12,70125004,4
10431004,2025.73073820396,32.2591116666667,64.549755,292,289.763011698534,18.7435577228514,4.87221122583612,36.6418574869398,212.177345563438,0.388220540932342,0.0257877227448075,9.99999964283573e-13,70125004,4
10431004,2025.73073820396,32.2591116666667,64.549755,294,291.73707737339,18.7418693490897,4.87206634589638,36.6413743876666,212.34964299167,0.388499347835502,0.0228984624865767,1.00000000309071e-12,70125004,4
10431004,2025.73073820396,32.2591116666667,64.549755,296,293.721807399851,18.7379604965766,4.87165871627545,36.6406382458846,212.000076500603,0.388518962855802,0.0232798349319508,1.00000000015521e-12,70125004,4
10431004,2025.73073820396,32.2591116666667,64.549755,298,295.701210338008,18.737141979365,4.87164541842032,36.6404967508521,211.595231772018,0.388376635990113,0.0268820468684602,1.00000000000691e-12,70125004,4
10431004,2025.73073820396,32.2591116666667,64.549755,300,297.686893352274,18.7337902188744,4.87127063456017,36.6395443075669,211.358001579067,0.387763048469083,0.0264075134458579,1.00000000000011e-12,70125004,4
10431004,2025.73073820396,32.2591116666667,64.549755,302,299.673964351965,18.7251067201678,4.87019955869998,36.6374299801799,211.479421221928,0.388363017915092,0.0250728273549423,1.00000000000001e-12,70125004,4
10431004,2025.73073820396,32.2591116666667,64.549755,304,301.642352737746,18.71548508631,4.86903608234112,36.6353649785243,211.405605207372,0.388245382315698,0.0259222394108184,1e-12,70125004,4
10431004,2025.73073820396,32.2591116666667,64.549755,306,303.636557947898,18.7087709572902,4.86825279606247,36.6339371703911,211.222254945885,0.387725201805106,0.0244645766278299,1e-12,70125004,4
10431004,2025.73073820396,32.2591116666667,64.549755,308,305.626242786711,18.7024908458273,4.86753468051869,36.6326754314362,211.271527510697,0.388455602964451,0.0239916926077687,1e-12,70125004,4
10431004,2025.73073820396,32.2591116666667,64.549755,310,307.591600750164,18.6950485397125,4.86666994647207,36.6312031549962,211.558341234077,0.388166646108511,0.0227812226338048,1e-12,70125004,4
10431004,2025.73073820396,32.2591116666667,64.549755,312,309.587397088863,18.6860076035321,4.86557777734129,36.6292227793137,211.067832638755,0.388481885535359,0.0260504172155108,1e-12,70125004,4
10431004,2025.73073820396,32.2591116666667,64.549755,314,311.572995094233,18.6706123652236,4.86367822612756,36.6260420842451,211.240513141959,0.388116167890055,0.0258495376206519,1e-12,70125004,4
10431004,2025.73073820396,32.2591116666667,64.549755,316,313.544458793884,18.6514848214423,4.8611473927733,36.6208212614556,210.836455373916,0.387910325403114,0.0259864341362323,1e-12,70125004,4
10431004,2025.73073820396,32.2591116666667,64.549755,318,315.534053759345,18.6338946983029,4.8587829920015,36.6156427420079,210.470558653146,0.388550028202205,0.0249387463867059,1e-12,70125004,4
10431004,2025.73073820396,32.2591116666667,64.549755,320,317.522306414766,18.5953208857483,4.85355312809327,36.6047861183808,210.458947680355,0.388519050001856,0.0290940974320574,1e-12,70125004,4
10431004,2025.73073820396,32.2591116666667,64.549755,322,319.501302414803,18.5846639785142,4.85222545304712,36.6022296192688,210.570255379415,0.389273814724742,0.0285405306913904,1e-12,70125004,4
10431004,2025.73073820396,32.2591116666667,64.549755,324,321.485087334564,18.5849727896171,4.85244478417806,36.6030601075913,210.590878282801,0.389429430531646,0.0303173766623503,1e-12,70125004,4
10431004,2025.73073820396,32.2591116666667,64.549755,326,323.460043917191,18.5747311009603,4.85117974240839,36.6006649370951,210.362670598792,0.389526621108015,0.028715899358688,1e-12,70125004,4
10431004,2025.73073820396,32.2591116666667,64.549755,328,325.44682655392,18.5692074535258,4.85050641149436,36.5991002738972,210.357779139774,0.389669637163679,0.0232803470351124,1e-12,70125004,4
10431004,2025.73073820396,32.2591116666667,64.549755,330,327.437812968094,18.5739522709618,4.85130628466457,36.6009187275497,210.315113066514,0.389567888719789,0.020568734030147,1e-12,70125004,4
10431004,2025.73073820396,32.2591116666667,64.549755,332,329.414092803847,18.5611846383061,4.84975143381144,36.5983055441592,210.894650927558,0.390282263432569,0.0260609497023732,1e-12,70125004,4
10431004,2025.73073820396,32.2591116666667,64.549755,334,331.393090709413,18.5598941274405,4.84974904148786,36.5986754669719,210.469511559266,0.389082337729218,0.0237995328353689,1e-12,70125004,4
10431004,2025.73073820396,32.2591116666667,64.549755,336,333.385144402778,18.5596163871207,4.84993679546647,36.5997598595682,210.158939621307,0.389749872166048,0.022884031306587,1e-12,70125004,4
10431004,2025.73073820396,32.2591116666667,64.549755,338,335.364545928704,18.5505540890364,4.8489213485377,36.5984329591303,209.659695178995,0.389255786300041,0.0233810645795609,1e-12,70125004,4
10431004,2025.73073820396,32.2591116666667,64.549755,340,337.338152405527,18.5394262132904,4.84760575542648,36.5963916582541,209.467586521518,0.388503153805171,0.0275171230825962,1e-12,70125004,4
10431004,2025.73073820396,32.2591116666667,64.549755,342,339.324634824661,18.5334474360002,4.84695227338417,36.5953975201833,209.279882940052,0.388557480252117,0.0257663582872917,1e-12,70125004,4
10431004,2025.73073820396,32.2591116666667,64.549755,344,341.323422326326,18.5278932103242,4.84632932876417,36.5942854434766,209.477171547403,0.388590331076574,0.0271529330603754,1e-12,70125004,4
10431004,2025.73073820396,32.2591116666667,64.549755,346,343.290587474373,18.5236062999543,4.84584070905964,36.593188243853,209.75764387235,0.38889418010631,0.0256742298560428,1e-12,70125004,4
10431004,2025.73073820396,32.2591116666667,64.549755,348,345.275387596876,18.519248278871,4.84534938702637,36.5921309176796,209.603471528554,0.388659322209697,0.0309000743000122,1e-12,70125004,4
10431004,2025.73073820396,32.2591116666667,64.549755,350,347.262790939138,18.5085386223836,4.84408664422491,36.5901627064405,209.58127952072,0.388595208369979,0.0252683032558933,1e-12,70125004,4
10431004,2025.73073820396,32.2591116666667,64.549755,352,349.241731236904,18.5000691029998,4.84309131566075,36.5884752409879,209.800134669227,0.389094135604994,0.0262210911125666,1e-12,70125004,4
10431004,2025.73073820396,32.2591116666667,64.549755,354,351.22567202543,18.4960596837316,4.8426950150253,36.5879143799365,210.131087845349,0.388559084708578,0.0223394444690542,1e-12,70125004,4
10431004,2025.73073820396,32.2591116666667,64.549755,356,353.20980003891,18.4951286218613,4.8428595117582,36.5893834848093,210.923879787639,0.388560035957198,0.0258528050291725,1e-12,70125004,4
10431004,2025.73073820396,32.2591116666667,64.549755,358,355.18705809629,18.500444213085,4.84389795429365,36.5927284169178,210.578703877938,0.388195268785778,0.024659064384276,1e-12,70125004,4
10431004,2025.73073820396,32.2591116666667,64.549755,360,357.169490067974,18.5050236279117,4.84478651595002,36.5954533224393,210.111816165507,0.388291274963182,0.0227762936725015,1e-12,70125004,4
10431004,2025.73073820396,32.2591116666667,64.549755,362,359.161784827734,18.5053769954071,4.84498815556486,36.5960971889742,209.582002196878,0.387704533664565,0.0201029098333886,1e-12,70125004,4
10431004,2025.73073820396,32.2591116666667,64.549755,364,361.131647356157,18.4989166224069,4.84428481381665,36.5951064792644,209.264365095745,0.387655878945276,0.0245791363892844,1e-12,70125004,4
10431004,2025.73073820396,32.2591116666667,64.549755,366,363.115546093138,18.491140687191,4.84334491071716,36.5932743633263,210.056903289637,0.386865613914969,0.0278646972562311,1e-12,70125004,4
10431004,2025.73073820396,32.2591116666667,64.549755,368,365.111770976242,18.4849623289323,4.84263863218736,36.5920072280637,209.693711450235,0.386462192429906,0.0224019251594627,1e-12,70125004,4
10431004,2025.73073820396,32.2591116666667,64.549755,370,367.085383832929,18.4808623090013,4.84215504890023,36.5907856324936,209.96420668797,0.388210677469292,0.0192958271952179,1e-12,70125004,4
10431004,2025.73073820396,32.2591116666667,64.549755,372,369.063608035649,18.470178168131,4.84093433315023,36.5891487941726,209.022015712433,0.386692675973068,0.0241201715313843,1e-12,70125004,4
10431004,2025.73073820396,32.2591116666667,64.549755,374,371.046528607044,18.4636470252339,4.84023872095268,36.588284292204,208.932873764824,0.387356847453052,0.0230540088052744,1e-12,70125004,4
10431004,2025.73073820396,32.2591116666667,64.549755,376,373.042033210013,18.4560569883252,4.83934807009844,36.5867021388258,208.862144740023,0.387604403941244,0.0211922883863897,1e-12,70125004,4
10431004,2025.73073820396,32.2591116666667,64.549755,378,375.013646268434,18.4500304761956,4.83868545124139,36.5856688546559,208.823849636707,0.388095073545633,0.0252012091254904,1e-12,70125004,4
10431004,2025.73073820396,32.2591116666667,64.549755,380,376.991252137365,18.4442140988847,4.83805738212054,36.5847421769543,208.730468559365,0.387736065605329,0.0226396306373445,1e-12,70125004,4
10431004,2025.73073820396,32.2591116666667,64.549755,382,378.978847334481,18.4363247186467,4.83718414444642,36.5835724912803,208.496045240774,0.387574523187694,0.0227469938305891,1e-12,70125004,4
10431004,2025.73073820396,32.2591116666667,64.549755,384,380.968929278517,18.4287717521331,4.83630627432474,36.5820635674732,208.319789957347,0.387645491351259,0.0254962114527511,1e-12,70125004,4
10431004,2025.73073820396,32.2591116666667,64.549755,386,382.936925682666,18.4154260585405,4.83470198027332,36.5795232088303,208.247893958238,0.387644952441186,0.0240196976575758,1e-12,70125004,4
10431004,2025.73073820396,32.2591116666667,64.549755,388,384.927549316347,18.4080971171511,4.83386451425657,36.5781570468248,208.509530539514,0.387692310123851,0.0253596813954273,1e-12,70125004,4
10431004,2025.73073820396,32.2591116666667,64.549755,390,386.912755429985,18.3989255122958,4.83276018511658,36.5761573645487,208.525487273809,0.388051180113396,0.0234945242760496,1e-12,70125004,4
10431004,2025.73073820396,32.2591116666667,64.549755,392,388.884883329783,18.3857114549819,4.83117041179215,36.573618025709,210.310197774231,0.387763638133699,0.0253408499556614,1e-12,70125004,4
10431004,2025.73073820396,32.2591116666667,64.549755,394,390.880815809092,18.3734211279897,4.82970001681483,36.5712717437954,210.878360987498,0.387496463085115,0.024883438422869,1e-12,70125004,4
10431004,2025.73073820396,32.2591116666667,64.549755,396,392.85530658715,18.3661095239369,4.82888296925317,36.5700604617026,210.662201878005,0.387903031026299,0.0222437526475431,1e-12,70125004,4
10431004,2025.73073820396,32.2591116666667,64.549755,398,394.837318068306,18.3616675577428,4.82843587644519,36.5694476008451,210.442361416944,0.387187485514748,0.0251759035407178,1e-12,70125004,4
10431004,2025.73073820396,32.2591116666667,64.549755,400,396.822192592276,18.3550590978612,4.82770244021505,36.5683222155268,210.547609624842,0.387468224517603,0.0261793009701663,1e-12,70125004,4
10431004,2025.73073820396,32.2591116666667,64.549755,402,398.802837099716,18.3484585186066,4.82701848389343,36.5676109723764,209.876499032266,0.387544656058068,0.0253786031402347,1e-12,70125004,4
10431004,2025.73073820396,32.2591116666667,64.549755,404,400.783513033532,18.3442169279146,4.82662068363521,36.5672391421952,209.657026535085,0.387601430721519,0.0193685465745447,1e-12,70125004,4
10431004,2025.73073820396,32.2591116666667,64.549755,406,402.766760938887,18.3326078916074,4.82529298056517,36.5654967049604,210.875346675212,0.387862051079094,0.0226499181664469,1e-12,70125004,4
10431004,2025.73073820396,32.2591116666667,64.549755,408,404.748083664815,18.3247251516245,4.82443569076231,36.5644474862554,210.765549650528,0.387700062153912,0.0237409066111045,1e-12,70125004,4
10431004,2025.73073820396,32.2591116666667,64.549755,410,406.736372483042,18.3221924986468,4.82424592443889,36.5643278595389,210.788274651171,0.387928017338731,0.0242147022266424,1e-12,70125004,4
10431004,2025.73073820396,32.2591116666667,64.549755,412,408.710535928581,18.3185472520248,4.82393941097769,36.5642028892391,210.377773688817,0.387848847014988,0.0209659012796715,1e-12,70125004,4
10431004,2025.73073820396,32.2591116666667,64.549755,414,410.687943925121,18.3106870822239,4.82311836598144,36.5634414422922,209.811956225964,0.387569485961902,0.018409444579613,1e-12,70125004,4
10431004,2025.73073820396,32.2591116666667,64.549755,416,412.685350192595,18.2914289935762,4.82098071013986,36.5615943994609,209.873173951478,0.387652791845093,0.0228709998904794,1e-12,70125004,4
10431004,2025.73073820396,32.2591116666667,64.549755,418,414.661021049155,18.2901316018071,4.82092195865446,36.5614925529011,210.213632489322,0.388420230684848,0.0230788812084403,1e-12,70125004,4
10431004,2025.73073820396,32.2591116666667,64.549755,420,416.640089791431,18.2878961261308,4.82079261650691,36.5616234447464,210.294815724305,0.38779463884896,0.0236076273405096,1e-12,70125004,4
10431004,2025.73073820396,32.2591116666667,64.549755,422,418.618204735562,18.2837592856653,4.82048562634149,36.5619312113759,211.033736860132,0.388513633843369,0.027169608568911,1e-12,70125004,4
10431004,2025.73073820396,32.2591116666667,64.549755,424,420.611332149216,18.2816444984139,4.82038993457985,36.5622418155727,211.312175046666,0.387937120010393,0.0327258292596175,1e-12,70125004,4
10431004,2025.73073820396,32.2591116666667,64.549755,426,422.587526262862,18.2787461386405,4.82013295940161,36.5618742011599,211.299722735824,0.388246149690637,0.0267817120678845,1e-12,70125004,4
10431004,2025.73073820396,32.2591116666667,64.549755,428,424.566079861493,18.2755011093435,4.81988539406966,36.5618953296223,210.851160233267,0.388299125490407,0.020891282822517,1e-12,70125004,4
10431004,2025.73073820396,32.2591116666667,64.549755,430,426.554845883364,18.270215871631,4.81943517239178,36.5620033968209,210.581775498407,0.387970586939124,0.0221617221029881,1e-12,70125004,4
10431004,2025.73073820396,32.2591116666667,64.549755,432,428.528826755055,18.2679193946583,4.81930842891946,36.5622110568967,210.105088658056,0.388534593674272,0.0213541028518775,1e-12,70125004,4
10431004,2025.73073820396,32.2591116666667,64.549755,434,430.515128433015,18.2648454348399,4.81905369281029,36.5620188271423,211.106585041373,0.388134137629793,0.0223777668869514,1e-12,70125004,4
10431004,2025.73073820396,32.2591116666667,64.549755,436,432.498789476066,18.2598290116111,4.81854479355521,36.5613869957188,211.0862344672,0.387971816945795,0.0201054263883017,1e-12,70125004,4
10431004,2025.73073820396,32.2591116666667,64.549755,438,434.475512546439,18.2593736253043,4.81858776212882,36.56140419547,211.216292856114,0.388209654084468,0.0263292631029144,1e-12,70125004,4
10431004,2025.73073820396,32.2591116666667,64.549755,440,436.460391298119,18.2559834782305,4.81827240770153,36.560976214334,211.152155135306,0.388020724231105,0.0269310265733633,1e-12,70125004,4
10431004,2025.73073820396,32.2591116666667,64.549755,442,438.444529715547,18.2359334536427,4.81578792892545,36.5568651842365,210.709838519895,0.387927325156031,0.0239349759688404,1e-12,70125004,4
10431004,2025.73073820396,32.2591116666667,64.549755,444,440.417249353233,18.226226287997,4.81476313658896,36.556004099818,211.179895728541,0.388343324069663,0.0212003574147791,1e-12,70125004,4
10431004,2025.73073820396,32.2591116666667,64.549755,446,442.405371192522,18.2221317696969,4.81442731500177,36.5560274572807,211.195465236244,0.387641918911202,0.0201818290125691,1e-12,70125004,4
10431004,2025.73073820396,32.2591116666667,64.549755,448,444.395519667923,18.2171657723595,4.81394040543573,36.5555365757133,211.298423667704,0.387644845616306,0.0243786193117198,1e-12,70125004,4
10431004,2025.73073820396,32.2591116666667,64.549755,450,446.36825338955,18.2096225006989,4.81320426757552,36.5552120545975,211.713507607188,0.387882403057629,0.0217269998548844,1e-12,70125004,4
10431004,2025.73073820396,32.2591116666667,64.549755,452,448.343173233696,18.207617903408,4.81318264656304,36.5560574834247,212.098286383193,0.38762030955157,0.0291713173359473,1e-12,70125004,4
10431004,2025.73073820396,32.2591116666667,64.549755,454,450.332931989793,18.2026199261058,4.81274583329858,36.5560225749585,212.489638702521,0.388199213334266,0.0264240873657438,1e-12,70125004,4
10431004,2025.73073820396,32.2591116666667,64.549755,456,452.323503374687,18.1961094942188,4.81210316745136,36.5555762826953,212.684768515602,0.388348837999941,0.0280953256257998,1e-12,70125004,4
10431004,2025.73073820396,32.2591116666667,64.549755,458,454.285188260206,18.1915475825991,4.81165038277209,36.5550165072408,212.347983065558,0.388277737647392,0.0271095343831049,1e-12,70125004,4
10431004,2025.73073820396,32.2591116666667,64.549755,460,456.274306855059,18.1904849543486,4.81160226732325,36.5547971533395,212.303104170052,0.387608114183516,0.0213477279355561,1e-12,70125004,4
10431004,2025.73073820396,32.2591116666667,64.549755,462,458.264320879059,18.1879322046524,4.81133654774922,36.5540460305068,212.227350846673,0.387917565875292,0.0204683124409215,1e-12,70125004,4
10431004,2025.73073820396,32.2591116666667,64.549755,464,460.233807673032,18.1803584622113,4.81044870925946,36.5524513924246,212.039869133655,0.388025391269721,0.0212385098715304,1e-12,70125004,4
10431004,2025.73073820396,32.2591116666667,64.549755,466,462.222946756297,18.1773535181403,4.81018003803611,36.5520775398267,212.303197912371,0.387522458977339,0.0194748378751256,1e-12,70125004,4
10431004,2025.73073820396,32.2591116666667,64.549755,468,464.209961122763,18.1741864144509,4.80984912504238,36.5513162803063,212.227951437859,0.387706159826592,0.0243459181251914,1e-12,70125004,4
10431004,2025.73073820396,32.2591116666667,64.549755,470,466.184346702584,18.1677204555987,4.80907836394374,36.5497343193803,211.936374891392,0.387911740092994,0.0226908645193801,1e-12,70125004,4
10431004,2025.73073820396,32.2591116666667,64.549755,472,468.160082663366,18.1619338343259,4.80841129193996,36.5484329289797,211.520492865811,0.387643061572969,0.0246639747087461,1e-12,70125004,4
10431004,2025.73073820396,32.2591116666667,64.549755,474,470.155145642127,18.1506370705319,4.80698262222442,36.5455290953611,211.200979258351,0.387669228087812,0.0222706044234172,1e-12,70125004,4
10431004,2025.73073820396,32.2591116666667,64.549755,476,472.133390988714,18.1438151026531,4.806161021713,36.5438276542839,210.944639574943,0.387635990842682,0.0197487217183298,1e-12,70125004,4
10431004,2025.73073820396,32.2591116666667,64.549755,478,474.106394875029,18.1318214262247,4.80465915669144,36.5409154477064,210.324575960323,0.387535281553604,0.0271104021629011,1e-12,70125004,4
10431004,2025.73073820396,32.2591116666667,64.549755,480,476.099045125739,18.1198192554908,4.80316460987064,36.5380717088615,210.166683144028,0.387262393238208,0.0225735348228973,1e-12,70125004,4
10431004,2025.73073820396,32.2591116666667,64.549755,482,478.071886124396,18.1146516001601,4.80253284417412,36.5365171844062,209.460170556471,0.388120090793016,0.0231625084470824,1e-12,70125004,4
10431004,2025.73073820396,32.2591116666667,64.549755,484,480.049058808178,18.1055630379429,4.80139013795647,36.5340845365433,208.751724078089,0.387237382097853,0.0228844765525556,1e-12,70125004,4
10431004,2025.73073820396,32.2591116666667,64.549755,486,482.042212530229,18.0890054992679,4.79928313245854,36.5300532732593,208.401382214295,0.387147362000188,0.0195094570389295,1e-12,70125004,4
10431004,2025.73073820396,32.2591116666667,64.549755,488,484.019543432178,18.0678182843383,4.79660329192221,36.5252401819552,207.358289486884,0.387411748567611,0.0264165756906619,1e-12,70125004,4
10431004,2025.73073820396,32.2591116666667,64.549755,490,485.996795720255,18.0452965979234,4.79380095530475,36.5205602527463,206.583581977732,0.387049706546277,0.021266945196425,1e-12,70125004,4
10431004,2025.73073820396,32.2591116666667,64.549755,492,487.985071163862,18.0274527616836,4.7915143768456,36.5161221905851,205.914506025295,0.387923197882243,0.0220077747149444,1e-12,70125004,4
10431004,2025.73073820396,32.2591116666667,64.549755,494,489.969598939846,17.9997024191032,4.78797864254051,36.5098045155321,204.970890488712,0.387472186801333,0.0226555465829329,1e-12,70125004,4
10431004,2025.73073820396,32.2591116666667,64.549755,496,491.940165743893,17.9871313819005,4.78639407347097,36.5066722288915,203.958754467053,0.386804432036059,0.0215653983438766,1e-12,70125004,4
10431004,2025.73073820396,32.2591116666667,64.549755,498,493.927291138953,17.9659300106588,4.78372962553853,36.5019712580757,203.315172441209,0.386896482899158,0.0206490404618802,1e-12,70125004,4
10431004,2025.73073820396,32.2591116666667,64.549755,500,495.905895362727,17.9457399916188,4.78118180023147,36.4973627145948,202.602572628911,0.386996741592467,0.0231003329927469,1e-12,70125004,4
10431004,2025.73073820396,32.2591116666667,64.549755,502,497.884200941192,17.928473903046,4.77901840145378,36.4934396152177,201.997970180918,0.386991707257811,0.0239122002077414,1e-12,70125004,4
10431005,2025.73181126332,31.9772666666667,64.3796816666667,4,3.96815786722426,28.9182231669385,5.9152151077809,36.3472174829125,197.94559394178,0.423530785851194,0.0368155253528489,0.745007849799617,70125006,6
10431005,2025.73181126332,31.9772666666667,64.3796816666667,6,5.95678065874559,28.8055930688332,5.90136643568121,36.336365471057,197.756596183648,0.421095860627119,0.0398651844204149,0.528101258795293,70125006,6
10431005,2025.73181126332,31.9772666666667,64.3796816666667,8,7.94465885789021,28.5983433699015,5.87750331068438,36.3281108054159,198.478595337763,0.422032061657571,0.0389308479596029,0.29843804968651,70125006,6
10431005,2025.73181126332,31.9772666666667,64.3796816666667,10,9.93260854100281,28.5832897479105,5.87599501209507,36.3285042078059,198.28117594556,0.421473221431421,0.0386635010204283,0.167316631612726,70125006,6
10431005,2025.73181126332,31.9772666666667,64.3796816666667,12,11.9270547008842,28.5682122951069,5.874371535936,36.3281148021642,198.386566944652,0.425987975187809,0.0393057265490532,0.0719016197091418,70125006,6
10431005,2025.73181126332,31.9772666666667,64.3796816666667,14,13.8931700265317,28.5606320139652,5.87374355115044,36.3289318159308,198.607398859823,0.423367131900992,0.0384410619130363,0.0347432853774823,70125006,6
10431005,2025.73181126332,31.9772666666667,64.3796816666667,16,15.89446525815,28.5620361905423,5.87461443800348,36.3333312343324,198.401194578702,0.423730208288422,0.0388238151975859,0.0199483992870606,70125006,6
10431005,2025.73181126332,31.9772666666667,64.3796816666667,18,17.8713408683162,28.5655386828949,5.87596269718307,36.3394562875101,198.908336942776,0.423754739807069,0.0367829928521977,1e-12,70125006,6
10431005,2025.73181126332,31.9772666666667,64.3796816666667,20,19.8624821183577,28.5437575902954,5.87479993475866,36.3474273056223,198.595351826324,0.423817471143019,0.04172574529226,0.00162928163560757,70125006,6
10431005,2025.73181126332,31.9772666666667,64.3796816666667,22,21.8383809255474,28.5428356400193,5.87666997235022,36.360592642794,198.528531925194,0.424407087127686,0.0358674040035821,1e-12,70125006,6
10431005,2025.73181126332,31.9772666666667,64.3796816666667,24,23.8321524850272,28.5387870005456,5.8765852845495,36.3625003732132,198.446893728266,0.423676950645603,0.0427622054844892,1e-12,70125006,6
10431005,2025.73181126332,31.9772666666667,64.3796816666667,26,25.8178142259765,28.5345763164231,5.87628182968844,36.3630040494289,198.555052573352,0.423593062445883,0.0428470136339613,2.22442359524044e-07,70125006,6
10431005,2025.73181126332,31.9772666666667,64.3796816666667,28,27.8076221864614,28.5184755369916,5.87559832448753,36.3699766288306,198.347830510646,0.423208385947661,0.0403934868831673,4.74676398279967e-09,70125006,6
10431005,2025.73181126332,31.9772666666667,64.3796816666667,30,29.7845062505255,28.5053745826916,5.87483034059127,36.37405827487,198.679760475241,0.42387773101178,0.039871659012852,1e-12,70125006,6
10431005,2025.73181126332,31.9772666666667,64.3796816666667,32,31.7752063201112,28.4968842694969,5.87422607139987,36.3757454782384,198.448160437119,0.424237824634315,0.0369556579472528,2.43287209097268e-11,70125006,6
10431005,2025.73181126332,31.9772666666667,64.3796816666667,34,33.762830271331,28.4960502448042,5.87437847335079,36.3768445923345,198.572697525748,0.425030876134865,0.0417949387075701,6.75614541232061e-13,70125006,6
10431005,2025.73181126332,31.9772666666667,64.3796816666667,36,35.7476763973132,28.4856995820655,5.87351878377469,36.378174727824,198.509782101459,0.424593396216022,0.0465940935009791,9.67689236802519e-13,70125006,6
10431005,2025.73181126332,31.9772666666667,64.3796816666667,38,37.7323759454591,28.4811725968685,5.87319017951146,36.3787464218334,198.540865809704,0.424718215942546,0.0428194596601589,9.96682126217566e-13,70125006,6
10431005,2025.73181126332,31.9772666666667,64.3796816666667,40,39.7142092496945,28.4735242321707,5.8724840331504,36.3790748546564,198.626738211741,0.425609356980903,0.0439114660672747,1.00003520735191e-12,70125006,6
10431005,2025.73181126332,31.9772666666667,64.3796816666667,42,41.7082411009804,28.4531489903578,5.86997291337307,36.3765518684505,199.04123923396,0.42472206821079,0.0448436140864844,1.00000309118141e-12,70125006,6
10431005,2025.73181126332,31.9772666666667,64.3796816666667,44,43.679722360423,28.3849491888944,5.86305900103856,36.3799593255953,200.553989316008,0.425306167655105,0.0534244201098466,9.99999855019967e-13,70125006,6
10431005,2025.73181126332,31.9772666666667,64.3796816666667,46,45.6829402183559,28.2848054352383,5.85641157833897,36.4098420380106,201.235234600373,0.426298740664071,0.052303594228504,9.99999984216491e-13,70125006,6
10431005,2025.73181126332,31.9772666666667,64.3796816666667,48,47.6592067529613,28.1265488171922,5.84104440299452,36.4233355412563,201.272865902412,0.430593775249104,0.0542078394063338,1.00000000365232e-12,70125006,6
10431005,2025.73181126332,31.9772666666667,64.3796816666667,50,49.6476357362096,27.714182421846,5.8039846164645,36.4806050546487,202.421252411192,0.428777059936286,0.0557148820460674,9.99999999963574e-13,70125006,6
10431005,2025.73181126332,31.9772666666667,64.3796816666667,52,51.634640345532,27.361793347905,5.77226630357662,36.5292984847656,203.509395643664,0.43384220057557,0.0615542611502727,9.99999999997061e-13,70125006,6
10431005,2025.73181126332,31.9772666666667,64.3796816666667,54,53.6097522094719,26.8706890490168,5.72510718801925,36.5764049423137,204.370218695698,0.4352387966967,0.0736283177842922,1.00000000000013e-12,70125006,6
10431005,2025.73181126332,31.9772666666667,64.3796816666667,56,55.6061053745903,26.3731465884535,5.67580246733622,36.6129959213408,205.088672532026,0.434093459335322,0.0737183825776379,1.00000000000002e-12,70125006,6
10431005,2025.73181126332,31.9772666666667,64.3796816666667,58,57.5815486490925,26.0498356371136,5.64577639637003,36.6511885806811,200.186718651841,0.432626837171723,0.0764707226659503,9.99999999999998e-13,70125006,6
10431005,2025.73181126332,31.9772666666667,64.3796816666667,60,59.576595524688,25.7950788946208,5.62308254906385,36.6882721273588,197.940297450967,0.431301425248978,0.0828478472927312,1e-12,70125006,6
10431005,2025.73181126332,31.9772666666667,64.3796816666667,62,61.5594056692512,25.6240842343474,5.60801662041665,36.7142250778323,195.859944231205,0.429863274979545,0.0870837028932911,1e-12,70125006,6
10431005,2025.73181126332,31.9772666666667,64.3796816666667,64,63.5331630950648,25.5319297586121,5.60103548790042,36.7363577198531,192.861957679291,0.433603373069783,0.0993306426624059,1e-12,70125006,6
10431005,2025.73181126332,31.9772666666667,64.3796816666667,66,65.5388771396013,25.4040582749708,5.58961172775365,36.7545176173697,192.842373925628,0.433012016688857,0.105341141737514,1e-12,70125006,6
10431005,2025.73181126332,31.9772666666667,64.3796816666667,68,67.50894135617,25.2211489335776,5.57013088765105,36.7574251865951,195.317213856203,0.435432671845944,0.117230258078532,1e-12,70125006,6
10431005,2025.73181126332,31.9772666666667,64.3796816666667,70,69.5048083748503,25.0179372934298,5.54829039983946,36.7591223168033,197.328107670217,0.434637107126676,0.120673199083996,1e-12,70125006,6
10431005,2025.73181126332,31.9772666666667,64.3796816666667,72,71.4804121731619,24.9421365354916,5.54038852615399,36.7611521032121,199.034178823287,0.434044013338393,0.125263448791462,1e-12,70125006,6
10431005,2025.73181126332,31.9772666666667,64.3796816666667,74,73.4728799810632,24.7626366059619,5.51872951770435,36.7445578324586,210.97244241001,0.432230932398845,0.122620147840799,1e-12,70125006,6
10431005,2025.73181126332,31.9772666666667,64.3796816666667,76,75.4577963712678,24.4536329912007,5.48930764078006,36.7754702551402,220.192669795978,0.428329835187649,0.121864802842523,1e-12,70125006,6
10431005,2025.73181126332,31.9772666666667,64.3796816666667,78,77.4384426473072,24.4722796076645,5.49720310173478,36.8191191399713,224.83888704619,0.428319374447754,0.116350228451412,1e-12,70125006,6
10431005,2025.73181126332,31.9772666666667,64.3796816666667,80,79.4280380054216,24.4871321607695,5.50572965020788,36.8706400524889,226.037514321431,0.424364417757435,0.109000244068192,1e-12,70125006,6
10431005,2025.73181126332,31.9772666666667,64.3796816666667,82,81.4134849278909,24.4537027628945,5.50252347603521,36.8732621308639,225.207500021336,0.425854478533582,0.112711342722352,1e-12,70125006,6
10431005,2025.73181126332,31.9772666666667,64.3796816666667,84,83.3959742061323,24.1911696433675,5.47015131339918,36.8438000743253,221.243707555342,0.424320845276196,0.122758238610234,1e-12,70125006,6
10431005,2025.73181126332,31.9772666666667,64.3796816666667,86,85.3867371882786,23.7710678477901,5.41721471675146,36.7870587650398,220.424084511356,0.426535056637255,0.121410837673631,1e-12,70125006,6
10431005,2025.73181126332,31.9772666666667,64.3796816666667,88,87.3668402412558,23.4977405180134,5.38307309160754,36.7514682160446,220.498620631272,0.425981392616219,0.129214220009766,1e-12,70125006,6
10431005,2025.73181126332,31.9772666666667,64.3796816666667,90,89.3573371328518,23.3833146583784,5.36901102945256,36.7376940080385,220.788010823073,0.424724773578185,0.132570011661555,1e-12,70125006,6
10431005,2025.73181126332,31.9772666666667,64.3796816666667,92,91.3313706000678,23.2872604732143,5.35791943389168,36.7314434889475,219.37833051225,0.425199808437417,0.131481709008522,1e-12,70125006,6
10431005,2025.73181126332,31.9772666666667,64.3796816666667,94,93.3281548900333,23.1795270339893,5.34722770935471,36.7379698137731,216.27340986405,0.423438184868566,0.129368455064949,1e-12,70125006,6
10431005,2025.73181126332,31.9772666666667,64.3796816666667,96,95.3146111950144,22.9621116558068,5.32532656540802,36.7492437216935,215.751180008631,0.424395311430636,0.129669774058984,1e-12,70125006,6
10431005,2025.73181126332,31.9772666666667,64.3796816666667,98,97.294303387748,22.7522726528311,5.30282839531873,36.7493706737622,213.383136083908,0.420914842770976,0.130599660591976,1e-12,70125006,6
10431005,2025.73181126332,31.9772666666667,64.3796816666667,100,99.2821693920936,22.4606111969811,5.272653219775,36.7580381557625,212.560599921089,0.419545539876353,0.129904989362809,1e-12,70125006,6
10431005,2025.73181126332,31.9772666666667,64.3796816666667,102,101.261576033391,22.263701586579,5.25197867205269,36.7611966663721,212.830557495605,0.418387879661681,0.131065715278105,1e-12,70125006,6
10431005,2025.73181126332,31.9772666666667,64.3796816666667,104,103.249391178175,22.1743759027737,5.24263889533792,36.7624564861886,211.243532732754,0.416828056051471,0.143892211121774,1e-12,70125006,6
10431005,2025.73181126332,31.9772666666667,64.3796816666667,106,105.233496888474,21.9971712486672,5.22408145910868,36.7653601909237,211.037434508001,0.421004502906384,0.152107429622248,1e-12,70125006,6
10431005,2025.73181126332,31.9772666666667,64.3796816666667,108,107.213414725673,21.9122258017087,5.21484873367714,36.7636560484591,210.471840126771,0.420905630551021,0.156271903543175,1e-12,70125006,6
10431005,2025.73181126332,31.9772666666667,64.3796816666667,110,109.210853427958,21.8368506451647,5.20685730841214,36.7636257114682,209.89456679355,0.419785042852982,0.160756342959245,1e-12,70125006,6
10431005,2025.73181126332,31.9772666666667,64.3796816666667,112,111.183108362562,21.709350610122,5.19364340397263,36.7664366292234,208.370192419277,0.418827141091463,0.155118355021166,1e-12,70125006,6
10431005,2025.73181126332,31.9772666666667,64.3796816666667,114,113.175456832934,21.6539987105824,5.1884090921796,36.771240117805,205.997521104375,0.417745489216913,0.166001928611197,1e-12,70125006,6
10431005,2025.73181126332,31.9772666666667,64.3796816666667,116,115.154781317274,21.6060423217713,5.18391923876157,36.775663230013,204.435851527597,0.419283971413474,0.16718177374763,1e-12,70125006,6
10431005,2025.73181126332,31.9772666666667,64.3796816666667,118,117.139413836355,21.5490580081393,5.1789986405784,36.7843650118282,199.874326440744,0.418758505431648,0.166024688766027,1e-12,70125006,6
10431005,2025.73181126332,31.9772666666667,64.3796816666667,120,119.132416671119,21.3912719059956,5.16170984292221,36.7803384001383,200.871216400066,0.418249080881165,0.161233699048034,1e-12,70125006,6
10431005,2025.73181126332,31.9772666666667,64.3796816666667,122,121.110170431416,21.3048796388395,5.15256456739002,36.7803446296654,198.94208636188,0.418857210055638,0.169329099842483,1e-12,70125006,6
10431005,2025.73181126332,31.9772666666667,64.3796816666667,124,123.10014146443,21.2063573688478,5.14194483016791,36.7788598942997,197.391136783922,0.417703764314764,0.165124692435189,1e-12,70125006,6
10431005,2025.73181126332,31.9772666666667,64.3796816666667,126,125.085171671455,21.1168871901098,5.13241320490703,36.7783008513607,196.289068512669,0.418320809853123,0.160846612934283,1e-12,70125006,6
10431005,2025.73181126332,31.9772666666667,64.3796816666667,128,127.060761595193,20.978982936323,5.1166103614073,36.7687469462012,200.123259542957,0.416747404487696,0.164356163917234,1e-12,70125006,6
10431005,2025.73181126332,31.9772666666667,64.3796816666667,130,129.062211927705,20.8515841282529,5.10210188415293,36.7604803723065,199.124479036508,0.416265682107722,0.150918963861142,1e-12,70125006,6
10431005,2025.73181126332,31.9772666666667,64.3796816666667,132,131.032492681951,20.801902107916,5.09721096146358,36.7630216460972,197.075953301104,0.415112555588851,0.137172842307012,1e-12,70125006,6
10431005,2025.73181126332,31.9772666666667,64.3796816666667,134,133.027509736055,20.7535974217656,5.09204639121965,36.7621228213597,198.1621895503,0.41433550382328,0.1290009593967,1e-12,70125006,6
10431005,2025.73181126332,31.9772666666667,64.3796816666667,136,135.006470640363,20.726026693916,5.08879101314659,36.7587906770334,198.998400722508,0.413381307387941,0.124097707967072,1e-12,70125006,6
10431005,2025.73181126332,31.9772666666667,64.3796816666667,138,136.993233453516,20.6879068902454,5.08474290267005,36.7581327290191,197.683828300391,0.413319923269852,0.125752067949979,1e-12,70125006,6
10431005,2025.73181126332,31.9772666666667,64.3796816666667,140,138.978008987871,20.5826141354675,5.07277823575999,36.751162961736,200.911037445741,0.411484107575232,0.121454614982443,1e-12,70125006,6
10431005,2025.73181126332,31.9772666666667,64.3796816666667,142,140.964270989121,20.3348714276741,5.04385600531636,36.7291234519425,206.325389019266,0.40835818358122,0.117434852915071,1e-12,70125006,6
10431005,2025.73181126332,31.9772666666667,64.3796816666667,144,142.945121979925,20.2213287652295,5.03057155913157,36.7182405252228,206.746925767596,0.407790906299255,0.113535448003826,1e-12,70125006,6
10431005,2025.73181126332,31.9772666666667,64.3796816666667,146,144.934689869816,20.1811392738726,5.02687172635713,36.7221045369921,203.685091599056,0.406706996826797,0.112467791601948,1e-12,70125006,6
10431005,2025.73181126332,31.9772666666667,64.3796816666667,148,146.914265743343,20.1242231140697,5.02134235376179,36.7255046418568,202.498548531628,0.40658353589012,0.108442680390405,1e-12,70125006,6
10431005,2025.73181126332,31.9772666666667,64.3796816666667,150,148.903043883835,20.012319678365,5.00856197612766,36.7171240339613,205.303130367443,0.40550137825422,0.105724413658257,1e-12,70125006,6
10431005,2025.73181126332,31.9772666666667,64.3796816666667,152,150.883242613351,19.827384352465,4.98635009531774,36.6945273613793,210.323303579257,0.405027214831463,0.0908295407506738,1e-12,70125006,6
10431005,2025.73181126332,31.9772666666667,64.3796816666667,154,152.872232725991,19.7198000458398,4.97387100606182,36.6845764066137,211.002111258346,0.402866298829346,0.0871885128341657,1e-12,70125006,6
10431005,2025.73181126332,31.9772666666667,64.3796816666667,156,154.855201905194,19.6375969004166,4.9647344778569,36.680030618248,209.462616868127,0.401981777266378,0.0892133975463455,1e-12,70125006,6
10431005,2025.73181126332,31.9772666666667,64.3796816666667,158,156.839124435894,19.5727196167668,4.95824327634846,36.68224762781,204.74657382572,0.400251869433184,0.0854824646152237,1e-12,70125006,6
10431005,2025.73181126332,31.9772666666667,64.3796816666667,160,158.821949315041,19.5229902747807,4.95368051192517,36.687195232617,201.096509321276,0.400610378327258,0.0878086709038262,1e-12,70125006,6
10431005,2025.73181126332,31.9772666666667,64.3796816666667,162,160.806719045808,19.5100492520846,4.95247792477443,36.6878016690492,200.606696690028,0.407080980973394,0.085750312893587,1e-12,70125006,6
10431005,2025.73181126332,31.9772666666667,64.3796816666667,164,162.795132282218,19.5037926363628,4.9519299193136,36.6879861847172,200.41898497255,0.401912341962046,0.0944177138392043,1e-12,70125006,6
10431005,2025.73181126332,31.9772666666667,64.3796816666667,166,164.766273269045,19.4758315340446,4.94838737835007,36.682287935109,203.761062464508,0.402310489139448,0.0903924908228551,1e-12,70125006,6
10431005,2025.73181126332,31.9772666666667,64.3796816666667,168,166.768755617486,19.4266419118722,4.94215788571867,36.6728353851842,204.945689520418,0.401075755373383,0.0867356291224004,1e-12,70125006,6
10431005,2025.73181126332,31.9772666666667,64.3796816666667,170,168.751033102117,19.4062640063477,4.93980001520995,36.6703296501253,205.077234762124,0.402251186788097,0.0855262926973629,1e-12,70125006,6
10431005,2025.73181126332,31.9772666666667,64.3796816666667,172,170.719475830067,19.3842224232759,4.93721989482862,36.6674280039483,207.980539012082,0.401417461163128,0.0801474994705449,1e-12,70125006,6
10431005,2025.73181126332,31.9772666666667,64.3796816666667,174,172.718997288263,19.3053241162602,4.92711369692104,36.6516478603228,211.530444970987,0.39997851262495,0.0804014389906137,1e-12,70125006,6
10431005,2025.73181126332,31.9772666666667,64.3796816666667,176,174.694840539923,19.2480344882844,4.92014277456031,36.6430174572824,213.502310958819,0.398492617067586,0.0711000166453516,1e-12,70125006,6
10431005,2025.73181126332,31.9772666666667,64.3796816666667,178,176.684060943202,19.2348139956449,4.91871136967363,36.64192492842,212.956684936292,0.397304675554481,0.074787569430934,1e-12,70125006,6
10431005,2025.73181126332,31.9772666666667,64.3796816666667,180,178.670697133713,19.2190123608157,4.91728174909502,36.6431218325227,211.130983827585,0.397010927430222,0.0756287095862232,1e-12,70125006,6
10431005,2025.73181126332,31.9772666666667,64.3796816666667,182,180.652542598352,19.2013439012094,4.91588580951646,36.6462464626794,208.787155452044,0.397304866387079,0.0696284861666018,1e-12,70125006,6
10431005,2025.73181126332,31.9772666666667,64.3796816666667,184,182.640750004966,19.1793483816897,4.91384014027197,36.64773961324,205.260106840566,0.396997526026088,0.068313142155074,1e-12,70125006,6
10431005,2025.73181126332,31.9772666666667,64.3796816666667,186,184.622840284685,19.1593225311601,4.91247559489518,36.6532082306121,203.928945206805,0.397755596657994,0.0728144746819887,1e-12,70125006,6
10431005,2025.73181126332,31.9772666666667,64.3796816666667,188,186.602100005189,19.1041673778587,4.90597595407372,36.6465753986439,206.7819071722,0.398023008381894,0.0702882466007528,1e-12,70125006,6
10431005,2025.73181126332,31.9772666666667,64.3796816666667,190,188.588845828178,19.0847872387136,4.90362350473044,36.6431722268082,207.727213920314,0.396640137667619,0.0660954546231345,1e-12,70125006,6
10431005,2025.73181126332,31.9772666666667,64.3796816666667,192,190.573852829731,19.0827959320576,4.90349288808809,36.6430791093845,207.841227370925,0.396801331839038,0.0610460303513743,1e-12,70125006,6
10431005,2025.73181126332,31.9772666666667,64.3796816666667,194,192.55794121678,19.0698208351554,4.9023723845855,36.6443682528649,206.733898537139,0.396134666504185,0.0615694732942968,1e-12,70125006,6
10431005,2025.73181126332,31.9772666666667,64.3796816666667,196,194.556589390817,19.0599302157752,4.90188944118104,36.648292310135,205.539336689991,0.395332397839871,0.0560879600109911,1e-12,70125006,6
10431005,2025.73181126332,31.9772666666667,64.3796816666667,198,196.520840370118,19.0295923487188,4.8983633343123,36.6446929096378,205.637663847747,0.394974364836994,0.059569261162444,1e-12,70125006,6
10431005,2025.73181126332,31.9772666666667,64.3796816666667,200,198.511040637535,19.0131067789155,4.89669038144853,36.6444353880935,205.499522404584,0.395651752549,0.0598638068280765,1e-12,70125006,6
10431005,2025.73181126332,31.9772666666667,64.3796816666667,202,200.49133492284,18.9923536622153,4.89410554775613,36.640272336112,205.796245458087,0.39538029897489,0.0636107682765295,1e-12,70125006,6
10431005,2025.73181126332,31.9772666666667,64.3796816666667,204,202.47426767427,18.9931151659638,4.89450420624341,36.6421999103772,205.804534634706,0.39527608939423,0.0610389616248551,1e-12,70125006,6
10431005,2025.73181126332,31.9772666666667,64.3796816666667,206,204.468473584935,18.9918604745806,4.89451020324548,36.6426046673914,205.937097318855,0.39486521806587,0.0583145994002524,1e-12,70125006,6
10431005,2025.73181126332,31.9772666666667,64.3796816666667,208,206.445494543426,18.9714375564122,4.89208809372648,36.6395151876605,206.087604095962,0.394632866816649,0.0574329328364926,1e-12,70125006,6
10431005,2025.73181126332,31.9772666666667,64.3796816666667,210,208.427696996913,18.9440424326098,4.88868253738236,36.6343023684921,206.316283935136,0.396847477106447,0.0561492963591448,1e-12,70125006,6
10431005,2025.73181126332,31.9772666666667,64.3796816666667,212,210.413455416558,18.8992738053625,4.88281971620494,36.6237329574684,206.559753688659,0.394789472938171,0.0581293711087863,1e-12,70125006,6
10431005,2025.73181126332,31.9772666666667,64.3796816666667,214,212.398651377709,18.8835305754495,4.88139018174013,36.6248518364867,206.162669213985,0.393797002052311,0.054429462639323,1e-12,70125006,6
10431005,2025.73181126332,31.9772666666667,64.3796816666667,216,214.375162820218,18.8795038761517,4.88140210288534,36.6277604308106,206.15707428103,0.393435308960947,0.0523286424611195,1e-12,70125006,6
10431005,2025.73181126332,31.9772666666667,64.3796816666667,218,216.376148924329,18.8608650224994,4.87926085447071,36.6254363790213,206.125574152526,0.392763826910201,0.0521212570088569,1e-12,70125006,6
10431005,2025.73181126332,31.9772666666667,64.3796816666667,220,218.344083212844,18.855215396337,4.87889973777752,36.6266345323691,205.975908547089,0.39273743467471,0.046625846055316,1e-12,70125006,6
10431005,2025.73181126332,31.9772666666667,64.3796816666667,222,220.335038581748,18.8491118700736,4.87846706744694,36.6276304768175,206.029596498806,0.391772443327253,0.0382799138343344,1e-12,70125006,6
10431005,2025.73181126332,31.9772666666667,64.3796816666667,224,222.320594164599,18.8400880912462,4.87760512974251,36.6275884965747,206.002718334925,0.391305380043727,0.0322330499399961,1e-12,70125006,6
10431005,2025.73181126332,31.9772666666667,64.3796816666667,226,224.305019798553,18.8325865640308,4.87687636209661,36.6273223088675,205.934678889046,0.390969448032132,0.0318385013651003,1e-12,70125006,6
10431005,2025.73181126332,31.9772666666667,64.3796816666667,228,226.278586920447,18.8226072900453,4.87589031587314,36.6270778249971,205.827083308376,0.390592735425063,0.0326324629712447,1e-12,70125006,6
10431005,2025.73181126332,31.9772666666667,64.3796816666667,230,228.26863015854,18.8189578252959,4.87558177357546,36.6269478828406,205.981701952698,0.390252084279132,0.0336704727023474,1e-12,70125006,6
10431005,2025.73181126332,31.9772666666667,64.3796816666667,232,230.262454782397,18.8112560090528,4.87480933973095,36.6264893649607,206.004357115547,0.389828333760206,0.0308226733865442,1e-12,70125006,6
10431005,2025.73181126332,31.9772666666667,64.3796816666667,234,232.237953708551,18.806429122279,4.87435256974493,36.6261502096996,206.268291837204,0.388972810238359,0.0332301362608232,1e-12,70125006,6
10431005,2025.73181126332,31.9772666666667,64.3796816666667,236,234.218135639871,18.8000312045504,4.87377565902619,36.6261878356352,206.522901003519,0.389305307412395,0.032579840842017,1e-12,70125006,6
10431005,2025.73181126332,31.9772666666667,64.3796816666667,238,236.210743803532,18.7933062395983,4.87318261227051,36.626378767661,206.734267651491,0.388682654453944,0.0265788497305876,1e-12,70125006,6
10431005,2025.73181126332,31.9772666666667,64.3796816666667,240,238.183880293875,18.7840808686144,4.87222227721403,36.6256811349236,206.388998025865,0.388514557873198,0.0272207825758659,1e-12,70125006,6
10431005,2025.73181126332,31.9772666666667,64.3796816666667,242,240.174366997842,18.7806979789764,4.87192532706365,36.6254124395141,207.007066251155,0.388554594486657,0.0241705854574361,1e-12,70125006,6
10431005,2025.73181126332,31.9772666666667,64.3796816666667,244,242.15854242119,18.7760860473843,4.871473576968,36.6249244130161,206.969111667499,0.388777989445372,0.0303840785620585,1e-12,70125006,6
10431005,2025.73181126332,31.9772666666667,64.3796816666667,246,244.131944235589,18.7676377865915,4.8706156154995,36.6244023240401,207.077046994385,0.388561035208734,0.0342945129138449,1e-12,70125006,6
10431005,2025.73181126332,31.9772666666667,64.3796816666667,248,246.12686802525,18.7612198410516,4.8699966059657,36.6241005307049,207.07778615085,0.388522773941849,0.0291248039032669,1e-12,70125006,6
10431005,2025.73181126332,31.9772666666667,64.3796816666667,250,248.119038613015,18.7535050240497,4.8691686223488,36.623180804816,207.100938410181,0.38922837406113,0.0314000552387298,1e-12,70125006,6
10431005,2025.73181126332,31.9772666666667,64.3796816666667,252,250.076692825346,18.743395714531,4.86804948521667,36.6219208763384,207.321131011826,0.388507969239478,0.0317254338223464,1e-12,70125006,6
10431005,2025.73181126332,31.9772666666667,64.3796816666667,254,252.067374198538,18.7352444985847,4.86715998293827,36.6208664779282,207.551020464657,0.388317427689069,0.0263271228012148,1e-12,70125006,6
10431005,2025.73181126332,31.9772666666667,64.3796816666667,256,254.069191296818,18.7297042680223,4.86653120622234,36.6197021422639,207.543757398134,0.388257980149354,0.0291772175906275,1e-12,70125006,6
10431005,2025.73181126332,31.9772666666667,64.3796816666667,258,256.043483856744,18.7195089329786,4.86536379394217,36.6181074001533,207.526556448164,0.388531449771453,0.0310087844227286,1e-12,70125006,6
10431005,2025.73181126332,31.9772666666667,64.3796816666667,260,258.017315899955,18.7007035986203,4.86316897249115,36.6154510589751,207.755185827154,0.388624196803186,0.0247152160302398,1e-12,70125006,6
10431005,2025.73181126332,31.9772666666667,64.3796816666667,262,260.01475689448,18.6982000347673,4.86304434706016,36.6158593471267,207.583720183553,0.389687699414767,0.0249562296248183,1e-12,70125006,6
10431005,2025.73181126332,31.9772666666667,64.3796816666667,264,261.998545433284,18.6929071222718,4.86240083523469,36.6143486876741,207.740103468276,0.388633788665634,0.0251474975776175,1e-12,70125006,6
10431005,2025.73181126332,31.9772666666667,64.3796816666667,266,263.972071298882,18.6825317662389,4.8611462304247,36.6121712893415,207.500261234301,0.388590175267873,0.0298165094369372,1e-12,70125006,6
10431005,2025.73181126332,31.9772666666667,64.3796816666667,268,265.959658455278,18.6760316012835,4.86048026106896,36.6115403023226,208.185525056782,0.388595035846769,0.0241582704877496,1e-12,70125006,6
10431005,2025.73181126332,31.9772666666667,64.3796816666667,270,267.947915231569,18.6678118579016,4.85950579920606,36.6098213047229,208.060980595007,0.388750052154813,0.0284100049538019,1e-12,70125006,6
10431005,2025.73181126332,31.9772666666667,64.3796816666667,272,269.926577483459,18.6532861601499,4.85777614787018,36.6072981797461,208.464154135505,0.38873571056037,0.0291314282175856,1e-12,70125006,6
10431005,2025.73181126332,31.9772666666667,64.3796816666667,274,271.899087778379,18.637850018577,4.85583928569461,36.6038240995382,208.779793382305,0.388554060179038,0.032549977718725,1e-12,70125006,6
10431005,2025.73181126332,31.9772666666667,64.3796816666667,276,273.900318563907,18.6266061332901,4.85447965586115,36.6015195047343,208.928996952467,0.388586280028473,0.0336863633721588,1e-12,70125006,6
10431005,2025.73181126332,31.9772666666667,64.3796816666667,278,275.885795100124,18.6108517782793,4.8526068931873,36.5988654570419,208.921966205119,0.389025689045496,0.0326305041943742,1e-12,70125006,6
10431005,2025.73181126332,31.9772666666667,64.3796816666667,280,277.854000421171,18.605459327273,4.85203114944829,36.5980118698872,208.810477302684,0.38889245919019,0.0306265777640432,1e-12,70125006,6
10431005,2025.73181126332,31.9772666666667,64.3796816666667,282,279.84394661548,18.6033655912318,4.85184007216481,36.5974922580885,208.594746344308,0.388667081379769,0.0284337617753126,1e-12,70125006,6
10431005,2025.73181126332,31.9772666666667,64.3796816666667,284,281.833473957218,18.5926967428953,4.85055487084136,36.5953035229285,208.827027369018,0.388624006009441,0.0283799998582837,1e-12,70125006,6
10431005,2025.73181126332,31.9772666666667,64.3796816666667,286,283.811686002207,18.5743753278507,4.84836776325468,36.5922549544653,208.86137492965,0.388620234168461,0.0297954570336933,1e-12,70125006,6
10431005,2025.73181126332,31.9772666666667,64.3796816666667,288,285.784959092889,18.5657006018393,4.847520653684,36.5920105230461,208.943352887688,0.388802892845841,0.0263250450706131,1e-12,70125006,6
10431005,2025.73181126332,31.9772666666667,64.3796816666667,290,287.778959743308,18.5590547731909,4.84678590844134,36.5909175099642,208.837224865837,0.388482213254863,0.0323423754269934,1e-12,70125006,6
10431005,2025.73181126332,31.9772666666667,64.3796816666667,292,289.76883479643,18.5540712767824,4.84623986879452,36.5899499222071,208.904878894847,0.388544478528335,0.0282344042585358,1e-12,70125006,6
10431005,2025.73181126332,31.9772666666667,64.3796816666667,294,291.741159599397,18.5491333079284,4.84573433814817,36.5892855057041,208.598866928661,0.388518256216246,0.0292228762441888,1e-12,70125006,6
10431005,2025.73181126332,31.9772666666667,64.3796816666667,296,293.714526632966,18.5392144588491,4.8446864194682,36.5884390739102,208.830914715167,0.387820697558658,0.030398824052192,1e-12,70125006,6
10431005,2025.73181126332,31.9772666666667,64.3796816666667,298,295.716686268571,18.5326372562783,4.84401048951201,36.5877829619443,209.233595007,0.387765214594326,0.0289774023808464,1e-12,70125006,6
10431005,2025.73181126332,31.9772666666667,64.3796816666667,300,297.697649165224,18.5300139932686,4.84379095592412,36.5874907667662,209.180054435364,0.388030938804435,0.0253052213723885,1e-12,70125006,6
10431005,2025.73181126332,31.9772666666667,64.3796816666667,302,299.669701739314,18.5245399249382,4.84332414377541,36.5876305116389,208.80600837373,0.387636941868256,0.0268821903346239,1e-12,70125006,6
10431005,2025.73181126332,31.9772666666667,64.3796816666667,304,301.664700895364,18.5139185447753,4.84211813886526,36.5860631925162,208.548986560916,0.38678278083588,0.0302833482281585,1e-12,70125006,6
10431005,2025.73181126332,31.9772666666667,64.3796816666667,306,303.654198588917,18.5065976972786,4.84131503122656,36.5849859219324,208.900002274614,0.388040631095579,0.0313390919665787,1e-12,70125006,6
10431005,2025.73181126332,31.9772666666667,64.3796816666667,308,305.618829074335,18.5011277134178,4.8407532069808,36.5843140298484,208.524116876916,0.386764918518747,0.0278366519218091,1e-12,70125006,6
10431005,2025.73181126332,31.9772666666667,64.3796816666667,310,307.607948107935,18.4929341433741,4.83984804215887,36.5831438880017,208.433309344776,0.386469996431275,0.0258458155862902,1e-12,70125006,6
10431005,2025.73181126332,31.9772666666667,64.3796816666667,312,309.600286050157,18.4865431375507,4.83913509533253,36.5820051515195,208.886989340665,0.386453933033516,0.0266371244684012,1e-12,70125006,6
10431005,2025.73181126332,31.9772666666667,64.3796816666667,314,311.574365637944,18.4757689711199,4.83790879802055,36.5803969588342,208.834428169624,0.386453310076262,0.0248672583308653,1e-12,70125006,6
10431005,2025.73181126332,31.9772666666667,64.3796816666667,316,313.557837505348,18.4602949253716,4.83595080788315,36.5767423405769,209.265608733114,0.386418240685567,0.0259194517007211,1e-12,70125006,6
10431005,2025.73181126332,31.9772666666667,64.3796816666667,318,315.544157293042,18.4484319878668,4.83454220974759,36.5745477652595,209.234081265733,0.386501663388388,0.0275556949277597,1e-12,70125006,6
10431005,2025.73181126332,31.9772666666667,64.3796816666667,320,317.527719436274,18.4390218988141,4.83354092490709,36.5736363174417,209.390564873042,0.386344952077426,0.0281802636290396,1e-12,70125006,6
10431005,2025.73181126332,31.9772666666667,64.3796816666667,322,319.505020935029,18.4330854004778,4.83292348403682,36.5729022232564,209.258097212395,0.386055160480328,0.0274681069840283,1e-12,70125006,6
10431005,2025.73181126332,31.9772666666667,64.3796816666667,324,321.48919662004,18.4249896628468,4.83206576940648,36.5720428249553,208.841866867012,0.385442669390012,0.0311296904093884,1e-12,70125006,6
10431005,2025.73181126332,31.9772666666667,64.3796816666667,326,323.474925917758,18.4227125737846,4.83189306911584,36.5718395039799,209.33799471376,0.38555135880889,0.027171899861618,1e-12,70125006,6
10431005,2025.73181126332,31.9772666666667,64.3796816666667,328,325.458852590272,18.4147125383524,4.83101278738346,36.570702211527,210.049083745356,0.38551847070308,0.0237823876837282,1e-12,70125006,6
10431005,2025.73181126332,31.9772666666667,64.3796816666667,330,327.435434680609,18.4086093299489,4.83035862125296,36.5698025702934,209.982177288297,0.386088898676384,0.0303626521252884,1e-12,70125006,6
10431005,2025.73181126332,31.9772666666667,64.3796816666667,332,329.424297758897,18.4054502227417,4.83006842534339,36.5693832196783,209.931801127608,0.3855189630205,0.0244043062653939,1e-12,70125006,6
10431005,2025.73181126332,31.9772666666667,64.3796816666667,334,331.408462542988,18.4021649798013,4.82974266815732,36.5687732600619,210.061274244851,0.385501192408093,0.0266680994755955,1e-12,70125006,6
10431005,2025.73181126332,31.9772666666667,64.3796816666667,336,333.384729478215,18.3964591910852,4.82914205059147,36.5679755096824,210.233919556887,0.385938817895979,0.0274590091144717,1e-12,70125006,6
10431005,2025.73181126332,31.9772666666667,64.3796816666667,338,335.365128449258,18.3937784829205,4.82891980630251,36.5677091380997,210.456433209336,0.385370001771028,0.0256324020676391,1e-12,70125006,6
10431005,2025.73181126332,31.9772666666667,64.3796816666667,340,337.358447810226,18.3854708207817,4.82800589062471,36.566556859179,210.511646547283,0.385497948891993,0.026704867096694,1e-12,70125006,6
10431005,2025.73181126332,31.9772666666667,64.3796816666667,342,339.328854185266,18.3812733994902,4.82761840095961,36.5662319923471,210.418384711494,0.385520298931782,0.0235072316255738,1e-12,70125006,6
10431005,2025.73181126332,31.9772666666667,64.3796816666667,344,341.321056532979,18.3753475027514,4.82699873121706,36.5654667090802,209.750049962796,0.384924320841157,0.0226065300861607,1e-12,70125006,6
10431005,2025.73181126332,31.9772666666667,64.3796816666667,346,343.308862850584,18.3699326173898,4.8264734689348,36.5650508471133,209.103926584734,0.384739119869138,0.0245362692174174,1e-12,70125006,6
10431005,2025.73181126332,31.9772666666667,64.3796816666667,348,345.285457593562,18.3683395573429,4.82640909554521,36.5651616276685,209.160063657084,0.38514687078538,0.0205792311942749,1e-12,70125006,6
10431005,2025.73181126332,31.9772666666667,64.3796816666667,350,347.268230091642,18.3636611454081,4.82595846651725,36.5647263533596,209.375649581707,0.385203169624651,0.0254544762994196,1e-12,70125006,6
10431005,2025.73181126332,31.9772666666667,64.3796816666667,352,349.24291472141,18.3554329716802,4.82495893479049,36.562771839048,209.638345540389,0.384486411080572,0.0212948106548473,1e-12,70125006,6
10431005,2025.73181126332,31.9772666666667,64.3796816666667,354,351.234138273704,18.3467950033064,4.82393097701063,36.5609387825222,210.557918250885,0.384563882335939,0.0185996796633204,1e-12,70125006,6
10431005,2025.73181126332,31.9772666666667,64.3796816666667,356,353.217333406952,18.3375546735878,4.82287220070456,36.5593777972887,209.602981761937,0.3845528976057,0.0224875522804808,1e-12,70125006,6
10431005,2025.73181126332,31.9772666666667,64.3796816666667,358,355.188630681787,18.3310294532421,4.82214573764693,36.5582330926389,209.311524960464,0.384591668054571,0.0256399989542495,1e-12,70125006,6
10431005,2025.73181126332,31.9772666666667,64.3796816666667,360,357.194726519902,18.3249284625737,4.82150525758246,36.5574434682934,208.683954893033,0.384502644866293,0.0273989500727028,1e-12,70125006,6
10431005,2025.73181126332,31.9772666666667,64.3796816666667,362,359.153561637688,18.3213834484374,4.82120058846334,36.5572424344422,208.036221546124,0.384583206346929,0.0266293707426645,1e-12,70125006,6
10431005,2025.73181126332,31.9772666666667,64.3796816666667,364,361.152028616397,18.311325619474,4.82012098458693,36.556228776972,209.070070449197,0.384422990692221,0.0282693863748656,1e-12,70125006,6
10431005,2025.73181126332,31.9772666666667,64.3796816666667,366,363.125668830829,18.3140417021765,4.82077871776565,36.5586625215977,211.113252575934,0.384419840937381,0.0240046297925954,1e-12,70125006,6
10431005,2025.73181126332,31.9772666666667,64.3796816666667,368,365.116129332343,18.3271043356117,4.82299214169279,36.5651519211013,211.825780795098,0.38438820119421,0.0243181286392696,1e-12,70125006,6
10431005,2025.73181126332,31.9772666666667,64.3796816666667,370,367.093596219648,18.3335790022229,4.82402974342055,36.5674780609397,212.191956550624,0.383414690952816,0.026277144811326,1e-12,70125006,6
10431005,2025.73181126332,31.9772666666667,64.3796816666667,372,369.074912527781,18.3340240760449,4.82422646003,36.5680015617535,212.576416247924,0.383387509297967,0.0266226234941653,1e-12,70125006,6
10431005,2025.73181126332,31.9772666666667,64.3796816666667,374,371.059332272021,18.3353807751424,4.824569378528,36.5689600399882,213.138709910872,0.383609563454637,0.0202399840537018,1e-12,70125006,6
10431005,2025.73181126332,31.9772666666667,64.3796816666667,376,373.040426705277,18.3362855473412,4.8248683453614,36.5699460577948,213.600182855878,0.383304319917876,0.0225024853421514,1e-12,70125006,6
10431005,2025.73181126332,31.9772666666667,64.3796816666667,378,375.02537653312,18.3315925592707,4.82438723283068,36.5692643930999,212.928300388612,0.382555327476804,0.02625627938116,1e-12,70125006,6
10431005,2025.73181126332,31.9772666666667,64.3796816666667,380,376.996523932083,18.3150990639946,4.82221737135991,36.5646866760114,212.606435269606,0.382519407317369,0.028198716885488,1e-12,70125006,6
10431005,2025.73181126332,31.9772666666667,64.3796816666667,382,378.985486772059,18.3083926937853,4.82155180411007,36.5642228749722,212.832717823467,0.382415152133972,0.0224318402357891,1e-12,70125006,6
10431005,2025.73181126332,31.9772666666667,64.3796816666667,384,380.986645563886,18.307876098179,4.82158557828447,36.5642137123139,212.714074381652,0.382442532357367,0.0236180893028327,1e-12,70125006,6
10431005,2025.73181126332,31.9772666666667,64.3796816666667,386,382.940494502647,18.3021173413661,4.82087021438013,36.5624812538908,210.871215640074,0.398153813856337,0.0198025034290742,1e-12,70125006,6
10431005,2025.73181126332,31.9772666666667,64.3796816666667,388,384.934399657781,18.2836524110284,4.81859692635806,36.5587692571281,211.735919052392,0.380774837495084,0.0172484230862299,1e-12,70125006,6
10431005,2025.73181126332,31.9772666666667,64.3796816666667,390,386.92567506534,18.2896411605089,4.81960601782002,36.5612895303543,212.581208429186,0.382812347651637,0.0226101373582058,1e-12,70125006,6
10431005,2025.73181126332,31.9772666666667,64.3796816666667,392,388.898188218522,18.2832023309525,4.81889566770409,36.5602040120855,211.831328312776,0.382506544193994,0.0248324426664045,1e-12,70125006,6
10431005,2025.73181126332,31.9772666666667,64.3796816666667,394,390.882792860917,18.270032772272,4.81720312611936,36.5567292099863,210.443776383975,0.382376687613876,0.0263232247240322,1e-12,70125006,6
10431005,2025.73181126332,31.9772666666667,64.3796816666667,396,392.863848919879,18.2553368319076,4.81532196321969,36.5530010070693,209.587012754328,0.383014185317542,0.0249054667821765,1e-12,70125006,6
10431005,2025.73181126332,31.9772666666667,64.3796816666667,398,394.850727898102,18.2479058844216,4.81443920013818,36.5513242818654,209.224414819282,0.382953615990194,0.0271229849153784,1e-12,70125006,6
10431005,2025.73181126332,31.9772666666667,64.3796816666667,400,396.82279860475,18.2376544718319,4.81320646562654,36.5491702160388,208.82191504153,0.383508616989551,0.0303724725162499,1e-12,70125006,6
10431005,2025.73181126332,31.9772666666667,64.3796816666667,402,398.809958408852,18.2268539187222,4.81198944252082,36.5476377522468,208.806918759041,0.383284339950846,0.0236671940585608,1e-12,70125006,6
10431005,2025.73181126332,31.9772666666667,64.3796816666667,404,400.797653746989,18.2244033739754,4.81183472422545,36.5477413493866,207.939685901897,0.383016816363686,0.0245158401980387,1e-12,70125006,6
10431005,2025.73181126332,31.9772666666667,64.3796816666667,406,402.778976784212,18.2160193019343,4.81090681331069,36.5465250453359,207.860501946269,0.383525168244118,0.0230517820757568,1e-12,70125006,6
10431005,2025.73181126332,31.9772666666667,64.3796816666667,408,404.742321938663,18.213529554804,4.81075470968053,36.5466859838685,207.851253747057,0.383439241317342,0.0204778800712631,1e-12,70125006,6
10431005,2025.73181126332,31.9772666666667,64.3796816666667,410,406.740355618297,18.212318267918,4.8107205752561,36.5467161724025,208.065635194868,0.383420215624519,0.0238286908116094,1e-12,70125006,6
10431005,2025.73181126332,31.9772666666667,64.3796816666667,412,408.734448422373,18.2079838791262,4.81029998079634,36.5462264455782,207.793349977843,0.383586304682385,0.0237632718681536,1e-12,70125006,6
10431005,2025.73181126332,31.9772666666667,64.3796816666667,414,410.696491200428,18.2033972203121,4.80994105764503,36.5464881076572,207.879149460629,0.383569325060011,0.0237234157180327,1e-12,70125006,6
10431005,2025.73181126332,31.9772666666667,64.3796816666667,416,412.689336910478,18.203138002942,4.81009045916897,36.5472384769603,208.389758645557,0.383353441275226,0.0222007613271954,1e-12,70125006,6
10431005,2025.73181126332,31.9772666666667,64.3796816666667,418,414.669493468786,18.1969953514104,4.80948606822292,36.5467888929413,208.873654653001,0.383422638130092,0.0274241413638994,1e-12,70125006,6
10431005,2025.73181126332,31.9772666666667,64.3796816666667,420,416.653973105226,18.2010216617883,4.81019231291871,36.5484800696675,210.353670760127,0.383420037385701,0.0231119872158779,1e-12,70125006,6
10431005,2025.73181126332,31.9772666666667,64.3796816666667,422,418.630309597559,18.2254351304517,4.81405731197659,36.5589921371769,212.350041449308,0.3837654804532,0.0191518122886313,1e-12,70125006,6
10431005,2025.73181126332,31.9772666666667,64.3796816666667,424,420.606173332937,18.2294935405457,4.81482900898522,36.5612113622845,213.092584519348,0.383407747651543,0.014749210902526,1e-12,70125006,6
10431005,2025.73181126332,31.9772666666667,64.3796816666667,426,422.605987950117,18.228863593438,4.8148284283391,36.5610114203268,213.23298022906,0.383456502391426,0.0252848142153321,1e-12,70125006,6
10431005,2025.73181126332,31.9772666666667,64.3796816666667,428,424.580273311951,18.228995899927,4.81490392852238,36.560782382583,213.223999641276,0.383417642499915,0.027518865795887,1e-12,70125006,6
10431005,2025.73181126332,31.9772666666667,64.3796816666667,430,426.559354427767,18.2102451490054,4.81255344460415,36.5566528658939,212.942003853693,0.383072651695874,0.0257625913543962,1e-12,70125006,6
10431005,2025.73181126332,31.9772666666667,64.3796816666667,432,428.536680123794,18.2111749701756,4.8128833569759,36.5578866429271,213.05712088946,0.3829343175809,0.0198759355431326,1e-12,70125006,6
10431005,2025.73181126332,31.9772666666667,64.3796816666667,434,430.539169946948,18.2075592162429,4.81255574972171,36.5575529711239,213.670694210409,0.382588909009912,0.0201738911831499,1e-12,70125006,6
10431005,2025.73181126332,31.9772666666667,64.3796816666667,436,432.503937233317,18.2061457378611,4.81249664285877,36.5575512511322,213.664762770155,0.383589974476086,0.0221372379381764,1e-12,70125006,6
10431005,2025.73181126332,31.9772666666667,64.3796816666667,438,434.492153863907,18.2037136334629,4.8123504297793,36.5577127881066,213.821049826213,0.383413874164766,0.0219028756415027,1e-12,70125006,6
10431005,2025.73181126332,31.9772666666667,64.3796816666667,440,436.471705940423,18.2008150488315,4.812098761352,36.5573890821876,214.147392774509,0.383348076061335,0.0262707995569527,1e-12,70125006,6
10431005,2025.73181126332,31.9772666666667,64.3796816666667,442,438.453115604797,18.1997688380573,4.81210148259967,36.5575885843822,214.07963633035,0.382542510060212,0.0184325186645467,1e-12,70125006,6
10431005,2025.73181126332,31.9772666666667,64.3796816666667,444,440.430559210172,18.190753971041,4.81102667576243,36.5556806427668,213.647223136859,0.382600646501899,0.0198086574827146,1e-12,70125006,6
10431005,2025.73181126332,31.9772666666667,64.3796816666667,446,442.42204567516,18.1921633654662,4.81138503502349,36.5567313028003,214.486505974523,0.382876623446675,0.0189545002258349,1e-12,70125006,6
10431005,2025.73181126332,31.9772666666667,64.3796816666667,448,444.395200233184,18.2014193506143,4.81287333023296,36.5604453905948,215.45278692025,0.383149897694849,0.018441845640493,1e-12,70125006,6
10431005,2025.73181126332,31.9772666666667,64.3796816666667,450,446.379392668886,18.2019809408983,4.81314145578402,36.5614802686942,215.998415464211,0.383119472632248,0.0204684613387702,1e-12,70125006,6
10431005,2025.73181126332,31.9772666666667,64.3796816666667,452,448.360810484505,18.2012257130984,4.81314517457613,36.5614296492176,215.414431975849,0.382450138220806,0.0233787627051118,1e-12,70125006,6
10431005,2025.73181126332,31.9772666666667,64.3796816666667,454,450.346750434105,18.1977172650471,4.81276645239188,36.5605646749699,215.732955465341,0.382572165992956,0.0282616716334785,1e-12,70125006,6
10431005,2025.73181126332,31.9772666666667,64.3796816666667,456,452.322338702089,18.1924077937657,4.81211645502661,36.5589861389554,215.002183264549,0.382966715124719,0.028025316971032,1e-12,70125006,6
10431005,2025.73181126332,31.9772666666667,64.3796816666667,458,454.302824508802,18.1779931426338,4.81036376768407,36.5560963126076,215.646636079485,0.382482087883008,0.02642810145401,1e-12,70125006,6
10431005,2025.73181126332,31.9772666666667,64.3796816666667,460,456.296459352139,18.1774752480585,4.81036272979204,36.5557939535861,215.412687852566,0.382486358472461,0.0237281778221027,1e-12,70125006,6
10431005,2025.73181126332,31.9772666666667,64.3796816666667,462,458.265164755415,18.1781198009837,4.81051181691544,36.5557389421354,215.020909438319,0.38306157389485,0.0246425835833236,1e-12,70125006,6
10431005,2025.73181126332,31.9772666666667,64.3796816666667,464,460.247243145131,18.1773299469708,4.81048204968027,36.5554334137581,213.660111539242,0.382730644883208,0.0199509153288521,1e-12,70125006,6
10431005,2025.73181126332,31.9772666666667,64.3796816666667,466,462.243510627902,18.151307283196,4.80691806345378,36.5473978778881,212.754748809102,0.383452384055961,0.0179293573379034,1e-12,70125006,6
10431005,2025.73181126332,31.9772666666667,64.3796816666667,468,464.215052038585,18.1283209069296,4.80388167440842,36.5411590153552,212.061604937409,0.38331460359876,0.0225995838726094,1e-12,70125006,6
10431005,2025.73181126332,31.9772666666667,64.3796816666667,470,466.189192057201,18.1210440518918,4.80297289673663,36.5391145412634,211.359488141746,0.382555200594779,0.0199632539915667,1e-12,70125006,6
10431005,2025.73181126332,31.9772666666667,64.3796816666667,472,468.173013786697,18.1162107362522,4.80243200255918,36.5380390981908,211.584213543666,0.382367488775831,0.0258701550590625,1e-12,70125006,6
10431005,2025.73181126332,31.9772666666667,64.3796816666667,474,470.16723851311,18.1144319963633,4.80232815782241,36.5379806603686,212.028609174762,0.382879523552884,0.0247440062756756,1e-12,70125006,6
10431005,2025.73181126332,31.9772666666667,64.3796816666667,476,472.132128942677,18.1193070188703,4.80328834957377,36.5410954576819,212.60663732722,0.383412976206724,0.0243715704056224,1e-12,70125006,6
10431005,2025.73181126332,31.9772666666667,64.3796816666667,478,474.121526506091,18.1200028005458,4.80355270860549,36.5419821013449,212.584209665071,0.38297110467882,0.0281405774823083,1e-12,70125006,6
10431005,2025.73181126332,31.9772666666667,64.3796816666667,480,476.113647859938,18.1124138680252,4.802647737089,36.5402481696251,212.248487494245,0.383102521555413,0.0284931128024245,1e-12,70125006,6
10431005,2025.73181126332,31.9772666666667,64.3796816666667,482,478.081268986475,18.0913999111065,4.79989685507118,36.5346802513718,211.049938998425,0.383852296305908,0.0258770973465231,1e-12,70125006,6
10431005,2025.73181126332,31.9772666666667,64.3796816666667,484,480.06611544547,18.0779148532002,4.79830140366754,36.5322889351102,211.868003090612,0.383479384310179,0.0214130688048161,1e-12,70125006,6
10431005,2025.73181126332,31.9772666666667,64.3796816666667,486,482.044657216423,18.0821721477623,4.79911890437704,36.5347373296691,212.069158191153,0.382981238728301,0.0213482082265247,1e-12,70125006,6
10431005,2025.73181126332,31.9772666666667,64.3796816666667,488,484.038131034552,18.0714077356369,4.7977722842783,36.5320489402972,211.681989838806,0.382530808130679,0.0211956018595426,1e-12,70125006,6
10431005,2025.73181126332,31.9772666666667,64.3796816666667,490,486.003860067136,18.0576188416004,4.79604363104494,36.5287838304257,211.366085441629,0.383200953568942,0.0270240801812638,1e-12,70125006,6
10431005,2025.73181126332,31.9772666666667,64.3796816666667,492,487.988315075216,18.0482938445496,4.79495198010793,36.5269922217307,210.636495765058,0.382571625583182,0.0233955643629182,1e-12,70125006,6
10431005,2025.73181126332,31.9772666666667,64.3796816666667,494,489.982701984292,18.0418131987443,4.79417792164561,36.5253842711078,211.083868409689,0.382883235392271,0.0257911191523297,1e-12,70125006,6
10431005,2025.73181126332,31.9772666666667,64.3796816666667,496,491.945066665142,18.02774671991,4.79235291750111,36.5215348709909,210.149975401299,0.382924088739132,0.0311903755808917,1e-12,70125006,6
10431005,2025.73181126332,31.9772666666667,64.3796816666667,498,493.931890607326,18.0119226780647,4.79032070051717,36.5174736977985,209.117308276611,0.382605253888142,0.0248046606861167,1e-12,70125006,6
10431005,2025.73181126332,31.9772666666667,64.3796816666667,500,495.926470650925,17.9826820374315,4.78653145622252,36.5103070548898,208.707033570062,0.382547713561424,0.0256122033317207,1e-12,70125006,6
10431005,2025.73181126332,31.9772666666667,64.3796816666667,502,497.901952470833,17.96572037403,4.7845113994178,36.5073536017506,208.108398042748,0.382563342764525,0.0270150159639294,1e-12,70125006,6
10431005,2025.73181126332,31.9772666666667,64.3796816666667,504,499.87485886659,17.9279130788906,4.77962262482358,36.4983699628614,206.659950473905,0.382370451902321,0.0281985867541141,1e-12,70125006,6
10431005,2025.73181126332,31.9772666666667,64.3796816666667,506,501.854442616267,17.9015376072903,4.77624127998291,36.4921138453709,206.471524148582,0.382322599955763,0.0243744450334874,1e-12,70125006,6
10431005,2025.73181126332,31.9772666666667,64.3796816666667,508,503.848978141539,17.8829784649544,4.77392303708129,36.4880051720548,206.33676351809,0.382320209191843,0.0251335760371772,1e-12,70125006,6
10431005,2025.73181126332,31.9772666666667,64.3796816666667,510,505.824340274299,17.8763504368505,4.77313809247518,36.4864193963591,206.054062677012,0.382429103570015,0.0266028295976561,1e-12,70125006,6
10431005,2025.73181126332,31.9772666666667,64.3796816666667,512,507.803450277669,17.8500846860208,4.76989251618803,36.4812116786989,205.635288630029,0.385420308023803,0.029495349105257,1e-12,70125006,6
10431005,2025.73181126332,31.9772666666667,64.3796816666667,514,509.796040292337,17.8147693042885,4.76547886070339,36.4740237090445,205.783253329808,0.382815396919256,0.0273439667581607,1e-12,70125006,6
10431005,2025.73181126332,31.9772666666667,64.3796816666667,516,511.76048684537,17.7898965763033,4.76241525050044,36.4691171223547,205.051921728217,0.382438017056644,0.0298908482023992,1e-12,70125006,6
10431005,2025.73181126332,31.9772666666667,64.3796816666667,518,513.750413949656,17.7669772346421,4.75954679687366,36.4641355238287,204.27042481761,0.382363843603379,0.024393740020939,1e-12,70125006,6
10431005,2025.73181126332,31.9772666666667,64.3796816666667,520,515.730904517043,17.7320409652342,4.75500259203818,36.4554411816551,203.292180516726,0.382611361050838,0.0259095769133622,1e-12,70125006,6
10431005,2025.73181126332,31.9772666666667,64.3796816666667,522,517.707907453339,17.6912014001155,4.74980693810638,36.4463923990901,200.929560803365,0.382540062580961,0.0297402759051837,1e-12,70125006,6
10431005,2025.73181126332,31.9772666666667,64.3796816666667,524,519.691714700221,17.631245543914,4.74209880381417,36.4327175600582,197.950797376776,0.38249111476729,0.0278228003802047,1e-12,70125006,6
10431005,2025.73181126332,31.9772666666667,64.3796816666667,526,521.673608257706,17.5982810380881,4.73788752636049,36.4250640958791,195.935129454519,0.382337431078318,0.0221453874112806,1e-12,70125006,6
10431005,2025.73181126332,31.9772666666667,64.3796816666667,528,523.656292652776,17.5487327759184,4.73165409630614,36.4147483480719,193.202780376286,0.382195851724946,0.023067003346914,1e-12,70125006,6
10431005,2025.73181126332,31.9772666666667,64.3796816666667,530,525.631780848141,17.4893490787789,4.72399614100095,36.4008628744347,189.77561086659,0.382403551669044,0.0229174425096834,1e-12,70125006,6
10431005,2025.73181126332,31.9772666666667,64.3796816666667,532,527.615092646508,17.4088346147787,4.71396789696554,36.385304405357,187.881636555164,0.382355518827618,0.0238572392483889,1e-12,70125006,6
10431005,2025.73181126332,31.9772666666667,64.3796816666667,534,529.602028173987,17.3705199074655,4.7091360601534,36.3769510433641,186.777847401779,0.382693408113223,0.0286062526456365,1e-12,70125006,6
10431005,2025.73181126332,31.9772666666667,64.3796816666667,536,531.569214073111,17.3290160301553,4.70397453951584,36.3685741375201,185.734567015904,0.382469123118764,0.0260274733373008,1e-12,70125006,6
10431005,2025.73181126332,31.9772666666667,64.3796816666667,538,533.561165005878,17.3056828697875,4.70117076893897,36.3643675916816,185.725202863312,0.382788453722621,0.0284503314095196,1e-12,70125006,6
10431005,2025.73181126332,31.9772666666667,64.3796816666667,540,535.542711756623,17.2868550972363,4.6989603960265,36.3612743131352,185.319060795503,0.383034508703936,0.0266468415494983,1e-12,70125006,6
10431005,2025.73181126332,31.9772666666667,64.3796816666667,542,537.5163981822,17.2609300659212,4.69593455420401,36.3574507995173,184.665223980304,0.382803761140202,0.0290436773171484,1e-12,70125006,6
10431005,2025.73181126332,31.9772666666667,64.3796816666667,544,539.504674052109,17.2437611153008,4.69378064985627,36.3533491091689,183.554800290371,0.383162629403431,0.0247648001596372,1e-12,70125006,6
10431005,2025.73181126332,31.9772666666667,64.3796816666667,546,541.477894645803,17.1858273525463,4.68681764539805,36.3439536560764,182.563422942055,0.382974993300528,0.0242725095094207,1e-12,70125006,6
10431005,2025.73181126332,31.9772666666667,64.3796816666667,548,543.462665771609,17.1708663053298,4.68506027764035,36.3413059330076,182.362755539466,0.382800941306673,0.0265867417653586,1e-12,70125006,6
10431005,2025.73181126332,31.9772666666667,64.3796816666667,550,545.446071739864,17.1657684061464,4.68448634016903,36.3401161893642,181.736465591127,0.383336581314318,0.0305311904945536,1e-12,70125006,6
10431005,2025.73181126332,31.9772666666667,64.3796816666667,552,547.4186759214,17.1580861630434,4.68361275644184,36.3386347105137,181.431793199371,0.382844960865236,0.0265998222615684,1e-12,70125006,6
10431005,2025.73181126332,31.9772666666667,64.3796816666667,554,549.410935763783,17.1384263749151,4.6812007169352,36.3344936615486,180.894485434915,0.383382108457779,0.0274300739592555,1e-12,70125006,6
10431005,2025.73181126332,31.9772666666667,64.3796816666667,556,551.384936849896,17.1008312137929,4.67663558960604,36.3276719897213,180.156057200329,0.383149790484237,0.0252500885559327,1e-12,70125006,6
10431005,2025.73181126332,31.9772666666667,64.3796816666667,558,553.360072255088,17.0249747134127,4.66757729961146,36.3159699148743,179.74420833922,0.382951248644011,0.0247615368740064,1e-12,70125006,6
10431005,2025.73181126332,31.9772666666667,64.3796816666667,560,555.354042520145,16.9890755856317,4.66322288071576,36.3094082821126,179.770689422548,0.38251392641871,0.0271510534657794,1e-12,70125006,6
10431005,2025.73181126332,31.9772666666667,64.3796816666667,562,557.33395821933,16.9681999176301,4.6607818851695,36.306063902614,179.537775659733,0.382865701891412,0.025646676731584,1e-12,70125006,6
10431005,2025.73181126332,31.9772666666667,64.3796816666667,564,559.30580406378,16.954323402433,4.65912336157183,36.3032649435659,179.410983883589,0.383761870116924,0.0285430543556167,1e-12,70125006,6
10431005,2025.73181126332,31.9772666666667,64.3796816666667,566,561.277479076096,16.9307571429017,4.65627886099943,36.2987979335583,180.048602430707,0.383276831569258,0.0284409090695391,1e-12,70125006,6
10431005,2025.73181126332,31.9772666666667,64.3796816666667,568,563.273125527323,16.8811677022067,4.65020524552939,36.2894464014905,180.62260358093,0.382541210410089,0.0294055203740532,1e-12,70125006,6
10431005,2025.73181126332,31.9772666666667,64.3796816666667,570,565.257192847257,16.8679128663136,4.64865659738989,36.2870345321611,180.413527698247,0.383245200999839,0.0303044850076774,1e-12,70125006,6
10431005,2025.73181126332,31.9772666666667,64.3796816666667,572,567.224023574922,16.8289594946825,4.64395018474391,36.28006189733,180.063898808088,0.38325433674239,0.0257310137389892,1e-12,70125006,6
10431005,2025.73181126332,31.9772666666667,64.3796816666667,574,569.216454739268,16.7698837525537,4.63688577221659,36.2704856426186,180.150417032905,0.382395965608244,0.0247388871213734,1e-12,70125006,6
10431005,2025.73181126332,31.9772666666667,64.3796816666667,576,571.196925437979,16.7225339395439,4.63133463287666,36.2636055400158,179.912791979709,0.382728070140125,0.0228132059474743,1e-12,70125006,6
10431005,2025.73181126332,31.9772666666667,64.3796816666667,578,573.171971530264,16.6905217348026,4.62743673961121,36.2574109892396,179.497309332005,0.382450794446988,0.0244544906521968,1e-12,70125006,6
10431005,2025.73181126332,31.9772666666667,64.3796816666667,580,575.152534015651,16.6496760200009,4.62262283013505,36.2511069730728,179.532267788494,0.382370141143281,0.0223037637720403,1e-12,70125006,6
10431005,2025.73181126332,31.9772666666667,64.3796816666667,582,577.135035256803,16.6400849397273,4.62152269484636,36.2492993318774,179.504010133915,0.382441784982706,0.0296933905005578,1e-12,70125006,6
10431005,2025.73181126332,31.9772666666667,64.3796816666667,584,579.117673972995,16.6207279485509,4.61923768960767,36.2458619052135,179.048086567653,0.382458574564505,0.0310636637971217,1e-12,70125006,6
10431005,2025.73181126332,31.9772666666667,64.3796816666667,586,581.090720383814,16.5574908337341,4.61171052136416,36.235805358125,178.865606241187,0.382311662754799,0.0272855945714426,1e-12,70125006,6
10431005,2025.73181126332,31.9772666666667,64.3796816666667,588,583.074121623857,16.5300694453118,4.60847131785162,36.2312083439513,178.509604410278,0.382032990239734,0.0233097643972865,1e-12,70125006,6
10431005,2025.73181126332,31.9772666666667,64.3796816666667,590,585.062591583473,16.4921643759639,4.60390757836053,36.2243679324738,178.146229977381,0.382370936611986,0.0288440513242789,1e-12,70125006,6
10431005,2025.73181126332,31.9772666666667,64.3796816666667,592,587.032325056447,16.4327189060203,4.59685945078043,36.2150192594906,178.16465615048,0.382032451788435,0.026855658847774,1e-12,70125006,6
10431005,2025.73181126332,31.9772666666667,64.3796816666667,594,589.018821072209,16.4249516235067,4.59597507653106,36.2134429865376,177.732374943993,0.38237453257036,0.0280913732153706,1e-12,70125006,6
10431005,2025.73181126332,31.9772666666667,64.3796816666667,596,590.992149718795,16.41030047084,4.59420397833509,36.2102436507347,177.196882852447,0.382396306431679,0.032595231496891,1e-12,70125006,6
10431005,2025.73181126332,31.9772666666667,64.3796816666667,598,592.981514138203,16.3102716958416,4.5822208515231,36.1938055233923,177.459721864686,0.382026290274669,0.0312233224537337,1e-12,70125006,6
10431005,2025.73181126332,31.9772666666667,64.3796816666667,600,594.964330650497,16.2642785748423,4.57688536718832,36.1873341143147,177.157856627382,0.382579693789982,0.0298787964354086,1e-12,70125006,6
10431005,2025.73181126332,31.9772666666667,64.3796816666667,602,596.935002122537,16.221975819745,4.57169739699835,36.1788005729831,176.967136537813,0.382082316889026,0.0285152290311925,1e-12,70125006,6
10431005,2025.73181126332,31.9772666666667,64.3796816666667,604,598.924626395252,16.1582228223428,4.56414820379842,36.1686799884569,176.583507513316,0.382287791806661,0.0214780740442095,1e-12,70125006,6
10431005,2025.73181126332,31.9772666666667,64.3796816666667,606,600.893346051842,16.1135684395076,4.55898700978523,36.1624615543839,176.566194664477,0.381978654357369,0.0215276197280321,1e-12,70125006,6
10431005,2025.73181126332,31.9772666666667,64.3796816666667,608,602.88429847308,16.0947753653268,4.55679866153403,36.1592378638731,176.077647945651,0.381942770252867,0.0272576422604939,1e-12,70125006,6
10431005,2025.73181126332,31.9772666666667,64.3796816666667,610,604.851468655007,16.0605626268039,4.55272403368227,36.1531892951522,175.335649499576,0.382398178377726,0.0249843393845511,1e-12,70125006,6
10431005,2025.73181126332,31.9772666666667,64.3796816666667,612,606.842859849003,15.9924235578756,4.54455043635763,36.1413428665268,174.302688713885,0.381821622775194,0.0314912112880244,1e-12,70125006,6
10431005,2025.73181126332,31.9772666666667,64.3796816666667,614,608.821276965039,15.909846965631,4.53494202213507,36.1297406013651,173.914323488535,0.38210527325802,0.0361336404371909,1e-12,70125006,6
10431005,2025.73181126332,31.9772666666667,64.3796816666667,616,610.800750448293,15.8735446356632,4.5305606216603,36.1227553293752,173.666382803209,0.381907990406408,0.0266209126989335,1e-12,70125006,6
10431005,2025.73181126332,31.9772666666667,64.3796816666667,618,612.781760729544,15.8105508178961,4.52307441347158,36.1122218663712,173.482813634476,0.38173785631039,0.024290638545669,1e-12,70125006,6
10431005,2025.73181126332,31.9772666666667,64.3796816666667,620,614.759791390038,15.728236222828,4.51336962757173,36.0993169219658,172.740647551604,0.381540888292629,0.0270066977355894,1e-12,70125006,6
10431005,2025.73181126332,31.9772666666667,64.3796816666667,622,616.742074801884,15.6939824494387,4.50940586402698,36.0941341575685,172.689009625717,0.381468256845263,0.0213645893999445,1e-12,70125006,6
10431005,2025.73181126332,31.9772666666667,64.3796816666667,624,618.719695037419,15.6819453720627,4.50805807444803,36.0922046077975,172.484547754901,0.381645585864093,0.0221445693690261,1e-12,70125006,6
10431005,2025.73181126332,31.9772666666667,64.3796816666667,626,620.697994543795,15.659218180106,4.50539204881338,36.0881640327672,172.399949547161,0.381933332249176,0.0303816514707115,1e-12,70125006,6
10431005,2025.73181126332,31.9772666666667,64.3796816666667,628,622.686678377686,15.6033196439885,4.49877520337127,36.0788057029477,172.117396367235,0.38164704272236,0.0342449625475107,1e-12,70125006,6
10431005,2025.73181126332,31.9772666666667,64.3796816666667,630,624.655176755353,15.5580401794935,4.49347899787525,36.0716217915584,171.941651514366,0.381374931821027,0.0286903471116016,1e-12,70125006,6
10431005,2025.73181126332,31.9772666666667,64.3796816666667,632,626.642928528914,15.5235853738695,4.48943628174384,36.0658317933266,171.942383677774,0.381615184108006,0.0267256744779889,1e-12,70125006,6
10431005,2025.73181126332,31.9772666666667,64.3796816666667,634,628.611174027218,15.4979621615632,4.48645363060699,36.0615310584261,171.380450493051,0.381799178269659,0.0341730909894461,1e-12,70125006,6
10431005,2025.73181126332,31.9772666666667,64.3796816666667,636,630.602928539103,15.4411790866844,4.47965061526898,36.0511748694351,171.115590424497,0.381282186067582,0.0328216205898703,1e-12,70125006,6
10431005,2025.73181126332,31.9772666666667,64.3796816666667,638,632.587138266132,15.3620675593293,4.47054429211878,36.0403492803284,170.833080527383,0.381315490081455,0.0296466152997094,1e-12,70125006,6
10431005,2025.73181126332,31.9772666666667,64.3796816666667,640,634.556833273988,15.3066016976853,4.46403361321984,36.0313421292104,170.19676461651,0.381010782598645,0.0298305644621643,1e-12,70125006,6
10431005,2025.73181126332,31.9772666666667,64.3796816666667,642,636.543014619771,15.281860505629,4.4611523477012,36.027077086427,169.864339983219,0.381123975915246,0.0266637662114435,1e-12,70125006,6
10431005,2025.73181126332,31.9772666666667,64.3796816666667,644,638.514034635696,15.2506793326791,4.45753263941719,36.0220017763171,169.426173608336,0.380727918089126,0.0261583655717838,1e-12,70125006,6
10431005,2025.73181126332,31.9772666666667,64.3796816666667,646,640.511680283413,15.222582637312,4.45434931370415,36.0180470543851,169.277604070409,0.380584877678019,0.0238584278754451,1e-12,70125006,6
10431005,2025.73181126332,31.9772666666667,64.3796816666667,648,642.467030155793,15.1930321990401,4.45095379049292,36.0134905474133,168.014493574624,0.381479665579115,0.0289397370273636,1e-12,70125006,6
10431005,2025.73181126332,31.9772666666667,64.3796816666667,650,644.462008879468,15.0967978388098,4.43954108748209,35.9971345079619,168.046529085473,0.380260257547912,0.0262856476211146,1e-12,70125006,6
10431005,2025.73181126332,31.9772666666667,64.3796816666667,652,646.446509855307,15.0407132157367,4.43314950657123,35.9895704378322,168.155845522917,0.380738114166853,0.0262611232176774,1e-12,70125006,6
10431005,2025.73181126332,31.9772666666667,64.3796816666667,654,648.416598787538,15.0053742263126,4.42894692823791,35.982896951512,168.073852047698,0.380474705485505,0.0256272593359778,1e-12,70125006,6
10431005,2025.73181126332,31.9772666666667,64.3796816666667,656,650.397410576521,14.9912331909,4.42739179562481,35.9808984110663,167.883237633263,0.380996560307778,0.0208364986570996,1e-12,70125006,6
10431005,2025.73181126332,31.9772666666667,64.3796816666667,658,652.38567743871,14.9933505653288,4.42776018070471,35.9815189772587,167.645832527648,0.381238403832735,0.0258071934146005,1e-12,70125006,6
10431005,2025.73181126332,31.9772666666667,64.3796816666667,660,654.354732734974,14.9812416960743,4.42639452588423,35.9793798830488,167.440147173004,0.380894811759697,0.028216378697776,1e-12,70125006,6
10431005,2025.73181126332,31.9772666666667,64.3796816666667,662,656.339846059395,14.9282180505222,4.42007848889566,35.9696174286797,167.338740607483,0.38038245242234,0.0268446278403945,1e-12,70125006,6
10431005,2025.73181126332,31.9772666666667,64.3796816666667,664,658.323204392505,14.8779070961903,4.4141025681944,35.9604266047191,167.155887565732,0.380282430531937,0.029241749933146,1e-12,70125006,6
10431005,2025.73181126332,31.9772666666667,64.3796816666667,666,660.297659802618,14.7919320901095,4.40396173395366,35.9458675438943,166.957335768751,0.380338982072274,0.0238569268161069,1e-12,70125006,6
10431005,2025.73181126332,31.9772666666667,64.3796816666667,668,662.273065413202,14.7543774642161,4.39958248827151,35.939488979885,166.715264825596,0.380284600153763,0.0310396085734456,1e-12,70125006,6
10431005,2025.73181126332,31.9772666666667,64.3796816666667,670,664.261638136229,14.7438030158002,4.39840211855916,35.9375971981782,166.691501911515,0.380596544917519,0.0301725429210061,1e-12,70125006,6
10431005,2025.73181126332,31.9772666666667,64.3796816666667,672,666.237993468848,14.7089636421604,4.39436226242758,35.9318055504691,166.298820167662,0.381239783520856,0.0317387518386675,1e-12,70125006,6
10431005,2025.73181126332,31.9772666666667,64.3796816666667,674,668.213692926404,14.6630576284015,4.38905462658955,35.9245397284037,166.036252085737,0.380382717633918,0.0279083787715818,1e-12,70125006,6
10431005,2025.73181126332,31.9772666666667,64.3796816666667,676,670.20105718995,14.6258508411962,4.3848383906505,35.9192713230181,166.027227081073,0.380232562942514,0.0260550609263817,1e-12,70125006,6
10431005,2025.73181126332,31.9772666666667,64.3796816666667,678,672.180762496825,14.6141007717185,4.38354015934044,35.9173618920776,166.10824817062,0.380822913136264,0.0276643789473704,1e-12,70125006,6
10431005,2025.73181126332,31.9772666666667,64.3796816666667,680,674.154289247254,14.5583591566537,4.37703190004543,35.9080533091823,165.937723732242,0.380476853122662,0.0268210691854076,1e-12,70125006,6
10431005,2025.73181126332,31.9772666666667,64.3796816666667,682,676.130798611818,14.4784861716462,4.3678175340107,35.8960304408006,165.185532458139,0.380130719253908,0.0250510236946007,1e-12,70125006,6
10431005,2025.73181126332,31.9772666666667,64.3796816666667,684,678.117581346899,14.4387756059484,4.36326569691801,35.8898816768349,164.598301520325,0.380230735026229,0.0271596603324641,1e-12,70125006,6
10431005,2025.73181126332,31.9772666666667,64.3796816666667,686,680.09799755043,14.4230866568567,4.3614836530266,35.8871111616919,164.832837395801,0.380510510933801,0.0263120804187405,1e-12,70125006,6
10431005,2025.73181126332,31.9772666666667,64.3796816666667,688,682.068840551703,14.3746316480848,4.35578757560873,35.8784359748412,164.743626198658,0.380245834158019,0.0258193732982528,1e-12,70125006,6
10431005,2025.73181126332,31.9772666666667,64.3796816666667,690,684.052041996388,14.3087026957143,4.34815121325316,35.8679231728357,163.894752029067,0.379688061099313,0.0257002976890231,1e-12,70125006,6
10431005,2025.73181126332,31.9772666666667,64.3796816666667,692,686.04293085495,14.2506066826664,4.34156996886734,35.8598864024171,163.503845274826,0.379807769764688,0.0244600457407184,1e-12,70125006,6
10431005,2025.73181126332,31.9772666666667,64.3796816666667,694,688.009196727751,14.2388610319166,4.34023626791981,35.8575860053691,162.295546678895,0.380552835146584,0.0265847364641381,1e-12,70125006,6
10431005,2025.73181126332,31.9772666666667,64.3796816666667,696,689.989791451581,14.1679670871896,4.33205163001112,35.8464605032593,160.274888767967,0.37953600656519,0.0234330207950267,1e-12,70125006,6
10431005,2025.73181126332,31.9772666666667,64.3796816666667,698,691.979868521172,14.0582507991839,4.31959959453066,35.8315459126584,159.851817547608,0.379443777971129,0.0244129845193472,1e-12,70125006,6
10431005,2025.73181126332,31.9772666666667,64.3796816666667,700,693.949053378254,14.022606901679,4.31549102273337,35.8255310337842,159.683037771799,0.379899934019305,0.0298579447626315,1e-12,70125006,6
10431005,2025.73181126332,31.9772666666667,64.3796816666667,702,695.932771726479,13.9831968703291,4.3110628309235,35.8200140403414,159.325947833603,0.380229686478489,0.0251363017360951,1e-12,70125006,6
10431005,2025.73181126332,31.9772666666667,64.3796816666667,704,697.908395237493,13.9599089212275,4.30844257806881,35.8163786599136,158.798105513188,0.380300595636931,0.0275200232608076,1e-12,70125006,6
10431005,2025.73181126332,31.9772666666667,64.3796816666667,706,699.890084755994,13.9297922050201,4.30506061426941,35.8119671354047,158.25724808327,0.380221799185638,0.0273049117136599,1e-12,70125006,6
10431005,2025.73181126332,31.9772666666667,64.3796816666667,708,701.8713451216,13.8806921329932,4.29942689937292,35.8041363841692,157.941591797888,0.380121840898456,0.0266945737246312,1e-12,70125006,6
10431005,2025.73181126332,31.9772666666667,64.3796816666667,710,703.84329417207,13.8134112252492,4.29179231740833,35.794458720022,158.159342894627,0.379408406694181,0.0267255025941293,1e-12,70125006,6
10431005,2025.73181126332,31.9772666666667,64.3796816666667,712,705.82961824841,13.7490454927602,4.28448925852088,35.7851103411255,158.463672125357,0.379876906259065,0.032512765359064,1e-12,70125006,6
10431005,2025.73181126332,31.9772666666667,64.3796816666667,714,707.806796416082,13.7126818118417,4.28047068256057,35.7804590692272,158.269383172881,0.379079144484735,0.037983735532191,1e-12,70125006,6
10431005,2025.73181126332,31.9772666666667,64.3796816666667,716,709.786607071804,13.6961041239557,4.27868989676194,35.7783686180109,157.87711854989,0.37946896989717,0.029662379907709,1e-12,70125006,6
10431005,2025.73181126332,31.9772666666667,64.3796816666667,718,711.752614815558,13.659200726556,4.27453913743531,35.772953384252,157.436696461899,0.379105175373146,0.0307962033033733,1e-12,70125006,6
10431005,2025.73181126332,31.9772666666667,64.3796816666667,720,713.748496025539,13.6041458733676,4.26821727526055,35.7640229523091,157.167970819465,0.378991169883507,0.0280421196381113,1e-12,70125006,6
10431005,2025.73181126332,31.9772666666667,64.3796816666667,722,715.730187829434,13.5411790726819,4.2608680369353,35.7527588303211,156.927406667476,0.379575207504314,0.0265529551556537,1e-12,70125006,6
10431005,2025.73181126332,31.9772666666667,64.3796816666667,724,717.702853618756,13.4601270167579,4.25167925125662,35.7409675358137,156.8833738394,0.379185725342292,0.0291213029575005,1e-12,70125006,6
10431005,2025.73181126332,31.9772666666667,64.3796816666667,726,719.679811825354,13.3929895843016,4.24412268457555,35.7315138568391,157.272612978307,0.379186674417447,0.0330655446404105,1e-12,70125006,6
10431005,2025.73181126332,31.9772666666667,64.3796816666667,728,721.661031160278,13.3524924206804,4.2396040697947,35.725828664529,157.161234024492,0.378628110555097,0.0290079635861445,1e-12,70125006,6
10431005,2025.73181126332,31.9772666666667,64.3796816666667,730,723.641093690945,13.3004407338456,4.23365377786968,35.717364638527,156.955523169139,0.379482661187733,0.0255254661177129,1e-12,70125006,6
10431005,2025.73181126332,31.9772666666667,64.3796816666667,732,725.61317604728,13.1612436648239,4.2181436122944,35.6997763272931,156.738378887705,0.37823872981712,0.0323099174896317,1e-12,70125006,6
10431005,2025.73181126332,31.9772666666667,64.3796816666667,734,727.607184900834,13.1099114437864,4.21228976273702,35.6914240693103,156.379846095318,0.378528286665913,0.0326075850862277,1e-12,70125006,6
10431005,2025.73181126332,31.9772666666667,64.3796816666667,736,729.577132414377,13.0278302738185,4.20287559316508,35.6779707819984,155.841543026544,0.378305259260642,0.0270554004913637,1e-12,70125006,6
10431005,2025.73181126332,31.9772666666667,64.3796816666667,738,731.56311400058,12.9159022473272,4.19032474673043,35.6625256158822,155.466682422636,0.378056236297215,0.0283176981900459,1e-12,70125006,6
10431005,2025.73181126332,31.9772666666667,64.3796816666667,740,733.52405690973,12.8473963727392,4.18258600865497,35.6521263287561,154.555594763816,0.37872844224595,0.0299039142489295,1e-12,70125006,6
10431005,2025.73181126332,31.9772666666667,64.3796816666667,742,735.519689962217,12.7909595421314,4.17640284458585,35.6452010875799,154.191597113547,0.378145363907713,0.0296126691613114,1e-12,70125006,6
10431005,2025.73181126332,31.9772666666667,64.3796816666667,744,737.497687582523,12.7559126375792,4.17255985248763,35.6405319303002,154.501572232383,0.378400435972622,0.0278919770824487,1e-12,70125006,6
10431005,2025.73181126332,31.9772666666667,64.3796816666667,746,739.478365053853,12.7391791080724,4.17078868734607,35.6384732312487,154.494564844428,0.378452543423744,0.0288437948740254,1e-12,70125006,6
10431005,2025.73181126332,31.9772666666667,64.3796816666667,748,741.436595267432,12.7283499868374,4.16969739262637,35.6373714423683,154.098787597258,0.378876595712521,0.0266069612590257,1e-12,70125006,6
10431005,2025.73181126332,31.9772666666667,64.3796816666667,750,743.426497475552,12.6713402875752,4.16334028529007,35.6292261144376,154.216840295513,0.378219835810024,0.0294006984342938,1e-12,70125006,6
10431005,2025.73181126332,31.9772666666667,64.3796816666667,752,745.426034599951,12.5929399641742,4.15493906174349,35.6215419283652,154.447093805057,0.378150204909792,0.0271204486698892,1e-12,70125006,6
10431005,2025.73181126332,31.9772666666667,64.3796816666667,754,747.369960380782,12.5688916798212,4.15232329519394,35.6182224377376,153.933237983316,0.378939911082735,0.029912305779639,1e-12,70125006,6
10431005,2025.73181126332,31.9772666666667,64.3796816666667,756,749.36769360786,12.521575657673,4.14725078960465,35.6131913022564,153.801888774562,0.377991854328753,0.031940859512953,1e-12,70125006,6
10431005,2025.73181126332,31.9772666666667,64.3796816666667,758,751.353116255966,12.4993626420183,4.1448494027288,35.6101800764189,154.037051877509,0.378165633791011,0.0313157069579446,1e-12,70125006,6
10431005,2025.73181126332,31.9772666666667,64.3796816666667,760,753.323119171283,12.4828283607213,4.1430610187635,35.6077133440633,153.971374180594,0.378520561969616,0.0261418079933058,1e-12,70125006,6
10431005,2025.73181126332,31.9772666666667,64.3796816666667,762,755.291488295557,12.4381523835384,4.13823443498085,35.6025039472035,154.301937293235,0.378334626892716,0.0243416151688566,1e-12,70125006,6
10431005,2025.73181126332,31.9772666666667,64.3796816666667,764,757.282796938145,12.390422660283,4.13324683340484,35.5985998490556,154.558501167778,0.378073904379589,0.0233127233778008,1e-12,70125006,6
10431005,2025.73181126332,31.9772666666667,64.3796816666667,766,759.280299671944,12.3346475528875,4.12721862863245,35.5922181630483,154.930971147921,0.377713275469242,0.0241495775047644,1e-12,70125006,6
10431005,2025.73181126332,31.9772666666667,64.3796816666667,768,761.235373370543,12.3395941653362,4.12778459770745,35.59217483492,154.639048489959,0.378119990461334,0.0268362901091461,1e-12,70125006,6
10431005,2025.73181126332,31.9772666666667,64.3796816666667,770,763.220606804693,12.2835086510747,4.12182966322294,35.586760287082,155.541766603011,0.377649927351337,0.0278990070231422,1e-12,70125006,6
10431005,2025.73181126332,31.9772666666667,64.3796816666667,772,765.19742120506,12.2641233725597,4.12064333694549,35.5927644619378,157.026176215275,0.377293148155393,0.0264922232387499,1e-12,70125006,6
10431005,2025.73181126332,31.9772666666667,64.3796816666667,774,767.180530020263,12.2145040712571,4.11543915356414,35.5884630462569,157.65804090152,0.376493496683472,0.0265744959552651,1e-12,70125006,6
10431005,2025.73181126332,31.9772666666667,64.3796816666667,776,769.137825654328,12.1920126645545,4.11310879922586,35.5863223708055,157.562347710277,0.376940873868977,0.0267931616613924,1e-12,70125006,6
10431005,2025.73181126332,31.9772666666667,64.3796816666667,778,771.136662206785,12.136123632042,4.10696069084339,35.5787583668344,157.6661523578,0.376083379605323,0.0225838643603458,1e-12,70125006,6
10431005,2025.73181126332,31.9772666666667,64.3796816666667,780,773.117379149989,12.076215018329,4.10053728004563,35.5722867212374,157.531740428505,0.376553824136016,0.0236646378609193,1e-12,70125006,6
10431005,2025.73181126332,31.9772666666667,64.3796816666667,782,775.08708302931,12.0357356329564,4.0961609703281,35.5672669474004,157.510226521006,0.376329854657073,0.0284159425918396,1e-12,70125006,6
10431005,2025.73181126332,31.9772666666667,64.3796816666667,784,777.063723240753,12.0061640492316,4.09301272756759,35.5638340243882,157.307159882046,0.37616324651763,0.0309807285677657,1e-12,70125006,6
10431005,2025.73181126332,31.9772666666667,64.3796816666667,786,779.052001120635,11.9830909164274,4.09051179459699,35.5605282468231,157.519639788242,0.376121772993171,0.0298484067573934,1e-12,70125006,6
10431005,2025.73181126332,31.9772666666667,64.3796816666667,788,781.033580504231,11.9467400246522,4.08657067656789,35.5557793790172,157.647802399169,0.376646176473738,0.0224121396677767,1e-12,70125006,6
10431005,2025.73181126332,31.9772666666667,64.3796816666667,790,782.999951262009,11.8729081129189,4.07871583882315,35.5484216505009,157.949271011816,0.376295134528908,0.0213587158100797,1e-12,70125006,6
10431005,2025.73181126332,31.9772666666667,64.3796816666667,792,784.989784318377,11.8346731873528,4.07470113279244,35.5446928035445,158.104308361703,0.376039530728089,0.0271810740094319,1e-12,70125006,6
10431005,2025.73181126332,31.9772666666667,64.3796816666667,794,786.964073472254,11.8104975088834,4.07221884315804,35.5425636066167,158.15530358292,0.376040006036416,0.0241413960904288,1e-12,70125006,6
10431005,2025.73181126332,31.9772666666667,64.3796816666667,796,788.941858640891,11.7719927698338,4.06814371826693,35.5384721408023,157.9423919014,0.376113823904995,0.027456010587111,1e-12,70125006,6
10431005,2025.73181126332,31.9772666666667,64.3796816666667,798,790.91172225584,11.7337614956471,4.06418605996083,35.5352551414775,157.888187282497,0.37607032083514,0.0273755930791214,1e-12,70125006,6
10431005,2025.73181126332,31.9772666666667,64.3796816666667,800,792.898736981261,11.7195145468162,4.06275664335415,35.533964184167,157.766862510497,0.376020901895646,0.0261228623360608,1e-12,70125006,6
10431005,2025.73181126332,31.9772666666667,64.3796816666667,802,794.87941759681,11.6613694359299,4.0567461728582,35.5295515665843,157.876112695325,0.375941789212876,0.0310947377346106,1e-12,70125006,6
10431005,2025.73181126332,31.9772666666667,64.3796816666667,804,796.851634115726,11.5729116866429,4.0474796551958,35.5220158337395,157.790575712691,0.37479103946467,0.0216626251670502,1e-12,70125006,6
10431005,2025.73181126332,31.9772666666667,64.3796816666667,806,798.837731481217,11.5507165643797,4.04516151473126,35.5195399567239,157.518319391895,0.375193565114396,0.0269170749579535,1e-12,70125006,6
10431005,2025.73181126332,31.9772666666667,64.3796816666667,808,800.807787650644,11.5099204509933,4.04074896989195,35.5141917693202,157.340261973647,0.375134008616291,0.0268758530789747,1e-12,70125006,6
10431005,2025.73181126332,31.9772666666667,64.3796816666667,810,802.783197746454,11.4193370502735,4.03094427225135,35.5032222494966,157.033544752636,0.374719118358202,0.0318355393332903,1e-12,70125006,6
10431005,2025.73181126332,31.9772666666667,64.3796816666667,812,804.771704013755,11.3751390544263,4.02623328037951,35.4981140859398,156.725381051653,0.375063880472472,0.0328323073673947,1e-12,70125006,6
10431005,2025.73181126332,31.9772666666667,64.3796816666667,814,806.751377055564,11.3311628321627,4.02151884286701,35.4927317680031,156.497827164514,0.375558318836792,0.0243293544835773,1e-12,70125006,6
10431005,2025.73181126332,31.9772666666667,64.3796816666667,816,808.719902159007,11.2894054112408,4.01708283905965,35.4879579348591,156.463022716975,0.375322266106214,0.0269349859380372,1e-12,70125006,6
10431005,2025.73181126332,31.9772666666667,64.3796816666667,818,810.694860853,11.2596842005206,4.01393713692433,35.4844137196862,156.495904346454,0.375100211969035,0.0247342451858815,1e-12,70125006,6
10431005,2025.73181126332,31.9772666666667,64.3796816666667,820,812.69439973441,11.2347019797858,4.01135854009572,35.4819381957969,156.446745499491,0.375000959082349,0.0260446369231646,1e-12,70125006,6
10431005,2025.73181126332,31.9772666666667,64.3796816666667,822,814.644503991271,11.2235245256557,4.01022573883241,35.4805623322327,156.320815079391,0.375300151641428,0.0289960842283571,1e-12,70125006,6
10431005,2025.73181126332,31.9772666666667,64.3796816666667,824,816.639188030403,11.1738124088061,4.00491334964298,35.4746587435457,156.178418180062,0.375012127335642,0.0246820839935831,1e-12,70125006,6
10431005,2025.73181126332,31.9772666666667,64.3796816666667,826,818.620903792452,11.1278494932166,4.00005028745356,35.4695888773603,156.129419696044,0.375135928897145,0.0252969003943285,1e-12,70125006,6
10431005,2025.73181126332,31.9772666666667,64.3796816666667,828,820.588657662342,11.1030908406441,3.99746855147072,35.4668294071639,155.844044173273,0.375093564920284,0.0296214956647866,1e-12,70125006,6
10431005,2025.73181126332,31.9772666666667,64.3796816666667,830,822.570867857457,11.070396142376,3.99400893438442,35.4629441034432,156.001273833427,0.375094990555169,0.0292524449609132,1e-12,70125006,6
10431005,2025.73181126332,31.9772666666667,64.3796816666667,832,824.552113642132,11.024856566557,3.98917519252414,35.4577011790815,155.954082875297,0.374468270169199,0.030959319490381,1e-12,70125006,6
10431005,2025.73181126332,31.9772666666667,64.3796816666667,834,826.530447622746,10.9822467697324,3.98469749089836,35.4531651758008,155.898301413991,0.374922596148453,0.0253393142558023,1e-12,70125006,6
10431005,2025.73181126332,31.9772666666667,64.3796816666667,836,828.496453254217,10.9047526539165,3.97635551177813,35.4435810685268,155.572155734208,0.37439867041516,0.0324409358533439,1e-12,70125006,6
10431005,2025.73181126332,31.9772666666667,64.3796816666667,838,830.487532860765,10.828121743003,3.96826739033525,35.4356250670551,155.575625677196,0.374149597235641,0.0301320331257527,1e-12,70125006,6
10431005,2025.73181126332,31.9772666666667,64.3796816666667,840,832.466711203911,10.756117059832,3.96060015167661,35.4273495574452,155.479970667261,0.374951039867827,0.0236045505643191,1e-12,70125006,6
10431005,2025.73181126332,31.9772666666667,64.3796816666667,842,834.438667489007,10.6897896749419,3.95358984272757,35.4201328561462,155.450444808844,0.375038986639488,0.0264316940632599,1e-12,70125006,6
10431005,2025.73181126332,31.9772666666667,64.3796816666667,844,836.418115387549,10.6318691383816,3.94743678373439,35.413355466421,155.573853396062,0.374792057943202,0.0266942671541816,1e-12,70125006,6
10431005,2025.73181126332,31.9772666666667,64.3796816666667,846,838.396296945399,10.5756949489901,3.94157987878287,35.4078327543004,155.959728268582,0.374014052858788,0.0269211783811872,1e-12,70125006,6
10431005,2025.73181126332,31.9772666666667,64.3796816666667,848,840.37888829449,10.5241571726015,3.93615580370804,35.4021434836948,155.752685126561,0.374808430590445,0.0274869637897047,1e-12,70125006,6
10431005,2025.73181126332,31.9772666666667,64.3796816666667,850,842.339941485787,10.4922080136314,3.93286366564636,35.3989795606766,155.817579436942,0.374470293907626,0.0282447240987652,1e-12,70125006,6
10431005,2025.73181126332,31.9772666666667,64.3796816666667,852,844.341067365113,10.4507577669042,3.92849172640047,35.3940970507704,155.498724032074,0.374062252169325,0.0275235142791249,1e-12,70125006,6
10431005,2025.73181126332,31.9772666666667,64.3796816666667,854,846.304760487813,10.4337886762529,3.92673804396108,35.3919398225535,155.280697106581,0.375180036388676,0.0251200527974365,1e-12,70125006,6
10431005,2025.73181126332,31.9772666666667,64.3796816666667,856,848.28473973015,10.394898973869,3.92269844295158,35.387905341267,155.135993751147,0.374072265647025,0.0340494150425192,1e-12,70125006,6
10431005,2025.73181126332,31.9772666666667,64.3796816666667,858,850.269488388639,10.3733238867194,3.92049564912264,35.3856564837938,155.122079397631,0.374218513150383,0.0320866217319903,1e-12,70125006,6
10431005,2025.73181126332,31.9772666666667,64.3796816666667,860,852.245938626244,10.3685930958091,3.92007862866513,35.3851477443396,155.384755185457,0.374728254591147,0.0267828228414928,1e-12,70125006,6
10431005,2025.73181126332,31.9772666666667,64.3796816666667,862,854.211737492066,10.3522834172624,3.91847040983113,35.3838052008216,155.327348209622,0.374195864708897,0.0312756223285761,1e-12,70125006,6
10431005,2025.73181126332,31.9772666666667,64.3796816666667,864,856.194169014818,10.3110024256995,3.91414018150455,35.3791050356223,155.130220725466,0.374068569536295,0.0239599561207933,1e-12,70125006,6
10431005,2025.73181126332,31.9772666666667,64.3796816666667,866,858.180513135741,10.2633321979981,3.90918016911769,35.3741935627841,155.194275226152,0.374119331632401,0.0263024899709726,1e-12,70125006,6
10431005,2025.73181126332,31.9772666666667,64.3796816666667,868,860.149877835371,10.2372265101501,3.90645594147067,35.3710117598825,155.063946229857,0.374548045857886,0.0276994376453493,1e-12,70125006,6
10431005,2025.73181126332,31.9772666666667,64.3796816666667,870,862.121734962767,10.1695004550904,3.89941779951832,35.3644258136188,154.734415007917,0.373851571382825,0.0252049129485383,1e-12,70125006,6
10431005,2025.73181126332,31.9772666666667,64.3796816666667,872,864.112920808126,10.1442978808895,3.89681856438473,35.3616049513459,154.890835911444,0.373658889008461,0.0321983557330469,1e-12,70125006,6
10431005,2025.73181126332,31.9772666666667,64.3796816666667,874,866.097606481387,10.1276469866089,3.89510376695189,35.3594667169623,155.124685399605,0.37427525971101,0.0312234837806385,1e-12,70125006,6
10431005,2025.73181126332,31.9772666666667,64.3796816666667,876,868.059632922262,10.1084859836379,3.89317588364942,35.3575955692084,154.808069968037,0.374084825805581,0.0291129313262745,1e-12,70125006,6
10431005,2025.73181126332,31.9772666666667,64.3796816666667,878,870.052153569067,10.0384216006659,3.88580682144965,35.3497834093186,154.841303232518,0.374146562838701,0.0243551079622545,1e-12,70125006,6
10431005,2025.73181126332,31.9772666666667,64.3796816666667,880,872.022276653689,9.95143060613827,3.87685905408926,35.3422861868265,155.043253815932,0.374038865487585,0.021197795136852,1e-12,70125006,6
10431005,2025.73181126332,31.9772666666667,64.3796816666667,882,873.994413601135,9.93535397755464,3.87524694698426,35.3405957031908,155.164210040379,0.374117698088066,0.0235707108608591,1e-12,70125006,6
10431005,2025.73181126332,31.9772666666667,64.3796816666667,884,875.975466629018,9.91494353229926,3.87320689947787,35.3387478371816,155.001870058498,0.374089358890441,0.0242062869392222,1e-12,70125006,6
10431005,2025.73181126332,31.9772666666667,64.3796816666667,886,877.954855042763,9.89616922743755,3.87135206380138,35.3371947200025,155.176040879134,0.374025726880862,0.0264023539674586,1e-12,70125006,6
10431005,2025.73181126332,31.9772666666667,64.3796816666667,888,879.937057302291,9.87004077921911,3.86867647495719,35.3344075260577,154.948926092506,0.374365288369725,0.0291817985950829,1e-12,70125006,6
10431005,2025.73181126332,31.9772666666667,64.3796816666667,890,881.895075314189,9.79712872135255,3.8611252639419,35.3273057301386,155.083415188089,0.374260768308788,0.0312384179638539,1e-12,70125006,6
10431005,2025.73181126332,31.9772666666667,64.3796816666667,892,883.883548572747,9.72685461871038,3.85381634591011,35.3200425883529,155.115248989173,0.373994136737594,0.0292763456524617,1e-12,70125006,6
10431005,2025.73181126332,31.9772666666667,64.3796816666667,894,885.874620500987,9.6705509764691,3.8479438928279,35.3138218623462,155.53083755935,0.374018319311139,0.0292361284302753,1e-12,70125006,6
10431005,2025.73181126332,31.9772666666667,64.3796816666667,896,887.838046542121,9.60447851905151,3.84120119282809,35.3081675864288,155.350329037126,0.374134459446903,0.0211080548377277,1e-12,70125006,6
10431005,2025.73181126332,31.9772666666667,64.3796816666667,898,889.814754665141,9.56597273394131,3.83742121331411,35.3060153312292,155.497926100716,0.374001470159254,0.0233062870169752,1e-12,70125006,6
10431005,2025.73181126332,31.9772666666667,64.3796816666667,900,891.802052535235,9.50880699461826,3.83157664857967,35.3008191018487,155.808101883304,0.373577221604013,0.0274512875541669,1e-12,70125006,6
10431005,2025.73181126332,31.9772666666667,64.3796816666667,902,893.778074656472,9.49188660354757,3.82988725430873,35.2990635148118,155.638367068868,0.373959390326588,0.0278959661300615,1e-12,70125006,6
10431005,2025.73181126332,31.9772666666667,64.3796816666667,904,895.739621160412,9.44904782162621,3.82545861928527,35.2944071035173,155.575416725588,0.373971451913528,0.0320500475510518,1e-12,70125006,6
10431005,2025.73181126332,31.9772666666667,64.3796816666667,906,897.726773029226,9.41020806533675,3.82154418146761,35.2911205147438,155.83255007027,0.373639945628169,0.0341408689146251,1e-12,70125006,6
10431005,2025.73181126332,31.9772666666667,64.3796816666667,908,899.714756330313,9.3667278210364,3.81703385548833,35.286196225577,156.005284821571,0.373379694990106,0.0315250121462468,1e-12,70125006,6
10431005,2025.73181126332,31.9772666666667,64.3796816666667,910,901.673827059099,9.33261559241474,3.81348284580418,35.2819979251493,155.79038892043,0.37415290498999,0.0290186189859331,1e-12,70125006,6
10431005,2025.73181126332,31.9772666666667,64.3796816666667,912,903.663303920176,9.24790061740259,3.80472049506922,35.2734222799238,156.009246676349,0.372889755470568,0.0254360584047348,1e-12,70125006,6
10431005,2025.73181126332,31.9772666666667,64.3796816666667,914,905.640767618582,9.20390202330491,3.80027062977607,35.2695430393478,156.310244196705,0.373043178106202,0.0249557042061087,1e-12,70125006,6
10431005,2025.73181126332,31.9772666666667,64.3796816666667,916,907.61675310556,9.1892662208609,3.79880911276679,35.2678450403779,156.174515401966,0.373376265610664,0.0313415397880863,1e-12,70125006,6
10431005,2025.73181126332,31.9772666666667,64.3796816666667,918,909.586497847689,9.15016577991601,3.7947847729707,35.2635442875561,156.012495567249,0.373529283058502,0.0276777288000596,1e-12,70125006,6
10431005,2025.73181126332,31.9772666666667,64.3796816666667,920,911.571892746102,9.09686324692133,3.78930261602159,35.2580143633883,156.423617356422,0.373519711250457,0.0255697424105841,1e-12,70125006,6
10431005,2025.73181126332,31.9772666666667,64.3796816666667,922,913.556611481303,8.99305663760046,3.77869983639208,35.2487606823244,156.53256846876,0.373093999499936,0.0299292336797034,1e-12,70125006,6
10431005,2025.73181126332,31.9772666666667,64.3796816666667,924,915.521043513696,8.96449103944893,3.77586305787997,35.2463904192333,156.862560520003,0.373047004700318,0.0292791177170261,1e-12,70125006,6
10431005,2025.73181126332,31.9772666666667,64.3796816666667,926,917.49841737698,8.9661728465324,3.77621347463983,35.2474898166808,156.831334664296,0.373173250838047,0.0274273161085825,1e-12,70125006,6
10431005,2025.73181126332,31.9772666666667,64.3796816666667,928,919.486986836648,8.96144596110828,3.77586538814562,35.2476109288887,157.228935147857,0.37349244307059,0.0229836375796635,1e-12,70125006,6
10431005,2025.73181126332,31.9772666666667,64.3796816666667,930,921.455819619309,8.94611982568711,3.77440849475729,35.2465938895101,157.078864730507,0.373613767209259,0.021798038477187,1e-12,70125006,6
10431005,2025.73181126332,31.9772666666667,64.3796816666667,932,923.428512590278,8.93288764233417,3.7731386742488,35.2454658481004,157.324572475702,0.372979654584233,0.0301301292771475,1e-12,70125006,6
10431005,2025.73181126332,31.9772666666667,64.3796816666667,934,925.414279813021,8.92427713850466,3.7723270904998,35.2445703508461,157.125979030775,0.373111248973138,0.0290392126240946,1e-12,70125006,6
10431005,2025.73181126332,31.9772666666667,64.3796816666667,936,927.393967197546,8.90170805064389,3.77007630577466,35.2423858268377,157.174597940814,0.373064101803738,0.0262984466405669,1e-12,70125006,6
10431005,2025.73181126332,31.9772666666667,64.3796816666667,938,929.362114844241,8.83718127343478,3.76347656825641,35.2360595867892,156.911277300328,0.373016963508124,0.0256587958267428,1e-12,70125006,6
10431005,2025.73181126332,31.9772666666667,64.3796816666667,940,931.335266054818,8.78237902258043,3.7578687465981,35.2304809370771,156.608922307501,0.372949831268148,0.0294652359603006,1e-12,70125006,6
10431005,2025.73181126332,31.9772666666667,64.3796816666667,942,933.327027461976,8.72781973761655,3.75230990365916,35.2251333265446,156.9519628041,0.372953321698565,0.0292008811825924,1e-12,70125006,6
10431005,2025.73181126332,31.9772666666667,64.3796816666667,944,935.296958913294,8.68996747408134,3.74857903359881,35.2224457138669,157.119503416085,0.373040154448801,0.0251888500842154,1e-12,70125006,6
10431005,2025.73181126332,31.9772666666667,64.3796816666667,946,937.272025197011,8.65382517176411,3.74496765363458,35.2193067894141,157.967588847295,0.372982897233314,0.0283765217157424,1e-12,70125006,6
10431005,2025.73181126332,31.9772666666667,64.3796816666667,948,939.25907776041,8.60926867474018,3.7406995345531,35.217557979502,159.214888456359,0.372980103103394,0.0210117597177272,1e-12,70125006,6
10431005,2025.73181126332,31.9772666666667,64.3796816666667,950,941.220228233302,8.54296513235459,3.73416432276593,35.21342678645,160.645004407481,0.372894262883423,0.0254153083002163,1e-12,70125006,6
10431005,2025.73181126332,31.9772666666667,64.3796816666667,952,943.201390334415,8.51053826502713,3.73084891780947,35.209666267509,161.529768270688,0.37291784246801,0.0276611702942157,1e-12,70125006,6
10431005,2025.73181126332,31.9772666666667,64.3796816666667,954,945.185582988566,8.40515778750698,3.72001818874033,35.1987977859126,162.683082864084,0.372621555506548,0.0289432689818897,1e-12,70125006,6
10431005,2025.73181126332,31.9772666666667,64.3796816666667,956,947.163761785197,8.38483265732889,3.71806141937726,35.1973480570219,163.019845329419,0.373260306363522,0.0287815680986918,1e-12,70125006,6
10431005,2025.73181126332,31.9772666666667,64.3796816666667,958,949.126480110388,8.35660634179442,3.71520655474259,35.1942265044965,163.409319671519,0.37408240241312,0.0375420646206073,1e-12,70125006,6
10431005,2025.73181126332,31.9772666666667,64.3796816666667,960,951.117443745251,8.28686640139995,3.70816298592127,35.1879165688097,164.157462019554,0.372776617047137,0.0301688210347083,1e-12,70125006,6
10431005,2025.73181126332,31.9772666666667,64.3796816666667,962,953.094944482167,8.25362888782843,3.70486218166931,35.1849986014502,164.303135927429,0.372994721863445,0.0312537448438195,1e-12,70125006,6
10431005,2025.73181126332,31.9772666666667,64.3796816666667,964,955.065479229228,8.24145349718651,3.7036961357011,35.1838074956339,164.706914732512,0.374019868567518,0.0292213055449458,1e-12,70125006,6
10431005,2025.73181126332,31.9772666666667,64.3796816666667,966,957.037931834994,8.2391061254581,3.70357165280274,35.1839049605409,164.721022938494,0.373075522869988,0.0296845545099022,1e-12,70125006,6
10431005,2025.73181126332,31.9772666666667,64.3796816666667,968,959.033396329311,8.22501441439821,3.70220142888703,35.1824470361474,164.889857655914,0.373175284590069,0.0263575076380499,1e-12,70125006,6
10431005,2025.73181126332,31.9772666666667,64.3796816666667,970,960.982170602327,8.2051677546501,3.70023414539872,35.1803631657985,165.361581911926,0.374002824340028,0.0300317367598886,1e-12,70125006,6
10431005,2025.73181126332,31.9772666666667,64.3796816666667,972,962.974198325382,8.12560388637456,3.6922163864806,35.1733121725209,167.01025030831,0.373116198864135,0.029822682398239,1e-12,70125006,6
10431005,2025.73181126332,31.9772666666667,64.3796816666667,974,964.960935878944,8.04144090076157,3.68386747068575,35.1672312011186,168.929835419888,0.373000631104312,0.0262634118570594,1e-12,70125006,6
10431005,2025.73181126332,31.9772666666667,64.3796816666667,976,966.927358043865,7.95243200499711,3.67513659957693,35.1618311208966,170.764908210961,0.373357448363999,0.0348393640628644,1e-12,70125006,6
10431005,2025.73181126332,31.9772666666667,64.3796816666667,978,968.900153861153,7.93330846558168,3.67330214357322,35.160373983408,171.919689336057,0.373468039109204,0.0245912303038631,1e-12,70125006,6
10431005,2025.73181126332,31.9772666666667,64.3796816666667,980,970.873918246513,7.90861868241097,3.67102766948235,35.1597611716943,172.340094990541,0.373180078617219,0.0245997034402273,1e-12,70125006,6
10431005,2025.73181126332,31.9772666666667,64.3796816666667,982,972.873347692282,7.89290012372688,3.66955343464038,35.1587525927327,172.656263161253,0.372991414708373,0.0293797033359577,1e-12,70125006,6
10431005,2025.73181126332,31.9772666666667,64.3796816666667,984,974.827543267427,7.86879487833828,3.66727317177051,35.1574850568321,173.456108286926,0.373612276568634,0.0313673607546544,1e-12,70125006,6
10431005,2025.73181126332,31.9772666666667,64.3796816666667,986,976.812141918641,7.8315383251381,3.66372344623294,35.1557428634634,174.201683026788,0.373108282129285,0.0365709842461777,1e-12,70125006,6
10431005,2025.73181126332,31.9772666666667,64.3796816666667,988,978.797141008555,7.77951357267317,3.65890453136481,35.155127108817,174.836791295339,0.373357655886681,0.0338852459400774,1e-12,70125006,6
10431005,2025.73181126332,31.9772666666667,64.3796816666667,990,980.756687231514,7.75330983800779,3.65655920726948,35.1552285824934,175.363846692894,0.373509291672846,0.0285468568259981,1e-12,70125006,6
10431005,2025.73181126332,31.9772666666667,64.3796816666667,992,982.749352961733,7.71979255904985,3.65343103959089,35.154229633239,175.901970526086,0.373543360440554,0.033153314237091,1e-12,70125006,6
10431005,2025.73181126332,31.9772666666667,64.3796816666667,994,984.711976375197,7.69703660600334,3.65134740375861,35.1536808738727,176.330653728911,0.373829246103299,0.0261873854890782,1e-12,70125006,6
10431005,2025.73181126332,31.9772666666667,64.3796816666667,996,986.695703602437,7.67244544410185,3.64905242437814,35.1526901491467,177.264666826586,0.372986168120721,0.0277584986845746,1e-12,70125006,6
10431005,2025.73181126332,31.9772666666667,64.3796816666667,998,988.676370336395,7.65288975620049,3.64727997541625,35.1522744028188,177.740954953204,0.373335913410694,0.0334331988578857,1e-12,70125006,6
10431005,2025.73181126332,31.9772666666667,64.3796816666667,1000,990.646359177424,7.63504637041958,3.64560676395028,35.1512087171711,178.277382975071,0.373889369012968,0.0305750261242028,1e-12,70125006,6
10431005,2025.73181126332,31.9772666666667,64.3796816666667,1002,992.618427398533,7.60495431962539,3.64279652184419,35.1501621346724,178.720247589673,0.373103897840974,0.0353988891929086,1e-12,70125006,6
10431005,2025.73181126332,31.9772666666667,64.3796816666667,1004,994.609514316679,7.58516054806507,3.64103394649342,35.150077832381,179.107539960866,0.373176982896773,0.0322799289048362,1e-12,70125006,6
10431005,2025.73181126332,31.9772666666667,64.3796816666667,1006,996.576599370355,7.58109638569076,3.64072299852038,35.1498739635966,179.449090584662,0.373936974236844,0.0299989924773256,1e-12,70125006,6
10431005,2025.73181126332,31.9772666666667,64.3796816666667,1008,998.549301787525,7.55924532005137,3.63876012121774,35.1496877136428,180.231081935518,0.37318226451385,0.0355088249573335,1e-12,70125006,6
10431005,2025.73181126332,31.9772666666667,64.3796816666667,1010,1000.5379566421,7.54618040291475,3.63762664088039,35.1496348394304,180.471403129307,0.372930147701689,0.0347312955583107,1e-12,70125006,6
10431005,2025.73181126332,31.9772666666667,64.3796816666667,1012,1002.51271771654,7.54307239810501,3.63738877261637,35.1492590671432,180.647059527283,0.373833607788113,0.0313243842306541,1e-12,70125006,6
10431005,2025.73181126332,31.9772666666667,64.3796816666667,1014,1004.47667544658,7.53355476705906,3.63656869418207,35.1490289629063,181.205354232585,0.373196589580884,0.0349845096076028,1e-12,70125006,6
10431005,2025.73181126332,31.9772666666667,64.3796816666667,1016,1006.46455132766,7.50292919029897,3.63367180093613,35.1475518015236,181.937850899057,0.37290092995407,0.02976322729055,1e-12,70125006,6
10431005,2025.73181126332,31.9772666666667,64.3796816666667,1018,1008.44579516231,7.48822257479931,3.6322941657673,35.1465021290307,182.199263411487,0.377298438197335,0.0243333901968638,1e-12,70125006,6
10431005,2025.73181126332,31.9772666666667,64.3796816666667,1020,1010.40855053265,7.46681329709908,3.63028020912004,35.145301495465,182.692035770651,0.373011310299188,0.0242423859805701,1e-12,70125006,6
10431005,2025.73181126332,31.9772666666667,64.3796816666667,1022,1012.38031248391,7.45625123822728,3.62954390607878,35.1470166858053,182.732148939564,0.373021729604718,0.0354225786497506,1e-12,70125006,6
10431005,2025.73181126332,31.9772666666667,64.3796816666667,1024,1014.36857940098,7.44639080667627,3.62886660522288,35.148664918932,183.366672593648,0.372983085661237,0.0333036455309953,1e-12,70125006,6
10431005,2025.73181126332,31.9772666666667,64.3796816666667,1026,1016.35234024701,7.4072318439423,3.62505664433443,35.1458524742844,183.890562975408,0.373414992588889,0.0298594206222183,1e-12,70125006,6
10431005,2025.73181126332,31.9772666666667,64.3796816666667,1028,1018.30561823069,7.36052371652273,3.62065664432328,35.1442130454103,184.885435927101,0.37342036592413,0.0281645814525453,1e-12,70125006,6
10431005,2025.73181126332,31.9772666666667,64.3796816666667,1030,1020.28694229709,7.27739946242606,3.61267215838082,35.140299260998,186.558115449602,0.372333077949375,0.0286042721658195,1e-12,70125006,6
10431005,2025.73181126332,31.9772666666667,64.3796816666667,1032,1022.28168530884,7.2193990543835,3.60729536424836,35.1393577584447,187.899136116179,0.372948312965675,0.036762425108762,1e-12,70125006,6
10431005,2025.73181126332,31.9772666666667,64.3796816666667,1034,1024.25880518989,7.19719193483869,3.60527424468176,35.138818428745,188.294351539746,0.373135949068762,0.0322133266292405,1e-12,70125006,6
10431005,2025.73181126332,31.9772666666667,64.3796816666667,1036,1026.22518491153,7.15205280521294,3.60133149587854,35.1404766767585,188.710459894253,0.372274736668203,0.0285203115827556,1e-12,70125006,6
10431005,2025.73181126332,31.9772666666667,64.3796816666667,1038,1028.21431038094,7.14046726434166,3.60039386964656,35.1410142004449,189.058711446054,0.372463875444163,0.0274312338649907,1e-12,70125006,6
10431005,2025.73181126332,31.9772666666667,64.3796816666667,1040,1030.17177883597,7.13189999017433,3.59963398991529,35.1404423669286,189.176967625501,0.373626043272708,0.028344750285386,1e-12,70125006,6
10431005,2025.73181126332,31.9772666666667,64.3796816666667,1042,1032.14611458328,7.08830035250025,3.59574654575073,35.1411271273918,189.783135225759,0.372584051276118,0.0301109333145046,1e-12,70125006,6
10431005,2025.73181126332,31.9772666666667,64.3796816666667,1044,1034.13254397636,7.07510359528887,3.59463227905299,35.1413586193257,189.984495476247,0.372055948700166,0.0297454051094033,1e-12,70125006,6
10431005,2025.73181126332,31.9772666666667,64.3796816666667,1046,1036.10997065291,7.07036816356416,3.59429872319975,35.1415646428637,190.067616730649,0.372769324826565,0.0284362918693234,1e-12,70125006,6
10431005,2025.73181126332,31.9772666666667,64.3796816666667,1048,1038.07340430957,7.05839371968524,3.59335845100065,35.1424590758822,190.333606087836,0.373417023725014,0.0319080568941034,1e-12,70125006,6
10431005,2025.73181126332,31.9772666666667,64.3796816666667,1050,1040.05826337388,7.03039245029653,3.59078215608421,35.141679026414,191.44676953578,0.371985506086907,0.0301059870654413,1e-12,70125006,6
10431005,2025.73181126332,31.9772666666667,64.3796816666667,1052,1042.03888777712,7.00294543263967,3.58823014087478,35.1405960935294,191.766197291502,0.372460946575038,0.0328998869227222,1e-12,70125006,6
10431005,2025.73181126332,31.9772666666667,64.3796816666667,1054,1044.00823822112,6.98196381356293,3.58624272171971,35.1391428905022,192.257010412059,0.372453182582478,0.0286338341418379,1e-12,70125006,6
10431005,2025.73181126332,31.9772666666667,64.3796816666667,1056,1045.97568767181,6.96252769468576,3.58442670426042,35.1379959346045,192.755492481486,0.372490889884492,0.0243164533514801,1e-12,70125006,6
10431005,2025.73181126332,31.9772666666667,64.3796816666667,1058,1047.9647955567,6.94175040459936,3.58252356483186,35.1372478170738,192.987729359326,0.371959620026651,0.0280228081350609,1e-12,70125006,6
10431005,2025.73181126332,31.9772666666667,64.3796816666667,1060,1049.94020953146,6.93692005381754,3.58211320619207,35.1367045021819,193.28568834995,0.372313923280516,0.0276848720927165,1e-12,70125006,6
10431005,2025.73181126332,31.9772666666667,64.3796816666667,1062,1051.90331651511,6.91705173877783,3.58031421799536,35.1361711536076,194.061965529857,0.372003003026092,0.0299928353232703,1e-12,70125006,6
10431005,2025.73181126332,31.9772666666667,64.3796816666667,1064,1053.89762681527,6.90725092918963,3.57945991490421,35.1357937254787,194.180634901236,0.372108389881436,0.0315606161460263,1e-12,70125006,6
10431005,2025.73181126332,31.9772666666667,64.3796816666667,1066,1055.86002566234,6.90442728466637,3.57924589902016,35.1353686230803,194.129261178143,0.372605196357619,0.0263973042470457,1e-12,70125006,6
10431005,2025.73181126332,31.9772666666667,64.3796816666667,1068,1057.84096053101,6.86438852571243,3.57537631428004,35.13254950319,195.259151782796,0.372165241975616,0.024858264579179,1e-12,70125006,6
10431005,2025.73181126332,31.9772666666667,64.3796816666667,1070,1059.82313210505,6.81199800474791,3.57041640804514,35.1302593234695,196.115057025166,0.372028672181901,0.0308526874791832,1e-12,70125006,6
10431005,2025.73181126332,31.9772666666667,64.3796816666667,1072,1061.79295449235,6.77528603673204,3.56709327451377,35.1300306648883,197.126132815819,0.372355662853153,0.0284866676501915,1e-12,70125006,6
10431005,2025.73181126332,31.9772666666667,64.3796816666667,1074,1063.76989730873,6.75608510942118,3.56541712506795,35.1301358560448,197.609710574469,0.372032573558388,0.0306973027827577,1e-12,70125006,6
10431005,2025.73181126332,31.9772666666667,64.3796816666667,1076,1065.73822128142,6.74652494642977,3.5645991645507,35.1298970408595,197.952599529723,0.372394612050725,0.0305362909544594,1e-12,70125006,6
10431005,2025.73181126332,31.9772666666667,64.3796816666667,1078,1067.72101197681,6.73902758645913,3.56393934638962,35.1293042898093,198.091123324329,0.371982267257596,0.035647928774844,1e-12,70125006,6
10431005,2025.73181126332,31.9772666666667,64.3796816666667,1080,1069.70012639893,6.70033770252041,3.56022720660096,35.1267732142981,199.225258722266,0.372243421115539,0.0322150290131218,1e-12,70125006,6
10431005,2025.73181126332,31.9772666666667,64.3796816666667,1082,1071.66497449756,6.67023896296134,3.55742509324112,35.1255283727894,199.863461029799,0.372330839933417,0.0272891968063616,1e-12,70125006,6
10431005,2025.73181126332,31.9772666666667,64.3796816666667,1084,1073.65192386502,6.64247242003009,3.55491922995476,35.1251675984878,200.564465539085,0.371982364671739,0.0312624440339087,1e-12,70125006,6
10431005,2025.73181126332,31.9772666666667,64.3796816666667,1086,1075.62991296055,6.63529530214941,3.55431349275166,35.1248364984089,200.867503102609,0.371959060856235,0.0282381197305757,1e-12,70125006,6
10431005,2025.73181126332,31.9772666666667,64.3796816666667,1088,1077.59344043526,6.62368312926354,3.55321272641412,35.1235520242781,201.389261830039,0.372335439001298,0.0297453062536097,1e-12,70125006,6
10431005,2025.73181126332,31.9772666666667,64.3796816666667,1090,1079.57259048275,6.61152120374803,3.55207563932042,35.1224233833075,201.665105354319,0.372583605941076,0.0275273547353914,1e-12,70125006,6
10431005,2025.73181126332,31.9772666666667,64.3796816666667,1092,1081.56607285101,6.60711129143013,3.55164318470717,35.1211900633523,201.865743499929,0.372393944728134,0.0306551196762203,1e-12,70125006,6
10431005,2025.73181126332,31.9772666666667,64.3796816666667,1094,1083.51097065167,6.57924156635379,3.54889809893497,35.1182744277566,202.954367269798,0.372341138548084,0.0291661166540001,1e-12,70125006,6
10431005,2025.73181126332,31.9772666666667,64.3796816666667,1096,1085.50399651293,6.54678831337351,3.54594334420293,35.1176937719585,204.088368722784,0.371969814337895,0.0282995667250355,1e-12,70125006,6
10431005,2025.73181126332,31.9772666666667,64.3796816666667,1098,1087.48392474101,6.53848829236361,3.54545079191816,35.1197465990771,204.529957764174,0.372074850139038,0.0304872221032806,1e-12,70125006,6
10431005,2025.73181126332,31.9772666666667,64.3796816666667,1100,1089.4520948144,6.53440217831841,3.54543694008311,35.1228031751605,204.898910156627,0.372861753339769,0.0287724491569811,1e-12,70125006,6
10431005,2025.73181126332,31.9772666666667,64.3796816666667,1102,1091.42739743268,6.53135486885576,3.54538464607626,35.1243791643008,204.753175823991,0.372209366087793,0.0338426441788566,1e-12,70125006,6
10431005,2025.73181126332,31.9772666666667,64.3796816666667,1104,1093.40363894844,6.52659899147639,3.54504399646343,35.1245068274157,204.668418872362,0.372320129223659,0.0288942268464449,1e-12,70125006,6
10431005,2025.73181126332,31.9772666666667,64.3796816666667,1106,1095.38763550856,6.48969484219091,3.54179539339417,35.1251921445481,205.529272360486,0.372026351832029,0.0306431239314728,1e-12,70125006,6
10431005,2025.73181126332,31.9772666666667,64.3796816666667,1108,1097.34310184517,6.45408962295432,3.53835753500551,35.1224513356721,206.849901151241,0.372018734584805,0.0306213893411891,1e-12,70125006,6
10431005,2025.73181126332,31.9772666666667,64.3796816666667,1110,1099.33329732206,6.43465046944595,3.53653735622487,35.1211449365126,206.957100641147,0.37202014951048,0.0314174504580109,1e-12,70125006,6
10431005,2025.73181126332,31.9772666666667,64.3796816666667,1112,1101.31007486788,6.39675840143371,3.53291475262114,35.1186585501927,207.874134861511,0.372211158989814,0.0266219625817036,1e-12,70125006,6
10431005,2025.73181126332,31.9772666666667,64.3796816666667,1114,1103.27963622803,6.38172283776967,3.53172009567757,35.119788316753,208.293688543854,0.371986441949627,0.0237304418125646,1e-12,70125006,6
10431005,2025.73181126332,31.9772666666667,64.3796816666667,1116,1105.26375802087,6.37289794451538,3.53108993622396,35.1208464661005,208.950899202442,0.371921062417399,0.0228394781593645,1e-12,70125006,6
10431005,2025.73181126332,31.9772666666667,64.3796816666667,1118,1107.22767524011,6.35876701134256,3.52996414378782,35.1218154567873,208.944515509423,0.371866884786206,0.0258479893961131,1e-12,70125006,6
10431005,2025.73181126332,31.9772666666667,64.3796816666667,1120,1109.21644330381,6.34286761272266,3.52859852886469,35.1219249332698,209.039046459575,0.371364550017747,0.0268156549733279,1e-12,70125006,6
10431005,2025.73181126332,31.9772666666667,64.3796816666667,1122,1111.17193934886,6.32962023312166,3.52751741545594,35.1224860991048,208.940687816808,0.372054037353089,0.0338251915711925,1e-12,70125006,6
10431005,2025.73181126332,31.9772666666667,64.3796816666667,1124,1113.16432878566,6.31988485153166,3.52687448099877,35.1243291879224,208.002187987459,0.371930727920624,0.0317167663293717,1e-12,70125006,6
10431005,2025.73181126332,31.9772666666667,64.3796816666667,1126,1115.13663922216,6.30829090182277,3.52593803784852,35.1248084788982,207.888545340915,0.371505191741787,0.0295294869398592,1e-12,70125006,6
10431005,2025.73181126332,31.9772666666667,64.3796816666667,1128,1117.10974069458,6.29088250242235,3.52435262103606,35.1240097962846,208.896142711583,0.37096969957614,0.0291428343506761,1e-12,70125006,6
10431005,2025.73181126332,31.9772666666667,64.3796816666667,1130,1119.08897048672,6.28038185740438,3.52344998065561,35.1237461449051,209.26487276913,0.37105145641078,0.0298102545854646,1e-12,70125006,6
10431005,2025.73181126332,31.9772666666667,64.3796816666667,1132,1121.05752904281,6.2698728078151,3.52252503932971,35.1232421964551,209.418663517292,0.371094616950213,0.0231590296215546,1e-12,70125006,6
10431005,2025.73181126332,31.9772666666667,64.3796816666667,1134,1123.0408755946,6.24158990224036,3.51983300015632,35.1212297357662,210.063534359502,0.371050022455021,0.0268583626209439,1e-12,70125006,6
10431005,2025.73181126332,31.9772666666667,64.3796816666667,1136,1125.01020813319,6.21015535990408,3.51684466915007,35.1191301186278,211.78621988545,0.370966480808124,0.0260927485053819,1e-12,70125006,6
10431005,2025.73181126332,31.9772666666667,64.3796816666667,1138,1126.98676057751,6.16822337493822,3.51289871059461,35.1170761307067,212.665260815778,0.370918274203556,0.032820866628819,1e-12,70125006,6
10431005,2025.73181126332,31.9772666666667,64.3796816666667,1140,1128.96063669651,6.1724848458921,3.51399328254689,35.1239655948497,212.49471915931,0.370920047282094,0.0309158666677036,1e-12,70125006,6
10431005,2025.73181126332,31.9772666666667,64.3796816666667,1142,1130.94370311118,6.18486297155071,3.5157871317946,35.1303479534136,211.760846098967,0.370841407649425,0.0330615915250533,1e-12,70125006,6
10431005,2025.73181126332,31.9772666666667,64.3796816666667,1144,1132.90896220612,6.17612215057013,3.5151633593898,35.1313835545255,211.991361366344,0.370861038470431,0.0276328178738513,1e-12,70125006,6
10431005,2025.73181126332,31.9772666666667,64.3796816666667,1146,1134.88997621419,6.17391400169449,3.51517749166551,35.1328475948739,212.124480194719,0.370821511891639,0.0289737108438959,1e-12,70125006,6
10431005,2025.73181126332,31.9772666666667,64.3796816666667,1148,1136.86332615193,6.17196496028373,3.51521694372585,35.1343290361902,212.158579285862,0.370262334499167,0.0248527497925907,1e-12,70125006,6
10431005,2025.73181126332,31.9772666666667,64.3796816666667,1150,1138.84158178238,6.16066663184007,3.51434043839458,35.135163423357,212.23136613194,0.370031484773835,0.0198489395591155,1e-12,70125006,6
10431005,2025.73181126332,31.9772666666667,64.3796816666667,1152,1140.81297954714,6.14708488837101,3.5131121095672,35.1344101576201,212.601480044246,0.37006042542761,0.0262744550781292,1e-12,70125006,6
10431005,2025.73181126332,31.9772666666667,64.3796816666667,1154,1142.79010413806,6.13140415166174,3.51170137324369,35.1337676884177,213.234719320894,0.369975925553661,0.0274664138884279,1e-12,70125006,6
10431005,2025.73181126332,31.9772666666667,64.3796816666667,1156,1144.76475103106,6.11826122870236,3.51053440336044,35.1332457257431,213.759744796237,0.370993788999556,0.0317648509570832,1e-12,70125006,6
10431005,2025.73181126332,31.9772666666667,64.3796816666667,1158,1146.73570333388,6.11068259046764,3.50994540452578,35.1334771986231,213.924234401706,0.370324683736839,0.0296895272658388,1e-12,70125006,6
10431005,2025.73181126332,31.9772666666667,64.3796816666667,1160,1148.71912626958,6.10822222736825,3.50992886997846,35.1348588269004,213.882460698102,0.370352025486317,0.0246414656156028,1e-12,70125006,6
10431005,2025.73181126332,31.9772666666667,64.3796816666667,1162,1150.69015699408,6.09559715025603,3.50886827953979,35.1349915214732,213.939592244765,0.369907051249715,0.0248459505104397,1e-12,70125006,6
10431005,2025.73181126332,31.9772666666667,64.3796816666667,1164,1152.66383678106,6.08747241870459,3.5081864415608,35.1347446488154,214.018733607243,0.36985934160693,0.0256916709419549,1e-12,70125006,6
10431005,2025.73181126332,31.9772666666667,64.3796816666667,1166,1154.63965416418,6.08298315903042,3.50786221253422,35.1347682565416,214.470815893798,0.369845090848584,0.0233648335881305,1e-12,70125006,6
10431005,2025.73181126332,31.9772666666667,64.3796816666667,1168,1156.6149629632,6.06724092665143,3.50641451105272,35.1337660135125,214.690598840146,0.370200533163472,0.0215372586375742,1e-12,70125006,6
10431005,2025.73181126332,31.9772666666667,64.3796816666667,1170,1158.58513729605,6.06251156561011,3.50614511054199,35.1346475906967,214.932164036036,0.369882348100933,0.0273929199182084,1e-12,70125006,6
10431005,2025.73181126332,31.9772666666667,64.3796816666667,1172,1160.57026571572,6.07044631841999,3.50716441164579,35.1369555089219,214.681451078703,0.369843060157808,0.0314503348628936,1e-12,70125006,6
10431005,2025.73181126332,31.9772666666667,64.3796816666667,1174,1162.53867014247,6.08103981839811,3.50854889596195,35.1406184783038,214.141264055607,0.369817819179472,0.0271701960024588,1e-12,70125006,6
10431005,2025.73181126332,31.9772666666667,64.3796816666667,1176,1164.51669792605,6.09236276281421,3.51012154536038,35.1456297847314,214.442035967977,0.369785987592818,0.0280351183432706,1e-12,70125006,6
10431005,2025.73181126332,31.9772666666667,64.3796816666667,1178,1166.47812073736,6.11661478234352,3.51305336831005,35.1525714841744,214.160789775892,0.369824638055525,0.0314895293168268,1e-12,70125006,6
10431005,2025.73181126332,31.9772666666667,64.3796816666667,1180,1168.46588314616,6.1267404695717,3.51436696884842,35.1559088404731,214.239867959474,0.369820312183747,0.0266182133054853,1e-12,70125006,6
10431005,2025.73181126332,31.9772666666667,64.3796816666667,1182,1170.44900058366,6.14187747189174,3.51619466281594,35.1598464856719,214.23392514147,0.369879636710273,0.0311914095753537,1e-12,70125006,6
10431005,2025.73181126332,31.9772666666667,64.3796816666667,1184,1172.41289617063,6.15505377527765,3.51777913090055,35.1630769979155,214.579733254151,0.369816837617093,0.0292448331139057,1e-12,70125006,6
10431005,2025.73181126332,31.9772666666667,64.3796816666667,1186,1174.38550949717,6.15151425248492,3.51760469416363,35.163805104219,214.657638127013,0.3698197838222,0.0242420772141452,1e-12,70125006,6
10431005,2025.73181126332,31.9772666666667,64.3796816666667,1188,1176.36154999898,6.13324479756991,3.51608246034892,35.1645825744399,215.043283401613,0.369761908523434,0.0227248086287379,1e-12,70125006,6
10431005,2025.73181126332,31.9772666666667,64.3796816666667,1190,1178.34534707685,6.12199668832041,3.51507012553593,35.1638570279731,215.511696157686,0.369810889532343,0.0280158637478458,1e-12,70125006,6
10431005,2025.73181126332,31.9772666666667,64.3796816666667,1192,1180.3065684213,6.11269446630389,3.51419374545594,35.162654180953,215.813464970021,0.369820349220141,0.0336409944068275,1e-12,70125006,6
10431005,2025.73181126332,31.9772666666667,64.3796816666667,1194,1182.28483759152,6.07632205016541,3.51067689863933,35.1597012200762,216.074550252369,0.368953701445218,0.0269912982435058,1e-12,70125006,6
10431005,2025.73181126332,31.9772666666667,64.3796816666667,1196,1184.27614175487,6.06961652158768,3.51011137435813,35.1593034902164,216.757269812923,0.369457063238991,0.0273678777666738,1e-12,70125006,6
10431005,2025.73181126332,31.9772666666667,64.3796816666667,1198,1186.22233533371,6.0687517040219,3.5100703451179,35.1587802304388,216.484567704511,0.369933122739238,0.0303358860763692,1e-12,70125006,6
10431005,2025.73181126332,31.9772666666667,64.3796816666667,1200,1188.21544621486,6.05795917920589,3.5091493447298,35.158599418605,216.748318131955,0.369747389881898,0.026063276493343,1e-12,70125006,6
10431005,2025.73181126332,31.9772666666667,64.3796816666667,1202,1190.18733229439,6.0527474275652,3.50872326388713,35.158228475421,217.019609723151,0.369565684497111,0.0280300440631156,1e-12,70125006,6
10431005,2025.73181126332,31.9772666666667,64.3796816666667,1204,1192.1641342226,6.03457628510623,3.5069922428846,35.1565542259983,217.502242112785,0.368974398327595,0.0329704799027534,1e-12,70125006,6
10431005,2025.73181126332,31.9772666666667,64.3796816666667,1206,1194.14004207336,6.01932274466004,3.5055227432649,35.1548095647347,217.712175456702,0.36916569580672,0.0279137758413811,1e-12,70125006,6
10431005,2025.73181126332,31.9772666666667,64.3796816666667,1208,1196.11071866254,6.00814081822633,3.50448023631519,35.1536628769803,218.407830743986,0.368932543960367,0.0191520823284286,1e-12,70125006,6
10431005,2025.73181126332,31.9772666666667,64.3796816666667,1210,1198.09435550241,5.99748347722985,3.50345082659514,35.1521230780059,218.209084603074,0.36947446284823,0.0289885666770351,1e-12,70125006,6
10431011,2025.73836377473,31.657,64.1880916666667,3,2.98097412291615,28.3182995684927,5.85724355979645,36.4029880737073,195.952582097562,0.419087852699677,0.0378649415277432,119.017919880567,70125007,7
10431011,2025.73836377473,31.657,64.1880916666667,5,4.96417546009054,28.3190961941768,5.85752879828393,36.4037647504235,196.222014123883,0.42013028592605,0.0327655134817736,103.007467918026,70125007,7
10431011,2025.73836377473,31.657,64.1880916666667,7,6.95576843664061,28.3192394805404,5.85764335016361,36.4038471474027,196.319028702345,0.41908550579986,0.0367599938670948,88.3691796797352,70125007,7
10431011,2025.73836377473,31.657,64.1880916666667,9,8.93434683638505,28.3217530306834,5.85846351113892,36.407054482549,195.99371925742,0.419228356782483,0.0416670635780934,82.9761051393898,70125007,7
10431011,2025.73836377473,31.657,64.1880916666667,11,10.9266819963467,28.3227207192895,5.8587955656377,36.4080279249528,195.942781769492,0.42266313045266,0.0426147712513202,81.7544433236315,70125007,7
10431011,2025.73836377473,31.657,64.1880916666667,13,12.9047151422942,28.3220549212937,5.85867440122385,36.4070799952768,196.224475330444,0.418479083606933,0.0396744796328644,81.3701226005388,70125007,7
10431011,2025.73836377473,31.657,64.1880916666667,15,14.9021187834186,28.3235381311491,5.85964489652453,36.4121359110373,196.217785337773,0.419044148290717,0.0422807625562549,87.5963182172042,70125007,7
10431011,2025.73836377473,31.657,64.1880916666667,17,16.878964314441,28.3293317270765,5.86164530250972,36.4210955682819,196.004552931781,0.419775518221225,0.0409255588200003,144.492518061958,70125007,7
10431011,2025.73836377473,31.657,64.1880916666667,19,18.8680183698826,28.2916598220856,5.85676815817682,36.4152919499265,196.192626836076,0.419528864131355,0.0399597101853092,177.369725362632,70125007,7
10431011,2025.73836377473,31.657,64.1880916666667,21,20.8537355644783,28.194097133147,5.84182564920894,36.3849258984065,196.608902959893,0.420186149788649,0.0365109447530925,213.695870207173,70125007,7
10431011,2025.73836377473,31.657,64.1880916666667,23,22.8383756008875,28.1426135763019,5.83409117385405,36.3696263811512,197.089122712096,0.419413670825268,0.0400102967037985,220.140846292069,70125007,7
10431011,2025.73836377473,31.657,64.1880916666667,25,24.8266562579064,28.0836916141619,5.8259901019348,36.35743958005,196.973347074191,0.419567943037175,0.0415132933776816,219.015011135422,70125007,7
10431011,2025.73836377473,31.657,64.1880916666667,27,26.8112906197029,28.0575898452229,5.82267818737498,36.3536408021284,197.142113890835,0.419109967926851,0.0399733504108071,210.327830726686,70125007,7
10431011,2025.73836377473,31.657,64.1880916666667,29,28.7978133465996,28.0502271701944,5.82245141723483,36.3571144908734,197.13965911484,0.419070908140043,0.0390221161955058,195.685435684726,70125007,7
10431011,2025.73836377473,31.657,64.1880916666667,31,30.7790241542264,28.046789455744,5.82259825128789,36.3601910537104,197.661938102048,0.420823380271697,0.0379111187424368,181.38711259237,70125007,7
10431011,2025.73836377473,31.657,64.1880916666667,33,32.7671028548793,27.9968403044075,5.81642052601407,36.3545945055596,197.564773494364,0.418984447295799,0.0467033158099723,158.368303014834,70125007,7
10431011,2025.73836377473,31.657,64.1880916666667,35,34.7556877912723,28.0035414273171,5.81812080313108,36.3607990963552,197.751479897832,0.419172396350447,0.0479492185938275,137.622153257258,70125007,7
10431011,2025.73836377473,31.657,64.1880916666667,37,36.7366587803743,27.9319382409314,5.81349729819973,36.3829160570907,199.630270665352,0.418785996843378,0.0519522683812973,110.975055387458,70125007,7
10431011,2025.73836377473,31.657,64.1880916666667,39,38.7300662687443,27.7041060584478,5.79103745506455,36.3999484275264,201.047563100096,0.420686193066773,0.0510485964096644,100.156102984891,70125007,7
10431011,2025.73836377473,31.657,64.1880916666667,41,40.707810971798,27.4060659222774,5.76233226852733,36.4271824957645,202.254898333955,0.424039420434021,0.0517716241830174,91.0788867616614,70125007,7
10431011,2025.73836377473,31.657,64.1880916666667,43,42.6989824683932,27.1392800644422,5.73658958822854,36.451110794322,203.379642915466,0.42317860654862,0.0506353596889831,85.2457895652058,70125007,7
10431011,2025.73836377473,31.657,64.1880916666667,45,44.6824748168053,26.6133505956685,5.68804725341247,36.5148422627305,205.016034253704,0.423382055392548,0.0607210520313687,82.018267959683,70125007,7
10431011,2025.73836377473,31.657,64.1880916666667,47,46.6672331785002,26.3698409643363,5.66446746477737,36.5360161980312,205.71344597433,0.426765489303102,0.0531894916685268,75.6793398114827,70125007,7
10431011,2025.73836377473,31.657,64.1880916666667,49,48.6560892197875,26.1667803490127,5.64581405110721,36.5609520486199,207.466949479734,0.424997609905552,0.0602117240006211,66.8898582409466,70125007,7
10431011,2025.73836377473,31.657,64.1880916666667,51,50.6390747822203,25.8566638304804,5.61813407619506,36.6053122548083,208.670797869999,0.42660494612089,0.0636670419867742,55.3273273765252,70125007,7
10431011,2025.73836377473,31.657,64.1880916666667,53,52.6259946549036,25.39458825345,5.58239998876808,36.7130031565198,200.512524449007,0.425039309518101,0.0635678895467602,44.9631580878931,70125007,7
10431011,2025.73836377473,31.657,64.1880916666667,55,54.6106360222658,25.120607479606,5.55942585336888,36.7636642163103,199.3463093197,0.426777355517997,0.0697319866323974,37.0387812796125,70125007,7
10431011,2025.73836377473,31.657,64.1880916666667,57,56.5961773362351,24.9935289790921,5.5461452796826,36.7672854341068,200.182210157982,0.425805026127385,0.0673635257016667,30.8866572905687,70125007,7
10431011,2025.73836377473,31.657,64.1880916666667,59,58.5826170156289,24.6822832065707,5.51019996932406,36.7511666375986,202.915692594145,0.425470820007415,0.0718713371252313,27.5412781003757,70125007,7
10431011,2025.73836377473,31.657,64.1880916666667,61,60.5656348841737,24.4619436883584,5.48462793507905,36.738319379919,206.385237276501,0.425495531292632,0.0763462097616837,24.4280659385201,70125007,7
10431011,2025.73836377473,31.657,64.1880916666667,63,62.5563643722929,24.3422817755169,5.47051694284767,36.7291732417909,210.069130490541,0.425329105849259,0.0756657995853616,22.1378774555673,70125007,7
10431011,2025.73836377473,31.657,64.1880916666667,65,64.5375878554554,23.9007851367797,5.42155909009383,36.7200964932413,216.093931704061,0.42495171629938,0.0820194629099753,20.7054584017691,70125007,7
10431011,2025.73836377473,31.657,64.1880916666667,67,66.5217388656533,23.6779232907645,5.39853508920787,36.7277693560031,216.209001255082,0.423915240187794,0.0863720132871752,19.6282259048938,70125007,7
10431011,2025.73836377473,31.657,64.1880916666667,69,68.5152320524,23.5972431493874,5.39063799184216,36.7334344113988,216.507030692011,0.423319553590088,0.083885129109404,18.458284133613,70125007,7
10431011,2025.73836377473,31.657,64.1880916666667,71,70.492472054306,23.4922312181605,5.37955334390602,36.7347856937511,216.32088093506,0.423796504693891,0.0932713245081726,18.4063039249218,70125007,7
10431011,2025.73836377473,31.657,64.1880916666667,73,72.4813965046767,23.2067656551556,5.35036961755643,36.7467802482306,212.79736173648,0.425711445132305,0.0982420480955711,17.6493007149181,70125007,7
10431011,2025.73836377473,31.657,64.1880916666667,75,74.467436197593,22.9533481899717,5.32656102577168,36.7734869952351,208.567004116354,0.42327884229112,0.102136762042627,16.5920762854811,70125007,7
10431011,2025.73836377473,31.657,64.1880916666667,77,76.4492416276653,22.7799615156605,5.31054365354413,36.7936459703753,205.708768911044,0.42376024382027,0.120003011787101,15.7526994741188,70125007,7
10431011,2025.73836377473,31.657,64.1880916666667,79,78.4405776123147,22.6428762362284,5.29697119315602,36.8023218987501,204.568387777088,0.425131881429021,0.130818286860985,14.0853800482307,70125007,7
10431011,2025.73836377473,31.657,64.1880916666667,81,80.4182331422818,22.5021484817044,5.28208142266362,36.8036977706029,203.615326695063,0.428258714120418,0.155159391981067,12.7081767673289,70125007,7
10431011,2025.73836377473,31.657,64.1880916666667,83,82.4115202070123,22.3841161311227,5.26966324814157,36.8052245466464,202.244098535384,0.433834056183587,0.187020237661064,10.9464350785545,70125007,7
10431011,2025.73836377473,31.657,64.1880916666667,85,84.3864024001392,22.2583496363302,5.2560919103506,36.804158454735,199.644073824755,0.439562406940809,0.233842167958232,9.21458072939063,70125007,7
10431011,2025.73836377473,31.657,64.1880916666667,87,86.3803448989727,22.1363640427353,5.24288385621883,36.8026640309069,199.811458134336,0.441946741926739,0.246255704275912,7.66888315560729,70125007,7
10431011,2025.73836377473,31.657,64.1880916666667,89,88.3592949348019,22.0105702948536,5.22965029578267,36.8041403925581,197.841848744861,0.442843710758284,0.263617029801507,6.15708899014922,70125007,7
10431011,2025.73836377473,31.657,64.1880916666667,91,90.350990317035,21.9246253981453,5.22093287653729,36.80745073701,196.488105740282,0.4436233566434,0.268911175167785,5.21081488303439,70125007,7
10431011,2025.73836377473,31.657,64.1880916666667,93,92.3294995695922,21.8561302293735,5.21377686891689,36.8082700179699,196.022989560645,0.442314868200801,0.249602703054083,4.20012126947078,70125007,7
10431011,2025.73836377473,31.657,64.1880916666667,95,94.3186513829073,21.7499593119449,5.20327675671734,36.8146110771447,193.85625465905,0.436799084014879,0.23836576664706,3.62519719090686,70125007,7
10431011,2025.73836377473,31.657,64.1880916666667,97,96.3056245827209,21.656544046462,5.19306819180219,36.8123323584479,194.45750550061,0.433580242061904,0.215463181039272,3.0994408924071,70125007,7
10431011,2025.73836377473,31.657,64.1880916666667,99,98.2886057299099,21.5333520398468,5.17844528439422,36.8001974713668,196.849902102856,0.42874122954332,0.19721047907107,2.69216476982689,70125007,7
10431011,2025.73836377473,31.657,64.1880916666667,101,100.27857761644,21.409429291244,5.16402728340547,36.790201575677,197.580928792092,0.424700289358624,0.187844500889709,2.3689411305313,70125007,7
10431011,2025.73836377473,31.657,64.1880916666667,103,102.253029108139,21.2761554062924,5.14875779458658,36.7812624247998,198.909874054014,0.422011723307015,0.166988370417127,2.10834695388747,70125007,7
10431011,2025.73836377473,31.657,64.1880916666667,105,104.249180265639,21.1545596488366,5.13581275697309,36.7808796021185,196.129866817846,0.419416416329389,0.161065208406636,1.88243964237721,70125007,7
10431011,2025.73836377473,31.657,64.1880916666667,107,106.226087421151,21.0630950851953,5.12693455238257,36.7873042441093,194.375280210678,0.41555651411957,0.140466652899359,1.70669165464095,70125007,7
10431011,2025.73836377473,31.657,64.1880916666667,109,108.218164532302,20.9964922968707,5.11903569694058,36.7801703191278,196.247334353908,0.413308548146031,0.134085240929013,1.55130781919779,70125007,7
10431011,2025.73836377473,31.657,64.1880916666667,111,110.201533936507,20.9399634797033,5.11265807270363,36.7766200525843,196.363689883436,0.412298359307063,0.13442605964881,1.39978232779077,70125007,7
10431011,2025.73836377473,31.657,64.1880916666667,113,112.186252149486,20.8015891642057,5.09746579554704,36.7722832130506,196.217915204114,0.410876789239449,0.122693585818205,1.28048507139716,70125007,7
10431011,2025.73836377473,31.657,64.1880916666667,115,114.168091143024,20.7187636212278,5.08827803049921,36.7685737573245,196.012029036299,0.40885696894858,0.109145108568234,1.1532438808998,70125007,7
10431011,2025.73836377473,31.657,64.1880916666667,117,116.1563917809,20.6390688110054,5.07935481818627,36.7642521289455,196.585255035551,0.407002849394121,0.102993093863986,1.03858944648163,70125007,7
10431011,2025.73836377473,31.657,64.1880916666667,119,118.136379366885,20.583934118692,5.07331976548288,36.7621373801081,196.321022596786,0.405503534964067,0.100850739950408,0.941778649346087,70125007,7
10431011,2025.73836377473,31.657,64.1880916666667,121,120.128235387868,20.5085378289036,5.06509142552071,36.7596827798607,196.013490260222,0.404506306457383,0.0960829506214707,0.838430480460509,70125007,7
10431011,2025.73836377473,31.657,64.1880916666667,123,122.105698494402,20.4727120492235,5.06132833262014,36.7593194569654,195.286705448975,0.403167695199879,0.0859922627769807,0.75618269010709,70125007,7
10431011,2025.73836377473,31.657,64.1880916666667,125,124.100215845347,20.4216082214185,5.05574818742949,36.7573606410346,195.254698841797,0.40326068547419,0.0878020527085238,0.6892025142788,70125007,7
10431011,2025.73836377473,31.657,64.1880916666667,127,126.075437532294,20.3544617634031,5.04826184091022,36.7537270689376,195.078998386462,0.403485094075244,0.0848325932707628,0.628624887880765,70125007,7
10431011,2025.73836377473,31.657,64.1880916666667,129,128.065978885947,20.2986797753512,5.04202125089294,36.750386732204,195.303519308546,0.400569021924302,0.0736155623596812,0.568715483514653,70125007,7
10431011,2025.73836377473,31.657,64.1880916666667,131,130.048676027351,20.271135102468,5.03897881715644,36.7486760432423,195.558560637207,0.399017128913208,0.0721201446968023,0.515434812149079,70125007,7
10431011,2025.73836377473,31.657,64.1880916666667,133,132.033166008975,20.2475641075866,5.03640953622879,36.7473813688347,195.229546421786,0.399543191197237,0.0718962090900863,0.464362562633196,70125007,7
10431011,2025.73836377473,31.657,64.1880916666667,135,134.018047874094,20.2126166549334,5.03249321727283,36.7449306548906,194.968962006951,0.39865614232144,0.0660186123895517,0.423967916379803,70125007,7
10431011,2025.73836377473,31.657,64.1880916666667,137,136.006640324708,20.1646769864745,5.02721187472654,36.7425762856123,194.336868748849,0.398103067362938,0.0657681156568199,0.387682316472285,70125007,7
10431011,2025.73836377473,31.657,64.1880916666667,139,137.989964060053,20.0970126683401,5.01974814214039,36.7394529833411,194.415630906952,0.398054204717183,0.0709738314025347,0.351063043697812,70125007,7
10431011,2025.73836377473,31.657,64.1880916666667,141,139.975602037565,20.0651459209702,5.01610917457305,36.7365579259759,194.743266758319,0.398254233462688,0.069392885744539,0.310052117498771,70125007,7
10431011,2025.73836377473,31.657,64.1880916666667,143,141.957681996398,20.0347733916878,5.01279031900126,36.7349879101728,195.044291567806,0.397312607750153,0.0649075315039484,0.28258952297957,70125007,7
10431011,2025.73836377473,31.657,64.1880916666667,145,143.946541157799,19.9922663285198,5.00793691578526,36.7313510660453,195.640979853052,0.396035007826814,0.0585877604645463,0.242400058437011,70125007,7
10431011,2025.73836377473,31.657,64.1880916666667,147,145.925318021795,19.956354219893,5.00379232005031,36.7277902062107,196.735540930671,0.39437663347524,0.0538882801408916,0.214359531898071,70125007,7
10431011,2025.73836377473,31.657,64.1880916666667,149,147.911791499012,19.9156775526492,4.99926677974732,36.7252338790617,195.329731056592,0.394441973261547,0.0509719261082131,0.19171204592357,70125007,7
10431011,2025.73836377473,31.657,64.1880916666667,151,149.901815835762,19.8368139241451,4.99048777433406,36.720903720359,195.12622750978,0.393058446453051,0.0483895593462414,0.167164801485631,70125007,7
10431011,2025.73836377473,31.657,64.1880916666667,153,151.878426212491,19.8081486533508,4.98710715628036,36.7172699233814,196.499881041599,0.394656068574148,0.0455672411621872,0.140578247587727,70125007,7
10431011,2025.73836377473,31.657,64.1880916666667,155,153.87109724359,19.772201232319,4.98318988384294,36.7155639437818,194.400136199397,0.394039553588727,0.0486678398283622,0.126547631999162,70125007,7
10431011,2025.73836377473,31.657,64.1880916666667,157,155.845085429867,19.7378208296067,4.979496724114,36.7143315045021,193.223647624994,0.392078505114025,0.0451298483833271,0.113233776695213,70125007,7
10431011,2025.73836377473,31.657,64.1880916666667,159,157.840110846604,19.6734598276702,4.9722453463144,36.7098524485004,193.63755839565,0.390568441800422,0.0392023047264983,0.100777689041755,70125007,7
10431011,2025.73836377473,31.657,64.1880916666667,161,159.815432857449,19.6470223264738,4.96932287175394,36.7080305056639,193.360416316813,0.390693779585998,0.0440589478294244,0.0869810401769207,70125007,7
10431011,2025.73836377473,31.657,64.1880916666667,163,161.806747016369,19.6050097110459,4.96459060677463,36.704828794647,193.844243922469,0.389532918748894,0.0346828055319856,0.0738746510261804,70125007,7
10431011,2025.73836377473,31.657,64.1880916666667,165,163.786688607932,19.5864810550317,4.96257878269735,36.7036204916273,193.474707866467,0.38928065436553,0.0348028613298491,0.0694321196693283,70125007,7
10431011,2025.73836377473,31.657,64.1880916666667,167,165.778239591097,19.573098428171,4.96114978012736,36.7027384620044,193.815266698758,0.388801160696039,0.0267215263585173,0.0593783032483116,70125007,7
10431011,2025.73836377473,31.657,64.1880916666667,169,167.757305813087,19.5606342471821,4.95982517458091,36.701917201812,193.761520854287,0.388961286488146,0.0320911370198461,0.0486939091141347,70125007,7
10431011,2025.73836377473,31.657,64.1880916666667,171,169.744313289543,19.5520758443173,4.95892502806929,36.7011962901584,193.542583450902,0.388542965805478,0.0347348596287701,0.0419860608686757,70125007,7
10431011,2025.73836377473,31.657,64.1880916666667,173,171.727724278041,19.5397632794074,4.95759800774955,36.7002195200603,194.607991107124,0.388074426000456,0.0387909729077952,0.0345576030390936,70125007,7
10431011,2025.73836377473,31.657,64.1880916666667,175,173.712599042551,19.521981875052,4.95566958887782,36.6990390300576,197.144005044633,0.388513496271609,0.0341684708122898,0.0258057616505677,70125007,7
10431011,2025.73836377473,31.657,64.1880916666667,177,175.692549337801,19.4949800275373,4.95268507198845,36.6971622630073,197.888971986817,0.388577264233679,0.0361414182638578,0.0145426054569429,70125007,7
10431011,2025.73836377473,31.657,64.1880916666667,179,177.684649767294,19.4568661057075,4.94846332204446,36.6947348154515,198.227003750479,0.388540233294914,0.0388429801600539,0.0151380487075213,70125007,7
10431011,2025.73836377473,31.657,64.1880916666667,181,179.657881537121,19.4394821152837,4.94653874955033,36.6932253747669,198.179699051267,0.38882876410917,0.0352519627970729,0.0104595237503995,70125007,7
10431011,2025.73836377473,31.657,64.1880916666667,183,181.653443604798,19.4126754296603,4.94363935123881,36.6918690297131,198.855145425277,0.388437086917487,0.0363759653870138,0.00560466807867884,70125007,7
10431011,2025.73836377473,31.657,64.1880916666667,185,183.633323290144,19.403870237008,4.94269277693052,36.690966932285,199.019650566079,0.388628002546795,0.0366793850056825,0.00337125962915754,70125007,7
10431011,2025.73836377473,31.657,64.1880916666667,187,185.617545935551,19.3742596139459,4.9395016270245,36.6896353912731,198.602606585755,0.388122439237314,0.0325402930201454,2.6980720743594e-12,70125007,7
10431011,2025.73836377473,31.657,64.1880916666667,189,187.590886472178,19.3720003222102,4.9393093621259,36.6892685718765,198.900678844126,0.387876636669335,0.0340752235425614,0.000559819674178558,70125007,7
10431011,2025.73836377473,31.657,64.1880916666667,191,189.585432059254,19.3496123392771,4.93684379707713,36.6876319558456,199.617820243828,0.38830176666031,0.0388189394152429,2.6980720743594e-12,70125007,7
10431011,2025.73836377473,31.657,64.1880916666667,193,191.572712306173,19.3383531682445,4.935670600927,36.6869929277044,199.75372478956,0.387450977524915,0.0323300447669699,2.6980720743594e-12,70125007,7
10431011,2025.73836377473,31.657,64.1880916666667,195,193.555323010056,19.321435739011,4.93385907217392,36.6859998968397,199.961822990978,0.387593464093842,0.0316184051483048,5.00079965539661e-08,70125007,7
10431011,2025.73836377473,31.657,64.1880916666667,197,195.539038733334,19.3088377839022,4.93252290059713,36.6851750372713,200.148438230344,0.387561938130347,0.0363542798136747,2.6980720743594e-12,70125007,7
10431011,2025.73836377473,31.657,64.1880916666667,199,197.523895347674,19.3016946739466,4.93178345189853,36.6845333929725,200.43387369016,0.387773795782942,0.0345849664692457,7.97921552658703e-11,70125007,7
10431011,2025.73836377473,31.657,64.1880916666667,201,199.508155306071,19.2698875221585,4.92826582891216,36.6823814908551,200.112171738913,0.387026736769594,0.0350992570183603,2.97796538932024e-12,70125007,7
10431011,2025.73836377473,31.657,64.1880916666667,203,201.490435203042,19.2275118946643,4.92317549924677,36.6763672834199,199.89477564202,0.38647486761688,0.0368563408799124,9.81432241727365e-13,70125007,7
10431011,2025.73836377473,31.657,64.1880916666667,205,203.477418062927,19.224914761094,4.92334540468358,36.6793305046347,200.857516670353,0.386905993715515,0.0326168941072984,1.00048586745608e-12,70125007,7
10431011,2025.73836377473,31.657,64.1880916666667,207,205.458890070969,19.204718082848,4.92102805149039,36.6769757627856,200.825045259354,0.385866508387295,0.0333089267046314,9.99963035802061e-13,70125007,7
10431011,2025.73836377473,31.657,64.1880916666667,209,207.443950067601,19.1898537752659,4.91953810651597,36.6768492815569,201.057940288209,0.385942704589411,0.0303394553253023,9.99998919018116e-13,70125007,7
10431011,2025.73836377473,31.657,64.1880916666667,211,209.430674323671,19.178333114038,4.91831318254539,36.6759925701934,200.816114822575,0.385781241843672,0.0278951824957571,9.99999929635747e-13,70125007,7
10431011,2025.73836377473,31.657,64.1880916666667,213,211.414223031809,19.1528017319349,4.91545613813694,36.6738110122053,200.767739159476,0.385620225422989,0.0319143731331077,9.99999999901628e-13,70125007,7
10431011,2025.73836377473,31.657,64.1880916666667,215,213.392715982479,19.1417586105683,4.91436684665906,36.6736677870742,201.406697310229,0.385532297515285,0.0330165507601269,1.00000000000944e-12,70125007,7
10431011,2025.73836377473,31.657,64.1880916666667,217,215.37830889055,19.1254339249744,4.91266849944295,36.6730751600779,201.237211261628,0.384904407395355,0.0302308210454181,9.99999999999759e-13,70125007,7
10431011,2025.73836377473,31.657,64.1880916666667,219,217.366043282578,19.1076162059132,4.91065671407532,36.6711672852379,201.954439537324,0.385499771753249,0.0308843050887101,1.00000000000002e-12,70125007,7
10431011,2025.73836377473,31.657,64.1880916666667,221,219.354941912354,19.1010947372297,4.91009352437482,36.6714451832219,202.265412972666,0.384957844580871,0.0297149904708163,1e-12,70125007,7
10431011,2025.73836377473,31.657,64.1880916666667,223,221.324825577689,19.0948032201979,4.90962540161534,36.6723184967855,202.723302168581,0.384899439672795,0.0267167863949417,1e-12,70125007,7
10431011,2025.73836377473,31.657,64.1880916666667,225,223.315539465975,19.0862921600058,4.90869016248818,36.671228520658,202.65521411896,0.384720759391197,0.0301354705921618,1e-12,70125007,7
10431011,2025.73836377473,31.657,64.1880916666667,227,225.306546091046,19.0775756600622,4.90773823503197,36.6701788942142,202.47784227821,0.385167709381301,0.0246530971638203,1e-12,70125007,7
10431011,2025.73836377473,31.657,64.1880916666667,229,227.2858,19.058645988,4.90572276316627,36.6692155410254,202.679435229717,0.38488,0.026,1e-12,70125007,7
10431011,2025.73836377473,31.657,64.1880916666667,231,229.264206317301,19.040997746794,4.903702676603,36.6670779362494,202.958909297269,0.384868513998564,0.0247652548456569,1e-12,70125007,7
10431011,2025.73836377473,31.657,64.1880916666667,233,231.253848640005,19.0372872044855,4.90338251379858,36.666912343142,203.053060681187,0.384219864845311,0.0217324799737122,1e-12,70125007,7
10431011,2025.73836377473,31.657,64.1880916666667,235,233.238779287214,19.03000995803,4.9025884511451,36.6659141867454,203.354386462609,0.384328635748327,0.0281898942462137,1e-12,70125007,7
10431011,2025.73836377473,31.657,64.1880916666667,237,235.213415791756,19.0188976851628,4.9014087220343,36.6650622910195,203.101996183153,0.384222778746303,0.0260316538114135,1e-12,70125007,7
10431011,2025.73836377473,31.657,64.1880916666667,239,237.203118419778,19.013369561423,4.90085651002851,36.6645512632077,202.653638184177,0.384022305442988,0.0222435630438272,1e-12,70125007,7
10431011,2025.73836377473,31.657,64.1880916666667,241,239.197341314742,19.0050824868843,4.8999834724004,36.6637800980972,203.054280100135,0.384111630264248,0.0254404515472311,1e-12,70125007,7
10431011,2025.73836377473,31.657,64.1880916666667,243,241.164220646942,18.9972927154686,4.89911203750059,36.6625821188182,203.144677766762,0.384101876818815,0.0262941527064422,1e-12,70125007,7
10431011,2025.73836377473,31.657,64.1880916666667,245,243.149004095695,18.9798132670106,4.89714953855407,36.6607694843487,203.43860902484,0.383355423545673,0.0233850953040533,1e-12,70125007,7
10431011,2025.73836377473,31.657,64.1880916666667,247,245.143554959372,18.9818476937481,4.89764871702487,36.6624186159141,203.510045649429,0.383489413459908,0.0250678293819298,1e-12,70125007,7
10431011,2025.73836377473,31.657,64.1880916666667,249,247.129450498963,18.9679066339083,4.89602883241136,36.6603585492435,203.448416769944,0.383461672763965,0.0245134302666513,1e-12,70125007,7
10431011,2025.73836377473,31.657,64.1880916666667,251,249.10221645376,18.9598432811313,4.89508403593748,36.6587819978834,204.078759572934,0.38345286428165,0.0314880660205623,1e-12,70125007,7
10431011,2025.73836377473,31.657,64.1880916666667,253,251.087313974661,18.9427685527619,4.8931071791114,36.6564840050001,204.476983866011,0.383419203358144,0.025798684640676,1e-12,70125007,7
10431011,2025.73836377473,31.657,64.1880916666667,255,253.077418100676,18.9360402584353,4.89263737701739,36.6577259521257,204.75665000362,0.383803752786646,0.0280546840259713,1e-12,70125007,7
10431011,2025.73836377473,31.657,64.1880916666667,257,255.060701301639,18.9311061992408,4.89224672339483,36.6580469912439,204.949990747469,0.383391784423276,0.0233689915448739,1e-12,70125007,7
10431011,2025.73836377473,31.657,64.1880916666667,259,257.035853914257,18.9273056894876,4.89188305961201,36.6575922352485,204.541751192607,0.383133066642355,0.0257602990590934,1e-12,70125007,7
10431011,2025.73836377473,31.657,64.1880916666667,261,259.027538945176,18.9147425568588,4.89029857867422,36.6546031904216,204.1992250437,0.382975476265592,0.0274174152136299,1e-12,70125007,7
10431011,2025.73836377473,31.657,64.1880916666667,263,261.008151409847,18.9033801744429,4.88891524563867,36.6522454846695,204.160144398518,0.382505489147736,0.0276574098339009,1e-12,70125007,7
10431011,2025.73836377473,31.657,64.1880916666667,265,262.989007944669,18.8958453158699,4.88803007772748,36.6506979915032,202.990515424674,0.38318151868818,0.0247064639220187,1e-12,70125007,7
10431011,2025.73836377473,31.657,64.1880916666667,267,264.980494679209,18.8826977707843,4.88648159247167,36.648524742191,202.663636473851,0.382469555022709,0.0223985575585228,1e-12,70125007,7
10431011,2025.73836377473,31.657,64.1880916666667,269,266.959515738009,18.8698533716052,4.88489559442027,36.6457646933453,201.538882346122,0.383117044725209,0.0250231364951082,1e-12,70125007,7
10431011,2025.73836377473,31.657,64.1880916666667,271,268.933841104485,18.8654916378608,4.88447825526426,36.6453517381562,202.05466557732,0.382564689507424,0.0297334801056271,1e-12,70125007,7
10431011,2025.73836377473,31.657,64.1880916666667,273,270.928075211557,18.8651204182558,4.88455756401471,36.6455956061827,202.320163379529,0.383086228632565,0.0323913536092061,1e-12,70125007,7
10431011,2025.73836377473,31.657,64.1880916666667,275,272.916101443834,18.8638954055843,4.88459942623182,36.6462796229198,202.468736149212,0.382747392532043,0.0310564148981908,1e-12,70125007,7
10431011,2025.73836377473,31.657,64.1880916666667,277,274.892365009298,18.8645120932075,4.88497586699856,36.6481557962678,203.012702447757,0.382578326243746,0.0261514407559922,1e-12,70125007,7
10431011,2025.73836377473,31.657,64.1880916666667,279,276.876975242435,18.8635597020027,4.88494291900526,36.6479674414693,203.336576588866,0.382621182842115,0.0229722544581804,1e-12,70125007,7
10431011,2025.73836377473,31.657,64.1880916666667,281,278.854456416551,18.8567918009824,4.88429972123386,36.6477798791888,204.036821847511,0.382344930060025,0.0249824227747266,1e-12,70125007,7
10431011,2025.73836377473,31.657,64.1880916666667,283,280.842244431317,18.8555630950548,4.88456998488739,36.6503948855623,204.692581059399,0.382280962930995,0.0222569814849994,1e-12,70125007,7
10431011,2025.73836377473,31.657,64.1880916666667,285,282.830517230222,18.8556425940416,4.88474461479034,36.6510444836825,204.92220969801,0.38242596943439,0.0225799627278298,1e-12,70125007,7
10431011,2025.73836377473,31.657,64.1880916666667,287,284.815967774579,18.8560162621945,4.88492046590862,36.6514439223945,205.118196066056,0.382319116674714,0.0231943649752519,1e-12,70125007,7
10431011,2025.73836377473,31.657,64.1880916666667,289,286.784505946612,18.8503977274078,4.88427824315983,36.6502470278748,204.842963760093,0.382789219796892,0.0260823746086129,1e-12,70125007,7
10431011,2025.73836377473,31.657,64.1880916666667,291,288.773966198784,18.8331726477244,4.88209478054574,36.6463208553003,204.187045102335,0.382441211027879,0.0203330657411154,1e-12,70125007,7
10431011,2025.73836377473,31.657,64.1880916666667,293,290.764632026836,18.8201881583274,4.88041583865912,36.6428942231137,203.34999100755,0.381419365716627,0.024596890927373,1e-12,70125007,7
10431011,2025.73836377473,31.657,64.1880916666667,295,292.747001749678,18.8153962159115,4.8798627015795,36.6417148428582,203.961186699886,0.381910154029767,0.0251133326385093,1e-12,70125007,7
10431011,2025.73836377473,31.657,64.1880916666667,297,294.729431057051,18.8208424306076,4.88077204400456,36.6438152414843,204.491764723204,0.382312891753568,0.0225870174804546,1e-12,70125007,7
10431011,2025.73836377473,31.657,64.1880916666667,299,296.706117070221,18.8292713546332,4.88218436395488,36.6475193059443,205.4833784065,0.382083124830158,0.020804245696265,1e-12,70125007,7
10431011,2025.73836377473,31.657,64.1880916666667,301,298.693488311985,18.8328348655768,4.88285047370469,36.6492327646362,205.728412754259,0.382311181797272,0.0228861657576273,1e-12,70125007,7
10431011,2025.73836377473,31.657,64.1880916666667,303,300.67615599089,18.8235396449853,4.88172379962034,36.6472019078592,205.679790805767,0.381923489233078,0.0258731174349046,1e-12,70125007,7
10431011,2025.73836377473,31.657,64.1880916666667,305,302.659511316371,18.8172472590647,4.88111673505851,36.6468974414035,205.860443324335,0.381314314367925,0.021189620697114,1e-12,70125007,7
10431011,2025.73836377473,31.657,64.1880916666667,307,304.648630865841,18.8087620040967,4.88012005259232,36.6452451047246,205.729828682699,0.381377497930906,0.0241238062520255,1e-12,70125007,7
10431011,2025.73836377473,31.657,64.1880916666667,309,306.623441638801,18.8028925483987,4.87946657868506,36.6441732447066,205.920752488016,0.381625497319787,0.0224631896656691,1e-12,70125007,7
10431011,2025.73836377473,31.657,64.1880916666667,311,308.605876643454,18.798936463116,4.87916974255704,36.6444180770496,206.454038288055,0.381482960714941,0.026915767010978,1e-12,70125007,7
10431011,2025.73836377473,31.657,64.1880916666667,313,310.596156733547,18.7960032854892,4.87896695145343,36.6445509507886,206.790959477575,0.382257510386545,0.0251780211519764,1e-12,70125007,7
10431011,2025.73836377473,31.657,64.1880916666667,315,312.576681086276,18.7872882797815,4.87796748871545,36.6430769978784,206.730747006669,0.382346456492485,0.0244378801917767,1e-12,70125007,7
10431011,2025.73836377473,31.657,64.1880916666667,317,314.555986724818,18.7798090708466,4.87712464153245,36.6418304809443,206.774668066217,0.381751493317855,0.0245588455951194,1e-12,70125007,7
10431011,2025.73836377473,31.657,64.1880916666667,319,316.545127058101,18.778778050933,4.87709890431134,36.6417736311588,206.893360485014,0.381720364210555,0.0284544217588841,1e-12,70125007,7
10431011,2025.73836377473,31.657,64.1880916666667,321,318.521740408186,18.7763389135753,4.87690292234643,36.6415261912593,207.171626208373,0.381942465322341,0.0265791848705394,1e-12,70125007,7
10431011,2025.73836377473,31.657,64.1880916666667,323,320.505265263587,18.7757603427403,4.87694626767204,36.6416523102754,207.383895235947,0.38137398800905,0.0291081155197455,1e-12,70125007,7
10431011,2025.73836377473,31.657,64.1880916666667,325,322.497454473537,18.7806727757638,4.87788589592564,36.6444856193527,207.470180406998,0.38131849236843,0.0294766793164779,1e-12,70125007,7
10431011,2025.73836377473,31.657,64.1880916666667,327,324.473535417976,18.7728790095209,4.87690864840769,36.6423823217275,207.463671304507,0.381845998517339,0.025549293108312,1e-12,70125007,7
10431011,2025.73836377473,31.657,64.1880916666667,329,326.450993795609,18.7703839255243,4.87674238853136,36.6424358874578,207.504998353088,0.381305202486597,0.0260806215660742,1e-12,70125007,7
10431011,2025.73836377473,31.657,64.1880916666667,331,328.443253869963,18.7680071763746,4.87653533851471,36.6420399301296,207.876922957693,0.381419942629928,0.0212524141037311,1e-12,70125007,7
10431011,2025.73836377473,31.657,64.1880916666667,333,330.425699962077,18.7598560155383,4.87557662933206,36.6404088615155,207.579160057382,0.381323832395594,0.0266113138717503,1e-12,70125007,7
10431011,2025.73836377473,31.657,64.1880916666667,335,332.404563269038,18.7486403728013,4.87415223701445,36.6375564733099,207.264461282898,0.381299730053772,0.0251637877069543,1e-12,70125007,7
10431011,2025.73836377473,31.657,64.1880916666667,337,334.388356911172,18.7430752441761,4.87355744051297,36.6367080552861,207.114382316581,0.381698894195981,0.0249132473228115,1e-12,70125007,7
10431011,2025.73836377473,31.657,64.1880916666667,339,336.373114725603,18.7332689572031,4.87242486984738,36.635071340158,206.938325213506,0.381316607202937,0.0230080917442401,1e-12,70125007,7
10431011,2025.73836377473,31.657,64.1880916666667,341,338.352978501535,18.7275632249452,4.87180147152469,36.6341048819934,207.467035251171,0.381158258160534,0.0201687674325717,1e-12,70125007,7
10431011,2025.73836377473,31.657,64.1880916666667,343,340.337003176618,18.7254625745587,4.87167527840388,36.6341472633736,207.292392621682,0.381289376444536,0.0258167244449219,1e-12,70125007,7
10431011,2025.73836377473,31.657,64.1880916666667,345,342.320699476403,18.7268691704953,4.87199387610676,36.6348422734435,208.066584641357,0.38130033647287,0.0202697065506457,1e-12,70125007,7
10431011,2025.73836377473,31.657,64.1880916666667,347,344.299746301714,18.7315174429697,4.8728629542163,36.637318819849,207.966594825319,0.380931249637695,0.0158700895848818,1e-12,70125007,7
10431011,2025.73836377473,31.657,64.1880916666667,349,346.292408804996,18.7280901008106,4.87247570902513,36.6363301484057,207.805200336786,0.381299558029929,0.0196954096159627,1e-12,70125007,7
10431011,2025.73836377473,31.657,64.1880916666667,351,348.261536540237,18.7268554879662,4.87237991985435,36.6358623974213,207.786288643919,0.381137638979077,0.0177979625618234,1e-12,70125007,7
10431011,2025.73836377473,31.657,64.1880916666667,353,350.248826830201,18.7156026683325,4.87106246522204,36.6339433490317,207.910709619941,0.381119756349167,0.0265695123660832,1e-12,70125007,7
10431011,2025.73836377473,31.657,64.1880916666667,355,352.2381978257,18.7076525940423,4.87013223467443,36.6323705088518,207.466786795679,0.380873372549074,0.0286938844073133,1e-12,70125007,7
10431011,2025.73836377473,31.657,64.1880916666667,357,354.220096855905,18.6996571138747,4.86918877248757,36.6307252927064,207.324416976885,0.380761829309135,0.02120285291645,1e-12,70125007,7
10431011,2025.73836377473,31.657,64.1880916666667,359,356.194943918051,18.6910616376371,4.86817074087986,36.6289802127139,207.66210393906,0.380486554056847,0.0255251603536156,1e-12,70125007,7
10431011,2025.73836377473,31.657,64.1880916666667,361,358.179679358574,18.6819134788656,4.86708510097908,36.6271520693509,207.292262476877,0.380766708188948,0.0222386168857475,1e-12,70125007,7
10431011,2025.73836377473,31.657,64.1880916666667,363,360.170120357736,18.6734987968216,4.86607754830223,36.6253334128229,206.804888513156,0.380538767145879,0.0208478405823159,1e-12,70125007,7
10431011,2025.73836377473,31.657,64.1880916666667,365,362.145676003406,18.6627808495948,4.86476062069927,36.6229372770427,206.682090827671,0.380934976721976,0.0286135435730498,1e-12,70125007,7
10431011,2025.73836377473,31.657,64.1880916666667,367,364.130170559879,18.6535079894615,4.86370597065743,36.6214788380717,206.567779129042,0.380450331101822,0.022022501463208,1e-12,70125007,7
10431011,2025.73836377473,31.657,64.1880916666667,369,366.114672761256,18.6433645131825,4.86249417463902,36.6194606599426,206.457845054598,0.380597411386981,0.0247519615032944,1e-12,70125007,7
10431011,2025.73836377473,31.657,64.1880916666667,371,368.090169922075,18.6402175090191,4.86219488847432,36.6189648762221,206.131222785599,0.381357828134317,0.0242692464062968,1e-12,70125007,7
10431011,2025.73836377473,31.657,64.1880916666667,373,370.077626997115,18.6362956963532,4.86177583578611,36.618141680047,206.336583380938,0.381493625056166,0.0199437951935292,1e-12,70125007,7
10431011,2025.73836377473,31.657,64.1880916666667,375,372.06020614673,18.6297171672609,4.86104737382042,36.6170539693602,206.057539282269,0.381289087033271,0.0262256645459958,1e-12,70125007,7
10431011,2025.73836377473,31.657,64.1880916666667,377,374.048633762168,18.6209628256995,4.85993043986784,36.6146042433319,205.671461990828,0.380829287941651,0.0291999200390404,1e-12,70125007,7
10431011,2025.73836377473,31.657,64.1880916666667,379,376.018170962819,18.6100399355792,4.85857730100832,36.6120760693557,205.563503825486,0.380300661881819,0.0238288246555294,1e-12,70125007,7
10431011,2025.73836377473,31.657,64.1880916666667,381,378.003038245343,18.5952509358384,4.85681282004431,36.6094888002319,205.097734861877,0.380422373374099,0.0214536847722765,1e-12,70125007,7
10431011,2025.73836377473,31.657,64.1880916666667,383,379.994953187749,18.5846828728306,4.85555523228189,36.6074517095927,204.994297858184,0.380296329992583,0.023323327398645,1e-12,70125007,7
10431011,2025.73836377473,31.657,64.1880916666667,385,381.978044041122,18.5790841213744,4.85495209559024,36.6065533164159,204.955604452557,0.381460573596247,0.0255682809653992,1e-12,70125007,7
10431011,2025.73836377473,31.657,64.1880916666667,387,383.95073173707,18.577925941408,4.85490418813422,36.6064224578193,205.263086383087,0.381244623339651,0.0240035560969735,1e-12,70125007,7
10431011,2025.73836377473,31.657,64.1880916666667,389,385.932288937198,18.573442889152,4.85442272599546,36.6055654980979,205.109159816282,0.381023464816857,0.019832020720892,1e-12,70125007,7
10431011,2025.73836377473,31.657,64.1880916666667,391,387.926138387371,18.5703098154907,4.8540938129036,36.6048041498271,205.164015311556,0.381867672004935,0.019833304449441,1e-12,70125007,7
10431011,2025.73836377473,31.657,64.1880916666667,393,389.902946897173,18.5646082156646,4.85342375226649,36.6034287170092,204.830443566706,0.381145394190261,0.0245430900901745,1e-12,70125007,7
10431011,2025.73836377473,31.657,64.1880916666667,395,391.878116651285,18.5591729955476,4.85282418909328,36.602414450478,204.780561877982,0.381188793219079,0.0263204226276707,1e-12,70125007,7
10431011,2025.73836377473,31.657,64.1880916666667,397,393.871490208549,18.5510504309661,4.8518407143507,36.6005279672045,204.436566405184,0.380760524732634,0.0231644056166495,1e-12,70125007,7
10431011,2025.73836377473,31.657,64.1880916666667,399,395.84955068685,18.5473537657282,4.85140946926104,36.5993980192206,204.396250248995,0.381129564485181,0.0220963535539427,1e-12,70125007,7
10431011,2025.73836377473,31.657,64.1880916666667,401,397.822063038121,18.5343783968729,4.84980589047442,36.5965550482306,203.927927119813,0.380783261352529,0.0187672639522501,1e-12,70125007,7
10431011,2025.73836377473,31.657,64.1880916666667,403,399.812322527702,18.5177896315329,4.84777065197177,36.593253538073,203.690024507737,0.380567838473832,0.0220459048464568,1e-12,70125007,7
10431011,2025.73836377473,31.657,64.1880916666667,405,401.804238479424,18.5046923575816,4.84611150247275,36.5900420480318,203.495069772295,0.380764207124797,0.0262752347673342,1e-12,70125007,7
10431011,2025.73836377473,31.657,64.1880916666667,407,403.77907612391,18.503296006254,4.84619053196099,36.5912000378446,203.736155445658,0.381378081233962,0.0246504664967048,1e-12,70125007,7
10431011,2025.73836377473,31.657,64.1880916666667,409,405.752646088749,18.512365334285,4.84788356383629,36.5967706974388,204.303665116403,0.381287735754836,0.0277631663846592,1e-12,70125007,7
10431011,2025.73836377473,31.657,64.1880916666667,411,407.742577102581,18.5091718621712,4.84760339928398,36.596475246179,204.378072715756,0.380642917639141,0.0285844958369982,1e-12,70125007,7
10431011,2025.73836377473,31.657,64.1880916666667,413,409.736944330632,18.5031149514209,4.84691603222163,36.5952645826932,203.950747654775,0.3813215859435,0.025772030068996,1e-12,70125007,7
10431011,2025.73836377473,31.657,64.1880916666667,415,411.701697350822,18.4927068895958,4.8456573616582,36.5930652448551,204.361651652199,0.38179166948357,0.0239488732090217,1e-12,70125007,7
10431011,2025.73836377473,31.657,64.1880916666667,417,413.684927627934,18.4756899207067,4.84349217372981,36.5890325517334,203.456935244164,0.381356106847227,0.0216096501870601,1e-12,70125007,7
10431011,2025.73836377473,31.657,64.1880916666667,419,415.669667857475,18.4655673364271,4.8422460976221,36.58668299177,203.060873020826,0.381270936869752,0.0246169200317089,1e-12,70125007,7
10431011,2025.73836377473,31.657,64.1880916666667,421,417.661521374886,18.449419452567,4.84026841535998,36.5834652410299,202.78779775622,0.381279454849308,0.0277213184981479,1e-12,70125007,7
10431011,2025.73836377473,31.657,64.1880916666667,423,419.629540576034,18.4427904512952,4.83956361528655,36.5826100640526,202.650747646784,0.381338436104317,0.0272869695309851,1e-12,70125007,7
10431011,2025.73836377473,31.657,64.1880916666667,425,421.614072456302,18.4278735591862,4.83784174825762,36.5804691182839,202.498333069233,0.381321195358385,0.0253353147326823,1e-12,70125007,7
10431011,2025.73836377473,31.657,64.1880916666667,427,423.608035552152,18.4167088020255,4.83650174425818,36.578240140184,202.156295153276,0.381298016189368,0.0293080480739655,1e-12,70125007,7
10431011,2025.73836377473,31.657,64.1880916666667,429,425.575200012565,18.4022955284468,4.83468371466504,36.5748286888103,201.637580532507,0.381931634972304,0.0267874115694657,1e-12,70125007,7
10431011,2025.73836377473,31.657,64.1880916666667,431,427.557301976597,18.3523064124772,4.82816652496925,36.5630322369114,201.427334216905,0.381295178185307,0.0232625296033204,1e-12,70125007,7
10431011,2025.73836377473,31.657,64.1880916666667,433,429.546933996041,18.339070661605,4.82667848731416,36.5613712675635,201.35276804083,0.381321887455063,0.0247375694849699,1e-12,70125007,7
10431011,2025.73836377473,31.657,64.1880916666667,435,431.534639322998,18.3388380821326,4.8268264187618,36.5620845974006,200.956875935962,0.381719332839984,0.0210896897464053,1e-12,70125007,7
10431011,2025.73836377473,31.657,64.1880916666667,437,433.50022129205,18.3262716729932,4.82537025985832,36.5600985217875,200.423610287264,0.381310755947815,0.025218412348881,1e-12,70125007,7
10431011,2025.73836377473,31.657,64.1880916666667,439,435.488306798216,18.314703859205,4.82401527612266,36.5580852390825,200.399894288059,0.381222278299445,0.0261753586331793,1e-12,70125007,7
10431011,2025.73836377473,31.657,64.1880916666667,441,437.484073331055,18.3071805785593,4.82321120487732,36.5571690451992,200.323146115408,0.381313066083029,0.021785291386003,1e-12,70125007,7
10431011,2025.73836377473,31.657,64.1880916666667,443,439.450806273544,18.3026232839753,4.82272173474092,36.5562963575636,200.046934804953,0.381657059933379,0.0255743818129585,1e-12,70125007,7
10431011,2025.73836377473,31.657,64.1880916666667,445,441.434390787534,18.2994836434086,4.82242314330365,36.5557898124932,200.316169248723,0.38135439266876,0.0216802959671271,1e-12,70125007,7
10431011,2025.73836377473,31.657,64.1880916666667,447,443.424487725791,18.2919280985827,4.82153118983177,36.5541518848456,200.158091010692,0.381345440875803,0.0200073905898318,1e-12,70125007,7
10431011,2025.73836377473,31.657,64.1880916666667,449,445.399417325029,18.2759602572397,4.8195800743335,36.5509641273578,200.073214428821,0.381669481350313,0.0229289230334398,1e-12,70125007,7
10431011,2025.73836377473,31.657,64.1880916666667,451,447.375206443056,18.2607212146081,4.81770771886804,36.547795927459,199.545717389593,0.382302677503356,0.0229502586948951,1e-12,70125007,7
10431011,2025.73836377473,31.657,64.1880916666667,453,449.363660977881,18.2525725018078,4.81667117971504,36.5454487913891,198.840401309505,0.381704259434445,0.0261659042896975,1e-12,70125007,7
10431011,2025.73836377473,31.657,64.1880916666667,455,451.361107562618,18.2375152737327,4.81476268810414,36.5418055494016,198.697275772468,0.381719363731487,0.0278778829009989,1e-12,70125007,7
10431011,2025.73836377473,31.657,64.1880916666667,457,453.312949350972,18.230357499359,4.81387492247618,36.5398431048891,196.286674640499,0.381650488303378,0.025583088956227,1e-12,70125007,7
10431011,2025.73836377473,31.657,64.1880916666667,459,455.307949965194,18.2051983403442,4.81066809655055,36.5340980875061,196.025875161512,0.381653180760749,0.0233908912058544,1e-12,70125007,7
10431011,2025.73836377473,31.657,64.1880916666667,461,457.299031561973,18.1837830260231,4.80801610045105,36.5297520533758,195.607500971333,0.381294787488491,0.0260282758435708,1e-12,70125007,7
10431011,2025.73836377473,31.657,64.1880916666667,463,459.269817557386,18.1626922603955,4.80543076869788,36.5256804628512,195.0541873039,0.381644192002062,0.0275340179713296,1e-12,70125007,7
10431011,2025.73836377473,31.657,64.1880916666667,465,461.246706108729,18.1525475151759,4.80430151881453,36.5243053949804,195.505464054878,0.381380414491123,0.0242383547567018,1e-12,70125007,7
10431011,2025.73836377473,31.657,64.1880916666667,467,463.237058792911,18.1484551275427,4.8039122051306,36.5238663841178,195.671831097965,0.381325974760442,0.0231675237076351,1e-12,70125007,7
10431011,2025.73836377473,31.657,64.1880916666667,469,465.233738860106,18.1420710442629,4.80322419467641,36.5229138950341,195.714931763363,0.381604052981892,0.024437932330311,1e-12,70125007,7
10431011,2025.73836377473,31.657,64.1880916666667,471,467.185830710677,18.1436122882233,4.80365003019664,36.5244279091345,198.901276593027,0.382070309027299,0.0327577032861335,1e-12,70125007,7
10431011,2025.73836377473,31.657,64.1880916666667,473,469.172422022753,18.1322778291921,4.80257602299318,36.5245826645454,200.366119287661,0.381360013324586,0.0273070532834826,1e-12,70125007,7
10431011,2025.73836377473,31.657,64.1880916666667,475,471.167642804813,18.1262206752105,4.80197228782644,36.5240592280221,201.281807691551,0.381236599199786,0.0258023787277465,1e-12,70125007,7
10431011,2025.73836377473,31.657,64.1880916666667,477,473.157648137417,18.1215433013251,4.80152219238366,36.5236207877544,201.760990875679,0.381266558433076,0.0239614739377508,1e-12,70125007,7
10431011,2025.73836377473,31.657,64.1880916666667,479,475.118039095842,18.1156446992178,4.80088696447891,36.5226861546985,202.329138676496,0.382230699856642,0.0246392013085039,1e-12,70125007,7
10431011,2025.73836377473,31.657,64.1880916666667,481,477.10618181169,18.0997825410913,4.79902835531688,36.5201592145669,202.093537853189,0.381957522059555,0.0296892328497018,1.83223967367044e-06,70125007,7
10431011,2025.73836377473,31.657,64.1880916666667,483,479.088571099458,18.0877901339815,4.79761040168936,36.5179532514571,201.186131033753,0.382327738651405,0.0264748696826631,8.16234800285156e-08,70125007,7
10431011,2025.73836377473,31.657,64.1880916666667,485,481.071224930816,18.0772831947111,4.79631752710803,36.5154926617198,200.646080754916,0.381433652107831,0.0275072571890129,8.60223131325184e-07,70125007,7
10431011,2025.73836377473,31.657,64.1880916666667,487,483.057039111281,18.0588790887609,4.79406237551982,36.5118275326675,200.920577821551,0.381770337774888,0.0245188973576474,7.08723125431694e-07,70125007,7
10431011,2025.73836377473,31.657,64.1880916666667,489,485.031977995926,18.0522248512581,4.79326953414323,36.5102124099179,200.611348291661,0.382317812820664,0.0267443567904662,2.6980720743594e-12,70125007,7
10431011,2025.73836377473,31.657,64.1880916666667,491,487.005666610877,18.0381180080144,4.79155690627506,36.5073589936341,199.686283394087,0.381431230048448,0.0214668484391171,2.6980720743594e-12,70125007,7
10431011,2025.73836377473,31.657,64.1880916666667,493,488.995577596096,18.0291210630966,4.7905174719926,36.5057170087041,199.039864833352,0.381326023097918,0.0213090348291695,2.6980720743594e-12,70125007,7
10431011,2025.73836377473,31.657,64.1880916666667,495,490.987046483184,18.0075815068942,4.7877811089837,36.5007089966625,198.352233626937,0.381320658105711,0.0230230774397667,1.6570621924476e-06,70125007,7
10431011,2025.73836377473,31.657,64.1880916666667,497,492.957317545779,17.9944990878569,4.78617619277947,36.4978556812598,197.601797516071,0.381822856218563,0.0229195146435623,4.43505696276015e-08,70125007,7
10431011,2025.73836377473,31.657,64.1880916666667,499,494.93402839469,17.9638350410522,4.78240096227592,36.4920645831117,196.304268421934,0.381309606697192,0.02024585846233,2.6980720743594e-12,70125007,7
10431011,2025.73836377473,31.657,64.1880916666667,501,496.923960216138,17.9483171492592,4.7803884956372,36.4878789927161,194.50023279386,0.381033994547496,0.0228134958930559,7.01711346316566e-11,70125007,7
10431011,2025.73836377473,31.657,64.1880916666667,503,498.909042105777,17.9114016936333,4.77564968140612,36.479366808689,193.161236185511,0.381085373626512,0.0251414140594783,2.6980720743594e-12,70125007,7
10431012,2025.73873287671,31.6537,64.2086966666667,2,1.98063168822872,28.3661214008733,5.86476056390037,36.4191771441199,196.151721876621,0.427167324708513,0.0340391151573231,2974.92950007986,70125008,7
10431012,2025.73873287671,31.6537,64.2086966666667,4,3.96587905435289,28.3635201787154,5.86474824772897,36.4204840818486,196.334716091515,0.42691755674501,0.0515488860801451,1595.98890175956,70125008,7
10431012,2025.73873287671,31.6537,64.2086966666667,6,5.96276577279622,28.3697574353311,5.86531313369369,36.4190290450416,196.230201879129,0.427501413881166,0.0438290804783246,1334.95943793185,70125008,7
10431012,2025.73873287671,31.6537,64.2086966666667,8,7.94330724851072,28.367088092003,5.86518781293272,36.4195961756226,196.559970645652,0.429752768146729,0.0305118210415421,1194.32707043558,70125008,7
10431012,2025.73873287671,31.6537,64.2086966666667,10,9.93021128970425,28.366269182268,5.86515107955171,36.4193589920441,196.339338614398,0.426928034099413,0.0321889789863391,899.7549818496,70125008,7
10431012,2025.73873287671,31.6537,64.2086966666667,12,11.9075127451302,28.3671362832442,5.86515113639743,36.4180810152921,196.474272106765,0.428706180181662,0.0313537601660606,795.867514102579,70125008,7
10431012,2025.73873287671,31.6537,64.2086966666667,14,13.9052062652048,28.3582309506046,5.86474569188512,36.421488402838,196.589740033621,0.428600848255143,0.0318027083482761,797.826260664597,70125008,7
10431012,2025.73873287671,31.6537,64.2086966666667,16,15.8859970387349,28.3652006471031,5.86786311961789,36.4373672499251,196.078385378539,0.427011133859975,0.0344807067903123,742.818330200752,70125008,7
10431012,2025.73873287671,31.6537,64.2086966666667,18,17.8824283284008,28.3722985372947,5.87006787883544,36.4467447898658,196.504660769538,0.427343338442023,0.0345174036621766,669.409029885332,70125008,7
10431012,2025.73873287671,31.6537,64.2086966666667,20,19.8537031898755,28.3669918478749,5.8695551084469,36.4466298438585,196.25590862497,0.426127945271211,0.0307812167130854,660.500986898528,70125008,7
10431012,2025.73873287671,31.6537,64.2086966666667,22,21.849125430604,28.3668888112048,5.87000289559636,36.44923876882,196.093506983339,0.426859943255238,0.0304101667684821,594.656148570196,70125008,7
10431012,2025.73873287671,31.6537,64.2086966666667,24,23.828022556538,28.3636097103943,5.87065984768037,36.4557634408911,196.201424119195,0.42538910253397,0.0326634463036022,556.021740426848,70125008,7
10431012,2025.73873287671,31.6537,64.2086966666667,26,25.8159655960381,28.3185310900804,5.86508253548126,36.4507920529346,196.520546627509,0.425352208051622,0.0376177736507548,557.474303163467,70125008,7
10431012,2025.73873287671,31.6537,64.2086966666667,28,27.805123945234,28.2401532644127,5.85304257368149,36.4261052464147,196.855470280122,0.425224813687061,0.0356734670150216,502.80431594559,70125008,7
10431012,2025.73873287671,31.6537,64.2086966666667,30,29.7916630546365,28.1730735308351,5.84288451324532,36.4058490599167,197.011394876145,0.425606857686422,0.0342683364900587,461.075472224022,70125008,7
10431012,2025.73873287671,31.6537,64.2086966666667,32,31.7752187403286,28.1631208381934,5.84171931674468,36.4047246110446,197.132958998992,0.425586730403064,0.0355459542105518,418.368571851181,70125008,7
10431012,2025.73873287671,31.6537,64.2086966666667,34,33.7607451121101,28.1255144080192,5.83565989314233,36.390491056838,197.222099410582,0.425280813855711,0.0412176538895661,412.964844725508,70125008,7
10431012,2025.73873287671,31.6537,64.2086966666667,36,35.7469031059569,28.0097707826222,5.81762844183811,36.3522058754671,197.860907382948,0.426377678049356,0.0384556660853706,382.194608345339,70125008,7
10431012,2025.73873287671,31.6537,64.2086966666667,38,37.7327822330315,28.0062021201751,5.81866141263013,36.3616368773147,198.083967535913,0.426940174165129,0.040455854332595,357.045441139009,70125008,7
10431012,2025.73873287671,31.6537,64.2086966666667,40,39.7106302703047,27.9181266550746,5.81180510194824,36.3807322341784,198.946823415134,0.426812079478546,0.0432032115904437,363.754866110753,70125008,7
10431012,2025.73873287671,31.6537,64.2086966666667,42,41.7118987342917,27.7747211908907,5.79646346092283,36.3826761539928,200.253897481777,0.429134586521103,0.0468119059039701,312.122022050787,70125008,7
10431012,2025.73873287671,31.6537,64.2086966666667,44,43.6824001970953,27.5566913988135,5.7751898740035,36.4004298180651,201.972564945251,0.430922021115503,0.0510146668137625,300.860620682809,70125008,7
10431012,2025.73873287671,31.6537,64.2086966666667,46,45.6846465705729,27.2506844194239,5.74608242014713,36.4309224424032,204.194786533458,0.431813131902799,0.0508291828156958,271.63197377946,70125008,7
10431012,2025.73873287671,31.6537,64.2086966666667,48,47.6591635848875,27.0249086161636,5.72302503640093,36.4418829156338,205.07738542878,0.432212217824526,0.0556395315333393,256.665185700866,70125008,7
10431012,2025.73873287671,31.6537,64.2086966666667,50,49.6603124480833,26.7813645558467,5.69839526047544,36.4554042779911,206.333274595985,0.432046975766047,0.0576257498584291,249.375105579769,70125008,7
10431012,2025.73873287671,31.6537,64.2086966666667,52,51.6420833317235,26.6383087730495,5.68667808467825,36.4829574219029,206.496800546645,0.430761146535381,0.0582064186002614,224.803782343559,70125008,7
10431012,2025.73873287671,31.6537,64.2086966666667,54,53.6258524283244,26.5119843443925,5.67558115946054,36.5018174518977,206.544798970073,0.431224295887278,0.0530597512087267,213.763433627144,70125008,7
10431012,2025.73873287671,31.6537,64.2086966666667,56,55.6046245847081,26.2417097364845,5.65179658716494,36.542728516094,205.896910502863,0.432214678039943,0.0581637949551371,195.245119390766,70125008,7
10431012,2025.73873287671,31.6537,64.2086966666667,58,57.5890133020386,25.9012601038646,5.62773900199725,36.6378903253695,204.541440047731,0.435827394010735,0.0626247836005646,177.887502180523,70125008,7
10431012,2025.73873287671,31.6537,64.2086966666667,60,59.5779038953299,25.7307170788557,5.61006268965362,36.6440981690624,207.118273633935,0.435066827112297,0.0705604661536227,163.619057045423,70125008,7
10431012,2025.73873287671,31.6537,64.2086966666667,62,61.5555867170839,25.453400881197,5.57858399296102,36.6341919817633,207.925892282617,0.435096549267331,0.0690196868803823,147.402196124497,70125008,7
10431012,2025.73873287671,31.6537,64.2086966666667,64,63.549003846823,25.286832371921,5.57014575454091,36.7056164022013,202.802937263569,0.436195508899623,0.073975275454631,136.843871240277,70125008,7
10431012,2025.73873287671,31.6537,64.2086966666667,66,65.530998089515,25.0914342657916,5.55623207812976,36.7599344633145,200.146977050423,0.43462625710626,0.0767781295581352,126.21111183148,70125008,7
10431012,2025.73873287671,31.6537,64.2086966666667,68,67.515890684858,24.9604755941078,5.54201060034198,36.7596473646022,201.551698969614,0.433509420883038,0.0743965527917235,109.01595567663,70125008,7
10431012,2025.73873287671,31.6537,64.2086966666667,70,69.5073797983121,24.5488258574963,5.49380897751505,36.7333181256853,205.576003558549,0.433399887908968,0.0778699975286162,100.689325855756,70125008,7
10431012,2025.73873287671,31.6537,64.2086966666667,72,71.4848481362773,24.2128542663957,5.45561010871414,36.7195590016949,212.41903044153,0.433682693967844,0.0889331435264172,91.1484930104199,70125008,7
10431012,2025.73873287671,31.6537,64.2086966666667,74,73.4764062704112,23.8965316445268,5.42134247381211,36.7188651718617,214.849862691747,0.433269279057333,0.0946219002040287,83.0352933942477,70125008,7
10431012,2025.73873287671,31.6537,64.2086966666667,76,75.4600325753047,23.5955309949596,5.39258908141514,36.7474514475838,213.489671976691,0.432231123099548,0.104112599648806,75.2259571737906,70125008,7
10431012,2025.73873287671,31.6537,64.2086966666667,78,77.4429297757673,23.4687630545414,5.37971283271421,36.7531439964809,213.338258203238,0.431650831391005,0.104851677428926,67.0607903644118,70125008,7
10431012,2025.73873287671,31.6537,64.2086966666667,80,79.4305855362737,23.3720022860212,5.36974782331662,36.7562451502273,212.665913922298,0.430721062592912,0.104215013330398,61.0253262447082,70125008,7
10431012,2025.73873287671,31.6537,64.2086966666667,82,81.4134023210173,23.232318930499,5.35598007494576,36.7657506517918,209.575030667337,0.430890927443331,0.111636146763617,54.4512673562136,70125008,7
10431012,2025.73873287671,31.6537,64.2086966666667,84,83.4044899231087,22.9671741262449,5.33058218092212,36.7900354925258,207.565694534178,0.429544189801165,0.122019896617516,48.8678511239214,70125008,7
10431012,2025.73873287671,31.6537,64.2086966666667,86,85.3811556057559,22.7768659093758,5.3115795333399,36.8011996048039,205.202532354247,0.432034127120038,0.130739759513246,43.9028675145819,70125008,7
10431012,2025.73873287671,31.6537,64.2086966666667,88,87.3734665402225,22.6474851701627,5.29806022840894,36.8038090432872,205.449549828568,0.431555339388208,0.141994402265977,38.7149937437299,70125008,7
10431012,2025.73873287671,31.6537,64.2086966666667,90,89.3506997881119,22.4617388802879,5.27807065608752,36.8031887596821,202.960391439651,0.436422689550369,0.171411157644878,34.1569019820852,70125008,7
10431012,2025.73873287671,31.6537,64.2086966666667,92,91.3412456918432,22.2148308582391,5.25141244549129,36.8016493030697,200.140033228513,0.445341526718374,0.225392241973574,30.2985755011813,70125008,7
10431012,2025.73873287671,31.6537,64.2086966666667,94,93.3280894375935,22.0065090673985,5.22853091671405,36.7969330903205,199.748536963368,0.452189347933272,0.291779480746985,26.1747247172466,70125008,7
10431012,2025.73873287671,31.6537,64.2086966666667,96,95.3094824622678,21.7937809532932,5.20620328975297,36.8001465155553,197.377072077228,0.450865386594787,0.301162030163428,22.3119088452814,70125008,7
10431012,2025.73873287671,31.6537,64.2086966666667,98,97.3012567642204,21.7042587018037,5.19644447748018,36.7981142959296,196.764961627317,0.444566192521417,0.267832942712182,19.1141901224963,70125008,7
10431012,2025.73873287671,31.6537,64.2086966666667,100,99.2776780731803,21.5744921144338,5.18275885902558,36.7991113680978,195.782472767988,0.434194465472383,0.239450236174371,16.4510720847231,70125008,7
10431012,2025.73873287671,31.6537,64.2086966666667,102,101.273406185336,21.4484413179034,5.16869378703413,36.793791987726,196.290831976379,0.427795136222813,0.213987726921464,14.6143119434342,70125008,7
10431012,2025.73873287671,31.6537,64.2086966666667,104,103.253846638569,21.3464569943171,5.15831447656207,36.7973187513725,193.542057223636,0.424301835715362,0.194964871317035,12.7328356058998,70125008,7
10431012,2025.73873287671,31.6537,64.2086966666667,106,105.231783595852,21.2439519028031,5.14685045329133,36.7925198260379,195.461235524591,0.421124156150851,0.174900051574755,11.2250988935848,70125008,7
10431012,2025.73873287671,31.6537,64.2086966666667,108,107.222666307237,21.1245976212969,5.13270391349046,36.780515742298,197.634370595127,0.418815503305874,0.169668526170193,10.124684845853,70125008,7
10431012,2025.73873287671,31.6537,64.2086966666667,110,109.207926629907,21.0377582308407,5.12335065875194,36.779103605631,196.958944831176,0.416203741164381,0.148229640461199,8.93650143607466,70125008,7
10431012,2025.73873287671,31.6537,64.2086966666667,112,111.192050614265,20.9699085788085,5.11617237590809,36.7788588563345,196.200902983357,0.414221459560062,0.136775013295491,7.95658074252578,70125008,7
10431012,2025.73873287671,31.6537,64.2086966666667,114,113.178531209127,20.9429061587106,5.11359141662015,36.7805489124122,194.867437714587,0.412961257347148,0.133842153283668,7.21253820489518,70125008,7
10431012,2025.73873287671,31.6537,64.2086966666667,116,115.1632235431,20.8194631523534,5.09973589408556,36.7741453617817,195.900340820168,0.411504378656571,0.123516471575993,6.44505318481675,70125008,7
10431012,2025.73873287671,31.6537,64.2086966666667,118,117.14749051586,20.6834493455651,5.08445144277668,36.7669286020268,196.620160269368,0.409351786669782,0.118000202042399,5.83142993758566,70125008,7
10431012,2025.73873287671,31.6537,64.2086966666667,120,119.131323293538,20.6323108881404,5.07887244329085,36.7650822503735,196.262380828436,0.408283546297289,0.108643192033444,5.25267498732226,70125008,7
10431012,2025.73873287671,31.6537,64.2086966666667,122,121.119920084813,20.5573897119257,5.07069984083118,36.76269338412,195.962206055959,0.407349887482389,0.107858828200173,4.80552374116012,70125008,7
10431012,2025.73873287671,31.6537,64.2086966666667,124,123.101624949731,20.4681479606707,5.06079870691772,36.7585843795877,195.36115885327,0.405802565616025,0.095722636644538,4.32717966063495,70125008,7
10431012,2025.73873287671,31.6537,64.2086966666667,126,125.088776601352,20.3511426705105,5.047762552084,36.7528901960037,195.299051669499,0.403451124711216,0.0851320421758369,3.96771809082511,70125008,7
10431012,2025.73873287671,31.6537,64.2086966666667,128,127.065903336534,20.2884393287541,5.04085967404138,36.7501458536014,195.186062329942,0.402568006410017,0.0791211061409457,3.62123851497162,70125008,7
10431012,2025.73873287671,31.6537,64.2086966666667,130,129.056677497052,20.232277745301,5.0344820719189,36.7459766760209,195.625882331989,0.401469229724161,0.0762838330935977,3.32645617168362,70125008,7
10431012,2025.73873287671,31.6537,64.2086966666667,132,131.0444585368,20.1785231006512,5.02847341141989,36.7427231577174,195.569911374671,0.40032837379504,0.070654691098737,3.06423371566622,70125008,7
10431012,2025.73873287671,31.6537,64.2086966666667,134,133.023393187372,20.1475491959784,5.02514003476299,36.7415843635958,195.22392154318,0.39949639443743,0.0648350237170637,2.80882508745962,70125008,7
10431012,2025.73873287671,31.6537,64.2086966666667,136,135.012513824548,20.1149710090334,5.02166165844869,36.7406442888019,194.967071189742,0.398738381806305,0.0629946295583488,2.6211755024368,70125008,7
10431012,2025.73873287671,31.6537,64.2086966666667,138,136.995655952346,20.0845554644413,5.01823034396437,36.7381951310766,195.043125086641,0.398585725778386,0.0615755590072704,2.39931180620506,70125008,7
10431012,2025.73873287671,31.6537,64.2086966666667,140,138.984361424879,19.9734610105253,5.00536292234932,36.7283963208638,196.607834216743,0.397165448861345,0.0546951723723184,2.23076838933969,70125008,7
10431012,2025.73873287671,31.6537,64.2086966666667,142,140.96363883486,19.9094329271178,4.99807135560762,36.7234160250486,197.278096139787,0.397744375579953,0.055296189149546,2.05349611173314,70125008,7
10431012,2025.73873287671,31.6537,64.2086966666667,144,142.962054724884,19.8438859430397,4.99062658763248,36.7184580553906,197.400569693418,0.396758524804666,0.0573497822322941,1.90287919948888,70125008,7
10431012,2025.73873287671,31.6537,64.2086966666667,146,144.929187648217,19.8165072815671,4.98781054170391,36.7183790339814,194.083407508016,0.396037556422817,0.0523936402787575,1.75550132916894,70125008,7
10431012,2025.73873287671,31.6537,64.2086966666667,148,146.923818776744,19.7873615177279,4.98478458737943,36.7181021881408,192.289147887199,0.394062281923403,0.0506769296911398,1.64144697715106,70125008,7
10431012,2025.73873287671,31.6537,64.2086966666667,150,148.903274184306,19.7572473505892,4.9814616013866,36.7162035868846,192.24001378898,0.393940907500741,0.0470723996761995,1.51730412261348,70125008,7
10431012,2025.73873287671,31.6537,64.2086966666667,152,150.891837076294,19.6702872225152,4.97162068220253,36.7100565776536,193.363130712302,0.394450832338129,0.0442789160944149,1.40635011817366,70125008,7
10431012,2025.73873287671,31.6537,64.2086966666667,154,152.874988767794,19.6171705769029,4.96561341656108,36.7060178966117,193.745494645391,0.392051733934398,0.0398470454195501,1.31959216136213,70125008,7
10431012,2025.73873287671,31.6537,64.2086966666667,156,154.855899415738,19.585867748401,4.9621343897296,36.7038264356931,195.439100602463,0.391816709660161,0.0383794537161524,1.22894764341541,70125008,7
10431012,2025.73873287671,31.6537,64.2086966666667,158,156.84617552077,19.5501153040966,4.9579849672148,36.6999538276386,197.55253302589,0.39218209162151,0.0404667738676187,1.15260398762191,70125008,7
10431012,2025.73873287671,31.6537,64.2086966666667,160,158.823452160441,19.5268730409522,4.95534688534841,36.6976641336541,198.199846240756,0.39148014584382,0.0410628914260724,1.05842299450252,70125008,7
10431012,2025.73873287671,31.6537,64.2086966666667,162,160.815144854615,19.4801340984145,4.95039637142647,36.6967554739286,198.31648349563,0.391029946707924,0.0355759257134429,0.994573794175393,70125008,7
10431012,2025.73873287671,31.6537,64.2086966666667,164,162.79622078086,19.4655264110196,4.94882378660611,36.6957425873154,199.009158505614,0.391382552927439,0.0375931325864812,0.923609582469898,70125008,7
10431012,2025.73873287671,31.6537,64.2086966666667,166,164.776109543708,19.4437599396955,4.94651211310162,36.6948606257912,198.972574539479,0.391350301719817,0.0381525888927933,0.861468762966699,70125008,7
10431012,2025.73873287671,31.6537,64.2086966666667,168,166.769146124744,19.4218577845801,4.94409309909775,36.693198013855,198.778546683337,0.390717682278253,0.0353999488475902,0.802560410896622,70125008,7
10431012,2025.73873287671,31.6537,64.2086966666667,170,168.746275361929,19.4001877261097,4.94170614272484,36.6915953982263,198.892240054712,0.39064916521179,0.0385588320622235,0.745711703642012,70125008,7
10431012,2025.73873287671,31.6537,64.2086966666667,172,170.739503001284,19.3834686093448,4.93991022930039,36.690566188508,199.537637602781,0.390175212817129,0.0404285173955555,0.694692024418772,70125008,7
10431012,2025.73873287671,31.6537,64.2086966666667,174,172.718799178265,19.3643469306348,4.93765079936428,36.6877768179722,199.848902739528,0.390461611100432,0.033418414003246,0.647014716118589,70125008,7
10431012,2025.73873287671,31.6537,64.2086966666667,176,174.701291169567,19.3565162341514,4.93690151409999,36.687661998693,199.942232963258,0.390525639867207,0.0335078805079566,0.592925655219104,70125008,7
10431012,2025.73873287671,31.6537,64.2086966666667,178,176.690924753702,19.3319605535202,4.93421778443486,36.6861075209488,200.146113511924,0.389642284732653,0.031434962187702,0.546851937093819,70125008,7
10431012,2025.73873287671,31.6537,64.2086966666667,180,178.67232626895,19.3198338618824,4.93289245064472,36.6849581673275,200.030254018834,0.389707242827585,0.0357850328824662,0.509512671934765,70125008,7
10431012,2025.73873287671,31.6537,64.2086966666667,182,180.664141863036,19.3113529897831,4.93220851371941,36.6859601198748,200.524255438453,0.389588721044245,0.0404196663531744,0.477934029797053,70125008,7
10431012,2025.73873287671,31.6537,64.2086966666667,184,182.641265620533,19.3037042591112,4.93146355623873,36.6857178655716,200.59463935228,0.389460133174056,0.0337021425765045,0.410040440445127,70125008,7
10431012,2025.73873287671,31.6537,64.2086966666667,186,184.633100764828,19.2818037010059,4.92908151786496,36.6843383968842,200.714278414542,0.388662412166881,0.0346812760692997,0.366333739595188,70125008,7
10431012,2025.73873287671,31.6537,64.2086966666667,188,186.615968260901,19.277046096363,4.92858746261817,36.68364596521,200.535450745948,0.388988210108119,0.0318280999620985,0.376046768323965,70125008,7
10431012,2025.73873287671,31.6537,64.2086966666667,190,188.601855428266,19.2516288268496,4.92572534263456,36.6813409711321,200.832115806564,0.388849936283114,0.0382826006097775,0.365154233737886,70125008,7
10431012,2025.73873287671,31.6537,64.2086966666667,192,190.571787837082,19.2377622577901,4.92419739331221,36.6800212081486,201.035921035772,0.388638225246839,0.0306817735335611,0.342598207149161,70125008,7
10431012,2025.73873287671,31.6537,64.2086966666667,194,192.565806485563,19.2181209567561,4.92207220367329,36.6787896349577,200.998897852552,0.388122826292362,0.0282892575691953,0.319402548036961,70125008,7
10431012,2025.73873287671,31.6537,64.2086966666667,196,194.540163493251,19.1873767385191,4.91862533380056,36.676270068739,200.669362604363,0.387898615400629,0.0288657047885873,0.300585918156817,70125008,7
10431012,2025.73873287671,31.6537,64.2086966666667,198,196.537811784247,19.1708413368349,4.91678447817996,36.6746736727189,201.215765640759,0.387644496261297,0.0329626286345687,0.277981954105403,70125008,7
10431012,2025.73873287671,31.6537,64.2086966666667,200,198.513759019787,19.1519880579796,4.91476116843347,36.6735897297216,201.67677484916,0.388019859238883,0.0362487676978513,0.257852548527092,70125008,7
10431012,2025.73873287671,31.6537,64.2086966666667,202,200.506834063522,19.1277647362737,4.91217993107728,36.6725620812946,201.748542414237,0.387304189632689,0.0344217530936229,0.23334437622385,70125008,7
10431012,2025.73873287671,31.6537,64.2086966666667,204,202.474162427052,19.1213480941751,4.91185488527039,36.6747475545116,202.226197098811,0.386776893544816,0.0300238007273941,0.215793553582394,70125008,7
10431012,2025.73873287671,31.6537,64.2086966666667,206,204.474311278509,19.1171598757035,4.91154230997955,36.6750691468633,202.063518099297,0.386582182952728,0.026025716191995,0.199204597058317,70125008,7
10431012,2025.73873287671,31.6537,64.2086966666667,208,206.449476463864,19.1085483479757,4.91060129648828,36.6740207012042,202.358329601531,0.387267565552419,0.027932318177816,0.18410616909967,70125008,7
10431012,2025.73873287671,31.6537,64.2086966666667,210,208.427506827878,19.088918114156,4.90829563566965,36.6712429823076,202.462415604805,0.386537206195599,0.0293207626750621,0.173484485667641,70125008,7
10431012,2025.73873287671,31.6537,64.2086966666667,212,210.430752126189,19.0706927192679,4.90629449061259,36.6697786035138,202.413120775161,0.386451064947123,0.030086840037203,0.157988608569756,70125008,7
10431012,2025.73873287671,31.6537,64.2086966666667,214,212.404775955528,19.0595095330186,4.90509699425384,36.6688431879774,202.548484543034,0.386432338484258,0.0312222932842558,0.141443548860003,70125008,7
10431012,2025.73873287671,31.6537,64.2086966666667,216,214.38240789354,19.0567153021031,4.90486079412918,36.6685734610602,202.583132624008,0.386087815078021,0.0328944262235357,0.135755626408173,70125008,7
10431012,2025.73873287671,31.6537,64.2086966666667,218,216.374100058717,19.0433688923742,4.90337669527917,36.6671389340459,202.535240330856,0.385801597674548,0.034071908032309,0.125992635999645,70125008,7
10431012,2025.73873287671,31.6537,64.2086966666667,220,218.36029628547,19.0278743625905,4.90159090874514,36.6650639080489,203.117740027643,0.386251046638948,0.0314915568921922,0.116733806936524,70125008,7
10431012,2025.73873287671,31.6537,64.2086966666667,222,220.329929845819,18.999738516463,4.89821664595762,36.6607988746627,203.125082095307,0.385837240671807,0.0263364702337878,0.109316021818509,70125008,7
10431012,2025.73873287671,31.6537,64.2086966666667,224,222.322702369341,18.9758741891644,4.89535533326804,36.6570653105825,203.407120880152,0.385480002664213,0.0277114991892471,0.101936623162372,70125008,7
10431012,2025.73873287671,31.6537,64.2086966666667,226,224.320457123893,18.9624906220649,4.89386145898079,36.6555702542492,203.026908008484,0.384967297089287,0.0252518981919964,0.0927925415305368,70125008,7
10431012,2025.73873287671,31.6537,64.2086966666667,228,226.287005963009,18.9599108150847,4.89361183280555,36.654995510444,203.047332323568,0.385516128831882,0.0273575932796075,0.0841432050887901,70125008,7
10431012,2025.73873287671,31.6537,64.2086966666667,230,228.270229730278,18.9551196162078,4.89309420973089,36.654119786168,202.706469723825,0.384866482003397,0.0272869266788621,0.0783560413806632,70125008,7
10431012,2025.73873287671,31.6537,64.2086966666667,232,230.266092245922,18.9544070616797,4.89305625107625,36.6536757812279,202.686672144322,0.385238285366977,0.0199477433862025,0.067894990812833,70125008,7
10431012,2025.73873287671,31.6537,64.2086966666667,234,232.247296200767,18.9513613906746,4.89278374457143,36.6533203925613,202.806702683068,0.38491527013409,0.0225089316858158,0.0597268232608458,70125008,7
10431012,2025.73873287671,31.6537,64.2086966666667,236,234.223281329037,18.948690090516,4.89253047852424,36.6527957619121,202.233280021051,0.385042191856883,0.0261201028382524,0.0544600278484981,70125008,7
10431012,2025.73873287671,31.6537,64.2086966666667,238,236.212852120084,18.9414610251021,4.89161643200217,36.6507366416536,201.043646852827,0.385141989650762,0.0276584720346735,0.0497009486669674,70125008,7
10431012,2025.73873287671,31.6537,64.2086966666667,240,238.202071997078,18.9202723513058,4.88901915566066,36.6468437904613,200.476331573359,0.384620831611837,0.0299626257575776,0.0412689958776267,70125008,7
10431012,2025.73873287671,31.6537,64.2086966666667,242,240.17277314595,18.9032994055413,4.886937506042,36.6435619851096,199.36963895342,0.385629102807215,0.0299388417172353,0.0374607378332383,70125008,7
10431012,2025.73873287671,31.6537,64.2086966666667,244,242.160443854492,18.8929132238734,4.88573985399772,36.6419014400562,198.738329070454,0.385588141281589,0.0264907963016285,0.0303963190752862,70125008,7
10431012,2025.73873287671,31.6537,64.2086966666667,246,244.155724867506,18.8820730172155,4.88450358306824,36.6403156645195,198.742708062633,0.384434231553315,0.0261706155624499,0.0240272189021356,70125008,7
10431012,2025.73873287671,31.6537,64.2086966666667,248,246.132086325515,18.8786799425263,4.88418041279349,36.6398385340042,198.712602189998,0.38453849121067,0.0231470882724246,0.0208066398668831,70125008,7
10431012,2025.73873287671,31.6537,64.2086966666667,250,248.1119685009,18.8797838198849,4.88455672490705,36.6412808176973,199.939239505818,0.384539944484924,0.0287075888769087,0.0174380790241908,70125008,7
10431012,2025.73873287671,31.6537,64.2086966666667,252,250.096521274587,18.8837247072043,4.88540398333748,36.6441839078145,201.664231155577,0.384717835657402,0.0288976871378255,0.0105358109284977,70125008,7
10431012,2025.73873287671,31.6537,64.2086966666667,254,252.085283812949,18.8874931398247,4.88622340174338,36.6470043656475,202.992722247023,0.384556269256465,0.024646518979073,0.00397132303086021,70125008,7
10431012,2025.73873287671,31.6537,64.2086966666667,256,254.068500048911,18.8870230061933,4.8864538370167,36.6486096712357,203.660251485291,0.384500026680249,0.0238465015570898,0.00222268915284742,70125008,7
10431012,2025.73873287671,31.6537,64.2086966666667,258,256.050260097436,18.8858719157221,4.88655352913479,36.6497152148506,203.854090764853,0.384499999186175,0.0284152344949611,0.00175428730551907,70125008,7
10431012,2025.73873287671,31.6537,64.2086966666667,260,258.02714202876,18.8828299214593,4.88636234480795,36.6500416934345,204.120546626408,0.38449429479459,0.0260301430729544,0.000605352996268949,70125008,7
10431012,2025.73873287671,31.6537,64.2086966666667,262,260.016929987232,18.8812341141046,4.8863824938254,36.6508703209904,204.190782789948,0.384544121799046,0.0257548520050714,1.04845572379274e-05,70125008,7
10431012,2025.73873287671,31.6537,64.2086966666667,264,262.005213531632,18.874361157852,4.8856943833278,36.6503973191466,204.370435323763,0.38443583669628,0.0269065623605162,1.33772518739103e-06,70125008,7
10431012,2025.73873287671,31.6537,64.2086966666667,266,263.984018702666,18.8684271910889,4.88515270562473,36.6503280240803,204.527782906646,0.384458686156062,0.0224937374333141,7.27377761465625e-08,70125008,7
10431012,2025.73873287671,31.6537,64.2086966666667,268,265.965170474942,18.8628521952421,4.88458379343425,36.6497107661951,204.566958688705,0.384459923180766,0.0256820083745492,4.25385170765707e-09,70125008,7
10431012,2025.73873287671,31.6537,64.2086966666667,270,267.948778613422,18.8568255853053,4.88393066401475,36.648782651738,204.939617697556,0.384421810359032,0.0254764315651148,1.93850077435467e-10,70125008,7
10431012,2025.73873287671,31.6537,64.2086966666667,272,269.939523207881,18.8471561111506,4.88272623825965,36.6464276418195,205.378715619511,0.384453829632065,0.0291909077136354,1.00000117891747e-12,70125008,7
10431012,2025.73873287671,31.6537,64.2086966666667,274,271.918447600828,18.8322539819889,4.88094444568183,36.6438324550831,205.827176693616,0.384460228437349,0.0271885145645787,1.11240660850769e-12,70125008,7
10431012,2025.73873287671,31.6537,64.2086966666667,276,273.905261537805,18.8297331936898,4.88076015659651,36.6437551129173,206.332121571295,0.384445013313234,0.0229287273138444,1.00009826979637e-12,70125008,7
10431012,2025.73873287671,31.6537,64.2086966666667,278,275.881359989408,18.8292393197547,4.88080808365105,36.6438429236328,206.394558368933,0.3844708727562,0.0272629465664418,9.99996567549156e-13,70125008,7
10431012,2025.73873287671,31.6537,64.2086966666667,280,277.866642900248,18.8275200339579,4.88069782434662,36.6436807681336,206.239853641388,0.383923008339632,0.0224211711055712,9.99999786477738e-13,70125008,7
10431012,2025.73873287671,31.6537,64.2086966666667,282,279.855149368833,18.8234726924713,4.88033690003614,36.6434645237138,206.045702876117,0.384383932671065,0.0246505510215729,9.99999984504413e-13,70125008,7
10431012,2025.73873287671,31.6537,64.2086966666667,284,281.83713064553,18.8182904626059,4.87985328225684,36.6432175881218,206.305703631371,0.384443736641132,0.0235238025612248,9.99999999679428e-13,70125008,7
10431012,2025.73873287671,31.6537,64.2086966666667,286,283.814492865907,18.8167897883232,4.87985798657863,36.643832686407,205.88445354193,0.383517409240365,0.0271236872267015,1.00000000003992e-12,70125008,7
10431012,2025.73873287671,31.6537,64.2086966666667,288,285.804117404874,18.8179487237436,4.88018566412208,36.6448190172326,205.555202835006,0.384324771482686,0.0262684636298667,9.99999999998471e-13,70125008,7
10431012,2025.73873287671,31.6537,64.2086966666667,290,287.786062509909,18.8118308871173,4.87949123762098,36.64362083401,205.287992526809,0.38371079028199,0.0251160470851628,1.00000000000002e-12,70125008,7
10431012,2025.73873287671,31.6537,64.2086966666667,292,289.760231028474,18.8048900177945,4.87879205278806,36.6431113208432,205.344626668519,0.383457560065621,0.0201037719857409,9.99999999999999e-13,70125008,7
10431012,2025.73873287671,31.6537,64.2086966666667,294,291.753236079527,18.7999236044504,4.87822687252225,36.6419838634385,205.168728777731,0.383421226265746,0.0190844036803083,1e-12,70125008,7
10431012,2025.73873287671,31.6537,64.2086966666667,296,293.745708879793,18.7866006986363,4.87656924226568,36.6390313052284,205.230230082605,0.38342003311007,0.0229186010237203,1e-12,70125008,7
10431012,2025.73873287671,31.6537,64.2086966666667,298,295.715235384453,18.780207500766,4.87581091851601,36.637535137919,205.24743491944,0.383739153548833,0.0270628271202587,1e-12,70125008,7
10431012,2025.73873287671,31.6537,64.2086966666667,300,297.691006227255,18.7754561384439,4.87536548467348,36.6372276166687,206.255825997127,0.383357010006027,0.0237148002350956,1e-12,70125008,7
10431012,2025.73873287671,31.6537,64.2086966666667,302,299.687942816329,18.7745218818774,4.87540042900177,36.6375969504615,206.263755513388,0.383421198179233,0.023122272821615,1e-12,70125008,7
10431012,2025.73873287671,31.6537,64.2086966666667,304,301.676392439929,18.7692204798498,4.8747956550581,36.6364301284609,206.176670796828,0.38388073064897,0.0254231062360159,1e-12,70125008,7
10431012,2025.73873287671,31.6537,64.2086966666667,306,303.641755757711,18.760116656893,4.87368786852444,36.6343810847185,205.827415813922,0.383676195649001,0.0262758612431324,1e-12,70125008,7
10431012,2025.73873287671,31.6537,64.2086966666667,308,305.632207670888,18.7490467582945,4.8723659539341,36.6322634087366,205.734611072411,0.383131839740999,0.0275228773986182,1e-12,70125008,7
10431012,2025.73873287671,31.6537,64.2086966666667,310,307.629173001641,18.7469977310612,4.87218486691076,36.6317946507724,205.662772976435,0.383400881013919,0.0290472018062006,1e-12,70125008,7
10431012,2025.73873287671,31.6537,64.2086966666667,312,309.597701954075,18.7498861821816,4.87271858465972,36.632993119405,205.901843756156,0.383472660117586,0.0243598403496479,1e-12,70125008,7
10431012,2025.73873287671,31.6537,64.2086966666667,314,311.57660621283,18.746543593002,4.87243965168224,36.632843874747,205.819562421968,0.383385030921676,0.0300393508629141,1e-12,70125008,7
10431012,2025.73873287671,31.6537,64.2086966666667,316,313.576497388209,18.7420480960737,4.87197767277331,36.6321688004055,205.684500909725,0.383164712354385,0.0302039503886169,1e-12,70125008,7
10431012,2025.73873287671,31.6537,64.2086966666667,318,315.55216354174,18.7376212944792,4.87145833376001,36.6309476315786,205.625859136953,0.383420514252687,0.0296538893241259,1e-12,70125008,7
10431012,2025.73873287671,31.6537,64.2086966666667,320,317.524374108345,18.7333275137762,4.87110287419791,36.6309942078557,205.456377271857,0.382661971477715,0.0265635922758033,1e-12,70125008,7
10431012,2025.73873287671,31.6537,64.2086966666667,322,319.514977841227,18.7267574194306,4.87036211494281,36.6297999339934,205.400104495755,0.383034078031276,0.0266707196524151,1e-12,70125008,7
10431012,2025.73873287671,31.6537,64.2086966666667,324,321.512951087739,18.7206029925695,4.86967715611997,36.6287086925365,205.968596134801,0.383050963709783,0.0232763440437495,1e-12,70125008,7
10431012,2025.73873287671,31.6537,64.2086966666667,326,323.479813456677,18.7173021954419,4.86943658994462,36.6288465030633,206.007971306317,0.383422208145651,0.0272179783229771,1e-12,70125008,7
10431012,2025.73873287671,31.6537,64.2086966666667,328,325.457063800785,18.7230927716016,4.8705030526016,36.6319805129311,206.123550569833,0.382666644222709,0.0242205686434937,1e-12,70125008,7
10431012,2025.73873287671,31.6537,64.2086966666667,330,327.454817891243,18.7265092766594,4.87114132990727,36.6335969221995,206.674196591508,0.38249802065365,0.0289171002079906,1e-12,70125008,7
10431012,2025.73873287671,31.6537,64.2086966666667,332,329.434110271362,18.7235475743879,4.87084387780998,36.6329536330594,206.807158296649,0.382886669349725,0.0239696959655169,1e-12,70125008,7
10431012,2025.73873287671,31.6537,64.2086966666667,334,331.406698733648,18.7186167365741,4.8702768938722,36.6317762043595,206.679392340405,0.382448179054639,0.020127853358898,1e-12,70125008,7
10431012,2025.73873287671,31.6537,64.2086966666667,336,333.405556266507,18.7142700617358,4.86981016697851,36.6309287110516,206.967170010917,0.382468975762155,0.021149675270837,1e-12,70125008,7
10431012,2025.73873287671,31.6537,64.2086966666667,338,335.377377175115,18.7140745962681,4.86995840864116,36.6316029331727,207.375556347835,0.382776500172225,0.0257102283304942,1e-12,70125008,7
10431012,2025.73873287671,31.6537,64.2086966666667,340,337.354221463773,18.7216085708413,4.87129584489113,36.6354836248607,207.938490190097,0.382722831046388,0.0264604270191722,1e-12,70125008,7
10431012,2025.73873287671,31.6537,64.2086966666667,342,339.347457726643,18.7162726384224,4.87073681472601,36.6347331499645,207.91484674929,0.382367780936815,0.0240348400816404,1e-12,70125008,7
10431012,2025.73873287671,31.6537,64.2086966666667,344,341.350958573314,18.7114629032001,4.87021636903317,36.6338423164807,207.829778709064,0.382386445799129,0.0247910514982369,1e-12,70125008,7
10431012,2025.73873287671,31.6537,64.2086966666667,346,343.296650194317,18.7078271686846,4.86981435831823,36.6329122123269,207.243968958299,0.382542230472955,0.0258746260949511,1e-12,70125008,7
10431012,2025.73873287671,31.6537,64.2086966666667,348,345.294081346837,18.6960134232714,4.86838562112303,36.6305460642169,207.443768580368,0.382617612890123,0.021440416632963,1e-12,70125008,7
10431012,2025.73873287671,31.6537,64.2086966666667,350,347.286126448263,18.6900273882574,4.86769531079818,36.6292598249323,207.663970396768,0.382411250998931,0.0242998218399497,1e-12,70125008,7
10431012,2025.73873287671,31.6537,64.2086966666667,352,349.252206771375,18.684080420056,4.86699967374528,36.6278934165725,207.067515897428,0.382397872878918,0.0171418886176552,1e-12,70125008,7
10431012,2025.73873287671,31.6537,64.2086966666667,354,351.236125886923,18.6766681887939,4.86617400442082,36.6267252578694,207.225676146303,0.383770153703639,0.0250493843211527,1e-12,70125008,7
10431012,2025.73873287671,31.6537,64.2086966666667,356,353.2311048774,18.6712948336754,4.86555729760811,36.6255173596324,207.341529928946,0.382285795012905,0.026708838498398,1e-12,70125008,7
10431012,2025.73873287671,31.6537,64.2086966666667,358,355.209678978062,18.6676156752645,4.86517490238982,36.6247903592197,206.985193045387,0.382411151893511,0.0202243625911221,1e-12,70125008,7
10431012,2025.73873287671,31.6537,64.2086966666667,360,357.182701619504,18.6636818739781,4.86477331832422,36.6241266335193,206.851492815083,0.382269292513576,0.0240975947189525,1e-12,70125008,7
10431012,2025.73873287671,31.6537,64.2086966666667,362,359.170408505889,18.6573404881498,4.86405015299164,36.6228751222421,206.866558428904,0.381750536821236,0.0250085709414563,1e-12,70125008,7
10431012,2025.73873287671,31.6537,64.2086966666667,364,361.165200507922,18.6522037523291,4.863502866732,36.6220442300015,206.777337449619,0.382298888461837,0.0251929032077478,1e-12,70125008,7
10431012,2025.73873287671,31.6537,64.2086966666667,366,363.144746820412,18.6514640648125,4.86348754599518,36.6218181376065,206.76348948545,0.38252057638861,0.0253403834486263,1e-12,70125008,7
10431012,2025.73873287671,31.6537,64.2086966666667,368,365.102908385238,18.6498288127806,4.86335695953661,36.6214103045719,206.482455523186,0.382399472970657,0.0209168834101439,1e-12,70125008,7
10431012,2025.73873287671,31.6537,64.2086966666667,370,367.102666586067,18.6401360904259,4.86217960954172,36.6192836734502,206.26775695432,0.381486362296442,0.0292027619595163,1e-12,70125008,7
10431012,2025.73873287671,31.6537,64.2086966666667,372,369.09783058345,18.6337523887609,4.86142542906858,36.6178055222401,206.193031551156,0.38189911049662,0.024463899608745,1e-12,70125008,7
10431012,2025.73873287671,31.6537,64.2086966666667,374,371.074155351328,18.6209697793398,4.8598615676379,36.615143097431,205.909884340752,0.382357624515861,0.0237736825904908,1e-12,70125008,7
10431012,2025.73873287671,31.6537,64.2086966666667,376,373.045441164355,18.6142325527703,4.85905684676189,36.6135487273416,205.348966952447,0.382396430988685,0.0267860822369637,1e-12,70125008,7
10431012,2025.73873287671,31.6537,64.2086966666667,378,375.031272453857,18.6011547999826,4.85752887051095,36.6114488661437,205.57370916911,0.382297840280285,0.0260201401079544,1e-12,70125008,7
10431012,2025.73873287671,31.6537,64.2086966666667,380,377.018140197498,18.5947196991649,4.85680490636032,36.6102693506198,205.673783602549,0.382318969929596,0.0263823426271874,1e-12,70125008,7
10431012,2025.73873287671,31.6537,64.2086966666667,382,379.003050097827,18.591500484204,4.85649955482794,36.6097847413664,205.634553205654,0.38233245383009,0.0227631251211741,1e-12,70125008,7
10431012,2025.73873287671,31.6537,64.2086966666667,384,380.971117309344,18.58339248576,4.85560285830474,36.6086243070528,205.625703085033,0.382541488794323,0.0264154600284699,1e-12,70125008,7
10431012,2025.73873287671,31.6537,64.2086966666667,386,382.959626895552,18.5706877750729,4.85410884033977,36.6064771386305,204.891716220394,0.382403511742281,0.0206057382471298,1e-12,70125008,7
10431012,2025.73873287671,31.6537,64.2086966666667,388,384.949279103844,18.5568413539985,4.85246907834645,36.6041047067781,205.208619066319,0.382313746343914,0.0248991045167861,1e-12,70125008,7
10431012,2025.73873287671,31.6537,64.2086966666667,390,386.935061882741,18.5505432204359,4.85177817261374,36.6030807309543,205.217164014391,0.382520867147389,0.0279111890783139,1e-12,70125008,7
10431012,2025.73873287671,31.6537,64.2086966666667,392,388.90196386434,18.5367219317548,4.85001209663436,36.599610816687,203.926161594063,0.382574077221964,0.0330432436841741,1e-12,70125008,7
10431012,2025.73873287671,31.6537,64.2086966666667,394,390.890085354763,18.5129054524249,4.84708800227353,36.5951812206029,204.049078123632,0.382551602803079,0.0327797077316561,1e-12,70125008,7
10431012,2025.73873287671,31.6537,64.2086966666667,396,392.881671297949,18.5062083227102,4.84640099069568,36.594541157725,204.199955095687,0.382649404947211,0.0324467087907914,1e-12,70125008,7
10431012,2025.73873287671,31.6537,64.2086966666667,398,394.860607344005,18.5029661376687,4.84606870741049,36.5938454528804,204.048007249692,0.382961015236654,0.0264236644452954,1e-12,70125008,7
10431012,2025.73873287671,31.6537,64.2086966666667,400,396.83425895146,18.4965505495851,4.84534888082229,36.592676284636,203.470338979389,0.382738748755209,0.0234411158199111,1e-12,70125008,7
10431012,2025.73873287671,31.6537,64.2086966666667,402,398.827730481898,18.487364788468,4.84429207989289,36.591104397584,203.621781100367,0.382595387791933,0.0203230176393193,1e-12,70125008,7
10431012,2025.73873287671,31.6537,64.2086966666667,404,400.804910084242,18.481303970063,4.84361970907181,36.5900223601581,203.438740547007,0.383345333908094,0.0266326967560877,1e-12,70125008,7
10431012,2025.73873287671,31.6537,64.2086966666667,406,402.781017587163,18.4773999281959,4.84319027477986,36.5890883714796,203.324470078574,0.383113707482094,0.0202944784013634,1e-12,70125008,7
10431012,2025.73873287671,31.6537,64.2086966666667,408,404.772262472192,18.4663631221195,4.84184126147852,36.5866753334291,202.653356481002,0.382945571033979,0.0194265995951114,1e-12,70125008,7
10431012,2025.73873287671,31.6537,64.2086966666667,410,406.756057373771,18.4459721755453,4.83930028002073,36.582437420767,202.364706671038,0.38290992554556,0.0259314932752215,1e-12,70125008,7
10431012,2025.73873287671,31.6537,64.2086966666667,412,408.720926676419,18.4257496910076,4.83669031157647,36.577458720185,202.52711929972,0.383784028005166,0.0270035264284759,1e-12,70125008,7
10431012,2025.73873287671,31.6537,64.2086966666667,414,410.706264731107,18.3979105394841,4.83317318044324,36.5715233627013,202.692241506433,0.382403708043205,0.0279824765475303,1e-12,70125008,7
10431012,2025.73873287671,31.6537,64.2086966666667,416,412.707903323074,18.3864488918756,4.83180797602408,36.5693374080972,202.592925920865,0.382702378446222,0.0234664458133185,1e-12,70125008,7
10431012,2025.73873287671,31.6537,64.2086966666667,418,414.681608884064,18.3823688559539,4.83135393368727,36.5683455080601,202.004263388328,0.383218183646973,0.0259284450281357,1e-12,70125008,7
10431012,2025.73873287671,31.6537,64.2086966666667,420,416.651333951483,18.3669160257352,4.82941155652761,36.5647915712771,201.80681714978,0.383373415091786,0.0285578468398579,1e-12,70125008,7
10431012,2025.73873287671,31.6537,64.2086966666667,422,418.644361795543,18.3588968590364,4.82846582974101,36.5631135229492,201.584725948084,0.382652273661507,0.0307594042466606,1e-12,70125008,7
10431012,2025.73873287671,31.6537,64.2086966666667,424,420.641111791383,18.3596578631111,4.82880987359518,36.5646127837999,201.471408521228,0.382760726180011,0.0264388130322152,1e-12,70125008,7
10431012,2025.73873287671,31.6537,64.2086966666667,426,422.609128012826,18.3506964604194,4.82777874994294,36.5630445313861,201.58317511759,0.383410574931416,0.025237492552551,1e-12,70125008,7
10431012,2025.73873287671,31.6537,64.2086966666667,428,424.58340878811,18.3393920707398,4.82635750194727,36.5602347677499,200.877846140623,0.383421055964037,0.0297273534893862,1e-12,70125008,7
10431012,2025.73873287671,31.6537,64.2086966666667,430,426.571002067787,18.3093443292902,4.82265523585537,36.5546522992116,200.862970752639,0.382886755716708,0.0238343155063307,1e-12,70125008,7
10431012,2025.73873287671,31.6537,64.2086966666667,432,428.558632889616,18.3023949004427,4.82188937947241,36.5535503542131,200.787255189966,0.382791538608693,0.0223429736579108,1e-12,70125008,7
10431012,2025.73873287671,31.6537,64.2086966666667,434,430.541708003128,18.2999524699444,4.82170289754485,36.553378784141,200.34819458612,0.383271558039144,0.0268910257436781,1e-12,70125008,7
10431012,2025.73873287671,31.6537,64.2086966666667,436,432.508137335312,18.299879659204,4.82191628002938,36.5545085111749,200.024800223704,0.383422759425297,0.0295994283475202,1e-12,70125008,7
10431012,2025.73873287671,31.6537,64.2086966666667,438,434.497832336221,18.2967082654486,4.82177846453774,36.5554001981736,200.275106164737,0.382790393791684,0.0284859109365052,1e-12,70125008,7
10431012,2025.73873287671,31.6537,64.2086966666667,440,436.493193293449,18.2912980790979,4.82119442692234,36.5544789842258,200.156916016056,0.383106815751667,0.0219074364374602,1e-12,70125008,7
10431012,2025.73873287671,31.6537,64.2086966666667,442,438.457590689723,18.2821301421845,4.82014193941858,36.5529052985155,199.793475681044,0.383292076960749,0.0198176315888773,1e-12,70125008,7
10431012,2025.73873287671,31.6537,64.2086966666667,444,440.439850127735,18.2595566535577,4.8174373028924,36.5491642112222,200.188800122687,0.382826721987487,0.0175931204655285,1e-12,70125008,7
10431012,2025.73873287671,31.6537,64.2086966666667,446,442.432153924073,18.2543762624881,4.8168715505435,36.5481919492798,199.822297319808,0.382526014156617,0.0234168585712196,1e-12,70125008,7
10431012,2025.73873287671,31.6537,64.2086966666667,448,444.406369170419,18.2457443429286,4.81586993924037,36.5465716151554,199.89646741259,0.383241982102095,0.024540342978,1e-12,70125008,7
10431012,2025.73873287671,31.6537,64.2086966666667,450,446.382440364718,18.2160978899787,4.81223632539992,36.5411831342955,199.770082682661,0.382865506058735,0.0265354902385748,1e-12,70125008,7
10431012,2025.73873287671,31.6537,64.2086966666667,452,448.372385320745,18.2023783935756,4.81057508694857,36.5384535474603,199.736674410019,0.382827185167169,0.0235582353008276,1e-12,70125008,7
10431012,2025.73873287671,31.6537,64.2086966666667,454,450.376082247299,18.192070751549,4.80938231728842,36.5366865120653,200.255458843743,0.386594314397026,0.024584079594783,1e-12,70125008,7
10431012,2025.73873287671,31.6537,64.2086966666667,456,452.327960219697,18.1864926753531,4.80869654842716,36.5350389044907,199.971387784844,0.38357169994456,0.0266586981661234,1e-12,70125008,7
10431012,2025.73873287671,31.6537,64.2086966666667,458,454.311484362029,18.1668857184384,4.80639798805928,36.5320994861145,199.273604203619,0.382727736333105,0.0260390137735982,1e-12,70125008,7
10431012,2025.73873287671,31.6537,64.2086966666667,460,456.305445138485,18.1588185066456,4.80548085427994,36.5306889865845,199.215336272916,0.382548111315288,0.0229789067493023,1e-12,70125008,7
10431012,2025.73873287671,31.6537,64.2086966666667,462,458.289109200131,18.1531037713425,4.80480772353532,36.5292688731004,199.200876362235,0.382835809550995,0.0226157767655104,1e-12,70125008,7
10431012,2025.73873287671,31.6537,64.2086966666667,464,460.24910631354,18.1415985111725,4.8033880094993,36.5266213249841,198.183664164757,0.38331152977394,0.026091914138647,1e-12,70125008,7
10431012,2025.73873287671,31.6537,64.2086966666667,466,462.242727267603,18.1298839430637,4.80193112301946,36.5238408177357,197.510862223168,0.382593488062921,0.022599841358082,1e-12,70125008,7
10431012,2025.73873287671,31.6537,64.2086966666667,468,464.242390571646,18.1087916737785,4.79926428773054,36.5190590068671,197.128966850254,0.382673127895182,0.0228278971773851,1e-12,70125008,7
10431012,2025.73873287671,31.6537,64.2086966666667,470,466.20092903901,18.0959831890184,4.79770026290142,36.5163309902759,197.105823135538,0.383295249814024,0.0269553335960951,1e-12,70125008,7
10431012,2025.73873287671,31.6537,64.2086966666667,472,468.186174350574,18.0896660641192,4.79699907539755,36.5152021308111,197.077706706574,0.383381736902617,0.0305926717265633,1e-12,70125008,7
10431012,2025.73873287671,31.6537,64.2086966666667,474,470.180509748304,18.0824760950614,4.79620459204862,36.5140519007475,197.041645345471,0.382805729153349,0.0296995873860179,1e-12,70125008,7
10431012,2025.73873287671,31.6537,64.2086966666667,476,472.152589271042,18.0719689699799,4.7949796821161,36.5121716395222,196.782942261875,0.383199721734671,0.0302615156575113,1e-12,70125008,7
10431012,2025.73873287671,31.6537,64.2086966666667,478,474.122804196999,18.0592981014503,4.7935026044825,36.5100586210739,197.153918607672,0.382732611963813,0.0242133017748323,1e-12,70125008,7
10431012,2025.73873287671,31.6537,64.2086966666667,480,476.119723508178,18.0517264305354,4.79263366075149,36.5086085057765,197.474751884853,0.38337791604092,0.0259015173476614,1e-12,70125008,7
10431012,2025.73873287671,31.6537,64.2086966666667,482,478.116660428783,18.043392478726,4.79170352066733,36.5073126731018,197.478479364723,0.382990301320958,0.0236432754209134,6.62906095617067e-07,70125008,7
10431012,2025.73873287671,31.6537,64.2086966666667,484,480.062910965811,18.0337806232368,4.7905417405041,36.5051694759722,197.850208588918,0.383194536101367,0.0265759082035427,1.00000117891747e-12,70125008,7
10431012,2025.73873287671,31.6537,64.2086966666667,486,482.052968465603,18.0058033454273,4.78716963271802,36.5004534713921,197.722256426935,0.382441915625644,0.020466108255378,1.56182708635815e-08,70125008,7
10431012,2025.73873287671,31.6537,64.2086966666667,488,484.053679343998,17.9857822789817,4.78464867358393,36.4959308254381,197.466861817026,0.382589294930945,0.0243017353498514,1.00000117891747e-12,70125008,7
10431012,2025.73873287671,31.6537,64.2086966666667,490,486.025725295383,17.9649563244745,4.78208021902717,36.4917141882393,196.06950852479,0.383543512312604,0.0276528089564614,1.45483650949581e-11,70125008,7
10431012,2025.73873287671,31.6537,64.2086966666667,492,487.995833743439,17.9290300663953,4.77749842498128,36.4836768928662,192.920680313505,0.382709123056988,0.0271456854950936,1.00000117891747e-12,70125008,7
10431012,2025.73873287671,31.6537,64.2086966666667,494,489.988369334372,17.8625581916562,4.76903642716192,36.4695279967501,190.986477736655,0.38237328928821,0.0254317273332186,1.1174414482561e-12,70125008,7
10431012,2025.73873287671,31.6537,64.2086966666667,496,491.975729060155,17.8090209735321,4.76235014301517,36.4590537219771,189.770506065342,0.382808045424018,0.0258679384806628,1.0080409375378e-12,70125008,7
10431012,2025.73873287671,31.6537,64.2086966666667,498,493.935637460946,17.7682038689939,4.75710376093705,36.4495798628787,186.776830380865,0.38282133566969,0.0238283552151492,9.99101596195054e-13,70125008,7
10431012,2025.73873287671,31.6537,64.2086966666667,500,495.926116974921,17.6930890924782,4.74767835433503,36.4346977272378,186.02085964212,0.38226874744187,0.0243482171990024,1.00009184563561e-12,70125008,7
10431012,2025.73873287671,31.6537,64.2086966666667,502,497.933818812703,17.6601154722358,4.74372270574668,36.4292774715748,186.169914456642,0.38252698402872,0.0261998581191033,1.00001564416244e-12,70125008,7
10431012,2025.73873287671,31.6537,64.2086966666667,504,499.897617105781,17.6540348888771,4.74305585549854,36.428195956828,185.123153462981,0.38270545464479,0.0288814502419851,1.00000117891747e-12,70125008,7
61506001,2025.73092085236,32.165595,64.4978783333333,2,1.97530154605691,30.2863847436341,6.07691662152979,36.4210315972174,193.749902101224,0.429477384751823,0.0309351695465766,2968.56405092893,70125005,5
61506001,2025.73092085236,32.165595,64.4978783333333,4,3.9676242848477,29.4587004862859,5.97990733254866,36.3818449316123,194.099832133701,0.444631850020956,0.0246724479335873,1245.61165450862,70125005,5
61506001,2025.73092085236,32.165595,64.4978783333333,6,5.95897679868702,28.6540312742233,5.88967357877078,36.3708810872631,196.761861630493,0.420221162938603,0.0247546475127747,1087.24887023682,70125005,5
61506001,2025.73092085236,32.165595,64.4978783333333,8,7.94321281379603,28.5785889539898,5.88132700358986,36.3699406380564,196.294964128198,0.422511114637571,0.0301603562651759,822.89872693458,70125005,5
61506001,2025.73092085236,32.165595,64.4978783333333,10,9.9300461781264,28.5560699812515,5.87919169514059,36.3716973369254,196.206088658087,0.42631127900659,0.0302698564614675,806.818015922389,70125005,5
61506001,2025.73092085236,32.165595,64.4978783333333,12,11.9128538653413,28.5375463652641,5.87748882136071,36.3734078344643,196.628628828015,0.426812959940109,0.0282494935821928,779.175034659263,70125005,5
61506001,2025.73092085236,32.165595,64.4978783333333,14,13.9062503820739,28.5288180962019,5.87671056744509,36.3740612940931,196.423078446004,0.427419048141215,0.032987034892003,646.545535188275,70125005,5
61506001,2025.73092085236,32.165595,64.4978783333333,16,15.8852411545478,28.521940882105,5.87619602191113,36.3751369527046,196.250442520982,0.427470052364514,0.0307607816641388,586.720658274083,70125005,5
61506001,2025.73092085236,32.165595,64.4978783333333,18,17.8793438931774,28.5182733048842,5.87590659544689,36.3753221672379,196.480649334281,0.428113007545752,0.032321908505081,496.673158982709,70125005,5
61506001,2025.73092085236,32.165595,64.4978783333333,20,19.8542523040344,28.5150656181638,5.87573311339592,36.3759648505464,196.372932039035,0.428439425492026,0.0332917855353891,477.805449517194,70125005,5
61506001,2025.73092085236,32.165595,64.4978783333333,22,21.8459452461751,28.5115341601807,5.87542938411418,36.3759456516765,196.503693827645,0.428300654626822,0.0382073701221664,459.865853260139,70125005,5
61506001,2025.73092085236,32.165595,64.4978783333333,24,23.8321383325928,28.5074752099464,5.87507050068162,36.375945891054,196.411758841463,0.428789011040337,0.0359789045956741,417.859803548605,70125005,5
61506001,2025.73092085236,32.165595,64.4978783333333,26,25.8145844304568,28.5053112076503,5.87493596935402,36.3760596962871,196.647473786878,0.429825985902688,0.0379958293479257,410.342626184279,70125005,5
61506001,2025.73092085236,32.165595,64.4978783333333,28,27.8039918910488,28.504539645421,5.8750328459493,36.3767223080511,196.368154791799,0.43137429600194,0.0348223676285916,375.019086857488,70125005,5
61506001,2025.73092085236,32.165595,64.4978783333333,30,29.7857659274669,28.5044579901031,5.87573441834726,36.3810831192747,196.529209408085,0.430357439957412,0.055805753085542,348.160646711848,70125005,5
61506001,2025.73092085236,32.165595,64.4978783333333,32,31.7774531934954,28.5025254176422,5.87614172893416,36.3848081106166,196.286525199453,0.429760480353431,0.0456630320159768,328.06586796318,70125005,5
61506001,2025.73092085236,32.165595,64.4978783333333,34,33.7560961068897,28.5047537883319,5.8769102599437,36.3878630286975,196.546868072344,0.430744268605042,0.042315065847757,308.29696008545,70125005,5
61506001,2025.73092085236,32.165595,64.4978783333333,36,35.7509115894954,28.5043104600309,5.87709154544893,36.3888640410627,196.514421103699,0.430748444670632,0.0439799410031603,293.757803321513,70125005,5
61506001,2025.73092085236,32.165595,64.4978783333333,38,37.7218357105739,28.5028201152481,5.87704510045494,36.3890770588316,196.356103616305,0.43025456419239,0.0357672795098549,282.076660455867,70125005,5
61506001,2025.73092085236,32.165595,64.4978783333333,40,39.7243082681152,28.5013773428558,5.87700297576884,36.38928382468,196.786381159123,0.430634596455223,0.0400221445085485,231.660441715276,70125005,5
61506001,2025.73092085236,32.165595,64.4978783333333,42,41.6914533269157,28.4986999892375,5.87679157985476,36.389255366892,196.232680112273,0.430671806403882,0.0477456882574043,245.367947482107,70125005,5
61506001,2025.73092085236,32.165595,64.4978783333333,44,43.688812498079,28.4965424572815,5.87661504674734,36.3890714454914,196.474908001951,0.430674986059583,0.0461847151509325,231.368292505558,70125005,5
61506001,2025.73092085236,32.165595,64.4978783333333,46,45.6599389440619,28.4947861755578,5.87650360758826,36.389034518348,196.374652293647,0.430595441547918,0.041313300540544,208.208499488539,70125005,5
61506001,2025.73092085236,32.165595,64.4978783333333,48,47.664129199544,28.4581749705111,5.87305097841677,36.3924067457285,197.070901671898,0.430987449222129,0.0471465244024075,188.069033120313,70125005,5
61506001,2025.73092085236,32.165595,64.4978783333333,50,49.6508111281818,28.3641628456314,5.86451676726354,36.4043441500224,197.380403803793,0.431013458623867,0.0505172672915797,192.865932131407,70125005,5
61506001,2025.73092085236,32.165595,64.4978783333333,52,51.6441755090752,28.1342471593808,5.84392220095828,36.4364328898276,198.661082562348,0.430915008750315,0.0574081238248068,173.168122070176,70125005,5
61506001,2025.73092085236,32.165595,64.4978783333333,54,53.6081502847456,27.9223337008177,5.82500818226272,36.4665156914568,198.399875649141,0.434620681391794,0.0593521969741557,155.68945032106,70125005,5
61506001,2025.73092085236,32.165595,64.4978783333333,56,55.6072746076855,27.551867533459,5.79208319198996,36.5207105434835,199.492074402148,0.436968648826718,0.0700670910267214,137.816753748023,70125005,5
61506001,2025.73092085236,32.165595,64.4978783333333,58,57.5835122110888,27.3585136826363,5.77423079842762,36.5440211284357,197.59362801093,0.443886998256803,0.0783370883157118,125.380833182994,70125005,5
61506001,2025.73092085236,32.165595,64.4978783333333,60,59.5758114660124,27.1682751964789,5.75656818534224,36.5662894801502,196.746737514329,0.441124765888033,0.0774440987730572,114.315960915217,70125005,5
61506001,2025.73092085236,32.165595,64.4978783333333,62,61.5545263390987,26.9886157269586,5.73981702904856,36.5867954969658,195.122311242794,0.442620354612983,0.0758521075988424,104.021130518911,70125005,5
61506001,2025.73092085236,32.165595,64.4978783333333,64,63.5488579362098,26.7636783497099,5.718611599217,36.6109779032578,193.436275196503,0.439381105156393,0.0728021120252661,94.1971246314321,70125005,5
61506001,2025.73092085236,32.165595,64.4978783333333,66,65.5221670764208,26.45294108239,5.68997997362084,36.6494601529721,193.159966442677,0.441572897422799,0.0786371409142677,85.0954675215154,70125005,5
61506001,2025.73092085236,32.165595,64.4978783333333,68,67.5208131196567,26.1723539868358,5.66252816770116,36.6725179435951,201.392582464607,0.435198222941862,0.0877478574903534,73.3666654266,70125005,5
61506001,2025.73092085236,32.165595,64.4978783333333,70,69.4978633067848,25.8933369786786,5.6294869039529,36.6531183816563,208.023258817006,0.441367895572234,0.0903354477924874,67.4960591623309,70125005,5
61506001,2025.73092085236,32.165595,64.4978783333333,72,71.4897560058154,25.0963480349982,5.54353189693591,36.6590627235147,214.695786374161,0.433698835503576,0.0950594836557507,57.7855088194716,70125005,5
61506001,2025.73092085236,32.165595,64.4978783333333,74,73.4732194044601,24.7155023797356,5.50460951495764,36.6770540921634,214.633015986039,0.438793267166406,0.0946664200336402,53.8670962613157,70125005,5
61506001,2025.73092085236,32.165595,64.4978783333333,76,75.4603938243587,24.3668465795487,5.46889732328606,36.6923785832163,214.718069020259,0.430473883132924,0.0985215093640042,48.1938703592649,70125005,5
61506001,2025.73092085236,32.165595,64.4978783333333,78,77.4377140572022,24.286614666532,5.46108716871666,36.6984571018252,214.744740369051,0.436744223978095,0.108781755983315,44.7058279981233,70125005,5
61506001,2025.73092085236,32.165595,64.4978783333333,80,79.4296523825636,24.2756793363124,5.46020520253775,36.7000846474893,214.671771510152,0.43449425621019,0.112100071490681,38.8047090813993,70125005,5
61506001,2025.73092085236,32.165595,64.4978783333333,82,81.4088457095322,24.1896830920465,5.45154122447531,36.7043905295865,213.032197338369,0.435089981457879,0.114609438473216,35.3635767755177,70125005,5
61506001,2025.73092085236,32.165595,64.4978783333333,84,83.3991218090477,23.8463558572976,5.41704188381107,36.7241617408982,212.407543964164,0.432728745647871,0.122272657825871,31.5564449119524,70125005,5
61506001,2025.73092085236,32.165595,64.4978783333333,86,85.3777335213239,23.8260758425981,5.41530672975404,36.7270006925555,211.9428969504,0.435906860186688,0.135762954718834,27.7492330111295,70125005,5
61506001,2025.73092085236,32.165595,64.4978783333333,88,87.3704848355231,23.8087819811993,5.41389258608845,36.729819608066,211.060058248239,0.435363753130041,0.126762428359661,25.3967345332001,70125005,5
61506001,2025.73092085236,32.165595,64.4978783333333,90,89.3496044021668,23.6972945863078,5.40293468341095,36.737593107323,209.762848991835,0.435607477032661,0.13258754110295,22.0658212331668,70125005,5
61506001,2025.73092085236,32.165595,64.4978783333333,92,91.3364124848373,23.5102924952132,5.38438590037648,36.7497646231673,209.154771743421,0.43272598460673,0.140916691762708,19.9483713658705,70125005,5
61506001,2025.73092085236,32.165595,64.4978783333333,94,93.3184295775441,23.4375996445198,5.37679388449352,36.7511154826802,209.315118485758,0.435599989328684,0.142955121136439,17.1445732421328,70125005,5
61506001,2025.73092085236,32.165595,64.4978783333333,96,95.3073203725942,23.2751476219737,5.35967750551948,36.7537592925562,208.686922725661,0.434073581509718,0.147905775763732,15.2641394939605,70125005,5
61506001,2025.73092085236,32.165595,64.4978783333333,98,97.2915532652931,23.1204541681414,5.34341108225959,36.7563945627307,208.495042923835,0.433852429683772,0.150472730380817,13.3230010782207,70125005,5
61506001,2025.73092085236,32.165595,64.4978783333333,100,99.2788803795672,22.7890750160647,5.30757131531269,36.7547485921731,208.263256223971,0.431573726346244,0.158902769958241,11.7924041027735,70125005,5
61506001,2025.73092085236,32.165595,64.4978783333333,102,101.265214497255,22.6879079009031,5.29694206652888,36.7561040202908,208.427739282803,0.434747587139398,0.173615173255128,10.2502807650155,70125005,5
61506001,2025.73092085236,32.165595,64.4978783333333,104,103.241843116661,22.4925853497163,5.27619043734139,36.757451491755,208.279183510583,0.432023871739899,0.191773854733163,8.99548774553576,70125005,5
61506001,2025.73092085236,32.165595,64.4978783333333,106,105.235235236103,22.3607125392437,5.2620801492133,36.7572505399129,207.692297430638,0.433288807741563,0.187358145630568,7.9510028862178,70125005,5
61506001,2025.73092085236,32.165595,64.4978783333333,108,107.209451730163,22.1083632994689,5.23525310221227,36.7586371521604,205.312205700206,0.432201204165396,0.183002888781408,6.9707518565698,70125005,5
61506001,2025.73092085236,32.165595,64.4978783333333,110,109.208343200082,21.9054221880012,5.21420869798136,36.763633698315,205.753151445241,0.428311469267929,0.183891777763013,6.12943043619474,70125005,5
61506001,2025.73092085236,32.165595,64.4978783333333,112,111.179580056724,21.8429307271276,5.20802841622454,36.7670436553299,203.539186593336,0.428537471278298,0.178051119932907,5.27525912151275,70125005,5
61506001,2025.73092085236,32.165595,64.4978783333333,114,113.191501417553,21.7748345891956,5.20175758369291,36.7744935724256,203.72205714874,0.425160896046177,0.167923018286354,4.63279238804316,70125005,5
61506001,2025.73092085236,32.165595,64.4978783333333,116,115.153720774231,21.7929014448989,5.20432655779577,36.7788261337173,196.03139891877,0.426307341081018,0.171115852199458,3.95642492099207,70125005,5
61506001,2025.73092085236,32.165595,64.4978783333333,118,117.143556196804,21.6908308275206,5.19581595916168,36.7974411007804,193.647036278234,0.424556716305331,0.171501029374501,3.42992685404898,70125005,5
61506001,2025.73092085236,32.165595,64.4978783333333,120,119.121596845548,21.4654088793777,5.1715122939272,36.7953518830973,191.575886487044,0.424245760455703,0.174760881771239,2.95101362541033,70125005,5
61506001,2025.73092085236,32.165595,64.4978783333333,122,121.126406061794,21.3485819426819,5.1590027811948,36.7945353093164,191.307795579121,0.419117086843305,0.164448570448374,2.57260808432414,70125005,5
61506001,2025.73092085236,32.165595,64.4978783333333,124,123.087107304748,21.3334917542008,5.15749072311511,36.7946362395201,189.135508276863,0.420325853805653,0.157996748120134,2.16875342870929,70125005,5
61506001,2025.73092085236,32.165595,64.4978783333333,126,125.087768733766,21.247198460972,5.1481298940258,36.7928036983311,189.580363887199,0.41792637780795,0.155297007956028,1.90175971898324,70125005,5
61506001,2025.73092085236,32.165595,64.4978783333333,128,127.06281866336,21.0923355092243,5.13020152259664,36.7808738934108,190.135591100959,0.416003901965034,0.145778212055518,1.64276543313985,70125005,5
61506001,2025.73092085236,32.165595,64.4978783333333,130,129.054324886948,21.0504557180138,5.12592417380048,36.7817026226199,189.523805986197,0.41334377870038,0.136456553441968,1.43462792630317,70125005,5
61506001,2025.73092085236,32.165595,64.4978783333333,132,131.030740627992,20.8795069212721,5.10646892455205,36.7710414033563,189.091032715986,0.411889362588672,0.1282542160808,1.2559197574211,70125005,5
61506001,2025.73092085236,32.165595,64.4978783333333,134,133.024943479161,20.7310740407303,5.09062713136865,36.7700784806984,188.267642745805,0.40996198253977,0.127219656629573,1.11402925291888,70125005,5
61506001,2025.73092085236,32.165595,64.4978783333333,136,135.000534055777,20.6232767358485,5.07848336663735,36.7638751823511,189.943213862476,0.409924387993517,0.115136854032698,0.972739918071883,70125005,5
61506001,2025.73092085236,32.165595,64.4978783333333,138,136.99404391708,20.5116429788244,5.06571986540152,36.7558766679533,191.765530904952,0.408427668855643,0.110831887919618,0.871834102709779,70125005,5
61506001,2025.73092085236,32.165595,64.4978783333333,140,138.976773736402,20.4466085055441,5.05833589204421,36.7512899195686,194.350390509051,0.40729341124137,0.105717059419572,0.775138434965011,70125005,5
61506001,2025.73092085236,32.165595,64.4978783333333,142,140.958391552332,20.4159105812542,5.05501918365317,36.7501032114004,195.661298647547,0.407729929129444,0.102110269730105,0.700792156001863,70125005,5
61506001,2025.73092085236,32.165595,64.4978783333333,144,142.943410376287,20.3790231586766,5.05092782447109,36.7479467598424,195.530476776124,0.406951719535052,0.101879934521627,0.631775817638145,70125005,5
61506001,2025.73092085236,32.165595,64.4978783333333,146,144.931740149524,20.2786447108104,5.03952388932047,36.7410773414661,196.983066865263,0.405662829052443,0.0996199205853247,0.575169946584263,70125005,5
61506001,2025.73092085236,32.165595,64.4978783333333,148,146.91499822417,20.2467601372784,5.03599234554434,36.7391253800612,197.528265681493,0.406567566770493,0.0943657988162711,0.523273371988574,70125005,5
61506001,2025.73092085236,32.165595,64.4978783333333,150,148.897305563051,20.1518971087988,5.02505104446778,36.7311286155202,198.75897675894,0.405222571244443,0.0890756968303874,0.471062385444825,70125005,5
61506001,2025.73092085236,32.165595,64.4978783333333,152,150.885693748032,19.9834622686059,5.00578046319268,36.718653568393,200.59151868987,0.403136484285683,0.0848983617854389,0.434556307329376,70125005,5
61506001,2025.73092085236,32.165595,64.4978783333333,154,152.866793647846,19.9269283364588,4.99936149546755,36.7143200102883,200.965094487945,0.401411610873819,0.077439637426278,0.404953540513458,70125005,5
61506001,2025.73092085236,32.165595,64.4978783333333,156,154.851885726806,19.8537877894336,4.99134464997492,36.7112740923379,200.959257932433,0.401790057798257,0.0656639913583525,0.379687700022786,70125005,5
61506001,2025.73092085236,32.165595,64.4978783333333,158,156.839665657345,19.8205386036079,4.9878755106489,36.7109219628367,200.728139285989,0.401699437217948,0.0638792370019678,0.353600927025834,70125005,5
61506001,2025.73092085236,32.165595,64.4978783333333,160,158.820356937476,19.7855172751264,4.98418955280634,36.7103192461172,200.599300709116,0.400741229404227,0.0649599813090427,0.330063682954014,70125005,5
61506001,2025.73092085236,32.165595,64.4978783333333,162,160.803408239223,19.7571991431397,4.9811930070958,36.7095515511958,200.634229388219,0.400500373520951,0.0644467525123423,0.302628611317736,70125005,5
61506001,2025.73092085236,32.165595,64.4978783333333,164,162.796215047181,19.7440240205722,4.97978954592877,36.7087160936095,200.32282590622,0.401151146075761,0.0635327386025926,0.287637015101667,70125005,5
61506001,2025.73092085236,32.165595,64.4978783333333,166,164.7599180157,19.7284470006154,4.97810664617151,36.7076673870028,200.635092786863,0.400257760866564,0.0603905067944321,0.259932240930836,70125005,5
61506001,2025.73092085236,32.165595,64.4978783333333,168,166.759431490579,19.707770730762,4.97587517930145,36.7065362899707,200.427519057128,0.400379394422268,0.0600449306000236,0.242322799505694,70125005,5
61506001,2025.73092085236,32.165595,64.4978783333333,170,168.743560940679,19.6705672151543,4.97172797624877,36.7039914666241,200.193909203036,0.399578113427542,0.0627360441678383,0.219308279139351,70125005,5
61506001,2025.73092085236,32.165595,64.4978783333333,172,170.728041500942,19.6390968505783,4.96821872823098,36.701704993024,200.352692715204,0.400059823146686,0.0639684690139451,0.202980836064982,70125005,5
61506001,2025.73092085236,32.165595,64.4978783333333,174,172.706802525316,19.6013453713749,4.96402021397649,36.6991941073167,200.823939866338,0.399100201444709,0.0529229207674724,0.185167862330391,70125005,5
61506001,2025.73092085236,32.165595,64.4978783333333,176,174.701053273057,19.5418425878319,4.95735975106128,36.6952848289419,201.356675558784,0.398514586823446,0.0499327324345611,0.169149945132204,70125005,5
61506001,2025.73092085236,32.165595,64.4978783333333,178,176.680359102801,19.5079868094925,4.95367357905087,36.6935901914614,201.760974187415,0.398286278391312,0.0487879503473614,0.154953101790305,70125005,5
61506001,2025.73092085236,32.165595,64.4978783333333,180,178.667770906647,19.4820898442106,4.9508602323401,36.6921624546093,202.416930325783,0.398096065931318,0.050876873321174,0.143694554993661,70125005,5
61506001,2025.73092085236,32.165595,64.4978783333333,182,180.646833333333,19.421153816,4.94409319657434,36.6885690935712,202.8215424076,0.397792028985507,0.0468833333333333,0.129798333333333,70125005,5
61506001,2025.73092085236,32.165595,64.4978783333333,184,182.635922725676,19.3901672511949,4.9407056389137,36.6868102321407,203.220245632625,0.396898544615995,0.043856023884791,0.121410776255708,70125005,5
61506001,2025.73092085236,32.165595,64.4978783333333,186,184.616403829373,19.3574429321049,4.93712276817989,36.6849420468814,203.614228431587,0.396260935457043,0.0424700959249663,0.112389225740826,70125005,5
61506001,2025.73092085236,32.165595,64.4978783333333,188,186.604725711604,19.3231761112933,4.93342926091401,36.6834984557564,203.792645761078,0.395229909413454,0.0407901132114809,0.100576370302254,70125005,5
61506001,2025.73092085236,32.165595,64.4978783333333,190,188.586417745883,19.2968129015219,4.9306253505655,36.6825251766662,204.473123700881,0.39432454233361,0.0407018599683785,0.0921897648842976,70125005,5
61506001,2025.73092085236,32.165595,64.4978783333333,192,190.57275389377,19.2798433279554,4.92884016348369,36.6817921856028,204.502132966912,0.39430909571948,0.0364501200635355,0.0822326882839491,70125005,5
61506001,2025.73092085236,32.165595,64.4978783333333,194,192.554046885371,19.2702016105621,4.9278688597037,36.6814105216322,204.318609586812,0.393969285159284,0.0359762351187259,0.0746477896857813,70125005,5
61506001,2025.73092085236,32.165595,64.4978783333333,196,194.542090733327,19.2622557803507,4.9270850173952,36.6811024656931,204.650596235633,0.393559243738056,0.0359797389635599,0.0669418895594143,70125005,5
61506001,2025.73092085236,32.165595,64.4978783333333,198,196.522310877548,19.2473001114533,4.92550137367758,36.6802772630009,204.869030840275,0.393404163873922,0.0357030249115925,0.0604445785791318,70125005,5
61506001,2025.73092085236,32.165595,64.4978783333333,200,198.507330294224,19.2122598182104,4.92166871379051,36.678322525638,205.087440331134,0.393088310167352,0.0324989717041803,0.0538165976177047,70125005,5
61506001,2025.73092085236,32.165595,64.4978783333333,202,200.491167085516,19.1890351548833,4.91917227354629,36.6771364700934,205.148477210084,0.39315524303191,0.0325157986754012,0.0476860665603739,70125005,5
61506001,2025.73092085236,32.165595,64.4978783333333,204,202.470873718109,19.1837787523247,4.91868745575797,36.6769580214186,205.281098097761,0.392117783303938,0.0313344342758234,0.042850280542685,70125005,5
61506001,2025.73092085236,32.165595,64.4978783333333,206,204.463143650424,19.1749511947778,4.91775154413777,36.6761478397821,205.26724794004,0.392485201137435,0.0281917351585951,0.0326809795108417,70125005,5
61506001,2025.73092085236,32.165595,64.4978783333333,208,206.437838137074,19.1572403809928,4.91588730597482,36.675390862081,205.90308801406,0.392292003164989,0.0310520082567781,0.0234235686663147,70125005,5
61506001,2025.73092085236,32.165595,64.4978783333333,210,208.433683691571,19.1391617781713,4.91404315382917,36.6751255996761,206.065685919992,0.392215174840844,0.0258088404823132,0.0148706310705741,70125005,5
61506001,2025.73092085236,32.165595,64.4978783333333,212,210.415253268752,19.1318843925106,4.91333278697389,36.6748368986667,205.968892620984,0.391968337719296,0.0268974061088257,0.0120648636155154,70125005,5
61506001,2025.73092085236,32.165595,64.4978783333333,214,212.38505051456,19.122076073412,4.91235898087449,36.6745714613962,206.303732758787,0.391541341805313,0.0302745221713319,0.00939447376564996,70125005,5
61506001,2025.73092085236,32.165595,64.4978783333333,216,214.37834319137,19.0999366181287,4.90997128083969,36.6733238643615,206.342618448423,0.391129755168428,0.0334381287944504,0.00398672957762086,70125005,5
61506001,2025.73092085236,32.165595,64.4978783333333,218,216.373838931923,19.0853597424898,4.90847513783021,36.6728815212469,206.621830333785,0.390713164837892,0.0331169890248723,0.00154518230579168,70125005,5
61506001,2025.73092085236,32.165595,64.4978783333333,220,218.342772967886,19.0799481301439,4.90797386598711,36.6726985484329,206.471025397313,0.391002171287006,0.0274536851006369,0.000491970716007922,70125005,5
61506001,2025.73092085236,32.165595,64.4978783333333,222,220.328669895918,19.0759599225284,4.90766170517056,36.6728465971683,206.513131100123,0.390117389455822,0.0264796022678889,0.000261394376143557,70125005,5
61506001,2025.73092085236,32.165595,64.4978783333333,224,222.320187105985,19.0618007120488,4.90622075635146,36.6724964710702,207.208654122889,0.39015560055328,0.0315400997073996,1.95864435408223e-05,70125005,5
61506001,2025.73092085236,32.165595,64.4978783333333,226,224.299310700416,19.0470595960063,4.90473297115371,36.6722661890817,207.32875947579,0.390110449036091,0.0281965094227217,7.32175091450527e-07,70125005,5
61506001,2025.73092085236,32.165595,64.4978783333333,228,226.279883683583,19.0386204883757,4.90387598086419,36.6717672795084,207.166442695342,0.390035182172725,0.0282489640216708,1.41813758824605e-08,70125005,5
61506001,2025.73092085236,32.165595,64.4978783333333,230,228.270440357693,19.0258485644709,4.90260705189187,36.6716342862912,207.443930033125,0.389580515211073,0.0262888809415744,1.5990994726544e-10,70125005,5
61506001,2025.73092085236,32.165595,64.4978783333333,232,230.252989205792,19.0155412010743,4.90143393819048,36.6701266623481,207.512188246867,0.389800430502472,0.021834092466842,6.75603455278354e-12,70125005,5
61506001,2025.73092085236,32.165595,64.4978783333333,234,232.232114313198,19.0029469533901,4.90010047420104,36.6692913832935,207.613934668877,0.389380969153405,0.0275873964760599,9.62340991853942e-13,70125005,5
61506001,2025.73092085236,32.165595,64.4978783333333,236,234.219670231844,18.993580607843,4.89937457837975,36.6707135174897,208.128262848335,0.389229686666265,0.0262135942407647,1.00102512965164e-12,70125005,5
61506001,2025.73092085236,32.165595,64.4978783333333,238,236.201399344581,18.987840096696,4.89894557386919,36.6714269953342,208.488626734114,0.389078733052109,0.0299736105356959,9.99965153276673e-13,70125005,5
61506001,2025.73092085236,32.165595,64.4978783333333,240,238.189415705503,18.9869989565231,4.89891627540408,36.671170594173,208.393503902749,0.389442154073784,0.0287225196361911,9.99999383849686e-13,70125005,5
61506001,2025.73092085236,32.165595,64.4978783333333,242,240.166172321739,18.9776314539527,4.8979144961751,36.6702706195837,208.352267285065,0.389183944597816,0.0325096838210005,1.00000001154968e-12,70125005,5
61506001,2025.73092085236,32.165595,64.4978783333333,244,242.155449497265,18.9630946315758,4.89639019180558,36.6695444080627,208.727463344664,0.389010573835433,0.0309172513517502,1.00000000012378e-12,70125005,5
61506001,2025.73092085236,32.165595,64.4978783333333,246,244.139991549323,18.9600020753071,4.89626254466333,36.6704522017139,209.061676155195,0.389071903176723,0.0264883694780029,9.99999999993169e-13,70125005,5
61506001,2025.73092085236,32.165595,64.4978783333333,248,246.116523609873,18.9583207250224,4.89632837925816,36.671740803689,209.342090897689,0.389046202706569,0.0249951585389078,1.00000000000073e-12,70125005,5
61506001,2025.73092085236,32.165595,64.4978783333333,250,248.100490937348,18.9508564347105,4.89571661196601,36.672440302417,209.208572117415,0.388969756244992,0.0288852752235396,9.99999999999942e-13,70125005,5
61506001,2025.73092085236,32.165595,64.4978783333333,252,250.096345855029,18.938245445134,4.89440166641447,36.6717712980846,209.711781455027,0.388225897388236,0.0227176268682169,9.99999999999999e-13,70125005,5
61506001,2025.73092085236,32.165595,64.4978783333333,254,252.068573763196,18.9306803383458,4.89363214867285,36.671230267041,209.589209402034,0.388314134862175,0.0212829936829359,1e-12,70125005,5
61506001,2025.73092085236,32.165595,64.4978783333333,256,254.048853472937,18.9217874216948,4.89271234909878,36.6705977462782,209.882547979178,0.387693595870032,0.0223595290266982,1e-12,70125005,5
61506001,2025.73092085236,32.165595,64.4978783333333,258,256.045885227857,18.9119917153549,4.89168464097034,36.6698545092862,209.784401784528,0.387570606739112,0.0206679246299941,1e-12,70125005,5
61506001,2025.73092085236,32.165595,64.4978783333333,260,258.023179437391,18.9094542806965,4.89152436542724,36.6699960793987,209.579630283851,0.387272503203955,0.021237293672269,1e-12,70125005,5
61506001,2025.73092085236,32.165595,64.4978783333333,262,260.000499236119,18.9078583976611,4.89149753883327,36.6704289958129,209.430211777433,0.387048825890728,0.0264029338738969,1e-12,70125005,5
61506001,2025.73092085236,32.165595,64.4978783333333,264,261.994978099846,18.9008747805116,4.89074444351128,36.6695098906094,209.92867938972,0.386969196745677,0.0254285030631652,1e-12,70125005,5
61506001,2025.73092085236,32.165595,64.4978783333333,266,263.972753281144,18.8908013398426,4.88965906630267,36.668524789273,209.92973866778,0.386989095619539,0.0272159272256663,1e-12,70125005,5
61506001,2025.73092085236,32.165595,64.4978783333333,268,265.951340544394,18.8762229815697,4.88803708375896,36.6670031041734,210.169645014828,0.386838191563569,0.0251723256336903,1e-12,70125005,5
61506001,2025.73092085236,32.165595,64.4978783333333,270,267.940782820728,18.8695066168617,4.88725558816241,36.6656054320992,210.142886597464,0.386414968009925,0.0269015167049011,1e-12,70125005,5
61506001,2025.73092085236,32.165595,64.4978783333333,272,269.925722028985,18.8644784168973,4.88669254233269,36.6645550268017,210.117324532661,0.386744170096709,0.0268256519260262,1e-12,70125005,5
61506001,2025.73092085236,32.165595,64.4978783333333,274,271.902681444602,18.859939559502,4.88620675021097,36.6637227525864,210.299235773052,0.386188074901834,0.025907232552566,1e-12,70125005,5
61506001,2025.73092085236,32.165595,64.4978783333333,276,273.893077726868,18.8522656869025,4.88527300119316,36.6618872956413,209.999847832108,0.386909090978556,0.0281243411684819,1e-12,70125005,5
61506001,2025.73092085236,32.165595,64.4978783333333,278,275.872968572555,18.8299635282173,4.88244703868776,36.6570387535102,209.832195023041,0.38655766074277,0.0202941314136999,1e-12,70125005,5
61506001,2025.73092085236,32.165595,64.4978783333333,280,277.852561310063,18.8065826307396,4.87944929418986,36.6516890561507,209.559978488272,0.38603394241062,0.0223724392438658,1e-12,70125005,5
61506001,2025.73092085236,32.165595,64.4978783333333,282,279.843984782444,18.7940469794539,4.87791568535259,36.6490890207091,209.746356615746,0.386496045577968,0.0254166643380468,1e-12,70125005,5
61506001,2025.73092085236,32.165595,64.4978783333333,284,281.823182162178,18.7718650115534,4.87510531567064,36.6442478101277,209.349491854748,0.38663275595023,0.0231733742854375,1e-12,70125005,5
61506001,2025.73092085236,32.165595,64.4978783333333,286,283.802767376166,18.7642777943507,4.87416604579646,36.6422793134165,209.459626158857,0.386364191132269,0.0305076519126783,1e-12,70125005,5
61506001,2025.73092085236,32.165595,64.4978783333333,288,285.790934975856,18.7370884411075,4.87054604131591,36.635019792887,209.499131622688,0.386375751518511,0.0260844177843461,1e-12,70125005,5
61506001,2025.73092085236,32.165595,64.4978783333333,290,287.779279379257,18.7040673603853,4.86622117059505,36.6269563931353,209.315185765391,0.387254071975113,0.0296135519440382,1e-12,70125005,5
61506001,2025.73092085236,32.165595,64.4978783333333,292,289.745942731014,18.6761026232653,4.86257209979823,36.6201150372045,209.105393113408,0.388322902082728,0.0287904406840624,1e-12,70125005,5
61506001,2025.73092085236,32.165595,64.4978783333333,294,291.736638477581,18.651269971256,4.85930935192883,36.613753817024,209.502455655106,0.388501496658416,0.0279425991955082,1e-12,70125005,5
61506001,2025.73092085236,32.165595,64.4978783333333,296,293.726923693261,18.6097879925652,4.85394133896726,36.6043107136614,209.626575120282,0.387987001088997,0.0244876496265072,1e-12,70125005,5
61506001,2025.73092085236,32.165595,64.4978783333333,298,295.711680349056,18.5945504461687,4.85201015929211,36.6007023181992,210.413837763476,0.38932004803056,0.0285467373341111,1e-12,70125005,5
61506001,2025.73092085236,32.165595,64.4978783333333,300,297.682038597974,18.581080538209,4.85030739091817,36.5974585945916,210.470363477654,0.389718252560902,0.031316473672112,1e-12,70125005,5
61506001,2025.73092085236,32.165595,64.4978783333333,302,299.673971943481,18.5626619539227,4.84801106099292,36.5935685860587,210.576621529749,0.390018277047023,0.0312703204624329,1e-12,70125005,5
61506001,2025.73092085236,32.165595,64.4978783333333,304,301.662490315334,18.5549808263579,4.84714960723849,36.5923202872009,210.732059661663,0.390540863881109,0.0340404386581907,1e-12,70125005,5
61506001,2025.73092085236,32.165595,64.4978783333333,306,303.63136886635,18.5484193611523,4.84646705365387,36.5915956287249,211.739191983491,0.390848042327463,0.0367680557269069,1e-12,70125005,5
61506001,2025.73092085236,32.165595,64.4978783333333,308,305.61381998068,18.5416931763385,4.84581058073795,36.5912383816388,211.492549875163,0.390755093900634,0.0344605855298646,1e-12,70125005,5
61506001,2025.73092085236,32.165595,64.4978783333333,310,307.611189535673,18.5404350377576,4.84576463134009,36.5912085174617,211.200937556383,0.390000793919893,0.0325629280582166,1e-12,70125005,5
61506001,2025.73092085236,32.165595,64.4978783333333,312,309.591450327564,18.5369521627673,4.84545840531191,36.590944549211,211.583020796617,0.390237582281685,0.0270940900159238,1e-12,70125005,5
61506001,2025.73092085236,32.165595,64.4978783333333,314,311.561956125032,18.5327405657579,4.84509789940958,36.5908668357634,211.827131109935,0.390096529882767,0.0215465222830386,1e-12,70125005,5
61506001,2025.73092085236,32.165595,64.4978783333333,316,313.557249453587,18.5320092427843,4.84510676905552,36.5908348010373,212.233378183427,0.390076427732789,0.0234649879844898,1e-12,70125005,5
61506001,2025.73092085236,32.165595,64.4978783333333,318,315.540674946786,18.5316681855424,4.84514776425386,36.5907290563638,212.049863131682,0.390029621670508,0.0252844307118136,1e-12,70125005,5
61506001,2025.73092085236,32.165595,64.4978783333333,320,317.512369968455,18.5305667443597,4.84511470476088,36.5906698552399,212.159425492799,0.390061989031116,0.029838362566182,1e-12,70125005,5
61506001,2025.73092085236,32.165595,64.4978783333333,322,319.500982741015,18.5263248757363,4.84477899496842,36.5908297533202,212.214765380905,0.38952762587708,0.0258430888844301,1e-12,70125005,5
61506001,2025.73092085236,32.165595,64.4978783333333,324,321.493475225008,18.5257217701406,4.8447992627384,36.590780976435,212.419236283086,0.389200350120378,0.0254568167266431,1e-12,70125005,5
61506001,2025.73092085236,32.165595,64.4978783333333,326,323.462397053557,18.5191821535199,4.84419003581273,36.5906587804591,212.878340019739,0.389622594336139,0.0231423332735617,1e-12,70125005,5
61506001,2025.73092085236,32.165595,64.4978783333333,328,325.446201066102,18.5176580357045,4.84414337363059,36.590859743359,212.986283196385,0.389104464256524,0.0245111789059982,1e-12,70125005,5
61506001,2025.73092085236,32.165595,64.4978783333333,330,327.436247065327,18.5142408672064,4.84390484218666,36.5911125732827,213.267557284959,0.38900785840143,0.0268536346161546,1e-12,70125005,5
61506001,2025.73092085236,32.165595,64.4978783333333,332,329.425972964792,18.5125089695337,4.84382091530073,36.5911817274117,213.20389786076,0.388973895389327,0.0236504131989709,1e-12,70125005,5
61506001,2025.73092085236,32.165595,64.4978783333333,334,331.388047112973,18.5120933741664,4.8438622577141,36.5911457908503,213.53728150233,0.389035236856538,0.0256246014805753,1e-12,70125005,5
61506001,2025.73092085236,32.165595,64.4978783333333,336,333.377089414526,18.5116042333809,4.84391522138544,36.5912739973115,213.06030861812,0.388355591202315,0.025320951826155,1e-12,70125005,5
61506001,2025.73092085236,32.165595,64.4978783333333,338,335.376091553728,18.5102757081866,4.84383395247865,36.5910076911552,212.90632555305,0.38803784854132,0.0280954406503776,1e-12,70125005,5
61506001,2025.73092085236,32.165595,64.4978783333333,340,337.351977191215,18.5084472773581,4.84370223524947,36.5907569801294,212.749592809601,0.38841890265153,0.0264899903759088,1e-12,70125005,5
61506001,2025.73092085236,32.165595,64.4978783333333,342,339.322264925161,18.5082911997246,4.84376282677102,36.5906544158403,211.964647005051,0.387972621237906,0.0192841984891539,1e-12,70125005,5
61506001,2025.73092085236,32.165595,64.4978783333333,344,341.31402649179,18.5087969070866,4.84393653893863,36.5909250049173,212.382755053499,0.387900129551194,0.0207763188945737,1e-12,70125005,5
61506001,2025.73092085236,32.165595,64.4978783333333,346,343.302306751088,18.5084132593854,4.84395170158896,36.5906389215718,212.174450587685,0.388012799607556,0.0230768267117214,1e-12,70125005,5
61506001,2025.73092085236,32.165595,64.4978783333333,348,345.271670569151,18.5059624685737,4.84374541014227,36.59030785037,211.264294212227,0.388437523807227,0.0252205019572932,1e-12,70125005,5
61506001,2025.73092085236,32.165595,64.4978783333333,350,347.259976794739,18.4986653150683,4.84316647653078,36.5911160247672,210.658018878623,0.387638808020868,0.0185496322324056,1e-12,70125005,5
61506001,2025.73092085236,32.165595,64.4978783333333,352,349.253062028813,18.4971473157206,4.8430823666467,36.5909943620634,211.428151801036,0.386198681367411,0.0210138042382368,1e-12,70125005,5
61506001,2025.73092085236,32.165595,64.4978783333333,354,351.226977653911,18.4924392046015,4.84256889106374,36.5900587280535,212.412945874905,0.386331412653288,0.0218375490335881,1e-12,70125005,5
61506001,2025.73092085236,32.165595,64.4978783333333,356,353.206881121208,18.4887148020491,4.84222702134181,36.5897071290911,212.415570138905,0.386985835777999,0.0280866078023702,1e-12,70125005,5
61506001,2025.73092085236,32.165595,64.4978783333333,358,355.190892073931,18.4874955862937,4.84219385830822,36.5897530778743,213.088353145343,0.386002055132819,0.0243749462847562,1e-12,70125005,5
61506001,2025.73092085236,32.165595,64.4978783333333,360,357.184269335834,18.4870753874299,4.84225767823353,36.5899133665353,213.204590578008,0.386283118853584,0.0247339933809161,1e-12,70125005,5
61506001,2025.73092085236,32.165595,64.4978783333333,362,359.15582392616,18.4877197785904,4.84244040965565,36.5901383934016,213.706495390885,0.386689807319843,0.0233075432301316,1e-12,70125005,5
61506001,2025.73092085236,32.165595,64.4978783333333,364,361.136080451156,18.4888018091494,4.84268219520818,36.5904765094296,213.752594003976,0.386377049549555,0.0269779971457059,1e-12,70125005,5
61506001,2025.73092085236,32.165595,64.4978783333333,366,363.129192450701,18.489454029822,4.84285948549369,36.5906485376724,213.573353204091,0.386901960762889,0.0267506848393827,1e-12,70125005,5
61506001,2025.73092085236,32.165595,64.4978783333333,368,365.103884548049,18.4897122830154,4.84297235490425,36.590623288692,213.208327486239,0.387100933397849,0.0234636611519625,1e-12,70125005,5
61506001,2025.73092085236,32.165595,64.4978783333333,370,367.084570539342,18.4807726561159,4.84193553564988,36.5890000336518,212.524617446228,0.386480556030552,0.0276485802092031,1e-12,70125005,5
61506001,2025.73092085236,32.165595,64.4978783333333,372,369.080124693834,18.4775167080832,4.84158696734364,36.5881757494712,212.659455805087,0.385966809246417,0.0254002099127658,1e-12,70125005,5
61506001,2025.73092085236,32.165595,64.4978783333333,374,371.052040286835,18.4775707257462,4.84169133950692,36.588260062197,212.545369510054,0.386209789061341,0.0229221822086649,1e-12,70125005,5
61506001,2025.73092085236,32.165595,64.4978783333333,376,373.031791082315,18.4757302725152,4.84157779429676,36.5881755355703,210.584664842479,0.386184065429383,0.0196717253178061,1e-12,70125005,5
61506001,2025.73092085236,32.165595,64.4978783333333,378,375.023403978818,18.4722068603525,4.84126760095427,36.5879149746251,209.16733414514,0.38582594511403,0.0196350975698594,1e-12,70125005,5
61506001,2025.73092085236,32.165595,64.4978783333333,380,376.999485009931,18.4678299947352,4.84080727180125,36.5871365654272,207.580208939135,0.385850452857372,0.0228290030208349,1e-12,70125005,5
61506001,2025.73092085236,32.165595,64.4978783333333,382,378.983208557501,18.4505379923858,4.83873320068726,36.5841144794422,206.757883338109,0.385859116943355,0.0186466322197996,1e-12,70125005,5
61506001,2025.73092085236,32.165595,64.4978783333333,384,380.964690760585,18.4432020783644,4.83788611353589,36.5826758804291,207.534346242493,0.385807269857308,0.0250973960040672,1e-12,70125005,5
61506001,2025.73092085236,32.165595,64.4978783333333,386,382.947130662696,18.4334922511637,4.83666480496604,36.580163392052,207.862974643686,0.386109901258273,0.025679251603495,1e-12,70125005,5
61506001,2025.73092085236,32.165595,64.4978783333333,388,384.933554393925,18.4225756260387,4.83543704626711,36.5786673212243,207.398572376854,0.385495121361082,0.0236454997946728,1e-12,70125005,5
61506001,2025.73092085236,32.165595,64.4978783333333,390,386.908329381793,18.4186340203907,4.83508136866271,36.5783900461489,208.0139557718,0.385891823379869,0.0270377693129133,1e-12,70125005,5
61506001,2025.73092085236,32.165595,64.4978783333333,392,388.891672219054,18.417637481513,4.83507100773181,36.5784329529874,208.596931025864,0.385808723352183,0.0227347676672152,1e-12,70125005,5
61506001,2025.73092085236,32.165595,64.4978783333333,394,390.884191891441,18.4140760604349,4.83471756228705,36.5778367425858,208.685721967041,0.385826357380075,0.0244346019712809,1e-12,70125005,5
61506001,2025.73092085236,32.165595,64.4978783333333,396,392.851377890071,18.4095193164397,4.83422271625845,36.5769220865722,207.823605643667,0.385896953032246,0.0234836726820781,1e-12,70125005,5
61506001,2025.73092085236,32.165595,64.4978783333333,398,394.833493216229,18.4074275878678,4.83407528859349,36.5767723672863,207.121253022519,0.38585517593143,0.0237745024040785,1e-12,70125005,5
61506001,2025.73092085236,32.165595,64.4978783333333,400,396.827643145698,18.4072602766845,4.83413387588418,36.5766652410837,206.4666942577,0.385841174924058,0.0272095371175199,1e-12,70125005,5
61506001,2025.73092085236,32.165595,64.4978783333333,402,398.807987214631,18.4069547089027,4.8341736722129,36.5765212023616,206.218044727708,0.38606596897375,0.0249849098197995,1e-12,70125005,5
61506001,2025.73092085236,32.165595,64.4978783333333,404,400.77566873559,18.4011442588873,4.8335876054288,36.5759445193137,206.224781995374,0.386058620328561,0.0201504467535712,1e-12,70125005,5
61506001,2025.73092085236,32.165595,64.4978783333333,406,402.770133779348,18.4003849904969,4.83358857123966,36.5758734592083,206.084818934619,0.385762325513639,0.0269667517285905,1e-12,70125005,5
61506001,2025.73092085236,32.165595,64.4978783333333,408,404.771172365672,18.400472290337,4.833659800941,36.575648006731,205.813393474006,0.385828731783502,0.0257183202528143,1e-12,70125005,5
61506001,2025.73092085236,32.165595,64.4978783333333,410,406.720153177084,18.3963524291912,4.83320921527276,36.5747213787656,206.04709804883,0.385939189096952,0.0207919995314727,1e-12,70125005,5
61506001,2025.73092085236,32.165595,64.4978783333333,412,408.709415494009,18.3763317248628,4.83083437881572,36.5715504231592,206.013242807449,0.385794035098311,0.0219132458813362,1e-12,70125005,5
61506001,2025.73092085236,32.165595,64.4978783333333,414,410.706548149771,18.3622900953119,4.82924707931657,36.5697648786326,206.165672843511,0.38584409826298,0.0200218211094278,1e-12,70125005,5
61506001,2025.73092085236,32.165595,64.4978783333333,416,412.683254938865,18.3606658076692,4.82912224036801,36.5693917583577,206.307561451238,0.386545099071084,0.0210234378312917,1e-12,70125005,5
61506001,2025.73092085236,32.165595,64.4978783333333,418,414.655486279807,18.3583611803954,4.82893373451707,36.5690813776627,206.155669515388,0.386024056362057,0.0232919678045044,1e-12,70125005,5
61506001,2025.73092085236,32.165595,64.4978783333333,420,416.649438466467,18.3555571110291,4.82870393562684,36.5688634745394,206.351570364125,0.38586987388198,0.0181712519028686,1e-12,70125005,5
61506001,2025.73092085236,32.165595,64.4978783333333,422,418.627666608711,18.3427563880718,4.82724898794369,36.5670990629736,206.163610407496,0.386128187671613,0.0197804409533769,1e-12,70125005,5
61506001,2025.73092085236,32.165595,64.4978783333333,424,420.603985284358,18.3359110194064,4.82654264773414,36.5664149328874,206.059968172759,0.38595642815806,0.0203828328155541,1e-12,70125005,5
61506001,2025.73092085236,32.165595,64.4978783333333,426,422.592314067384,18.3307161576103,4.82600794238639,36.5657249953755,206.365678308104,0.385865068021686,0.021707597652615,1e-12,70125005,5
61506001,2025.73092085236,32.165595,64.4978783333333,428,424.576343391264,18.3246706369907,4.82537141603626,36.5649237306938,206.461568774696,0.386118815073814,0.0203327473118848,1e-12,70125005,5
61506001,2025.73092085236,32.165595,64.4978783333333,430,426.546391790782,18.3214859838332,4.82509854608861,36.5646767892973,206.73468405238,0.385926583067957,0.0236476514532298,1e-12,70125005,5
61506001,2025.73092085236,32.165595,64.4978783333333,432,428.534187138009,18.3205186484755,4.82507485716467,36.5645812666747,206.623860549616,0.385908965783863,0.0252422166667263,1e-12,70125005,5
61506001,2025.73092085236,32.165595,64.4978783333333,434,430.525178649119,18.3160258248116,4.82463343957788,36.5640614408691,206.79761255108,0.385845628646166,0.0248237810886853,1e-12,70125005,5
61506001,2025.73092085236,32.165595,64.4978783333333,436,432.500249368476,18.3119486058995,4.8242548592617,36.5637073970492,206.769045985656,0.385941241858576,0.0242772812197336,1e-12,70125005,5
61506001,2025.73092085236,32.165595,64.4978783333333,438,434.470987755594,18.308360209325,4.82395098803684,36.5635552656519,206.910999215828,0.385829221301856,0.0246792971552997,1e-12,70125005,5
61506001,2025.73092085236,32.165595,64.4978783333333,440,436.466045006291,18.3072029774754,4.82390552139111,36.5634432750488,206.794279918913,0.38584282238184,0.0249490700877248,1e-12,70125005,5
61506001,2025.73092085236,32.165595,64.4978783333333,442,438.450539679,18.3051478865308,4.82375575063906,36.5632409193412,207.026207703935,0.38619383963858,0.0281064701716648,1e-12,70125005,5
61506001,2025.73092085236,32.165595,64.4978783333333,444,440.416964637503,18.3033575154332,4.82367908216946,36.5634262367077,207.481656238188,0.386210352436202,0.0303593747604035,1e-12,70125005,5
61506001,2025.73092085236,32.165595,64.4978783333333,446,442.413354379335,18.3023135094855,4.82366426753957,36.5634750365834,207.413278952185,0.386099069695066,0.0240181507935323,1e-12,70125005,5
61506001,2025.73092085236,32.165595,64.4978783333333,448,444.396346583847,18.2993598058153,4.82343222861512,36.563370874107,207.629455715097,0.386068236233598,0.0245478931612794,1e-12,70125005,5
61506001,2025.73092085236,32.165595,64.4978783333333,450,446.369474411139,18.296714578521,4.82322404617464,36.5631957327848,207.700564835697,0.3858515562668,0.0264722137593037,1e-12,70125005,5
61506001,2025.73092085236,32.165595,64.4978783333333,452,448.350442492117,18.293943249402,4.82300734996852,36.5630601643564,208.209190673062,0.385858533433058,0.020586835054878,1e-12,70125005,5
61506001,2025.73092085236,32.165595,64.4978783333333,454,450.343478026868,18.2856977500122,4.82220713573832,36.5628192162631,208.324838581783,0.385873606326728,0.022897476892575,1e-12,70125005,5
61506001,2025.73092085236,32.165595,64.4978783333333,456,452.315227136352,18.2822817937685,4.82196164942905,36.5630115960729,208.395446837662,0.385909682595821,0.0257641379415542,1e-12,70125005,5
61506001,2025.73092085236,32.165595,64.4978783333333,458,454.29687209743,18.2764586557382,4.82142832335713,36.5628910136471,208.624115749022,0.385878016955058,0.0277347933852993,1e-12,70125005,5
61506001,2025.73092085236,32.165595,64.4978783333333,460,456.285370199428,18.2751190863289,4.82135206318416,36.562679259987,208.597619994851,0.385812691398704,0.0241524531447156,1e-12,70125005,5
61506001,2025.73092085236,32.165595,64.4978783333333,462,458.264254872923,18.2756675420416,4.82151401938875,36.5628193121174,208.699976830614,0.385857107767007,0.0241500846728685,1e-12,70125005,5
61506001,2025.73092085236,32.165595,64.4978783333333,464,460.237863238301,18.271949768115,4.82109756143961,36.5618222941194,208.631229631882,0.385948257554306,0.0181571494247093,1e-12,70125005,5
61506001,2025.73092085236,32.165595,64.4978783333333,466,462.231630010362,18.2504907295068,4.81846853491058,36.5577371533482,208.665105583912,0.385805956354069,0.0196793014260253,1e-12,70125005,5
61506001,2025.73092085236,32.165595,64.4978783333333,468,464.206177706915,18.2431404938827,4.81792508118061,36.5588875828422,209.395467003989,0.386127506325503,0.0240560391572783,1e-12,70125005,5
61506001,2025.73092085236,32.165595,64.4978783333333,470,466.185669414143,18.2481830390805,4.81885374568403,36.5615705608925,210.120766861801,0.38584734929233,0.0288178534800732,1e-12,70125005,5
61506001,2025.73092085236,32.165595,64.4978783333333,472,468.172863031205,18.2476125632954,4.81893758494336,36.5620404381739,210.062717112928,0.385907769213384,0.0249591665331857,1e-12,70125005,5
61506001,2025.73092085236,32.165595,64.4978783333333,474,470.15639400444,18.232928416633,4.81716530677838,36.559232445091,209.988379608394,0.38587133698848,0.0254074961059729,1e-12,70125005,5
61506001,2025.73092085236,32.165595,64.4978783333333,476,472.131000607833,18.2216132061627,4.81578258466316,36.5567489834392,209.667712304945,0.385829029878344,0.0244872697879127,1e-12,70125005,5
61506001,2025.73092085236,32.165595,64.4978783333333,478,474.116144388513,18.2125230993816,4.81474887988901,36.5552625456063,209.826377040087,0.385833501687454,0.0224388501996413,1e-12,70125005,5
61506001,2025.73092085236,32.165595,64.4978783333333,480,476.096529330598,18.2102027116379,4.81457363312085,36.5550786976409,209.65779926247,0.385934835659358,0.025130278569157,1e-12,70125005,5
61506001,2025.73092085236,32.165595,64.4978783333333,482,478.078074076312,18.2040536049682,4.81390139470069,36.5540594667752,209.910327634331,0.38585580100807,0.0327801775501799,1e-12,70125005,5
61506001,2025.73092085236,32.165595,64.4978783333333,484,480.059735486813,18.1924622826128,4.81252248092766,36.5518499443139,209.828780554788,0.385810032104168,0.0255899545126946,1e-12,70125005,5
61506001,2025.73092085236,32.165595,64.4978783333333,486,482.042651474294,18.1863963650624,4.81190301899963,36.5512064676541,210.323844008028,0.38546676248815,0.0225709466839749,1e-12,70125005,5
61506001,2025.73092085236,32.165595,64.4978783333333,488,484.017502302748,18.1821444153973,4.81142892704491,36.5501893233031,209.671674170462,0.385827299354476,0.0305729008341486,1e-12,70125005,5
61506001,2025.73092085236,32.165595,64.4978783333333,490,486.002499331567,18.1745897657236,4.81051682760527,36.5483707411062,209.788986377539,0.385872835085755,0.0270931274242495,1e-12,70125005,5
61506001,2025.73092085236,32.165595,64.4978783333333,492,487.988913357951,18.1711835278359,4.81017514859724,36.5477314091418,210.218053436149,0.385802004318555,0.0242795752627451,1e-12,70125005,5
61506001,2025.73092085236,32.165595,64.4978783333333,494,489.959458017325,18.1702197213454,4.81019045402682,36.5479673068927,210.648386987145,0.385808941038647,0.0220200700013791,1e-12,70125005,5
61506001,2025.73092085236,32.165595,64.4978783333333,496,491.941963989898,18.166001031977,4.80970520723634,36.546824635116,209.975588200517,0.385565587623325,0.017449759182092,1e-12,70125005,5
61506001,2025.73092085236,32.165595,64.4978783333333,498,493.938404052854,18.1569689565598,4.80856468102972,36.5443681455846,209.517194763972,0.385101382889467,0.0178002224222429,1e-12,70125005,5
61506001,2025.73092085236,32.165595,64.4978783333333,500,495.903723428742,18.1556200351449,4.80848559169767,36.5441405875896,210.41848284592,0.38563034532917,0.0235942855851684,1e-12,70125005,5
61506001,2025.73092085236,32.165595,64.4978783333333,502,497.898035357552,18.1679109237435,4.81041861356951,36.5489606831471,212.172509398816,0.385790775591834,0.0236893781594525,1e-12,70125005,5
61506001,2025.73092085236,32.165595,64.4978783333333,504,499.876906726154,18.1795792016503,4.81221379179463,36.5531551748064,213.524331951929,0.385587606654223,0.0241290365754913,1e-12,70125005,5
