sample_id,OA_Station_No,ymd_out,hhmm_out,Lat_out,Long_out,depth_m,pressure_db,temperature_C,CTD_salinity,potential_temp_C,salinity,sigma_theta_kg_m3,oxygen_umol_kg,DIC_umol_kg,alkalinity_umol_kg,Nitrate_nitrite_umol_kg,nitrite_umol_kg,phosphate_umol_kg,silicate_umol_kg,POC_ug_kg,PON_ug_kg,bacteria_cells_10_8_kg,pig14_Chl_a
7000100101,1,20140819,1125,32.37736667,64.62461667,2,2,28.4,-999,-999,36.2828,-999,185.1906808,2023.8,2276.09,0.556383201,0.048805544,0.175699958,1.259183033,132.2663505,20.92685904,11.68,145
7000100201,2,20140819,1143,32.33206667,64.59508333,2,2,28.1,-999,-999,36.2781,-999,196.5639544,2023.33,2349.49,0.087850278,0,0.058566852,1.063964482,42.5534908,8.972003801,9.06,68
7000100301,3,20140819,1157,32.29705,64.57426667,2,2,28.2,-999,-999,36.3003,-999,196.1742998,2020.66,2342.49,0.05856591,0,0.029282955,1.063947361,48.30105099,9.089432905,10.05,86
7000300101,1,20141026,1429,32.38265,64.61501667,2,2,24.1,-999,-999,36.4459,-999,213.9930203,2056.43,2382.77,0.107359503,0,0,0.692956794,25.91343648,11.27307689,6.66,96
7000300201,2,20141026,1452,32.34461667,64.59506667,2,2,24.3,-999,-999,36.4685,-999,268.7882349,2057.78,2391.4,0.01951959,0,0,0.653906263,25.1922428,8.999321138,4.57,109
7000300301,3,20141026,1518,32.30411667,64.57553333,2,2,24.3,-999,-999,36.4665,-999,212.9998453,2058.04,2390.39,0.009759809,0,0,0.66366702,19.38468294,8.159916887,7.32,75
7000400601,3,20141123,1410,32.29763333,64.57195,2,2,23.3,-999,-999,36.4786,-999,212.1954982,2059.34,2394.5,0.009759724,0,0,0.780777882,17.29073371,2.371133347,7.22,123
7000400701,2,20141123,1430,32.3432,64.59573333,2,2,23.4,-999,-999,36.4812,-999,211.9397263,2060.33,2399.84,0.029279115,0,0.009759705,0.771016705,50.93682034,6.733027977,7.05,110
7000400801,1,20141123,1453,32.38431667,64.61583333,2,2,22.1,-999,-999,36.1831,-999,207.5087198,2040.98,2335.08,0.595470671,0.029285443,0.009761814,0.946895985,25.45485168,4.0001875,7.29,213
7000600501,3,20150206,538,32.3055,64.57441667,2,2,20.7,-999,-999,36.4988,-999,220.0081676,2079.33,2391.04,0.15615329,0.097595806,0,0.78076645,17.51209688,2.486405738,7.02,223
7000600601,2,20150206,614,32.34671667,64.58826667,2,2,20.7,-999,-999,36.537,-999,220.6985475,2071.17,2395.93,0.175667587,0.097593104,0,0.780744833,13.57247135,2.934851922,6.15,253
7000600701,1,20150206,1120,32.38343333,64.60928333,2,2,20.8,-999,-999,36.5771,-999,216.5181189,2072.39,2399.41,0.156144428,0.019518054,0,0.751445062,22.28921399,2.934844012,6.22,174
7000700101,1,20150311,1657,32.38426667,64.61423333,2,2,20.1,-999,-999,36.4759,-999,233.4727736,2056.97,2357.49,0.136636397,0,0,0.458707903,25.49425071,4.82587155,-999,224
7000700201,2,20150311,1729,32.34766667,64.59546667,2,2,20.2,-999,-999,36.5139,-999,232.5145181,2062.49,2369.18,0.019518948,0,0,0.761238958,40.2155277,7.341161784,-999,269
7000700301,3,20150311,1800,32.30593333,64.57501667,2,2,20.3,-999,-999,36.5541,-999,227.2025367,2075,2394.78,0.058555137,0,0,0.566032989,23.20306619,4.357886801,-999,103
7000800501,3,20150411,1439,32.30013333,64.5727,2,2,22,-999,-999,36.6721,-999,219.6653094,2077.52,2402.88,0,0,0.01951671,0.36105913,15.78980243,3.472001028,5.29,30
7000800601,2,20150411,1510,32.34393333,64.59306667,2,2,21.9,-999,-999,36.6511,-999,220.5772129,2076.98,2400.91,0,0,0,0.458649659,19.20305064,4.125388737,6.24,42
7000800701,1,20150411,1538,32.38356667,64.61405,2,2,21.7,-999,-999,36.6308,-999,221.3522916,2077.97,2397.18,0,0,0,0.478173701,19.41683075,3.861911088,6.63,38
7000900601,3,20150517,847,32.30083333,64.57626667,2,2,21.3,-999,-999,36.5973,-999,223.3802942,2080.26,2398.07,-999,-999,-999,-999,37.19213487,5.324306669,4.88,41
7000900701,2,20150517,916,32.33606667,64.59351667,2,2,22.2,-999,-999,36.7049,-999,222.7642585,2074.99,2401.96,-999,-999,-999,-999,25.89453198,3.189270041,3.85,19
7000900801,1,20150517,948,32.38555,64.61245,2,2,22.4,-999,-999,36.7099,-999,215.9379418,2072.38,2400.62,-999,-999,-999,-999,18.72696478,3.004117267,3.16,32
7001000501,3,20150626,1737,32.29793333,64.57343333,3.999,4.027,26.79448688,36.64789394,26.79356258,36.6474,24.02704666,203.5886902,2068.02,2397.85,0,0,0.013661941,0.731889716,-999,-999,5.54,-999
7001000502,3,20150626,1737,32.29793333,64.57343333,4.003,4.031,26.79348688,36.64768811,26.79256168,-999,24.02721204,-999,-999,-999,-999,-999,-999,-999,-999,-999,-999,-999
7001000503,3,20150626,1737,32.29793333,64.57343333,4.145,4.174,26.80588688,36.64795958,26.80492854,-999,24.02345555,-999,-999,-999,-999,-999,-999,-999,21.69299606,3.125510464,-999,-999
7001000504,3,20150626,1737,32.29793333,64.57343333,3.908,3.935,26.79828688,36.64775111,26.7973836,-999,24.02571527,-999,-999,-999,-999,-999,-999,-999,-999,-999,-999,-999
7001000601,2,20150626,1828,32.34145,64.59213333,4.03,4.059,26.98618688,36.6645033,26.98525031,36.6655,23.97803675,203.3938377,2064.42,2393.23,0.005855041,0.007806721,0.004879201,0.708459952,-999,-999,5.19,-999
7001000602,2,20150626,1828,32.34145,64.59213333,3.494,3.519,26.94438688,36.66520305,26.94357583,-999,23.9919651,-999,-999,-999,-999,-999,-999,-999,-999,-999,-999,-999
7001000603,2,20150626,1828,32.34145,64.59213333,3.925,3.953,26.96928688,36.66437868,26.96837519,-999,23.98337079,-999,-999,-999,-999,-999,-999,-999,32.50618768,5.215836605,-999,-999
7001000604,2,20150626,1828,32.34145,64.59213333,3.828,3.855,26.95008688,36.66208598,26.94919826,-999,23.98780876,-999,-999,-999,-999,-999,-999,-999,-999,-999,-999,-999
7001000701,1,20150626,1853,32.38006667,64.61205,2,2,26.6,-999,-999,36.7077,-999,184.0675741,2059.9,2384.39,0.088798738,0.016588775,0.010733913,0.78845473,50.72337706,7.793079494,6.62,-999
7001100601,3,20150719,1115,32.29381667,64.58255,2.868,2.888,27.9946975,36.70869626,27.9940129,36.7106,23.68296554,195.0800195,2048.13,2366.25,0.052693646,0,0.051717838,0.918235571,-999,-999,9,-999
7001100602,3,20150719,1115,32.29381667,64.58255,2.835,2.855,27.9972975,36.70844376,27.99662067,-999,23.68191694,-999,-999,-999,-999,-999,-999,-999,49.84025698,9.848849056,-999,173
7001100603,3,20150719,1115,32.29381667,64.58255,2.89,2.91,27.9987975,36.70858448,27.99810761,-999,23.68153317,-999,-999,-999,-999,-999,-999,-999,-999,-999,-999,-999
7001100701,2,20150719,1245,32.34386667,64.59123333,3.638,3.664,27.8104975,36.6914855,27.80963318,36.6937,23.73059615,197.3199023,2051.49,2375.57,0.061476673,0,0.048791011,0.855794324,64.82639565,12.24227185,9,246
7001100702,2,20150719,1245,32.34386667,64.59123333,2.924,2.945,27.8105975,36.69121268,27.80990279,-999,23.73030275,-999,-999,-999,-999,-999,-999,-999,-999,-999,-999,-999
7001100703,2,20150719,1245,32.34386667,64.59123333,3.239,3.261,27.8129975,36.69108063,27.8122282,-999,23.72944077,-999,-999,-999,-999,-999,-999,-999,-999,-999,-999,-999
7001100801,1,20150719,1312,32.38235,64.61251667,3.988,4.016,28.5591975,36.78894027,28.55823121,36.7886,23.55635343,186.6046852,2036.09,2343.03,0.532761192,0.016587803,0.046836149,1.132849349,64.76452008,13.59195043,9.28,286
7001100802,1,20150719,1312,32.38235,64.61251667,3.872,3.899,28.5530975,36.78760952,28.55215952,-999,23.5573777,-999,-999,-999,-999,-999,-999,-999,-999,-999,-999,-999
7001100803,1,20150719,1312,32.38235,64.61251667,4.259,4.289,28.5470975,36.78700409,28.54606585,-999,23.55895405,-999,-999,-999,-999,-999,-999,-999,-999,-999,-999,-999
7001200101,2,20150817,1522,32.34118333,64.59448333,2,2,-999,-999,-999,36.4725,-999,-999,2050.73,2393.9,-999,-999,-999,-999,-999,-999,6.34,24
7001200201,3,20150817,1550,32.29956667,64.5735,2,2,28.4,-999,-999,36.3957,-999,214.4158266,2040.92,2384.39,-999,-999,-999,-999,30.32731525,4.759717218,6.08,23
7001300101,1,20150911,1230,32.38226667,64.60801667,3.932,3.96,27.67221804,36.23487551,27.6712887,-999,23.43220827,187.2768943,2040.86,2372.65,0.119089664,0.011713737,0.054664108,0.71941871,-999,-999,6.36,-999
7001300102,1,20150911,1230,32.38226667,64.60801667,4.098,4.127,27.66821804,36.23015453,27.66724963,-999,23.42997315,-999,-999,-999,-999,-999,-999,-999,17.58365932,2.580370239,-999,28
7001300201,2,20150911,1352,32.33893333,64.59493333,2.664,2.683,27.57641804,36.23672373,27.57579,36.2363,23.46472768,199.0078573,2055.78,2382.9,0.004880719,0,0.019522876,0.772129731,-999,-999,7.72,-999
7001300202,2,20150911,1352,32.33893333,64.59493333,2.601,2.619,27.56281804,36.23709995,27.5622052,-999,23.46943357,-999,-999,-999,-999,-999,-999,-999,22.14752555,3.254689325,-999,32
7001300301,3,20150911,2025,32.30121667,64.57033333,2.27,2.286,27.59211804,36.21093999,27.59158275,36.208,23.44017616,199.2361033,2040.54,2372.28,0,0,0.000976164,0.779954882,-999,-999,6.02,-999
7001300302,3,20150911,2025,32.30121667,64.57033333,2.306,2.322,27.59231804,36.21213144,27.59177432,-999,23.44101054,-999,-999,-999,-999,-999,-999,-999,27.92455981,3.743474416,-999,34
7001400101,1,20151026,1211,32.38265,64.61501667,-999,-999,25.5,-999,-999,36.5259,-999,200.0744011,2052.45,2400.52,-999,-999,-999,-999,-999,-999,-999,-999
7001500501,3,20151201,1420,32.29935,64.57285,3.877,3.905,22.88784508,36.56241588,22.88704585,36.5625,25.15477708,-999,2063.02,2399.45,0,0,0.045867911,0.770971273,-999,-999,6.64,-999
7001500502,3,20151201,1420,32.29935,64.57285,5.043,5.078,22.88584508,36.56212891,22.88480582,-999,25.15520812,-999,-999,-999,-999,-999,-999,-999,19.74928936,4.10590164,-999,100
7001500602,2,20151201,1452,32.34201667,64.59518333,4.185,4.215,22.78474508,36.57309024,22.78388515,36.5723,25.19273961,-999,2066.25,2400.24,0,0,0.047819398,0.780724858,44.37354229,8.084761881,6.5,173
7001500701,1,20151201,1517,32.38189667,64.63700333,2,2,23.5,-999,-999,36.5601,-999,-999,2066.7,2390.62,0.182496049,0,0.050747565,0.785611335,21.47677082,3.132232365,4.67,104
7001600501,3,20151215,1226,32.3003,64.5729,2.989,3.01,22.453422,36.55075337,22.45281441,36.5506,25.27103719,211.5513847,2065.03,2394.52,0,0.009759214,0.030253564,0.824653601,-999,-999,7.88,-999
7001600502,3,20151215,1226,32.3003,64.5729,3.008,3.029,22.459422,36.55022044,22.45881046,-999,25.26891529,-999,-999,-999,-999,-999,-999,-999,22.45772152,4.134639134,-999,184
7001600601,2,20151215,1314,32.34041667,64.59426667,3.147,3.17,22.506822,36.58030658,22.50618093,36.5803,25.27818286,209.1134786,2066.42,2394.03,0,0.016590307,0.02342161,0.810973244,-999,-999,7.82,-999
7001600602,2,20151215,1314,32.34041667,64.59426667,3.201,3.224,22.504222,36.58061306,22.50357007,-999,25.27916441,-999,-999,-999,-999,-999,-999,-999,49.83938158,10.57051255,-999,187
7001600701,1,20151215,1517,32.38265,64.61501667,2,2,22.3,-999,-999,36.5555,-999,196.0509797,2066.89,2381.87,0,0.010735098,0.015614687,0.796349052,23.49847296,3.950552739,2.91,112
7001700501,3,20160311,2009,32.29891667,64.57685,4.734,4.767,21.21788802,36.68123768,21.2169633,36.6734,25.71806381,219.3977725,2077.98,2402.03,-999,-999,-999,-999,-999,-999,7.54,-999
7001700502,3,20160311,2009,32.29891667,64.57685,4.422,4.454,21.21378802,36.68102138,21.21292414,-999,25.7190161,-999,-999,-999,-999,-999,-999,-999,20.31742888,3.527534415,-999,55
7001700601,2,20160311,2055,32.34021667,64.5932,4.963,4.999,21.11478802,36.67761559,21.11382166,36.6697,25.74378301,219.5983932,2075.74,2396.04,-999,-999,-999,-999,-999,-999,6.15,-999
7001700602,2,20160311,2055,32.34021667,64.5932,4.79,4.824,21.11608802,36.67775612,21.11515545,-999,25.74352241,-999,-999,-999,-999,-999,-999,-999,23.34753179,3.829540899,-999,83
7001700701,1,20160311,2130,32.38498333,64.61611667,4.963,4.999,20.74978802,36.65858633,20.74883365,36.6525,25.82934823,223.2408251,2071.97,2388.35,-999,-999,-999,-999,-999,-999,3.5,-999
7001700702,1,20160311,2130,32.38498333,64.61611667,4.79,4.824,20.74478802,36.66297002,20.7438672,-999,25.83404158,-999,-999,-999,-999,-999,-999,-999,17.39245793,2.669766652,-999,79
7001800501,3,20160419,1824,32.30351667,64.57446667,5.128,5.164,21.24442796,36.69636709,21.24342526,36.6948,25.72225852,207.4631327,2078.58,2404,0,0,0.010734014,0.898729697,-999,-999,6.57,-999
7001800502,3,20160419,1824,32.30351667,64.57446667,6.233,6.277,21.24482796,36.69775338,21.2436091,-999,25.72326221,-999,-999,-999,-999,-999,-999,-999,1949.294559,-999,-999,96
7001800503,3,20160419,1824,32.30351667,64.57446667,5.441,5.479,21.25302796,36.69868399,21.25196377,-999,25.72165842,-999,-999,-999,-999,-999,-999,-999,-999,-999,-999,-999
7001800601,2,20160419,1954,32.34783333,64.58253333,3.962,3.99,21.29302796,36.70997957,21.29225192,-999,25.7190975,-999,-999,-999,-999,-999,-999,-999,-999,-999,-999,-999
7001800602,2,20160419,1954,32.34783333,64.58253333,3.94,3.968,21.29462796,36.71011864,21.29385615,-999,25.7187587,-999,-999,-999,-999,-999,-999,-999,1949.299662,-999,-999,82
7001800603,2,20160419,1954,32.34783333,64.58253333,3.829,3.856,21.29352796,36.71049198,21.29277797,36.707,25.71934171,208.0761379,2082.29,2419.26,0,0,0.010733919,0.937754183,-999,-999,6.33,-999
7001800701,1,20160419,2037,32.38056667,64.6119,3.075,3.097,21.19092796,36.72777227,21.19032761,36.7267,25.76084925,187.5615088,2074.78,2398.45,0.128805187,0.012685359,0.024394922,0.782589092,-999,-999,3.1,-999
7001800702,1,20160419,2037,32.38056667,64.6119,3.268,3.291,21.19482796,36.72939435,21.19418992,-999,25.7610164,-999,-999,-999,-999,-999,-999,-999,1949.227152,-999,-999,55
7001800703,1,20160419,2037,32.38056667,64.6119,3.521,3.546,21.19512796,36.72926125,21.19444047,-999,25.76084572,-999,-999,-999,-999,-999,-999,-999,-999,-999,-999,-999
7001900501,3,20160507,1113,32.30516667,64.57523333,2,2,21.6,-999,-999,36.5945,-999,219.0441879,2075.71,2401,0.114179173,0,0.029276711,0.716303532,24.30271214,4.622586498,5.9,65
7001900601,2,20160507,1132,32.35086667,64.59618333,2,2,21.5,-999,-999,36.617,-999,219.9490294,2076.37,2405,0.118080809,0,0.024396861,0.716291851,20.44966398,3.764220456,5.84,70
7001900701,1,20160507,1149,32.38105,64.6228,2,2,21.1,-999,-999,36.6064,-999,215.0068275,2080.98,2397.34,0.190296981,0.001951764,0.024397049,0.698731479,26.19088167,4.680425615,5.61,98
7002000223,1,20160613,2124,32.38083333,64.6101,4.755,4.789,25.22582815,36.48615845,25.22477686,-999,24.39792967,203.9887827,2050.66,2365.55,0.03903868,-999,0.008783703,0.827620021,-999,-999,5.88,-999
7002000224,1,20160613,2124,32.38083333,64.6101,4.655,4.688,25.23202815,36.48558039,25.23099885,36.4856,24.3955756,-999,-999,-999,-999,-999,-999,-999,64.21272814,9.361509012,-999,233
7002000301,2,20160613,2231,32.33333333,64.59166667,4.017,4.045,24.23172815,36.53530756,24.23086556,-999,24.73755426,211.2924644,2068.18,2394.93,0.03903729,-999,0.00878339,0.787577317,-999,-999,3.75,-999
7002000302,2,20160613,2231,32.33333333,64.59166667,3.921,3.949,24.23032815,36.53556879,24.22948607,36.5355,24.73816653,-999,-999,-999,-999,-999,-999,-999,31.56058126,4.303715626,-999,77
7002000401,3,20160613,2355,32.29601667,64.57025,5.124,5.16,24.18232815,36.52564225,24.18122944,-999,24.74514024,211.9414793,2070.25,2395.41,0.039037563,-999,0.008783452,0.742689636,-999,-999,5.01,-999
7002000402,3,20160613,2355,32.29601667,64.57025,4.936,4.971,24.18132815,36.52544743,24.18026972,36.5265,24.74528082,-999,-999,-999,-999,-999,-999,-999,27.38357847,4.303691413,-999,39
7002100101,1,20160721,1423,32.3829,64.60993333,4.872,4.906,27.94460225,36.28374249,27.9434424,36.3191,23.37988725,195.2250807,2036.74,2349.14,0.039043408,-999,0.011713022,0.637383632,-999,-999,8.02,-999
7002100102,1,20160721,1423,32.3829,64.60993333,4.98,5.015,27.94810225,36.28710096,27.9469165,-999,23.38127286,-999,-999,-999,-999,-999,-999,-999,46.78541576,9.089291133,-999,165
7002100201,2,20160721,1519,32.34018333,64.59885,3.535,3.56,27.40240225,36.0909686,27.40157318,36.0434,23.4116041,201.8038779,2031.99,2359.76,0.039051212,-999,0.011715364,0.515475997,-999,-999,5.85,-999
7002100202,2,20160721,1519,32.34018333,64.59885,3.61,3.636,27.39940225,36.07319096,27.3985556,-999,23.39919802,-999,-999,-999,-999,-999,-999,-999,29.67294228,4.759790148,-999,53
7002100301,3,20160721,1621,32.29725,64.57411667,4.145,4.175,27.53830225,36.10281697,27.53732637,36.1039,23.3764485,201.9585174,2035.09,2367.28,0.039049499,-999,0.012691087,0.491047451,-999,-999,5.64,-999
7002100302,3,20160721,1621,32.29725,64.57411667,4.237,4.267,27.54320225,36.10374568,27.54220473,-999,23.37556112,-999,-999,-999,-999,-999,-999,-999,23.50601028,4.153868761,-999,46
7002200101,2,20160816,1258,32.33976667,64.59695,4.336,4.366,28.31595295,36.46621176,28.31491009,36.466,23.39459102,198.3851658,2042.13,2373.93,0.071246632,0,0.027327475,0.889118933,-999,-999,4.52,-999
7002200102,2,20160816,1258,32.33976667,64.59695,4.353,4.384,28.33095295,36.46754792,28.32990538,-999,23.39062649,-999,-999,-999,-999,-999,-999,-999,43.95645356,6.775316352,-999,89
7002200201,1,20160816,1331,32.38151667,64.61493333,4.792,4.826,28.11615295,36.3999987,28.11500644,36.4017,23.41087762,196.0316557,2034.5,2355.33,0.191301244,0.025376696,0.018544508,0.920393229,-999,-999,6.03,-999
7002200202,1,20160816,1331,32.38151667,64.61493333,4.636,4.668,28.11995295,36.4006042,28.11884386,-999,23.41006752,-999,-999,-999,-999,-999,-999,-999,48.6297266,10.01142743,-999,188
7002200301,3,20160816,1429,32.30205,64.57188333,4.407,4.438,28.47925295,36.47298623,28.47818838,36.4707,23.3454859,198.957958,2044.05,2375.77,0.052702809,0,0.026351404,0.868620367,-999,-999,5.16,-999
7002200302,3,20160816,1429,32.30205,64.57188333,4.191,4.22,28.49735295,36.47355949,28.4963402,-999,23.33987968,-999,-999,-999,-999,-999,-999,-999,15.418518,2.014086689,-999,61
7002300101,1,20160919,1500,32.3848,64.61423333,3.098,3.12,28.461,36.44394914,28.46025202,36.4417,23.32962394,-999,2040,2354.54,0.366975419,0.028303955,0.027327957,1.00527841,-999,-999,5.53,-999
7002300102,1,20160919,1500,32.3848,64.61423333,3.091,3.112,28.4612,36.4438886,28.46045393,-999,23.32951133,-999,-999,-999,-999,-999,-999,-999,34.01625691,6.899016771,-999,203
7002300201,2,20160919,1602,32.34668333,64.58706667,4.374,4.404,28.828,36.55744166,28.82693382,36.5562,23.2925316,196.1788511,2046.75,2392.74,0.063434635,0.001951835,0.025373854,0.697780984,-999,-999,4.95,-999
7002300202,2,20160919,1602,32.34668333,64.58706667,4.359,4.39,28.8269,36.55693443,28.82583724,-999,23.29251802,-999,-999,-999,-999,-999,-999,-999,23.85335015,3.596080645,-999,66
7002300301,3,20160919,1707,32.30743333,64.56916667,4.504,4.536,29.1253,36.66091687,29.1241932,36.6594,23.27029401,203.0358404,2049.57,2401.65,0.055623135,0,0.022444423,0.785554797,-999,-999,4.56,-999
7002300302,3,20160919,1707,32.30743333,64.56916667,4.434,4.465,29.1164,36.65944722,29.11531077,-999,23.27218718,-999,-999,-999,-999,-999,-999,-999,23.47195731,2.931551704,-999,24
7002400101,1,20161018,1456,32.38378333,64.61293333,3.795,3.822,25.0534,36.57342263,25.05256489,36.57368618,24.51683975,204.8666579,2051.94,2388.63,0.039036204,-999,0.008783146,0.829519328,-999,-999,4.68,-999
7002400102,1,20161018,1456,32.38378333,64.61293333,3.829,3.856,25.0488,36.5731214,25.04795757,-999,24.51802598,-999,-999,-999,-999,-999,-999,-999,24.6313444,3.963664616,-999,93
7002400201,2,20161018,1608,32.3402,64.59083333,2.734,2.753,25.1631,36.5739651,25.16249656,36.57841258,24.48346313,207.5192644,2051.65,2403.39,0.03903607,-999,0.008783116,0.833420094,-999,-999,3.73,-999
7002400202,2,20161018,1608,32.3402,64.59083333,2.412,2.429,25.1716,36.57316353,25.17106745,-999,24.48021946,-999,-999,-999,-999,-999,-999,-999,24.43683619,3.534212825,-999,74
7002400301,3,20161018,1724,32.30996667,64.57146667,2.918,2.938,25.5844,36.57050895,25.58374819,36.57329226,24.35052581,207.5198171,2052,2414.3,0.039036215,-999,0.01268677,0.77779658,-999,-999,7.97,-999
7002400302,3,20161018,1724,32.30996667,64.57146667,2.979,3,25.5879,36.5707267,25.58723437,-999,24.34960603,-999,-999,-999,-999,-999,-999,-999,23.47274916,3.290481059,-999,45
7002500101,1,20161118,1300,32.38486667,64.61383333,3.097,3.119,22.5808,36.61481038,22.58016766,36.6162,25.28313386,204.3647414,2068.39,2380.87,0.091732252,-999,0.008782875,0.785579393,-999,-999,3.98,-999
7002500102,1,20161118,1300,32.38486667,64.61383333,3.051,3.072,22.5804,36.61457522,22.5797772,-999,25.28306761,-999,-999,-999,-999,-999,-999,-999,-999,-999,-999,-999
7002500201,2,20161118,1245,32.3415,64.60033333,4.439,4.47,22.9966,36.62536739,22.99568174,36.6257,25.17099507,210.9697401,2064.98,2394.88,0.039034732,-999,0.008782815,0.773863564,-999,-999,4.13,-999
7002500202,2,20161118,1245,32.3415,64.60033333,4.303,4.333,22.9935,36.62559551,22.99260997,-999,25.17206149,-999,-999,-999,-999,-999,-999,-999,25.55653312,5.041101726,-999,164
7002500301,3,20161118,1438,32.29831667,64.57155,4.225,4.254,22.9055,36.62647888,22.9046286,36.6255,25.1982844,212.6625142,2064.17,2403.67,0.039034738,-999,0.008782816,0.753370439,-999,-999,5.94,-999
7002500302,3,20161118,1438,32.29831667,64.57155,3.87,3.898,22.9067,36.62641652,22.9059015,-999,25.19786797,-999,-999,-999,-999,-999,-999,-999,19.85196801,3.568674013,-999,81
7002600101,1,20161212,1234,32.38166667,64.61173333,3.338,3.362,21.03464386,36.72364064,21.03399557,36.7228,25.80080552,215.1920675,2074.56,2403.41,0.039031985,-999,0.017564393,0.636221359,-999,-999,5.58,-999
7002600102,1,20161212,1234,32.38166667,64.61173333,3.69,3.716,21.03374386,36.72427061,21.03302733,-999,25.80155134,-999,-999,-999,-999,-999,-999,-999,22.80746628,3.304158576,-999,155
7002600124,1,20161212,1234,32.38166667,64.61173333,3.57,3.595,21.03784386,36.72352257,21.03715057,-999,25.79984768,-999,-999,-999,-999,-999,-999,-999,-999,-999,-999,-999
7002600201,2,20161212,1318,32.33948333,64.59691667,4.424,4.455,21.58464386,36.68096972,21.58376906,36.6813,25.61588748,215.3700703,2072.76,2411.69,0.039033159,-999,0.014637435,0.676249483,-999,-999,4.68,-999
7002600202,2,20161212,1318,32.33948333,64.59691667,4.494,4.526,21.58594386,36.68087334,21.58505508,-999,25.61545469,-999,-999,-999,-999,-999,-999,-999,21.3196482,1.83269038,-999,150
7002600301,3,20161212,1418,32.3025,64.5742,4.552,4.584,21.61964386,36.69003357,21.61874265,36.6902,25.61299906,214.6660934,2073.13,2410.83,0.039032907,-999,0.013661518,0.674293476,-999,-999,4.28,-999
7002600302,3,20161212,1418,32.3025,64.5742,4.626,4.658,21.61954386,36.69022012,21.6186281,-999,25.61317296,-999,-999,-999,-999,-999,-999,-999,26.54479425,3.665384737,-999,153
7002700101,1,20170105,1759,32.37548333,64.62043333,3.661,3.686,20.50170254,35.24222164,20.50101002,35.2277,24.81746683,222.5691444,1999.64,2297.45,0.039074317,-999,0.008791721,0.764879755,-999,-999,4.32,-999
7002700102,1,20170105,1759,32.37548333,64.62043333,3.787,3.814,20.52170254,35.28365565,20.52098531,-999,24.84366341,-999,-999,-999,-999,-999,-999,-999,31.50190207,6.214528218,-999,181
7002700201,2,20170105,1905,32.30051667,64.575,3.847,3.874,21.37630254,36.22064224,21.37554879,36.2222,25.32368755,218.0260595,2050.57,2371.17,0.041974612,-999,0.013666153,0.878538383,-999,-999,4.87,-999
7002700202,2,20170105,1905,32.30051667,64.575,4.316,4.347,21.37540254,36.21102574,21.37455682,-999,25.31664658,-999,-999,-999,-999,-999,-999,-999,26.74762775,5.782480224,-999,291
7002700301,3,20170105,2007,32.29416667,64.5765,3.119,3.141,21.39080254,36.39012201,21.3901906,35.8386,25.44855876,220.24071,2030.11,2352.53,0.039057011,-999,0.008787827,0.845584283,-999,-999,5.06,-999
7002700302,3,20170105,2007,32.29416667,64.5765,3.214,3.237,21.34920254,35.99295223,21.34857402,-999,25.15794516,-999,-999,-999,-999,-999,-999,-999,33.04224434,6.641608145,-999,361
7002700324,3,20170105,2007,32.29416667,64.5765,3.656,3.681,21.38630254,36.36215676,21.3855856,-999,25.42856114,-999,-999,-999,-999,-999,-999,-999,-999,-999,-999,-999
7002800301,3,20170215,1940,32.29941667,64.5644,1.953,1.966,20.7429,36.72154028,20.74252465,-999,25.87902471,-999,-999,-999,-999,-999,-999,-999,-999,-999,-999,-999
7002800302,3,20170215,1940,32.29941667,64.5644,2.051,2.065,20.7458,36.72081555,20.74540571,-999,25.877687,218.7470004,2089.88,2409.26,0.039032041,-999,2.552695505,0.855777507,-999,-999,4.47,-999
7002800303,3,20170215,1940,32.29941667,64.5644,1.838,1.851,20.7476,36.7209956,20.74724655,-999,25.8773223,-999,-999,-999,-999,-999,-999,-999,21.73071587,3.732226088,-999,26.1977388
7002800323,3,20170215,1940,32.29941667,64.5644,2.127,2.142,20.7405,36.7199824,20.74009109,-999,25.8785013,-999,-999,-999,-999,-999,-999,-999,-999,-999,-999,-999
7002800401,2,20170215,2026,32.33973333,64.59076667,3.24,3.262,20.2323,36.66110313,20.23168829,-999,25.97113598,-999,-999,-999,-999,-999,-999,-999,-999,-999,-999,-999
7002800402,2,20170215,2026,32.33973333,64.59076667,2.896,2.917,20.2337,36.66118799,20.23315296,36.6649,25.97080784,218.7280093,2090.61,2401.2,0.283969608,-999,0.008782565,0.868498115,-999,-999,4.36,-999
7002800403,2,20170215,2026,32.33973333,64.59076667,3.14,3.162,20.2376,36.66092224,20.23700693,-999,25.9695709,-999,-999,-999,-999,-999,-999,-999,25.28573255,4.647897659,-999,195.710232
7002800501,1,20170215,2058,32.382533,64.6232,2,2,19.1,-999,-999,36.7375,-999,230.190978,2085.85,2402.69,0.095627345,-999,2.56437411,0.759164025,30.85224547,4.463148586,4.04,194.8310021
7002900101,1,20170408,1253,32.37864833,64.61153333,4.797,4.831,19.90161321,36.79545291,19.90071706,-999,26.16200179,222.1694613,2090.23,2392.86,0.03902993,-999,0.008781734,0.131726014,-999,-999,4.53,-999
7002900102,1,20170408,1253,32.37864833,64.61153333,4.606,4.638,19.90641321,36.79478078,19.90555273,-999,26.16020382,-999,-999,-999,-999,-999,-999,-999,20.54561903,4.120814059,-999,125.9336545
7002900103,1,20170408,1253,32.37864833,64.61153333,4.078,4.107,19.90501321,36.7777483,19.90425136,-999,26.14755276,-999,-999,-999,-999,-999,-999,-999,-999,-999,-999,-999
7002900104,1,20170408,1253,32.37864833,64.61153333,4.622,4.655,19.90511321,36.79501318,19.90424961,-999,26.1607275,-999,-999,-999,-999,-999,-999,-999,-999,-999,-999,-999
7002900201,2,20170408,1352,32.33688333,64.58901667,3.876,3.903,19.93921321,36.70152141,19.93848863,36.7067,26.08028559,223.6703899,2089.72,2405.29,0.039032441,-999,0.008782299,0.497663618,-999,-999,4.46,-999
7002900202,2,20170408,1352,32.33688333,64.58901667,3.282,3.306,19.93771321,36.70178476,19.9370995,-999,26.08085619,-999,-999,-999,-999,-999,-999,-999,69.34791052,8.037654704,-999,340.5016062
7002900203,2,20170408,1352,32.33688333,64.58901667,3.892,3.919,19.93201321,36.70153122,19.93128584,-999,26.08220823,-999,-999,-999,-999,-999,-999,-999,-999,-999,-999,-999
7002900204,2,20170408,1352,32.33688333,64.58901667,3.236,3.258,19.93631321,36.70163037,19.93570844,-999,26.0811083,-999,-999,-999,-999,-999,-999,-999,-999,-999,-999,-999
7002900301,3,20170408,1450,32.29993333,64.56503333,3.946,3.974,20.07831321,36.70202941,20.07757182,36.699,26.04360505,224.9324723,2091.17,2410.95,0.039032658,-999,0.008782348,0.574755896,-999,-999,4.81,-999
7002900302,3,20170408,1450,32.29993333,64.56503333,3.52,3.544,20.07301321,36.70192092,20.07235217,-999,26.04491648,-999,-999,-999,-999,-999,-999,-999,42.58622901,5.650883739,-999,209.7267602
7002900303,3,20170408,1450,32.29993333,64.56503333,3.886,3.914,20.07391321,36.70191176,20.07318313,-999,26.04468742,-999,-999,-999,-999,-999,-999,-999,-999,-999,-999,-999
7002900304,3,20170408,1450,32.29993333,64.56503333,3.556,3.581,20.06961321,36.70180058,20.06894535,-999,26.0457344,-999,-999,-999,-999,-999,-999,-999,-999,-999,-999,-999
7003000101,1,20170508,1225,32.3798,64.6152,4.942,4.977,22.20244891,36.81734748,22.20145107,36.8172,25.54530131,211.7875184,2085.24,2397.46,0.039029315,-999,0.008781596,0.761071643,-999,-999,4.01,-999
7003000102,1,20170508,1225,32.3798,64.6152,5.424,5.463,22.19884891,36.81731696,22.19775375,-999,25.54633052,-999,-999,-999,-999,-999,-999,-999,21.8298308,6.015634482,-999,216.9164691
7003000103,1,20170508,1225,32.3798,64.6152,5.404,5.442,22.20054891,36.81740539,22.1994579,-999,25.54591256,-999,-999,-999,-999,-999,-999,-999,-999,-999,-999,-999
7003000104,1,20170508,1225,32.3798,64.6152,5.133,5.169,22.19934891,36.81755789,22.19831267,-999,25.54635458,-999,-999,-999,-999,-999,-999,-999,-999,-999,-999,-999
7003000201,2,20170508,1305,32.33665,64.59688333,3.858,3.885,22.04384891,36.80538465,22.04307404,36.8098,25.5811996,219.0409659,2083.29,2408.59,0.039029524,-999,0.008781643,0.777663273,-999,-999,4.23,-999
7003000202,2,20170508,1305,32.33665,64.59688333,3.906,3.933,22.04334891,36.80982848,22.04256446,-999,25.58472117,-999,-999,-999,-999,-999,-999,-999,31.9198703,7.156134636,-999,173.9278254
7003000203,2,20170508,1305,32.33665,64.59688333,3.437,3.461,22.07324891,36.80969367,22.07255794,-999,25.57611463,-999,-999,-999,-999,-999,-999,-999,-999,-999,-999,-999
7003000204,2,20170508,1305,32.33665,64.59688333,3.415,3.439,22.07434891,36.81119781,22.0736623,-999,25.5769444,-999,-999,-999,-999,-999,-999,-999,-999,-999,-999,-999
7003000301,3,20170508,1354,32.30054167,64.57238333,5.115,5.151,22.02174891,36.77889551,22.02072237,36.7614,25.56739875,213.6838243,2083.64,2412.14,0.039030893,-999,0.008781951,0.805987948,-999,-999,3.46,-999
7003000302,3,20170508,1354,32.30054167,64.57238333,4.295,4.326,22.01244891,36.75489523,22.01158716,-999,25.55174563,-999,-999,-999,-999,-999,-999,-999,24.3648013,5.411150349,-999,49.53234752
7003000303,3,20170508,1354,32.30054167,64.57238333,4.284,4.315,22.02114891,36.79492356,22.02028894,-999,25.5797031,-999,-999,-999,-999,-999,-999,-999,-999,-999,-999,-999
7003000304,3,20170508,1354,32.30054167,64.57238333,4.047,4.075,22.02324891,36.80246092,22.02243669,-999,25.58482326,-999,-999,-999,-999,-999,-999,-999,-999,-999,-999,-999
7003000324,3,20170508,1354,32.30054167,64.57238333,4.107,4.136,22.01974891,36.79087342,22.01892467,-999,25.57701145,-999,-999,-999,-999,-999,-999,-999,-999,-999,-999,-999
7003100101,1,20170612,1517,32.36033833,64.60341167,4.623,4.656,24.62024678,36.71531957,24.61924166,36.7128,24.75644197,207.4542886,2065.98,2382.53,0.039032268,-999,0.00878226,0.761129228,-999,-999,8.56,-999
7003100102,1,20170612,1517,32.36033833,64.60341167,4.675,4.708,24.61924678,36.71581173,24.61823046,-999,24.75712138,-999,-999,-999,-999,-999,-999,-999,53.33773904,9.789158692,-999,18.63783424
7003100103,1,20170612,1517,32.36033833,64.60341167,4.589,4.621,24.69554678,36.71607397,24.694547,-999,24.734118,-999,-999,-999,-999,-999,-999,-999,-999,-999,-999,-999
7003100201,2,20170612,1628,32.33811833,64.58590667,4.043,4.072,24.96704678,36.57930086,24.96615925,36.5822,24.54777184,209.6662163,2066.37,2392.29,0.039035963,-999,0.008783092,0.662635469,-999,-999,6.72,-999
7003100202,2,20170612,1628,32.33811833,64.58590667,3.825,3.852,24.94714678,36.58734731,24.94630766,-999,24.55993324,-999,-999,-999,-999,-999,-999,-999,28.38667475,4.548896298,-999,4.255750586
7003100203,2,20170612,1628,32.33811833,64.58590667,3.868,3.895,24.93064678,36.59201838,24.92979868,-999,24.5685172,-999,-999,-999,-999,-999,-999,-999,-999,-999,-999,-999
7003100301,3,20170612,1732,32.29967667,64.56252667,3.484,3.509,24.68034678,36.51524263,24.67958854,36.5132,24.58676324,211.923794,2068.41,2379.36,0.039037915,-999,0.008783531,0.657788869,-999,-999,5.99,-999
7003100302,3,20170612,1732,32.29967667,64.56252667,3.765,3.791,24.69944678,36.51267752,24.69862715,-999,24.57903499,-999,-999,-999,-999,-999,-999,-999,35.23904666,5.388352841,-999,8.283981188
7003100303,3,20170612,1732,32.29967667,64.56252667,3.851,3.878,24.65764678,36.51714223,24.65680935,-999,24.59512146,-999,-999,-999,-999,-999,-999,-999,-999,-999,-999,-999
7003100324,3,20170612,1732,32.29967667,64.56252667,4.063,4.091,24.66274678,36.51830842,24.66186322,-999,24.59446813,-999,-999,-999,-999,-999,-999,-999,-999,-999,-999,-999
7003200101,1,20170717,1250,32.38167333,64.61175833,4.959,4.994,27.9506688,36.40418608,27.94948749,36.4541,23.46851265,197.7386802,2034.36,2342.86,0.044895525,-999,0.019519794,0.530938388,-999,-999,8.54,-999
7003200102,1,20170717,1250,32.38167333,64.61175833,4.623,4.656,27.8919688,36.51083049,27.89086876,-999,23.56800144,-999,-999,-999,-999,-999,-999,-999,51.66828047,9.645657806,-999,310.9563539
7003200103,1,20170717,1250,32.38167333,64.61175833,5.091,5.127,27.8679688,36.51795224,27.86675821,-999,23.58127253,-999,-999,-999,-999,-999,-999,-999,-999,-999,-999,-999
7003200201,2,20170717,1338,32.34090333,64.589315,5.54,5.579,28.2212688,36.62732766,28.21993878,36.6281,23.54719384,198.4970799,2051.48,2375.77,0.039034664,-999,0.017565599,0.411815707,-999,-999,6.16,-999
7003200202,2,20170717,1338,32.34090333,64.589315,5.591,5.63,28.2245688,36.6259179,28.22322651,-999,23.54504586,-999,-999,-999,-999,-999,-999,-999,-999,-999,-999,-999
7003200203,2,20170717,1338,32.34090333,64.589315,5.074,5.11,28.2194688,36.62307767,28.21825066,-999,23.5445561,-999,-999,-999,-999,-999,-999,-999,41.99306102,7.779026431,-999,108.3322678
7003200301,3,20170717,1424,32.30026333,64.57220167,4.726,4.759,27.9830688,36.5600303,27.98194155,36.5369,23.57508704,199.8155916,2049.26,2378.35,0.039037244,-999,0.01756676,0.423554103,-999,-999,5.87,-999
7003200302,3,20170717,1424,32.30026333,64.57220167,4.254,4.284,27.9876688,36.53628022,27.98665402,-999,23.5556688,-999,-999,-999,-999,-999,-999,-999,-999,-999,-999,-999
7003200303,3,20170717,1424,32.30026333,64.57220167,4.573,4.605,27.9867688,36.53637153,27.985678,-999,23.55605846,-999,-999,-999,-999,-999,-999,-999,39.71640187,6.215460529,-999,88.07727884
7003300121,1,20170814,1820,32.37828667,64.61062833,2.374,2.39,28.99502281,36.64204935,28.9944416,-999,23.29984625,-999,-999,-999,-999,-999,-999,-999,-999,-999,-999,-999
7003300122,1,20170814,1820,32.37828667,64.61062833,2.68,2.699,29.04002281,36.64499263,29.0393657,36.6435,23.28693374,193.0064604,2041.3,2355.64,0.039034229,-999,0.009758557,1.159316588,-999,-999,6.66,-999
7003300123,1,20170814,1820,32.37828667,64.61062833,2.374,2.391,29.08402281,36.64691798,29.08344004,-999,23.2735285,-999,-999,-999,-999,-999,-999,-999,79.53632738,12.55219326,-999,448
7003300124,1,20170814,1820,32.37828667,64.61062833,2.572,2.59,29.07892281,36.6469908,29.07829161,-999,23.27531869,-999,-999,-999,-999,-999,-999,-999,-999,-999,-999,-999
7003300201,2,20170814,1917,32.34183667,64.59030667,3.412,3.436,29.16692281,36.51618513,29.16608391,36.5175,23.14745993,195.8618795,2049.28,2386.9,0.039037793,-999,0.008783504,0.812962048,-999,-999,3.34,-999
7003300202,2,20170814,1917,32.34183667,64.59030667,3.618,3.643,29.17012281,36.51600765,29.1692333,-999,23.14626335,-999,-999,-999,-999,-999,-999,-999,-999,-999,-999,-999
7003300203,2,20170814,1917,32.34183667,64.59030667,3.532,3.557,29.17712281,36.51591136,29.17625414,-999,23.14382067,-999,-999,-999,-999,-999,-999,-999,35.63703058,4.340971626,-999,85
7003300204,2,20170814,1917,32.34183667,64.59030667,3.306,3.329,29.18662281,36.51582082,29.18580963,-999,23.14052604,-999,-999,-999,-999,-999,-999,-999,-999,-999,-999,-999
7003300301,3,20170814,2019,32.29998667,64.56914333,3.114,3.136,29.04512281,36.51723114,29.04435951,36.5218,23.18928222,197.0337338,2052.42,2392.2,0.039037672,-999,0.021470719,0.797344445,-999,-999,3.61,-999
7003300302,3,20170814,2019,32.29998667,64.56914333,2.928,2.949,29.06832281,36.5194766,29.0676046,-999,23.1831403,-999,-999,-999,-999,-999,-999,-999,-999,-999,-999,-999
7003300303,3,20170814,2019,32.29998667,64.56914333,3.438,3.462,29.04832281,36.51656135,29.04748009,-999,23.18772825,-999,-999,-999,-999,-999,-999,-999,26.95432677,3.196976733,-999,37
7003400501,3,20170916,1130,32.30122333,64.572545,3.706,3.732,28.29356741,36.78547295,28.2926756,36.785,23.64204217,196.2766472,2059.14,2410.32,0.039030226,-999,0.008781801,0.766943937,-999,-999,5.57,-999
7003400502,3,20170916,1130,32.30122333,64.572545,4.438,4.47,28.29146741,36.78541847,28.2903993,-999,23.64275551,-999,-999,-999,-999,-999,-999,-999,19.40236203,3.976214172,-999,57
7003400503,3,20170916,1130,32.30122333,64.572545,4.642,4.675,28.29216741,36.78525289,28.29105029,-999,23.64241508,-999,-999,-999,-999,-999,-999,-999,-999,-999,-999,-999
7003400504,3,20170916,1130,32.30122333,64.572545,4.555,4.587,28.29156741,36.78524817,28.29047133,-999,23.6426035,-999,-999,-999,-999,-999,-999,-999,-999,-999,-999,-999
7003400505,3,20170916,1130,32.30122333,64.572545,9.277,9.343,28.28836741,36.78455761,28.28613499,-999,23.64351955,-999,-999,-999,-999,-999,-999,-999,-999,-999,-999,-999
7003400506,3,20170916,1130,32.30122333,64.572545,8.597,8.657,28.28666741,36.78435651,28.284599,-999,23.64387775,-999,-999,-999,-999,-999,-999,-999,-999,-999,-999,-999
7003400507,3,20170916,1130,32.30122333,64.572545,9.477,9.544,28.28796741,36.7840476,28.28568699,-999,23.6432844,-999,-999,-999,-999,-999,-999,-999,-999,-999,-999,-999
7003400601,2,20170916,1245,32.34184,64.59389,3.968,3.996,28.06786741,36.75155252,28.0669182,36.7509,23.69118376,195.1844565,2058.73,2394.93,0.03903119,-999,0.008782018,0.84990417,-999,-999,6.12,-999
7003400602,2,20170916,1245,32.34184,64.59389,3.998,4.026,28.06886741,36.75155325,28.06791105,-999,23.69085682,-999,-999,-999,-999,-999,-999,-999,31.23251497,6.506366898,-999,193
7003400603,2,20170916,1245,32.34184,64.59389,3.676,3.702,28.06456741,36.75102155,28.06368812,-999,23.6918498,-999,-999,-999,-999,-999,-999,-999,-999,-999,-999,-999
7003400604,2,20170916,1245,32.34184,64.59389,3.413,3.437,28.06366741,36.75074719,28.06285108,-999,23.69191958,-999,-999,-999,-999,-999,-999,-999,-999,-999,-999,-999
7003400624,2,20170916,1245,32.34184,64.59389,4.07,4.099,28.06216741,36.74946753,28.06119388,-999,23.69150312,-999,-999,-999,-999,-999,-999,-999,-999,-999,-999,-999
7003400701,1,20170916,1345,32.38297,64.61484833,2.49,2.508,28.03426741,36.72002985,28.03367225,36.7174,23.67843161,186.6379287,2061.16,2383.74,0.094652935,-999,0.008782231,0.914327832,-999,-999,6.3,-999
7003400702,1,20170916,1345,32.38297,64.61484833,2.124,2.138,28.03566741,36.72003381,28.03516004,-999,23.67794444,-999,-999,-999,-999,-999,-999,-999,27.30566642,6.144996128,-999,242
7003400703,1,20170916,1345,32.38297,64.61484833,2.114,2.129,28.03496741,36.72039223,28.03446218,-999,23.67844408,-999,-999,-999,-999,-999,-999,-999,-999,-999,-999,-999
7003400704,1,20170916,1345,32.38297,64.61484833,2.215,2.23,28.03296741,36.72125086,28.03243824,-999,23.67975702,-999,-999,-999,-999,-999,-999,-999,-999,-999,-999,-999
7003500501,3,20171020,1645,32.30447,64.58069667,1.822,1.835,25.49735598,36.19017728,25.49695047,36.1905,24.09023793,204.9296914,2027.24,2369.23,0.039047048,-999,0.013666467,0.981057072,-999,-999,6.14,-999
7003500502,3,20171020,1645,32.30447,64.58069667,2.695,2.714,25.49945598,36.20048656,25.49885616,-999,24.09743268,-999,-999,-999,-999,-999,-999,-999,19.83222968,2.441190261,-999,116
7003500503,3,20171020,1645,32.30447,64.58069667,2.435,2.452,25.49725598,36.19358221,25.49671411,-999,24.09288232,-999,-999,-999,-999,-999,-999,-999,-999,-999,-999,-999
7003500601,2,20171020,1740,32.34675,64.59584333,1.649,1.66,25.72345598,36.31889452,25.72308659,36.318,24.11714952,202.7300712,2037.62,2380.25,0.039043439,-999,0.022449977,0.99853595,-999,-999,5.83,-999
7003500602,2,20171020,1740,32.34675,64.59584333,2.274,2.29,25.70645598,36.30892009,25.70594667,-999,24.11496083,-999,-999,-999,-999,-999,-999,-999,20.39800783,3.173457417,-999,109
7003500603,2,20171020,1740,32.34675,64.59584333,1.822,1.835,25.70225598,36.30522633,25.70184792,-999,24.11344939,-999,-999,-999,-999,-999,-999,-999,-999,-999,-999,-999
7003500701,1,20171020,1824,32.384735,64.61184167,2.68,2.699,26.20225598,36.4751837,26.2016469,36.4748,24.08499354,197.4117777,2045.45,2387.14,0.255705461,-999,0.021471451,0.845194385,-999,-999,4.05,-999
7003500702,1,20171020,1824,32.384735,64.61184167,2.792,2.812,26.19855598,36.47514723,26.19792146,-999,24.08614161,-999,-999,-999,-999,-999,-999,-999,14.17800088,2.626640659,-999,88
7003500703,1,20171020,1824,32.384735,64.61184167,2.577,2.595,26.19905598,36.47501632,26.19847042,-999,24.08586972,-999,-999,-999,-999,-999,-999,-999,-999,-999,-999,-999
7003600101,1,20171116,1311,32.38022333,64.61253167,0.495,0.498,24.63718875,36.49158235,24.63708129,36.5569,24.58178372,199.2256307,2052.99,2384.61,0.08685661,-999,0.008783253,1.075460496,-999,-999,3.27,-999
7003600102,1,20171116,1311,32.38022333,64.61253167,0.062,0.062,24.63848875,36.41527724,24.63847538,-999,24.52364514,-999,-999,-999,-999,-999,-999,-999,23.30621602,4.089323497,-999,108
7003600103,1,20171116,1311,32.38022333,64.61253167,0.606,0.61,24.63848875,36.36500516,24.63835718,-999,24.48565704,-999,-999,-999,-999,-999,-999,-999,-999,-999,-999,-999
7003600201,2,20171116,1412,32.34502667,64.59104667,2.955,2.976,24.77918875,36.48278162,24.7785439,36.5277,24.5321026,203.362026,2052.39,2391.19,0.039037505,-999,0.012687189,1.082314821,-999,-999,5.02,-999
7003600202,2,20171116,1412,32.34502667,64.59104667,2.396,2.413,24.77988875,36.44621924,24.77936596,-999,24.50420386,-999,-999,-999,-999,-999,-999,-999,25.3462949,4.821359139,-999,244
7003600203,2,20171116,1412,32.34502667,64.59104667,2.768,2.788,24.78158875,36.44897006,24.78098468,-999,24.50579072,-999,-999,-999,-999,-999,-999,-999,-999,-999,-999,-999
7003600301,3,20171116,1744,32.310875,64.56650167,3.004,3.025,24.78378875,36.53671432,24.78313306,36.5357,24.57148737,204.5175863,2050.57,2388.88,0.039037278,-999,0.015614911,0.974956029,-999,-999,5.27,-999
7003600302,3,20171116,1744,32.310875,64.56650167,2.827,2.847,24.78548875,36.53696043,24.78487161,-999,24.57114368,-999,-999,-999,-999,-999,-999,-999,27.6575936,5.796969159,-999,234
7003600303,3,20171116,1744,32.310875,64.56650167,3.014,3.035,24.78508875,36.53717042,24.78443086,-999,24.57143673,-999,-999,-999,-999,-999,-999,-999,-999,-999,-999,-999
7003700101,1,20171211,1330,32.38087833,64.61769833,3.689,3.715,23.0686704,36.65641172,23.06790542,36.6556,25.17351891,207.8774879,2062.79,2393.15,0.039033886,-999,0.008782624,0.557208726,-999,-999,5.51,-999
7003700102,1,20171211,1330,32.38087833,64.61769833,3.615,3.641,23.0740704,36.65645169,23.07332054,-999,25.17197095,-999,-999,-999,-999,-999,-999,-999,21.58282837,4.671565652,-999,114
7003700103,1,20171211,1330,32.38087833,64.61769833,3.459,3.483,23.0834704,36.65589589,23.08275287,-999,25.16879971,-999,-999,-999,-999,-999,-999,-999,-999,-999,-999,-999
7003700201,2,20171211,1426,32.33898167,64.59332167,4.408,4.44,23.2694704,36.65016075,23.26855043,36.6509,25.11014069,208.9852195,2059.85,2397.47,0.039034019,-999,0.015613608,0.567944979,-999,-999,5.46,-999
7003700202,2,20171211,1426,32.33898167,64.59332167,4.819,4.853,23.2645704,36.65055014,23.263565,-999,25.11189655,-999,-999,-999,-999,-999,-999,-999,19.3601735,3.628203799,-999,49
7003700203,2,20171211,1426,32.33898167,64.59332167,4.304,4.335,23.2620704,36.65066973,23.26117239,-999,25.11268845,-999,-999,-999,-999,-999,-999,-999,-999,-999,-999,-999
7003700301,3,20171211,1520,32.30156833,64.57327,3.527,3.552,23.3770704,36.6502259,23.37633198,36.6515,25.07855944,208.8604578,2062.17,2397.08,0.039034002,-999,0.009758501,0.564041332,-999,-999,4.75,-999
7003700302,3,20171211,1520,32.30156833,64.57327,3.976,4.004,23.3774704,36.65006142,23.376638,-999,25.07834461,-999,-999,-999,-999,-999,-999,-999,22.24774645,5.461963179,-999,103
7003700303,3,20171211,1520,32.30156833,64.57327,3.568,3.593,23.3736704,36.65035423,23.37292354,-999,25.07965836,-999,-999,-999,-999,-999,-999,-999,-999,-999,-999,-999
7003800501,3,20180118,1623,32.29792333,64.57238667,4.1,4.129,21.30314824,36.65694422,21.3023451,36.6567,25.67593906,214.0985171,2072.45,2396.89,0.039033855,-999,0.034154623,0.870454969,-999,-999,4.99,-999
7003800502,3,20180118,1623,32.29792333,64.57238667,3.975,4.003,21.30324824,36.65692025,21.30246961,-999,25.67588637,-999,-999,-999,-999,-999,-999,-999,29.5811015,5.459926447,-999,126
7003800503,3,20180118,1623,32.29792333,64.57238667,3.806,3.832,21.30344824,36.65688317,21.30270287,-999,25.67579358,-999,-999,-999,-999,-999,-999,-999,-999,-999,-999,-999
7003800601,2,20180118,1725,32.33992833,64.58978,3.844,3.871,21.29574824,36.66625041,21.29499544,36.6655,25.68505939,217.6240573,2073.59,2401.42,0.039033606,-999,0.010734242,0.844101733,-999,-999,5.14,-999
7003800602,2,20180118,1725,32.33992833,64.58978,4.111,4.14,21.29574824,36.66608056,21.29494312,-999,25.68494451,-999,-999,-999,-999,-999,-999,-999,30.3023342,5.576877465,-999,150
7003800603,2,20180118,1725,32.33992833,64.58978,3.85,3.877,21.29054824,36.66657194,21.2897944,-999,25.68674528,-999,-999,-999,-999,-999,-999,-999,-999,-999,-999,-999
7003800701,1,20180118,1810,32.37839667,64.613865,3.889,3.917,21.22474824,36.67639094,21.22398826,36.6751,25.71243559,213.660134,2075.57,2382.97,0.237127508,-999,0.0146375,0.761150024,-999,-999,3.18,-999
7003800702,1,20180118,1810,32.37839667,64.613865,3.769,3.796,21.22494824,36.67660147,21.22421173,-999,25.71253408,-999,-999,-999,-999,-999,-999,-999,30.21384076,5.030765354,-999,271
7003800703,1,20180118,1810,32.37839667,64.613865,4.08,4.109,21.22384824,36.67652188,21.22305103,-999,25.71279435,-999,-999,-999,-999,-999,-999,-999,-999,-999,-999,-999
7003900501,3,20180213,1730,32.29726833,64.56131333,5.332,5.37,20.96369127,36.75097859,20.96265809,-999,25.84122047,-999,-999,-999,-999,-999,-999,-999,-999,-999,-999,-999
7003900502,3,20180213,1730,32.29726833,64.56131333,5.134,5.17,20.91789127,36.75122489,20.91689811,36.7496,25.85396116,221.8984484,2082.95,2409.88,0.039031227,-999,0.008782026,0.79135813,-999,-999,3.71,-999
7003900503,3,20180213,1730,32.29726833,64.56131333,5.178,5.215,20.91679127,36.75235324,20.9157895,-999,25.85512435,-999,-999,-999,-999,-999,-999,-999,26.96041416,6.033440479,-999,-999
7003900601,2,20180213,1830,32.34341,64.59716833,4.227,4.257,21.04619127,36.74379634,21.04536999,-999,25.81302031,-999,-999,-999,-999,-999,-999,-999,-999,-999,-999,-999
7003900602,2,20180213,1830,32.34341,64.59716833,3.944,3.971,21.05039127,36.74346514,21.04962506,36.7421,25.81159728,221.2961494,2077.71,2402.68,0.039031439,-999,0.008782074,0.724033199,-999,-999,3.32,-999
7003900603,2,20180213,1830,32.34341,64.59716833,4.125,4.154,21.03949127,36.74371707,21.03869004,-999,25.81479803,-999,-999,-999,-999,-999,-999,-999,27.11732424,4.698256752,-999,187
7003900701,1,20180213,1905,32.38369833,64.61506833,3.518,3.543,21.08289127,36.80491509,21.08220669,36.8027,25.84941143,223.3383112,2074.83,2399.1,0.044884184,-999,0.008781688,0.662529585,-999,-999,2.27,-999
7003900702,1,20180213,1905,32.38369833,64.61506833,3.276,3.3,21.08629127,36.80481663,21.08565357,-999,25.84838665,-999,-999,-999,-999,-999,-999,-999,17.73970956,1.764223863,-999,26
7003900703,1,20180213,1905,32.38369833,64.61506833,3.488,3.513,21.09549127,36.80507926,21.0948122,-999,25.84606201,-999,-999,-999,-999,-999,-999,-999,-999,-999,-999,-999
7004000501,3,20180316,600,32.30237333,64.55898667,2,2,20.1,-999,-999,36.7187,-999,220.8951095,2090.35,2404.43,0.139539762,-999,0.01561284,0.855778819,41.69982067,6.384614899,4.06,138
7004000601,2,20180316,646,32.343,64.59151667,2,2,20.2,-999,-999,36.7365,-999,222.1166978,2090.02,2405.53,0.069281086,-999,0.008782109,0.815760392,35.92002222,5.770597871,3.93,134
7004000701,1,20180316,725,32.38374,64.609425,2,2,18.8,-999,-999,36.5872,-999,228.3717539,2082.97,2385.99,0.039035821,-999,0.00878306,0.672392023,33.25064237,5.272156367,5.24,86
7004100501,3,20180417,1718,32.296935,64.56062333,4.28,4.31,20.87680908,36.7629003,20.87598224,36.762,25.87406333,224.514786,2090.59,2405.5,0.039030876,-999,0.008781947,0.780617528,-999,-999,6.75,-999
7004100502,3,20180417,1718,32.296935,64.56062333,4.603,4.636,20.87620908,36.76308024,20.87531972,-999,25.87438164,-999,-999,-999,-999,-999,-999,-999,37.61848296,5.582851783,-999,84
7004100503,3,20180417,1718,32.296935,64.56062333,4.879,4.913,20.87380908,36.76259551,20.87286665,-999,25.87468398,-999,-999,-999,-999,-999,-999,-999,-999,-999,-999,-999
7004100601,2,20180417,1826,32.33474333,64.58523,4.459,4.49,20.63500908,36.73148492,20.63415493,36.7306,25.91610107,224.751224,2090.08,2405.92,0.039031765,-999,0.008782147,0.821618645,-999,-999,7.89,-999
7004100602,2,20180417,1826,32.33474333,64.58523,4.809,4.843,20.63450908,36.73344284,20.63358778,-999,25.91774693,-999,-999,-999,-999,-999,-999,-999,35.72715335,2.82543618,-999,85
7004100603,2,20180417,1826,32.33474333,64.58523,5.136,5.173,20.63430908,36.72638585,20.63332504,-999,25.91244093,-999,-999,-999,-999,-999,-999,-999,-999,-999,-999,-999
7004100701,1,20180417,1947,32.37775,64.61395833,3.878,3.906,20.72270908,36.69987725,20.72196392,-999,25.86812714,223.9036443,2087.18,2394.36,0.039032634,-999,0.008782343,0.767967067,-999,-999,6.11,-999
7004100702,1,20180417,1947,32.37775,64.61395833,4.056,4.084,20.71510908,36.69975565,20.71433016,-999,25.87011398,-999,-999,-999,-999,-999,-999,-999,30.22371627,2.698894071,-999,129
7004100703,1,20180417,1947,32.37775,64.61395833,3.995,4.023,20.71540908,36.7004625,20.71464179,-999,25.87056764,-999,-999,-999,-999,-999,-999,-999,-999,-999,-999,-999
7004200101,1,20180522,1336,32.38320833,64.61171667,3.456,3.48,24.97487453,36.81927433,24.97411515,36.8197,24.72676382,212.1532099,2057.89,2352.27,0.039029244,-999,0.00878158,0.767900382,-999,-999,6.27,-999
7004200102,1,20180522,1336,32.38320833,64.61171667,3.251,3.274,24.97517453,36.81855153,24.9744601,-999,24.72611167,-999,-999,-999,-999,-999,-999,-999,44.07582362,9.5256873,-999,136
7004200103,1,20180522,1336,32.38320833,64.61171667,3.386,3.41,24.98577453,36.81926463,24.98503019,-999,24.72340937,-999,-999,-999,-999,-999,-999,-999,-999,-999,-999,-999
7004200201,2,20180522,1431,32.33862667,64.58743,4.715,4.748,24.64107453,36.74129757,24.64004881,36.7437,24.7697712,213.0179071,2079.68,2394.19,0.039031394,-999,0.009757849,0.736717562,-999,-999,5.33,-999
7004200202,2,20180522,1431,32.33862667,64.58743,4.999,5.034,24.55737453,36.74130615,24.5562897,-999,24.79520688,-999,-999,-999,-999,-999,-999,-999,40.26752773,5.709283501,-999,57
7004200203,2,20180522,1431,32.33862667,64.58743,5.072,5.108,24.66927453,36.74140682,24.66817012,-999,24.76130381,-999,-999,-999,-999,-999,-999,-999,-999,-999,-999,-999
7004200301,3,20180522,1538,32.29815667,64.56478167,4.385,4.416,24.67877453,36.73545927,24.6778195,36.7372,24.75386869,213.0750422,2079.08,2396.05,0.039031578,-999,0.011709473,0.897726292,-999,-999,5.79,-999
7004200302,3,20180522,1538,32.29815667,64.56478167,4.312,4.343,24.67407453,36.73541647,24.67313542,-999,24.75526121,-999,-999,-999,-999,-999,-999,-999,36.96030165,5.650914881,-999,42
7004200303,3,20180522,1538,32.29815667,64.56478167,4.115,4.144,24.66647453,36.73504938,24.66557866,-999,24.75728198,-999,-999,-999,-999,-999,-999,-999,-999,-999,-999,-999
7004300101,1,20180611,1150,32.37995167,64.61133,3.207,3.23,26.1613258,36.62817627,26.16059731,36.6283,24.21337527,202.9218783,2050.45,2351.24,-999,-999,-999,-999,-999,-999,5.47,-999
7004300102,1,20180611,1150,32.37995167,64.61133,3.63,3.655,26.1612258,36.62900374,26.16040146,-999,24.21406121,-999,-999,-999,-999,-999,-999,-999,61.61270529,12.75217007,-999,246
7004300103,1,20180611,1150,32.37995167,64.61133,3.54,3.565,26.1563258,36.62609665,26.15552187,-999,24.21340695,-999,-999,-999,-999,-999,-999,-999,-999,-999,-999,-999
7004300201,2,20180611,1245,32.33711167,64.59191167,3.811,3.838,25.7027258,36.63974447,25.70187123,36.6389,24.36601723,205.5174248,2065.94,2370.31,-999,-999,-999,-999,-999,-999,7.55,-999
7004300202,2,20180611,1245,32.33711167,64.59191167,3.153,3.176,25.7077258,36.64015719,25.70701853,-999,24.36472321,-999,-999,-999,-999,-999,-999,-999,43.6900733,9.187119324,-999,193
7004300203,2,20180611,1245,32.33711167,64.59191167,3.542,3.567,25.7082258,36.63995195,25.70743144,-999,24.36443922,-999,-999,-999,-999,-999,-999,-999,-999,-999,-999,-999
7004300301,3,20180611,1355,32.29117833,64.56774833,3.601,3.626,25.7855258,36.63173303,25.78471656,36.63,24.33409503,206.2723595,2056.92,2376.42,-999,-999,-999,-999,-999,-999,6.03,-999
7004300302,3,20180611,1355,32.29117833,64.56774833,3.757,3.784,25.7872258,36.63178875,25.78638126,-999,24.33361662,-999,-999,-999,-999,-999,-999,-999,50.61342614,7.898584442,-999,19
7004300303,3,20180611,1355,32.29117833,64.56774833,3.259,3.282,25.7887258,36.63217578,25.78799327,-999,24.33340511,-999,-999,-999,-999,-999,-999,-999,-999,-999,-999,-999
7004400101,1,20180719,1540,32.38223333,64.61225167,3.533,3.558,27.0830239,36.53998513,27.08220113,36.54,23.85299916,201.1779677,2053.19,2367,-999,-999,-999,-999,-999,-999,6.44,-999
7004400102,1,20180719,1540,32.38223333,64.61225167,3.203,3.225,27.0906239,36.54081161,27.08987798,-999,23.85114756,-999,-999,-999,-999,-999,-999,-999,55.0665927,9.864714195,-999,233
7004400103,1,20180719,1540,32.38223333,64.61225167,3.133,3.156,27.0973239,36.54134321,27.09659381,-999,23.84938307,-999,-999,-999,-999,-999,-999,-999,-999,-999,-999,-999
7004400201,2,20180719,1638,32.33984833,64.587215,4.697,4.73,26.9681239,36.54243132,26.96703349,36.5445,23.8919084,202.0936432,2061.51,2380.62,-999,-999,-999,-999,-999,-999,4.99,-999
7004400202,2,20180719,1638,32.33984833,64.587215,4.515,4.547,26.9646239,36.54211647,26.96357578,-999,23.89278261,-999,-999,-999,-999,-999,-999,-999,38.02194399,6.543720132,-999,116
7004400203,2,20180719,1638,32.33984833,64.587215,4.686,4.72,26.9618239,36.5420154,26.96073598,-999,23.89361907,-999,-999,-999,-999,-999,-999,-999,-999,-999,-999,-999
7004400301,3,20180719,1744,32.29884667,64.56877833,5.037,5.072,27.0051239,36.55383635,27.00395343,36.5544,23.88862805,202.7090567,2064.89,2391.68,-999,-999,-999,-999,-999,-999,4.87,-999
7004400302,3,20180719,1744,32.29884667,64.56877833,4.804,4.838,27.0108239,36.55327455,27.00970726,-999,23.88635359,-999,-999,-999,-999,-999,-999,-999,30.00352732,4.150878617,-999,29
7004400303,3,20180719,1744,32.29884667,64.56877833,4.656,4.689,27.0098239,36.55331839,27.00874168,-999,23.88669737,-999,-999,-999,-999,-999,-999,-999,-999,-999,-999,-999
7004500101,1,20180812,1330,32.386595,64.61051833,2.511,2.528,28.2233227,36.60563401,28.22272005,36.614,23.52996115,190.6865956,2072.51,2372.15,0.312280505,0.039035063,0.009758766,1.06370547,-999,-999,9,-999
7004500102,1,20180812,1330,32.386595,64.61051833,2.45,2.468,28.2255227,36.60476849,28.22493432,-999,23.5285777,-999,-999,-999,-999,-999,-999,-999,-999,-999,-999,-999
7004500103,1,20180812,1330,32.386595,64.61051833,2.519,2.537,28.2264227,36.60416143,28.22581786,-999,23.52782882,-999,-999,-999,-999,-999,-999,-999,47.43374372,8.746024027,-999,273
7004500201,2,20180812,1425,32.33989667,64.59458667,3.026,3.047,28.1465227,36.61044324,28.14579777,36.6189,23.55900201,194.9862039,2049.17,2371.23,0.165898429,0.029276193,0,0.975873112,-999,-999,8.03,-999
7004500202,2,20180812,1425,32.33989667,64.59458667,3.414,3.438,28.1391227,36.61028016,28.1383049,-999,23.56135351,-999,-999,-999,-999,-999,-999,-999,45.39027968,-999,-999,175
7004500203,2,20180812,1425,32.33989667,64.59458667,3.136,3.159,28.1453227,36.60988252,28.14457114,-999,23.55898528,-999,-999,-999,-999,-999,-999,-999,-999,-999,-999,-999
7004500301,3,20180812,1525,32.295255,64.58191667,2.929,2.949,27.9835227,36.5926199,27.9828241,-999,23.59931615,199.4699333,2072.82,2404.92,0,0,0,0.839266862,-999,-999,7.33,-999
7004500302,3,20180812,1525,32.295255,64.58191667,3.161,3.184,27.9919227,36.59243257,27.99116827,-999,23.59642933,-999,-999,-999,-999,-999,-999,-999,-999,-999,-999,-999
7004500303,3,20180812,1525,32.295255,64.58191667,3.155,3.177,27.9681227,36.59197061,27.9673704,-999,23.60391148,-999,-999,-999,-999,-999,-999,-999,23.98929447,3.615494482,-999,21
7004600101,1,20180910,1328,32.38374333,64.60900667,3.171,3.193,28.06472125,36.30386721,28.06396395,36.3017,23.35539372,187.9221873,2047.24,2380.62,0.0780878,0.01952195,0,0.94681458,-999,-999,7.28,-999
7004600102,1,20180910,1328,32.38374333,64.60900667,3.313,3.336,28.07222125,36.30392416,28.07142988,-999,23.35297776,-999,-999,-999,-999,-999,-999,-999,-999,-999,-999,-999
7004600103,1,20180910,1328,32.38374333,64.60900667,3.278,3.301,28.06872125,36.304111,28.06793826,-999,23.35426824,-999,-999,-999,-999,-999,-999,-999,47.97487955,30.46815394,-999,142
7004600201,2,20180910,1423,32.34277833,64.59353667,3.564,3.59,28.46532125,36.34400978,28.46446077,36.3461,23.25309545,197.5368511,2039.68,2385.27,0,0.009760661,0,0.888220143,-999,-999,4.73,-999
7004600202,2,20180910,1423,32.34277833,64.59353667,3.793,3.82,28.41472125,36.34355124,28.41380683,-999,23.26957271,-999,-999,-999,-999,-999,-999,-999,-999,-999,-999,-999
7004600203,2,20180910,1423,32.34277833,64.59353667,3.764,3.791,28.40132125,36.34220075,28.40041409,-999,23.27300201,-999,-999,-999,-999,-999,-999,-999,27.99646145,5.063605807,-999,38
7004600301,3,20180910,1532,32.29917333,64.57093667,3.846,3.873,28.85522125,36.53695925,28.85428303,36.5413,23.26797179,197.7097163,2051.38,2397.75,0,0,0,0.85881664,-999,-999,4.81,-999
7004600302,3,20180910,1532,32.29917333,64.57093667,3.857,3.884,28.83962125,36.53798203,28.83868074,-999,23.2739715,-999,-999,-999,-999,-999,-999,-999,-999,-999,-999,-999
7004600303,3,20180910,1532,32.29917333,64.57093667,3.973,4.001,28.80742125,36.53757202,28.8064532,-999,23.28446327,-999,-999,-999,-999,-999,-999,-999,31.81700662,5.249072981,-999,17
7004700101,1,20181017,1303,32.38066833,64.60797667,1.915,1.929,26.0974212,36.66387926,26.09698686,36.6602,24.26036881,191.9613611,2060.46,2379.69,0.380579122,0.039033756,0.009758439,0.956327024,-999,-999,7.41,-999
7004700102,1,20181017,1303,32.38066833,64.60797667,1.879,1.892,26.0973212,36.66393466,26.09689519,-999,24.26043952,-999,-999,-999,-999,-999,-999,-999,-999,-999,-999,-999
7004700103,1,20181017,1303,32.38066833,64.60797667,1.888,1.901,26.0972212,36.66398983,26.09679317,-999,24.26051329,-999,-999,-999,-999,-999,-999,-999,29.2621646,6.200024866,-999,264
7004700201,2,20181017,1353,32.34050167,64.59006333,1.261,1.27,26.4225212,36.65881484,26.42223266,36.6589,24.15368876,201.7589893,2057.16,2397.27,0.009758448,0,0,0.888018788,-999,-999,5.81,-999
7004700202,2,20181017,1353,32.34050167,64.59006333,1.113,1.12,26.4177212,36.65858955,26.41746677,-999,24.15503186,-999,-999,-999,-999,-999,-999,-999,-999,-999,-999,-999
7004700203,2,20181017,1353,32.34050167,64.59006333,1.399,1.409,26.4147212,36.65786619,26.41440115,-999,24.15545927,-999,-999,-999,-999,-999,-999,-999,29.3524049,5.097124205,-999,104
7004700301,3,20181017,1452,32.298455,64.571045,1.436,1.447,26.5730212,36.65404189,26.57269108,36.6555,24.10223607,202.0711711,2054.67,2401.75,0.009758472,0,0,0.848987087,-999,-999,5.96,-999
7004700302,3,20181017,1452,32.298455,64.571045,1.133,1.141,26.5748212,36.65344909,26.57456088,-999,24.10119347,-999,-999,-999,-999,-999,-999,-999,-999,-999,-999,-999
7004700303,3,20181017,1452,32.298455,64.571045,0.961,0.968,26.5728212,36.65260487,26.57260036,-999,24.10118162,-999,-999,-999,-999,-999,-999,-999,25.12537226,3.368928655,-999,54
7004800101,1,20181105,1300,32.38543667,64.61094167,2.686,2.705,24.61421012,36.86366803,24.61362595,36.8621,24.87037749,201.0705654,2076.7,2407.35,0.146355169,0.019514023,0.009757011,0.809831936,-999,-999,5.85,-999
7004800102,1,20181105,1300,32.38543667,64.61094167,2.513,2.531,24.60831012,36.86186526,24.60776362,-999,24.87079498,-999,-999,-999,-999,-999,-999,-999,-999,-999,-999,-999
7004800103,1,20181105,1300,32.38543667,64.61094167,2.536,2.554,24.60811012,36.86159962,24.60755866,-999,24.87065628,-999,-999,-999,-999,-999,-999,-999,21.56623252,4.654793173,-999,166
7004800201,2,20181105,1405,32.34133333,64.59380833,2.41,2.427,24.74871012,36.89224033,24.74818385,36.8915,24.85102808,206.1275256,2072.82,2413.15,0.019513607,0,0,0.800057879,-999,-999,5.81,-999
7004800202,2,20181105,1405,32.34133333,64.59380833,2.316,2.333,24.74711012,36.89194588,24.74660426,-999,24.85128711,-999,-999,-999,-999,-999,-999,-999,-999,-999,-999,-999
7004800203,2,20181105,1405,32.34133333,64.59380833,2.982,3.003,24.74561012,36.8915009,24.74495901,-999,24.85145193,-999,-999,-999,-999,-999,-999,-999,25.07959498,4.781712662,-999,154
7004800301,3,20181105,1510,32.29959833,64.57246333,2.104,2.119,24.38491012,36.7447493,24.38445581,36.7477,24.84981051,208.2168881,2070.66,2407.53,0.00975782,0,0.00975782,0.809899078,-999,-999,5.51,-999
7004800302,3,20181105,1510,32.29959833,64.57246333,2.705,2.724,24.38621012,36.74497551,24.38562607,-999,24.84962808,-999,-999,-999,-999,-999,-999,-999,-999,-999,-999,-999
7004800303,3,20181105,1510,32.29959833,64.57246333,2.616,2.635,24.38131012,36.74356757,24.38074523,-999,24.85003627,-999,-999,-999,-999,-999,-999,-999,19.1271709,3.425324993,-999,92
7004900101,1,20181213,1543,32.38292333,64.61335167,2.663,2.682,22.13003384,36.82416374,22.12949738,36.8249,25.57094699,213.2402094,2078.1,2408.35,0.06830092,0.009757274,0.009757274,0.800096494,-999,-999,5.49,-999
7004900102,1,20181213,1543,32.38292333,64.61335167,2.58,2.598,22.12343384,36.82504369,22.12291429,-999,25.57348602,-999,-999,-999,-999,-999,-999,-999,-999,-999,-999,-999
7004900103,1,20181213,1543,32.38292333,64.61335167,2.652,2.671,22.12243384,36.82483938,22.12189971,-999,25.57361896,-999,-999,-999,-999,-999,-999,-999,30.64684678,4.961591925,-999,174
7004900124,1,20181213,1543,32.38292333,64.61335167,2.364,2.381,22.12653384,36.8245418,22.12605764,-999,25.57221172,-999,-999,-999,-999,-999,-999,-999,-999,-999,-999,-999
7004900201,2,20181213,1639,32.33835,64.585685,2.391,2.408,22.27453384,36.81726426,22.27404996,36.8174,25.52454656,213.8858774,2077.31,2408.46,0.009757327,0,0,0.77082886,-999,-999,3.99,-999
7004900202,2,20181213,1639,32.33835,64.585685,2.46,2.477,22.27393384,36.81726759,22.2734361,-999,25.52472419,-999,-999,-999,-999,-999,-999,-999,-999,-999,-999,-999
7004900203,2,20181213,1639,32.33835,64.585685,2.104,2.119,22.27643384,36.81708019,22.27600801,-999,25.52384822,-999,-999,-999,-999,-999,-999,-999,22.3427235,3.548320835,-999,166
7004900301,3,20181213,1750,32.30148667,64.58527667,2.577,2.596,22.29273384,36.81517351,22.29221188,36.816,25.51777417,213.848622,2077.21,2410.54,0,0.009757337,0,0.770829642,-999,-999,4.27,-999
7004900302,3,20181213,1750,32.30148667,64.58527667,2.414,2.431,22.29603384,36.8157611,22.295545,-999,25.51726912,-999,-999,-999,-999,-999,-999,-999,-999,-999,-999,-999
7004900303,3,20181213,1750,32.30148667,64.58527667,2.578,2.596,22.29543384,36.81539115,22.29491183,-999,25.51716878,-999,-999,-999,-999,-999,-999,-999,24.2729921,3.109672482,-999,157
7005000101,1,20190110,1342,32.38161333,64.611915,3.678,3.704,21.22847808,36.67257569,21.22775935,36.6717,25.70848901,213.5022595,2085.75,2403.49,0.165892081,0.058550146,0.009758358,0.7611519,-999,-999,5.31,-999
7005000102,1,20190110,1342,32.38161333,64.611915,3.465,3.49,21.22667808,36.67299015,21.22600092,-999,25.70929088,-999,-999,-999,-999,-999,-999,-999,32.70878459,7.278362254,-999,168
7005000103,1,20190110,1342,32.38161333,64.611915,3.59,3.616,21.23017808,36.67311385,21.22947639,-999,25.70842373,-999,-999,-999,-999,-999,-999,-999,-999,-999,-999,-999
7005000201,2,20190110,1441,32.335925,64.58755833,2.909,2.93,21.53087808,36.75455899,21.53030356,36.7539,25.68679737,216.3045876,2083.8,2407.6,0.039031106,0.039031106,0,0.751348781,-999,-999,6.46,-999
7005000202,2,20190110,1441,32.335925,64.58755833,2.994,3.015,21.52997808,36.7543461,21.52938691,-999,25.6868913,-999,-999,-999,-999,-999,-999,-999,25.36241499,5.329712255,-999,250
7005000203,2,20190110,1441,32.335925,64.58755833,3.058,3.079,21.52677808,36.75411658,21.52617443,-999,25.68761345,-999,-999,-999,-999,-999,-999,-999,-999,-999,-999,-999
7005000301,3,20190110,1535,32.29295,64.57719833,3.138,3.161,21.52567808,36.74845421,21.52505839,36.748,25.68361616,215.6901615,2084.4,2403.43,0.04878909,0.039031272,0.009757818,0.751351994,-999,-999,6.56,-999
7005000302,3,20190110,1535,32.29295,64.57719833,3.135,3.157,21.51717808,36.74711711,21.51655935,-999,25.68497102,-999,-999,-999,-999,-999,-999,-999,29.006567,5.709723972,-999,230
7005000303,3,20190110,1535,32.29295,64.57719833,3.229,3.252,21.51787808,36.74726021,21.51724072,-999,25.68488969,-999,-999,-999,-999,-999,-999,-999,-999,-999,-999,-999
7005100121,1,20190216,1438,32.38349,64.60656333,3.876,3.903,20.02271799,36.64686769,20.02199148,-999,26.01635862,-999,-999,-999,-999,-999,-999,-999,-999,-999,-999,-999
7005100122,1,20190216,1438,32.38349,64.60656333,3.519,3.544,20.02321799,36.6468873,20.0225583,-999,26.01622266,-999,-999,-999,-999,-999,-999,-999,-999,-999,-999,-999
7005100123,1,20190216,1438,32.38349,64.60656333,3.614,3.64,20.02521799,36.64679774,20.02454038,-999,26.01562597,-999,-999,-999,-999,-999,-999,-999,22.1195863,6.5579214,-999,301
7005100124,1,20190216,1438,32.38349,64.60656333,3.472,3.497,20.02431799,36.6468939,20.02366702,36.6482,26.01593218,218.5277017,2088.65,2382.88,0.292755717,0.039034096,0.009758524,0.819716007,-999,-999,3.91,-999
7005100201,2,20190216,1548,32.34362667,64.59009167,4.638,4.67,20.16721799,36.66127963,20.16634421,36.663,25.98878497,223.6362265,2089.4,2396.06,0.214685223,0.058550515,0.009758419,0.839224053,-999,-999,4.51,-999
7005100202,2,20190216,1548,32.34362667,64.59009167,4.242,4.272,20.16241799,36.66095231,20.16161882,-999,25.98980075,-999,-999,-999,-999,-999,-999,-999,25.28700714,6.616523254,-999,291
7005100203,2,20190216,1548,32.34362667,64.59009167,4.325,4.356,20.16111799,36.66096742,20.16030314,-999,25.99016447,-999,-999,-999,-999,-999,-999,-999,-999,-999,-999,-999
7005100204,2,20190216,1548,32.34362667,64.59009167,4.601,4.633,20.15951799,36.66094983,20.15865137,-999,25.99059313,-999,-999,-999,-999,-999,-999,-999,-999,-999,-999,-999
7005100301,3,20190216,1704,32.30533833,64.57018,5.151,5.188,20.28201799,36.66161178,20.28104337,36.6617,25.95826855,223.2878957,2090.86,2400.22,0.136617998,0.068308999,0.009758428,0.829466415,-999,-999,7.6,-999
7005100302,3,20190216,1704,32.30533833,64.57018,4.998,5.033,20.27951799,36.66157804,20.27857258,-999,25.95890685,-999,-999,-999,-999,-999,-999,-999,25.3558789,6.363331639,-999,256
7005100303,3,20190216,1704,32.30533833,64.57018,5.144,5.18,20.27531799,36.66222944,20.2743451,-999,25.96053934,-999,-999,-999,-999,-999,-999,-999,-999,-999,-999,-999
7005100304,3,20190216,1704,32.30533833,64.57018,5.284,5.321,20.27901799,36.66165151,20.27801849,-999,25.95911162,-999,-999,-999,-999,-999,-999,-999,-999,-999,-999,-999
7005200101,1,20190310,1325,32.38416833,64.61390167,4.453,4.484,19.52002659,36.6765463,19.51920661,36.6768,26.17197305,226.5030395,2077.72,2374.13,0.156133146,0.029274965,0.009758322,0.585499297,-999,-999,4.86,-999
7005200102,1,20190310,1325,32.38416833,64.61390167,4.571,4.604,19.51992659,36.67660555,19.51908466,-999,26.17205023,-999,-999,-999,-999,-999,-999,-999,-999,-999,-999,-999
7005200103,1,20190310,1325,32.38416833,64.61390167,4.599,4.632,19.51832659,36.67670176,19.51747959,-999,26.17254478,-999,-999,-999,-999,-999,-999,-999,27.51404779,6.486497638,-999,263
7005200201,2,20190310,1429,32.332895,64.60347667,3.329,3.353,19.91072659,36.70397073,19.91010474,36.7033,26.08969928,224.6879881,2089.78,2393.74,0.107339476,0.039032537,0.009758134,0.692827529,-999,-999,5.05,-999
7005200202,2,20190310,1429,32.332895,64.60347667,3.37,3.394,19.90912659,36.70398279,19.90849717,-999,26.09013556,-999,-999,-999,-999,-999,-999,-999,33.95397422,7.684935646,-999,328
7005200203,2,20190310,1429,32.332895,64.60347667,3.469,3.493,19.90902659,36.7040663,19.90837881,-999,26.09023069,-999,-999,-999,-999,-999,-999,-999,-999,-999,-999,-999
7005200301,3,20190310,1528,32.30480167,64.57093333,3.858,3.885,20.03602659,36.70817381,20.03530285,36.7079,26.05957452,225.9238445,2088.25,2391.9,0.039032407,0.019516203,0.009758102,0.448872677,-999,-999,4.45,-999
7005200302,3,20190310,1528,32.30480167,64.57093333,3.824,3.851,20.03142659,36.7074288,20.03070931,-999,26.06023141,-999,-999,-999,-999,-999,-999,-999,-999,-999,-999,-999
7005200303,3,20190310,1528,32.30480167,64.57093333,3.7,3.726,20.03662659,36.70775011,20.03593246,-999,26.05908342,-999,-999,-999,-999,-999,-999,-999,35.60091977,7.178625956,-999,276
7005300101,1,20190407,1402,32.37826833,64.60639,3.362,3.386,21.45021554,36.83853708,21.44955311,36.8373,25.77320631,220.0848917,2088.05,2404.17,0,0,0.009757187,0.819603677,-999,-999,3.86,-999
7005300102,1,20190407,1402,32.37826833,64.60639,3.078,3.099,21.45311554,36.83854746,21.4525092,-999,25.77239064,-999,-999,-999,-999,-999,-999,-999,-999,-999,-999,-999
7005300103,1,20190407,1402,32.37826833,64.60639,3.187,3.209,21.43871554,36.83726143,21.43808798,-999,25.77542988,-999,-999,-999,-999,-999,-999,-999,20.21746911,3.655521174,-999,73
7005300104,1,20190407,1402,32.37826833,64.60639,3.418,3.442,21.43321554,36.83710599,21.43254253,-999,25.776856,-999,-999,-999,-999,-999,-999,-999,-999,-999,-999,-999
7005300105,1,20190407,1402,32.37826833,64.60639,3.461,3.485,21.41611554,36.83524947,21.41543452,-999,25.78020669,-999,-999,-999,-999,-999,-999,-999,-999,-999,-999,-999
7005300106,1,20190407,1402,32.37826833,64.60639,3.259,3.282,21.40961554,36.83516402,21.40897433,-999,25.7819398,-999,-999,-999,-999,-999,-999,-999,-999,-999,-999,-999
7005300201,2,20190407,1509,32.34320667,64.59388333,3.806,3.833,21.33971554,36.81545123,21.33896848,36.8139,25.78639986,220.8723447,2086.77,2398.06,0,0,0.009757352,0.800102872,-999,-999,3.47,-999
7005300202,2,20190407,1509,32.34320667,64.59388333,3.734,3.76,21.33851554,36.81523187,21.33778274,-999,25.78656223,-999,-999,-999,-999,-999,-999,-999,-999,-999,-999,-999
7005300203,2,20190407,1509,32.34320667,64.59388333,3.874,3.901,21.33431554,36.81477396,21.33355537,-999,25.78738752,-999,-999,-999,-999,-999,-999,-999,21.90369624,2.836660261,-999,75
7005300204,2,20190407,1509,32.34320667,64.59388333,3.831,3.858,21.32631554,36.81491028,21.32556395,-999,25.78970984,-999,-999,-999,-999,-999,-999,-999,-999,-999,-999,-999
7005300205,2,20190407,1509,32.34320667,64.59388333,3.89,3.917,21.32161554,36.81438932,21.32085257,-999,25.79062109,-999,-999,-999,-999,-999,-999,-999,-999,-999,-999,-999
7005300206,2,20190407,1509,32.34320667,64.59388333,4.117,4.146,21.31391554,36.8139508,21.31310818,-999,25.79243645,-999,-999,-999,-999,-999,-999,-999,-999,-999,-999,-999
7005300301,3,20190407,1634,32.29216167,64.56633167,3.372,3.396,21.11551554,36.74747119,21.11485883,36.7414,25.79667496,222.5379206,2085.93,2395.75,0.009757865,0.009757865,0,0.809902776,-999,-999,3.88,-999
7005300302,3,20190407,1634,32.29216167,64.56633167,2.765,2.784,21.25601554,36.74474455,21.25547465,-999,25.75574268,-999,-999,-999,-999,-999,-999,-999,-999,-999,-999,-999
7005300303,3,20190407,1634,32.29216167,64.56633167,3.186,3.208,21.20751554,36.74207667,21.20689328,-999,25.76715486,-999,-999,-999,-999,-999,-999,-999,28.30876559,3.655574069,-999,109
7005300304,3,20190407,1634,32.29216167,64.56633167,3.047,3.069,21.11091554,36.7450055,21.11032217,-999,25.79604896,-999,-999,-999,-999,-999,-999,-999,-999,-999,-999,-999
7005300305,3,20190407,1634,32.29216167,64.56633167,2.982,3.003,21.14641554,36.74735389,21.14583423,-999,25.78804014,-999,-999,-999,-999,-999,-999,-999,-999,-999,-999,-999
7005300306,3,20190407,1634,32.29216167,64.56633167,3.119,3.141,21.08471554,36.74478598,21.08410878,-999,25.80310651,-999,-999,-999,-999,-999,-999,-999,-999,-999,-999,-999
7005400101,1,20190511,1252,32.381035,64.62023333,2.434,2.452,22.60096926,36.83884946,22.60047133,36.8397,25.44737938,213.8250689,2085.86,2391.29,0.068300188,0.00975717,0.00975717,0.673244707,-999,-999,4.02,-999
7005400102,1,20190511,1252,32.381035,64.62023333,2.406,2.423,22.59966926,36.83851623,22.59917724,-999,25.44749904,-999,-999,-999,-999,-999,-999,-999,-999,-999,-999,-999
7005400103,1,20190511,1252,32.381035,64.62023333,2.399,2.416,22.60386926,36.83898195,22.60337859,-999,25.44664279,-999,-999,-999,-999,-999,-999,-999,22.77152818,3.471804724,-999,75
7005400201,2,20190511,1354,32.34439333,64.59647333,3.677,3.703,22.73816926,36.83565355,22.73741401,36.838,25.40544326,216.5934849,2091.92,2407.71,0,0,0.009757182,0.722031445,-999,-999,4.36,-999
7005400202,2,20190511,1354,32.34439333,64.59647333,3.674,3.7,22.75536926,36.837506,22.75461421,-999,25.40187641,-999,-999,-999,-999,-999,-999,-999,23.65013665,4.671511528,-999,35
7005400203,2,20190511,1354,32.34439333,64.59647333,3.712,3.738,22.76116926,36.83779769,22.76040632,-999,25.40042265,-999,-999,-999,-999,-999,-999,-999,-999,-999,-999,-999
7005400301,3,20190511,1501,32.30447167,64.57750333,4.439,4.47,22.93176926,36.86800192,22.93085188,36.8694,25.37392383,216.1964901,2088.38,2410.88,0,0,0.00975696,0.741528934,-999,-999,3.78,-999
7005400302,3,20190511,1501,32.30447167,64.57750333,4.313,4.344,22.93196926,36.86796342,22.93107774,-999,25.37382903,-999,-999,-999,-999,-999,-999,-999,-999,-999,-999,-999
7005400303,3,20190511,1501,32.30447167,64.57750333,4.505,4.536,22.98506926,36.86979364,22.98413677,-999,25.35978529,-999,-999,-999,-999,-999,-999,-999,22.4122925,3.969453023,-999,34
7005500101,1,20190605,1425,32.37683167,64.61189333,3.066,3.088,23.90238712,36.85983415,23.90173422,36.8592,25.08182563,-999,-999,-999,0.117084381,0.019514064,0,0.751291447,-999,-999,6.17,-999
7005500102,1,20190605,1425,32.37683167,64.61189333,2.97,2.991,23.90308712,36.86021101,23.90245472,-999,25.08189619,207.6772738,2082.48,2278.35,-999,-999,-999,-999,-999,-999,-999,-999
7005500103,1,20190605,1425,32.37683167,64.61189333,2.745,2.764,23.90018712,36.85979983,23.89960277,-999,25.0824356,-999,-999,-999,-999,-999,-999,-999,46.32886356,7.823909997,-999,185
7005500104,1,20190605,1425,32.37683167,64.61189333,2.807,2.827,23.89738712,36.85961892,23.8967895,-999,25.08313769,-999,-999,-999,-999,-999,-999,-999,-999,-999,-999,-999
7005500105,1,20190605,1425,32.37683167,64.61189333,2.889,2.909,23.89988712,36.85972407,23.89927212,-999,25.08247678,-999,-999,-999,-999,-999,-999,-999,-999,-999,-999,-999
7005500106,1,20190605,1425,32.37683167,64.61189333,2.936,2.957,23.90538712,36.85976524,23.90476187,-999,25.08087027,-999,-999,-999,-999,-999,-999,-999,-999,-999,-999,-999
7005500201,2,20190605,1548,32.33929833,64.60087167,3.676,3.702,24.22408712,36.85021069,24.22329685,36.8507,24.97820711,211.8672809,2075.31,2387.8,0.029271276,0.009757092,0,0.731781891,-999,-999,5.42,-999
7005500202,2,20190605,1548,32.33929833,64.60087167,3.211,3.234,24.24158712,36.85041623,24.24089639,-999,24.97306743,-999,-999,-999,-999,-999,-999,-999,-999,-999,-999,-999
7005500203,2,20190605,1548,32.33929833,64.60087167,3.34,3.364,24.23718712,36.84988387,24.23646872,-999,24.97399683,-999,-999,-999,-999,-999,-999,-999,22.05917215,4.195242824,-999,199
7005500204,2,20190605,1548,32.33929833,64.60087167,3.717,3.743,24.22668712,36.84978018,24.22588803,-999,24.97710168,-999,-999,-999,-999,-999,-999,-999,-999,-999,-999,-999
7005500205,2,20190605,1548,32.33929833,64.60087167,2.981,3.002,24.23558712,36.84930129,24.23494606,-999,24.97401416,-999,-999,-999,-999,-999,-999,-999,-999,-999,-999,-999
7005500206,2,20190605,1548,32.33929833,64.60087167,3.554,3.579,24.24768712,36.8507493,24.24692256,-999,24.97150566,-999,-999,-999,-999,-999,-999,-999,-999,-999,-999,-999
7005500301,3,20190605,1809,32.30655667,64.56952,3.465,3.489,23.80968712,36.66765387,23.80895209,36.6702,24.96387962,214.1984355,2086.65,2404.22,0,0,0,0.595260466,-999,-999,6.38,-999
7005500302,3,20190605,1809,32.30655667,64.56952,3.284,3.307,23.78778712,36.67218536,23.78709088,-999,24.97381065,-999,-999,-999,-999,-999,-999,-999,-999,-999,-999,-999
7005500303,3,20190605,1809,32.30655667,64.56952,3.367,3.391,23.81638712,36.66960583,23.81567259,-999,24.96335993,-999,-999,-999,-999,-999,-999,-999,30.48951027,5.268587375,-999,58
7005500304,3,20190605,1809,32.30655667,64.56952,3.575,3.6,23.81708712,36.66842784,23.81632853,-999,24.96227242,-999,-999,-999,-999,-999,-999,-999,-999,-999,-999,-999
7005500305,3,20190605,1809,32.30655667,64.56952,3.116,3.138,23.79488712,36.66845965,23.79422633,-999,24.96886774,-999,-999,-999,-999,-999,-999,-999,-999,-999,-999,-999
7005600101,1,20190714,1240,32.38226167,64.612875,2.563,2.581,27.6750848,36.86174257,27.67447779,36.862,23.9030097,195.0391534,2059.79,2365.91,0.087813108,0.029271036,0.009757012,0.956187175,-999,-999,9.15,-999
7005600102,1,20190714,1240,32.38226167,64.612875,2.789,2.809,27.6681848,36.86190182,27.66752429,-999,23.90540361,-999,-999,-999,-999,-999,-999,-999,-999,-999,-999,-999
7005600103,1,20190714,1240,32.38226167,64.612875,2.541,2.559,27.6858848,36.86207711,27.68528279,-999,23.89972709,-999,-999,-999,-999,-999,-999,-999,58.47894021,11.20536993,-999,297
7005600201,2,20190714,1337,32.34190333,64.58685667,3.486,3.511,27.4109848,36.78087056,27.41016505,36.7837,23.92829408,200.570758,2057.59,2374.59,0,0.009757566,0.009757566,0.809877949,-999,-999,5.33,-999
7005600202,2,20190714,1337,32.34190333,64.58685667,3.492,3.516,27.4164848,36.77881971,27.41566377,-999,23.92496232,-999,-999,-999,-999,-999,-999,-999,-999,-999,-999,-999
7005600203,2,20190714,1337,32.34190333,64.58685667,3.452,3.476,27.3769848,36.77883372,27.37617397,-999,23.93780358,-999,-999,-999,-999,-999,-999,-999,56.59275691,10.07200628,-999,176
7005600301,3,20190714,1445,32.30276667,64.56887667,3.073,3.095,27.0395848,36.72512066,27.03886949,36.7294,24.00644991,202.3043419,2070.42,2395.01,0,0,0.00975795,0.722088273,-999,-999,6.82,-999
7005600302,3,20190714,1445,32.30276667,64.56887667,3.148,3.17,27.0418848,36.72511194,27.04115211,-999,24.00570786,-999,-999,-999,-999,-999,-999,-999,-999,-999,-999,-999
7005600303,3,20190714,1445,32.30276667,64.56887667,3.101,3.123,27.0517848,36.72354631,27.05106278,-999,24.00133456,-999,-999,-999,-999,-999,-999,-999,35.26535585,5.304456573,-999,71
7005700101,1,20190816,1340,32.38193667,64.60806333,2.882,2.902,28.36145048,36.24740762,28.36075699,36.2438,23.21488961,193.3271022,2034.73,2354.61,0.273318773,0.039045539,0.009761385,1.13232063,-999,-999,5.96,-999
7005700102,1,20190816,1340,32.38193667,64.60806333,2.911,2.932,28.36115048,36.24716589,28.36044982,-999,23.21480966,-999,-999,-999,-999,-999,-999,-999,19.67427247,3.872272315,-999,40
7005700103,1,20190816,1340,32.38193667,64.60806333,3.135,3.157,28.35715048,36.24691886,28.35639613,-999,23.21596722,-999,-999,-999,-999,-999,-999,-999,-999,-999,-999,-999
7005700201,2,20190816,1436,32.33578167,64.59010333,3.028,3.05,28.37595048,36.29973619,28.37522122,36.3032,23.24943395,197.7708738,2062.47,2384.99,0.097609644,0.009760964,0.009760964,1.073706089,-999,-999,4.75,-999
7005700202,2,20190816,1436,32.33578167,64.59010333,2.993,3.014,28.37645048,36.30409458,28.37572981,-999,23.25254198,-999,-999,-999,-999,-999,-999,-999,-999,-999,-999,-999
7005700203,2,20190816,1436,32.33578167,64.59010333,3.1,3.122,28.37585048,36.29943357,28.37510401,-999,23.24924527,-999,-999,-999,-999,-999,-999,-999,24.61155885,4.175262467,-999,79
7005700301,3,20190816,1542,32.30033,64.57232,2.169,2.184,28.49285048,36.43491392,28.49232648,36.436,23.31216501,198.1388626,2051.77,2391.41,0,0,0,0.995522538,-999,-999,6.43,-999
7005700302,3,20190816,1542,32.30033,64.57232,2.141,2.156,28.51635048,36.43435827,28.51583289,-999,23.3039273,-999,-999,-999,-999,-999,-999,-999,-999,-999,-999,-999
7005700303,3,20190816,1542,32.30033,64.57232,2.267,2.283,28.50895048,36.43541522,28.5084025,-999,23.3071941,-999,-999,-999,-999,-999,-999,-999,20.90424595,2.864800778,-999,39
7005800101,1,20190907,1308,32.37799,64.61168833,3.027,3.048,29.5817422,36.4539539,29.5809904,36.4552,22.96007353,180.9263199,2022.8,2324.16,0.897909793,0.068319223,0,1.600621806,-999,-999,5.23,-999
7005800102,1,20190907,1308,32.37799,64.61168833,2.868,2.888,29.5827422,36.45390909,29.58202985,-999,22.95968604,-999,-999,-999,-999,-999,-999,-999,39.21486563,7.811687269,-999,215
7005800103,1,20190907,1308,32.37799,64.61168833,2.652,2.671,29.5833422,36.45389622,29.58268337,-999,22.95945395,-999,-999,-999,-999,-999,-999,-999,-999,-999,-999,-999
7005800201,2,20190907,1403,32.33391167,64.59634833,2.209,2.225,29.2318422,36.39470282,29.23129828,36.4006,23.03421088,187.3201857,2037.13,2353.54,0.214726057,0.029280826,0,1.5030824,-999,-999,5.49,-999
7005800202,2,20190907,1403,32.33391167,64.59634833,2.113,2.128,29.2293422,36.39487925,29.22882203,-999,23.03518013,-999,-999,-999,-999,-999,-999,-999,56.6060662,9.903617455,-999,429
7005800203,2,20190907,1403,32.33391167,64.59634833,2.342,2.358,29.2308422,36.39428401,29.23026579,-999,23.03424524,-999,-999,-999,-999,-999,-999,-999,-999,-999,-999,-999
7005800301,3,20190907,1510,32.28852667,64.57400333,2.219,2.235,29.4174422,36.4290886,29.41689323,36.4352,22.99718267,193.4325759,2083.07,2380.31,0.019520061,0,0,1.473764612,-999,-999,7.04,-999
7005800302,3,20190907,1510,32.28852667,64.57400333,2.378,2.395,29.4186422,36.42821888,29.41805391,-999,22.99613592,-999,-999,-999,-999,-999,-999,-999,62.4143114,10.13841493,-999,268
7005800303,3,20190907,1510,32.28852667,64.57400333,2.27,2.286,29.4167422,36.42773217,29.41618071,-999,22.99640616,-999,-999,-999,-999,-999,-999,-999,-999,-999,-999,-999
7005900101,1,20191020,1301,32.38551,64.61416667,2.402,2.42,25.51870768,36.60879686,25.51817172,36.6078,24.39982534,201.640994,2059.59,2381.37,0.048794048,0,0,1.06371025,-999,-999,2.56,-999
7005900102,1,20191020,1301,32.38551,64.61416667,2.482,2.499,25.51990768,36.60857366,25.5193542,-999,24.39928951,-999,-999,-999,-999,-999,-999,-999,-999,-999,-999,-999
7005900103,1,20191020,1301,32.38551,64.61416667,2.547,2.565,25.51860768,36.60839328,25.51803961,-999,24.39956147,-999,-999,-999,-999,-999,-999,-999,31.26358335,4.597298707,-999,194
7005900201,2,20191020,1357,32.341235,64.59118667,3.541,3.566,25.93230768,36.61409511,25.93150859,36.6154,24.27481361,203.1534715,2061.42,2395.38,0.019517512,0,0,1.044186879,-999,-999,6.86,-999
7005900202,2,20191020,1357,32.341235,64.59118667,3.302,3.325,25.93260768,36.61438088,25.93186259,-999,24.27491838,-999,-999,-999,-999,-999,-999,-999,-999,-999,-999,-999
7005900203,2,20191020,1357,32.341235,64.59118667,3.355,3.379,25.93550768,36.61477119,25.93475042,-999,24.27430701,-999,-999,-999,-999,-999,-999,-999,22.07108124,2.694214252,-999,67
7005900322,3,20191020,1502,32.29727167,64.57327667,3.084,3.106,25.97900768,36.62074792,25.97831074,-999,24.26514342,-999,-999,-999,-999,-999,-999,-999,26.98135182,3.289694487,-999,82
7005900323,3,20191020,1502,32.29727167,64.57327667,3.192,3.215,25.97710768,36.62015795,25.97638632,-999,24.26530247,-999,-999,-999,-999,-999,-999,-999,-999,-999,-999,-999
7005900324,3,20191020,1502,32.29727167,64.57327667,2.794,2.814,25.97530768,36.62029895,25.97467633,36.6209,24.26594607,204.0930804,2062.58,2398.79,0.019517434,0,0,1.014906566,-999,-999,6.88,-999
7006000101,1,20191115,1414,32.38388833,64.61495333,5.188,5.225,24.1389666,36.57085768,24.13785529,36.5708,24.79238152,206.2945977,2067.38,2402.34,0.068313499,0.009759071,0,0.927111777,-999,-999,4.8,-999
7006000102,1,20191115,1414,32.38388833,64.61495333,5.081,5.117,24.1398666,36.5707329,24.13877823,-999,24.79201041,-999,-999,-999,-999,-999,-999,-999,22.39715216,3.025323385,-999,37
7006000103,1,20191115,1414,32.38388833,64.61495333,4.945,4.98,24.1371666,36.5708984,24.13610746,-999,24.79293642,-999,-999,-999,-999,-999,-999,-999,-999,-999,-999,-999
7006000201,2,20191115,1508,32.34499833,64.59112833,5.129,5.165,24.0621666,36.53230736,24.06107075,36.5332,24.7861873,208.9150994,2064.43,2392.45,0.019518675,0,0.009759337,0.927137043,-999,-999,4.45,-999
7006000202,2,20191115,1508,32.34499833,64.59112833,5.024,5.06,24.0627666,36.53220036,24.06169301,-999,24.7859202,-999,-999,-999,-999,-999,-999,-999,20.25032659,3.747530318,-999,-999
7006000203,2,20191115,1508,32.34499833,64.59112833,5.334,5.372,24.0611666,36.53222128,24.06002687,-999,24.78643429,-999,-999,-999,-999,-999,-999,-999,-999,-999,-999,-999
7006000301,3,20191115,1610,32.30377667,64.57355,4.978,5.013,24.0540666,36.54025587,24.05300323,36.5407,24.79461726,208.9138902,2062.33,2390.04,0.019518568,0,0.009759284,0.927132003,-999,-999,5.77,-999
7006000302,3,20191115,1610,32.30377667,64.57355,5.509,5.548,24.0442666,36.54023047,24.04309008,-999,24.79756223,-999,-999,-999,-999,-999,-999,-999,18.23974218,3.444959331,-999,45
7006000303,3,20191115,1610,32.30377667,64.57355,5.638,5.678,24.0529666,36.5400361,24.0517622,-999,24.79482172,-999,-999,-999,-999,-999,-999,-999,-999,-999,-999,-999
7006100101,1,20191209,1231,32.38500833,64.613245,5.402,5.441,22.78609516,36.56007306,22.78498511,36.5604,25.18254424,208.5544352,2074.5,2400.13,0.097591449,0.029277435,0,0.99543278,-999,-999,5.31,-999
7006100102,1,20191209,1231,32.38500833,64.613245,5.414,5.452,22.79279516,36.55967594,22.79168263,-999,25.18030677,-999,-999,-999,-999,-999,-999,-999,26.13206269,5.462469244,-999,291
7006100103,1,20191209,1231,32.38500833,64.613245,5.201,5.238,22.78979516,36.55986517,22.7887264,-999,25.18130509,-999,-999,-999,-999,-999,-999,-999,-999,-999,-999,-999
7006100201,2,20191209,1329,32.34057167,64.58805167,5.273,5.311,22.71789516,36.55267686,22.716814,36.5519,25.19661567,210.9135814,2073.13,2401.85,0.09759205,0.048796025,0.009759205,0.966161297,-999,-999,5.42,-999
7006100202,2,20191209,1329,32.34057167,64.58805167,4.699,4.732,22.72509516,36.5519607,22.72413166,-999,25.19396108,-999,-999,-999,-999,-999,-999,-999,24.63936888,4.506487896,-999,351
7006100203,2,20191209,1329,32.34057167,64.58805167,5.385,5.424,22.74619516,36.5504902,22.74509002,-999,25.18679544,-999,-999,-999,-999,-999,-999,-999,-999,-999,-999,-999
7006100301,3,20191209,1429,32.30117167,64.57002,5.61,5.65,22.73019516,36.55165102,22.72904454,36.5514,25.19230651,210.6465053,2070.16,2404.85,0.078073668,0.039036834,0.009759209,0.966161647,-999,-999,6.67,-999
7006100302,3,20191209,1429,32.30117167,64.57002,5.318,5.355,22.73719516,36.55088575,22.73610438,-999,25.18968825,-999,-999,-999,-999,-999,-999,-999,27.18534269,4.389452533,-999,386
7006100303,3,20191209,1429,32.30117167,64.57002,5.264,5.301,22.73789516,36.55017047,22.73681536,-999,25.18894021,-999,-999,-999,-999,-999,-999,-999,-999,-999,-999,-999
7006200101,1,20200121,1218,32.38341667,64.61564667,4.255,4.285,20.21044633,36.64491323,20.20964345,36.6479,25.9647038,220.9423616,2086.51,2406.61,0.370823989,0.156136416,0.009758526,0.927059972,-999,-999,4.85,-999
7006200102,1,20200121,1218,32.38341667,64.61564667,4.045,4.074,20.22174633,36.64806918,20.22098267,-999,25.96406984,-999,-999,-999,-999,-999,-999,-999,18.28041584,3.771066595,-999,267
7006200103,1,20200121,1218,32.38341667,64.61564667,4.029,4.058,20.20334633,36.64754418,20.20258616,-999,25.96860214,-999,-999,-999,-999,-999,-999,-999,-999,-999,-999,-999
7006200201,2,20200121,1315,32.34581,64.60389833,3.419,3.443,20.48354633,36.662635,20.48289501,-999,25.90463783,-999,-999,-999,-999,-999,-999,-999,-999,-999,-999,-999
7006200202,2,20200121,1315,32.34581,64.60389833,3.564,3.589,20.48254633,36.66271253,20.48186741,36.6625,25.90497473,217.5178999,2090.13,2406.62,0.448887447,0.126859496,0.009758423,0.897774894,-999,-999,5.74,-999
7006200203,2,20200121,1315,32.34581,64.60389833,3.462,3.487,20.48074633,36.66270923,20.48008675,-999,25.90545374,-999,-999,-999,-999,-999,-999,-999,16.56620205,5.242715707,-999,258
7006200301,3,20200121,1422,32.30143333,64.57725833,3.605,3.63,20.54544633,36.66381725,20.54475816,36.6632,25.88879283,218.1971247,2109.39,2440.55,0.361061459,0.156134685,0.009758418,0.907532856,-999,-999,4.99,-999
7006200302,3,20200121,1422,32.30143333,64.57725833,3.756,3.783,20.54784633,36.66341995,20.54712909,-999,25.88784761,-999,-999,-999,-999,-999,-999,-999,19.22682201,5.242792823,-999,-999
7006200303,3,20200121,1422,32.30143333,64.57725833,3.603,3.628,20.54834633,36.66312566,20.54765847,-999,25.88747998,-999,-999,-999,-999,-999,-999,-999,-999,-999,-999,-999
7006300101,1,20200226,1749,32.38174833,64.60899667,4.155,4.184,20.73288917,36.75745768,20.73209046,36.7568,25.90923406,224.0235716,2087.18,2411.42,0.087819803,0.009757756,0,0.848924761,-999,-999,6.72,-999
7006300102,1,20200226,1749,32.38174833,64.60899667,4.128,4.157,20.72958917,36.75731625,20.7287957,-999,25.91002449,-999,-999,-999,-999,-999,-999,-999,34.70385042,4.200325619,-999,146
7006300103,1,20200226,1749,32.38174833,64.60899667,4.268,4.299,20.72898917,36.7573932,20.72816861,-999,25.91025398,-999,-999,-999,-999,-999,-999,-999,-999,-999,-999,-999
7006300201,2,20200226,1844,32.34345,64.583985,4.474,4.506,20.95948917,36.77150192,20.95862227,36.771,25.8579588,219.1572952,2087.68,2400.1,0.058545933,0.029272966,0,0.868431335,-999,-999,4.42,-999
7006300202,2,20200226,1844,32.34345,64.583985,4.56,4.592,20.95958917,36.77135969,20.95870572,-999,25.85782755,-999,-999,-999,-999,-999,-999,-999,29.37430537,4.678057922,-999,173
7006300203,2,20200226,1844,32.34345,64.583985,4.558,4.59,20.95888917,36.7712443,20.95800612,-999,25.85793172,-999,-999,-999,-999,-999,-999,-999,-999,-999,-999,-999
7006300301,3,20200226,1945,32.29890333,64.56766667,4.313,4.344,20.81048917,36.76310906,20.80965769,-999,25.89236486,-999,-999,-999,-999,-999,-999,-999,-999,-999,-999,-999
7006300302,3,20200226,1945,32.29890333,64.56766667,4.437,4.468,20.81088917,36.76316402,20.81003394,36.7631,25.89230385,220.8882311,2119.58,2428.82,0.039030845,0.009757711,0,0.848920885,-999,-999,4.14,-999
7006300303,3,20200226,1945,32.29890333,64.56766667,4.495,4.527,20.81058917,36.76287393,20.80972266,-999,25.89216792,-999,-999,-999,-999,-999,-999,-999,30.53320856,4.327080945,-999,169
7006400201,3,20200605,1944,32.29971667,64.573275,-999,-999,22.8,-999,-999,36.7266,-999,221.2300549,2086.54,2400.05,0.019515939,0,0.009757969,0.536688319,-999,-999,-999,63
7006400301,2,20200605,2002,32.34230333,64.59196,-999,-999,22.6,-999,-999,36.7409,-999,220.6926007,2090.86,2408.71,0.029273605,0.009757868,0,0.556198494,-999,-999,-999,46
7006400401,1,20200605,2020,32.38203333,64.61097,-999,-999,22.9,-999,-999,36.734,-999,224.0664178,2068.73,2372.49,0.078063337,0.019515834,0.029273751,0.634264612,-999,-999,-999,191
7006500101,1,20200706,1345,32.37999333,64.61322667,4.075,4.104,25.295888,36.57254135,25.29498497,36.571,24.44154628,203.3695397,2071.87,2366.95,0.126867909,0.01951814,0,0.751448384,-999,-999,-999,-999
7006500102,1,20200706,1345,32.37999333,64.61322667,3.77,3.797,25.293188,36.57271281,25.29235259,-999,24.44248876,-999,-999,-999,-999,-999,-999,-999,-999,-999,-999,-999
7006500103,1,20200706,1345,32.37999333,64.61322667,3.94,3.968,25.277588,36.57309891,25.27671535,-999,24.44760757,-999,-999,-999,-999,-999,-999,-999,42.1002778,5.897163217,-999,171
7006500201,2,20200706,1438,32.34181833,64.58981667,4.171,4.2,25.699188,36.5494628,25.69825323,36.5487,24.29897504,203.8648541,2069.1,2371.98,0.175666098,0.029277683,0,0.946645083,-999,-999,-999,-999
7006500202,2,20200706,1438,32.34181833,64.58981667,4.099,4.128,25.695888,36.54917083,25.69496934,-999,24.29977863,-999,-999,-999,-999,-999,-999,-999,-999,-999,-999,-999
7006500203,2,20200706,1438,32.34181833,64.58981667,3.708,3.735,25.698088,36.54913331,25.69725675,-999,24.2990372,-999,-999,-999,-999,-999,-999,-999,33.18044117,5.468230447,-999,210
7006500301,3,20200706,1630,32.295195,64.563235,3.794,3.821,25.720788,36.54696783,25.71993707,36.5482,24.29032629,207.1062781,2073.13,2379.74,0.029277694,0.009759231,0,0.702664646,-999,-999,-999,-999
7006500302,3,20200706,1630,32.295195,64.563235,3.883,3.91,25.709588,36.54692541,25.70871752,-999,24.29379427,-999,-999,-999,-999,-999,-999,-999,-999,-999,-999,-999
7006500303,3,20200706,1630,32.295195,64.563235,3.977,4.005,25.701288,36.54711156,25.70039658,-999,24.29652996,-999,-999,-999,-999,-999,-999,-999,34.54757568,5.282712958,-999,125
7006600101,1,20200815,2232,32.38216333,64.61251333,4.189,4.218,29.970586,36.83969746,29.96953437,36.8374,23.11659427,184.2004201,2056.11,2344.1,0.624459899,0.04878593,0,1.151347939,-999,-999,8.01,-999
7006600102,1,20200815,2232,32.38216333,64.61251333,4.072,4.101,29.968486,36.83947113,29.96746359,-999,23.11713623,-999,-999,-999,-999,-999,-999,-999,-999,-999,-999,-999
7006600103,1,20200815,2232,32.38216333,64.61251333,4.238,4.268,29.966586,36.83929418,29.965522,-999,23.11767069,-999,-999,-999,-999,-999,-999,-999,56.51284767,7.419694063,-999,406
7006600201,2,20200815,2329,32.33617833,64.595475,4.573,4.606,29.400386,36.76854436,29.39925396,36.7695,23.25801207,194.1232762,2063.54,2368.56,0.107334327,0.009757666,0,0.907462944,-999,-999,7.17,-999
7006600202,2,20200815,2329,32.33617833,64.595475,4.827,4.861,29.395886,36.76814291,29.39469142,-999,23.25925964,-999,-999,-999,-999,-999,-999,-999,-999,-999,-999,-999
7006600203,2,20200815,2329,32.33617833,64.595475,4.553,4.585,29.399786,36.76790833,29.39865914,-999,23.25773651,-999,-999,-999,-999,-999,-999,-999,77.6133324,10.46900239,-999,312
7006600301,3,20200816,1136,32.29174833,64.57396167,3.909,3.937,29.24728595,36.81377821,29.24632191,36.8158,23.34382324,191.4858087,2065.41,2380.49,0.136602741,0.019514677,0,0.897675157,-999,-999,9.99,-999
7006600302,3,20200816,1136,32.29174833,64.57396167,3.799,3.826,29.24778595,36.81361359,29.24684908,-999,23.34352122,-999,-999,-999,-999,-999,-999,-999,-999,-999,-999,-999
7006600303,3,20200816,1136,32.29174833,64.57396167,4.116,4.145,29.24868595,36.81324599,29.24767094,-999,23.34296681,-999,-999,-999,-999,-999,-999,-999,53.33862656,9.676606247,-999,247
7006700501,3,20200918,12,32.29871167,64.57952333,4.122,4.151,26.59408435,36.67140783,26.59313671,36.6709,24.10881345,204.6413611,2069.86,2403.65,0.019516727,0,0,0.878252702,-999,-999,4.78,-999
7006700502,3,20200918,12,32.29871167,64.57952333,4.18,4.21,26.59678435,36.67141783,26.59582317,-999,24.10796455,-999,-999,-999,-999,-999,-999,-999,-999,-999,-999,-999
7006700503,3,20200918,12,32.29871167,64.57952333,4.035,4.064,26.59398435,36.67131935,26.59305658,-999,24.10877232,-999,-999,-999,-999,-999,-999,-999,24.49146116,4.150267541,-999,57
7006700504,3,20200918,12,32.29871167,64.57952333,3.875,3.902,26.58308435,36.67046439,26.58219383,-999,24.11159008,-999,-999,-999,-999,-999,-999,-999,-999,-999,-999,-999
7006700601,2,20200918,1026,32.34050333,64.59266333,4.074,4.103,26.4269843,36.66693651,26.42605194,36.6661,24.15860043,203.831466,2072.68,2403.2,0.175651151,0,0,0.927047743,-999,-999,5.36,-999
7006700602,2,20200918,1026,32.34050333,64.59266333,4.296,4.326,26.4296843,36.66712864,26.42870119,-999,24.15790405,-999,-999,-999,-999,-999,-999,-999,-999,-999,-999,-999
7006700603,2,20200918,1026,32.34050333,64.59266333,3.952,3.98,26.4267843,36.66693167,26.42587989,-999,24.15865146,-999,-999,-999,-999,-999,-999,-999,20.96540478,4.325884637,-999,71
7006700604,2,20200918,1026,32.34050333,64.59266333,3.846,3.873,26.4236843,36.66717382,26.42280428,-999,24.15981066,-999,-999,-999,-999,-999,-999,-999,-999,-999,-999,-999
7006700701,1,20200918,1121,32.384035,64.61050833,3.915,3.942,26.6670843,36.61520826,26.66618275,36.6112,24.04314061,194.7370666,2071.79,2386.93,0.283004782,0.029276357,0,1.063707629,-999,-999,3.42,-999
7006700702,1,20200918,1121,32.384035,64.61050833,3.966,3.994,26.6280843,36.61690359,26.62717183,-999,24.05686775,-999,-999,-999,-999,-999,-999,-999,-999,-999,-999,-999
7006700703,1,20200918,1121,32.384035,64.61050833,4.138,4.167,26.5093843,36.63544503,26.50843534,-999,24.10867017,-999,-999,-999,-999,-999,-999,-999,26.64975192,5.019410952,-999,226
7006700704,1,20200918,1121,32.384035,64.61050833,4.089,4.118,26.5447843,36.63052084,26.54384561,-999,24.09368838,-999,-999,-999,-999,-999,-999,-999,-999,-999,-999,-999
7006800301,1,20201029,1154,32.38225,64.61326167,4.371,4.402,25.4761407,36.73313053,25.47516649,36.7328,24.50709236,191.3405545,2082.42,2367.6,0.302495693,0.039031702,0.009757926,0.90748708,-999,-999,4.81,-999
7006800302,1,20201029,1154,32.38225,64.61326167,4.187,4.216,25.4756407,36.73339636,25.47470767,-999,24.50743566,-999,-999,-999,-999,-999,-999,-999,-999,-999,-999,-999
7006800303,1,20201029,1154,32.38225,64.61326167,4.193,4.222,25.4749407,36.73372372,25.47400636,-999,24.5079006,-999,-999,-999,-999,-999,-999,-999,31.91949282,6.032491303,-999,260
7006800401,2,20201029,1242,32.33999167,64.59437667,3.765,3.792,25.5896407,36.68588483,25.58879893,36.6855,24.43609195,204.4324462,2072.82,2366.59,0.01951652,0,0.00975826,0.936792969,-999,-999,4.82,-999
7006800402,2,20201029,1242,32.33999167,64.59437667,3.875,3.902,25.5916407,36.68586848,25.59077446,-999,24.43546481,-999,-999,-999,-999,-999,-999,-999,18.4695677,3.055483451,-999,79
7006800403,2,20201029,1242,32.33999167,64.59437667,3.509,3.534,25.5734407,36.68582444,25.57265656,-999,24.44106851,-999,-999,-999,-999,-999,-999,-999,-999,-999,-999,-999
7006800501,3,20201029,1335,32.29999833,64.573135,3.744,3.771,25.6586407,36.70245061,25.6578019,36.7028,24.42711053,203.9877767,2070.94,2370.93,0.009758138,0,0,0.946539361,-999,-999,4.38,-999
7006800502,3,20201029,1335,32.29999833,64.573135,3.776,3.803,25.6620407,36.70234837,25.6611947,-999,24.42597567,-999,-999,-999,-999,-999,-999,-999,-999,-999,-999,-999
7006800503,3,20201029,1335,32.29999833,64.573135,3.585,3.61,25.6560407,36.70229693,25.65523777,-999,24.42779382,-999,-999,-999,-999,-999,-999,-999,19.9436945,2.81144592,-999,73
7006800504,3,20201029,1335,32.29999833,64.573135,4.172,4.202,25.6554407,36.70181159,25.65450611,-999,24.42765509,-999,-999,-999,-999,-999,-999,-999,-999,-999,-999,-999
7006900101,1,20201116,1357,32.382575,64.61228833,4.121,4.15,23.87477436,36.7211353,23.87389815,36.7195,24.98506464,200.1663053,2076.03,2390.22,0.253708511,0.019516039,0.00975802,0.82943167,-999,-999,5.08,-999
7006900102,1,20201116,1357,32.382575,64.61228833,4.108,4.137,23.87457436,36.72076278,23.8737009,-999,24.98484124,-999,-999,-999,-999,-999,-999,-999,-999,-999,-999,-999
7006900103,1,20201116,1357,32.382575,64.61228833,4.07,4.099,23.87597436,36.7213441,23.87510889,-999,24.98486212,-999,-999,-999,-999,-999,-999,-999,28.40002168,5.62927259,-999,262
7006900201,2,20201116,1753,32.337765,64.59138333,4.243,4.273,23.95487436,36.68904252,23.95397012,36.6879,24.93687825,209.0719108,2070.51,2404.85,0.029274729,0.009758243,0,0.868483638,-999,-999,4.7,-999
7006900202,2,20201116,1753,32.337765,64.59138333,4.041,4.069,23.94957436,36.68916359,23.94871343,-999,24.93853903,-999,-999,-999,-999,-999,-999,-999,-999,-999,-999,-999
7006900203,2,20201116,1753,32.337765,64.59138333,4.122,4.151,23.93867436,36.68932581,23.93779636,-999,24.94191967,-999,-999,-999,-999,-999,-999,-999,42.06995046,4.614815994,-999,239
7006900301,3,20201116,1852,32.30379667,64.563255,4.266,4.296,24.05217436,36.70078078,24.05126254,36.6997,24.91668642,209.4187145,2095.71,2442.12,0.00975816,0,0,0.868476211,-999,-999,4.72,-999
7006900302,3,20201116,1852,32.30379667,64.563255,4.366,4.397,24.05227436,36.70076289,24.0513411,-999,24.91664932,-999,-999,-999,-999,-999,-999,-999,-999,-999,-999,-999
7006900303,3,20201116,1852,32.30379667,64.563255,4.385,4.416,24.05257436,36.70086679,24.05163706,-999,24.91663941,-999,-999,-999,-999,-999,-999,-999,22.57694137,2.878218541,-999,125
7007000401,1,20201213,2112,32.38494833,64.61359333,4.472,4.503,22.34192485,36.85237708,22.34101785,36.8513,25.53209377,215.05498,2083.64,2415.19,0.058542526,0,0.009757088,0.790324099,-999,-999,4.51,-999
7007000402,1,20201213,2112,32.38494833,64.61359333,4.512,4.544,22.34202485,36.85239582,22.34110959,-999,25.53208176,-999,-999,-999,-999,-999,-999,-999,-999,-999,-999,-999
7007000403,1,20201213,2112,32.38494833,64.61359333,4.485,4.517,22.34462485,36.85238141,22.34371495,-999,25.53132596,-999,-999,-999,-999,-999,-999,-999,-999,-999,-999,-999
7007000404,1,20201213,2112,32.38494833,64.61359333,4.444,4.475,22.34242485,36.85240394,22.34152347,-999,25.53196964,-999,-999,-999,-999,-999,-999,-999,23.59246361,3.665605916,-999,155
7007000501,2,20201213,2212,32.342055,64.59161167,3.864,3.891,22.38722485,36.84366783,22.38644002,36.8426,25.51248401,213.4449489,2086.62,2416.99,0.009757149,0,0.009757149,0.790329082,-999,-999,3.51,-999
7007000502,2,20201213,2212,32.342055,64.59161167,4.069,4.098,22.39032485,36.84347684,22.38949818,-999,25.51146346,-999,-999,-999,-999,-999,-999,-999,-999,-999,-999,-999
7007000503,2,20201213,2212,32.342055,64.59161167,4.088,4.117,22.39202485,36.84352426,22.39119431,-999,25.51101391,-999,-999,-999,-999,-999,-999,-999,-999,-999,-999,-999
7007000504,2,20201213,2212,32.342055,64.59161167,3.794,3.821,22.39282485,36.84354933,22.392054,-999,25.51078697,-999,-999,-999,-999,-999,-999,-999,22.69598058,3.070976753,-999,171
7007000601,3,20201213,2319,32.30182667,64.56636833,5.034,5.07,22.36532485,36.81935272,22.36430302,36.818,25.50034853,213.4427589,2083.56,2411.8,0,0,0,0.809857818,-999,-999,3.9,-999
7007000602,3,20201213,2319,32.30182667,64.56636833,4.86,4.894,22.35802485,36.81934246,22.35703873,-999,25.5024184,-999,-999,-999,-999,-999,-999,-999,-999,-999,-999,-999
7007000603,3,20201213,2319,32.30182667,64.56636833,4.65,4.683,22.35832485,36.81915522,22.35738124,-999,25.50217833,-999,-999,-999,-999,-999,-999,-999,-999,-999,-999,-999
7007000604,3,20201213,2319,32.30182667,64.56636833,4.729,4.762,22.35692485,36.81820315,22.35596537,-999,25.50186006,-999,-999,-999,-999,-999,-999,-999,21.52629723,3.012511704,-999,154
7007100601,3,20210126,1556,32.29987167,64.57501333,4.796,4.83,20.90480713,36.80116906,20.90387947,36.8003,25.8955665,215.9856718,2082.02,2412.74,0.107331931,0.019514897,0.009757448,0.780595861,-999,-999,-999,-999
7007100602,3,20210126,1556,32.29987167,64.57501333,5.2,5.236,20.90390713,36.80116623,20.90290151,-999,25.89583222,-999,-999,-999,-999,-999,-999,-999,-999,-999,-999,-999
7007100603,3,20210126,1556,32.29987167,64.57501333,5.187,5.224,20.90540713,36.80107258,20.90440377,-999,25.89534913,-999,-999,-999,-999,-999,-999,-999,22.27419227,4.05339632,-999,266
7007100604,3,20210126,1556,32.29987167,64.57501333,4.69,4.723,20.90490713,36.80117862,20.90400002,-999,25.89554078,-999,-999,-999,-999,-999,-999,-999,-999,-999,-999,-999
7007100701,2,20210126,1706,32.342135,64.59719667,5.227,5.264,20.85500713,36.80975348,20.85399777,36.8094,25.91576859,217.1974703,2082.85,2414.72,0.039029536,0.009757384,0,0.780590713,-999,-999,-999,-999
7007100702,2,20210126,1706,32.342135,64.59719667,5.224,5.261,20.85450713,36.81001722,20.85349836,-999,25.91610617,-999,-999,-999,-999,-999,-999,-999,-999,-999,-999,-999
7007100703,2,20210126,1706,32.342135,64.59719667,5.323,5.36,20.85490713,36.80977229,20.85387936,-999,25.91581529,-999,-999,-999,-999,-999,-999,-999,21.5332842,3.030249496,-999,264
7007100704,2,20210126,1706,32.342135,64.59719667,4.794,4.828,20.85430713,36.80991157,20.8533814,-999,25.91605791,-999,-999,-999,-999,-999,-999,-999,-999,-999,-999,-999
7007100801,1,20210126,1756,32.380805,64.61373,3.886,3.913,19.34990713,36.88363937,19.34919512,36.8831,26.37465964,221.6805021,2087.87,2422.58,0.146352942,0.019513726,0,0.712250984,-999,-999,-999,-999
7007100802,1,20210126,1756,32.380805,64.61373,3.693,3.719,19.35760713,36.88327124,19.35693024,-999,26.37235753,-999,-999,-999,-999,-999,-999,-999,-999,-999,-999,-999
7007100803,1,20210126,1756,32.380805,64.61373,3.834,3.861,19.36650713,36.88296567,19.36580416,-999,26.36980489,-999,-999,-999,-999,-999,-999,-999,20.81401527,3.204403849,-999,193
7007100804,1,20210126,1756,32.380805,64.61373,3.749,3.775,19.36620713,36.88303864,19.36551983,-999,26.36993499,-999,-999,-999,-999,-999,-999,-999,-999,-999,-999,-999
7007200101,1,20210211,1335,32.38214833,64.61407667,4.42,4.452,20.52473705,36.78161896,20.52389311,36.7809,25.98422713,218.1189791,2078.49,2410.16,0.087818269,0.019515171,0,0.790364421,-999,-999,5.06,-999
7007200102,1,20210211,1335,32.38214833,64.61407667,4.448,4.479,20.52443705,36.78156756,20.52358801,-999,25.98427061,-999,-999,-999,-999,-999,-999,-999,-999,-999,-999,-999
7007200103,1,20210211,1335,32.38214833,64.61407667,4.504,4.536,20.52723705,36.78145608,20.52637712,-999,25.98342995,-999,-999,-999,-999,-999,-999,-999,25.07126857,4.803783679,-999,227
7007200201,2,20210211,1423,32.34077667,64.59663833,3.671,3.697,20.50293705,36.77699073,20.50223679,36.7768,25.98656393,218.821956,2084.82,2412.42,0.117091373,0.029272843,0,0.770851541,-999,-999,5.17,-999
7007200202,2,20210211,1423,32.34077667,64.59663833,3.997,4.025,20.50413705,36.77760698,20.50337462,-999,25.9867254,-999,-999,-999,-999,-999,-999,-999,25.72405388,4.618636947,-999,277
7007200203,2,20210211,1423,32.34077667,64.59663833,3.724,3.75,20.50373705,36.77757472,20.50302673,-999,25.98679514,-999,-999,-999,-999,-999,-999,-999,-999,-999,-999,-999
7007200301,3,20210211,1521,32.304395,64.57144333,3.573,3.598,20.46383705,36.7759945,20.46315646,36.7745,25.99637747,218.4738836,2086.42,2412.02,0.175637353,0.058545784,0,0.819640979,-999,-999,5.12,-999
7007200302,3,20210211,1521,32.304395,64.57144333,3.647,3.672,20.46543705,36.77565428,20.46474243,-999,25.99568923,-999,-999,-999,-999,-999,-999,-999,-999,-999,-999,-999
7007200303,3,20210211,1521,32.304395,64.57144333,3.538,3.563,20.46513705,36.77551415,20.46446306,-999,25.99565802,-999,-999,-999,-999,-999,-999,-999,23.30738195,4.072945509,-999,224
7007300201,1,20210317,1238,32.38421667,64.61483167,4.082,4.111,19.81700063,36.76045637,19.81624048,36.7604,26.15771214,220.2200752,2091.52,2410.66,0.390309216,0.058546382,0.00975773,0.868438007,-999,-999,4.03,-999
7007300202,1,20210317,1238,32.38421667,64.61483167,4.215,4.244,19.80830063,36.76082816,19.80751613,-999,26.16030737,-999,-999,-999,-999,-999,-999,-999,-999,-999,-999,-999
7007300203,1,20210317,1238,32.38421667,64.61483167,4.134,4.163,19.80790063,36.76077076,19.80713111,-999,26.16036559,-999,-999,-999,-999,-999,-999,-999,20.3055829,4.489627682,-999,208
7007300301,2,20210317,1334,32.34187333,64.59610667,4.597,4.63,19.85320063,36.74612192,19.85234348,36.7448,26.13719878,218.2147341,2101.99,2402.75,0.507407718,0.078062726,0.009757841,0.907479188,-999,-999,5.77,-999
7007300302,2,20210317,1334,32.34187333,64.59610667,4.67,4.703,19.85480063,36.74594096,19.85392991,-999,26.13663981,-999,-999,-999,-999,-999,-999,-999,-999,-999,-999,-999
7007300303,2,20210317,1334,32.34187333,64.59610667,4.737,4.771,19.85120063,36.74575341,19.85031743,-999,26.13745491,-999,-999,-999,-999,-999,-999,-999,19.84825546,3.408679789,-999,182
7007300401,3,20210317,1436,32.30435333,64.57689833,3.875,3.902,19.81400063,36.75064802,19.81327925,36.7503,26.15100816,219.1714707,2103.07,2406.74,0.468374488,0.048789009,0.009757802,0.887959967,-999,-999,4.03,-999
7007300402,3,20210317,1436,32.30435333,64.57689833,3.935,3.963,19.81300063,36.75084,19.81226799,-999,26.15142258,-999,-999,-999,-999,-999,-999,-999,24.11369129,3.82741546,-999,238
7007300403,3,20210317,1436,32.30435333,64.57689833,3.857,3.884,19.81350063,36.75082032,19.81278259,-999,26.15127126,-999,-999,-999,-999,-999,-999,-999,-999,-999,-999,-999
7007400101,1,20210407,1222,32.380935,64.61495667,3.93,3.958,19.4339,36.63541697,19.43317863,36.6348,26.1630988,223.7417396,2082.13,2378.64,0.14637928,0.019517237,0.009758619,0.780689493,-999,-999,3.98,-999
7007400102,1,20210407,1222,32.380935,64.61495667,4.063,4.092,19.4312,36.63611353,19.43045427,-999,26.16434332,-999,-999,-999,-999,-999,-999,-999,-999,-999,-999,-999
7007400103,1,20210407,1222,32.380935,64.61495667,3.903,3.931,19.4338,36.63724412,19.43308354,-999,26.1645192,-999,-999,-999,-999,-999,-999,-999,28.99094608,5.094847043,-999,108
7007400104,1,20210407,1222,32.380935,64.61495667,3.96,3.988,19.4334,36.63729056,19.43267316,-999,26.16466198,-999,-999,-999,-999,-999,-999,-999,-999,-999,-999,-999
7007400201,2,20210407,1319,32.33900167,64.59470833,4.314,4.344,20.0955,36.76454995,20.09468881,36.7643,26.08672264,224.9733981,2095.71,2410.66,0.019515406,0.009757703,0.009757703,0.878193255,-999,-999,3.83,-999
7007400202,2,20210407,1319,32.33900167,64.59470833,3.896,3.923,20.0932,36.76477369,20.09246749,-999,26.0874873,-999,-999,-999,-999,-999,-999,-999,-999,-999,-999,-999
7007400203,2,20210407,1319,32.33900167,64.59470833,3.797,3.824,20.0961,36.76431853,20.09538591,-999,26.08636,-999,-999,-999,-999,-999,-999,-999,37.65314417,4.91975105,-999,143
7007400204,2,20210407,1319,32.33900167,64.59470833,4.236,4.266,20.0948,36.76444123,20.0940034,-999,26.08682298,-999,-999,-999,-999,-999,-999,-999,-999,-999,-999,-999
7007400301,3,20210407,1419,32.302905,64.57985,4.472,4.504,20.1178,36.74716853,20.11695835,36.7472,26.06750811,225.1503998,2096.97,2408.15,0.058546943,0.009757824,0.019515648,0.926993257,-999,-999,4.51,-999
7007400302,3,20210407,1419,32.302905,64.57985,4.651,4.684,20.1168,36.74749739,20.11592474,-999,26.06803533,-999,-999,-999,-999,-999,-999,-999,-999,-999,-999,-999
7007400303,3,20210407,1419,32.302905,64.57985,4.035,4.063,20.1174,36.74755106,20.11664078,-999,26.06788503,-999,-999,-999,-999,-999,-999,-999,34.64343104,6.634470343,-999,114
7007400304,3,20210407,1419,32.302905,64.57985,4.122,4.151,20.1172,36.74756116,20.11642434,-999,26.06795058,-999,-999,-999,-999,-999,-999,-999,-999,-999,-999,-999
7007400323,3,20210407,1419,32.302905,64.57985,4.616,4.649,20.1174,36.74738156,20.11653127,-999,26.06778476,-999,-999,-999,-999,-999,-999,-999,-999,-999,-999,-999
7007400324,3,20210407,1419,32.302905,64.57985,3.827,3.853,20.1158,36.74349112,20.11508008,-999,26.06520584,-999,-999,-999,-999,-999,-999,-999,-999,-999,-999,-999
7007500101,1,20210513,1238,32.37731167,64.614485,4.53,4.562,21.92590722,36.62801182,21.92500155,36.6274,25.47978535,218.3319409,2081.17,2386.98,0.058552026,0.009758671,0,0.819728364,-999,-999,5.19,-999
7007500102,1,20210513,1238,32.37731167,64.614485,4.529,4.561,21.92970722,36.62801756,21.92880163,-999,25.47871724,-999,-999,-999,-999,-999,-999,-999,-999,-999,-999,-999
7007500103,1,20210513,1238,32.37731167,64.614485,4.36,4.391,21.93270722,36.62804029,21.9318353,-999,25.47787833,-999,-999,-999,-999,-999,-999,-999,37.70729074,8.034861021,-999,220
7007500201,2,20210513,1353,32.34032333,64.59370667,4.743,4.777,22.09320722,36.63528223,22.09225366,36.6356,25.4379949,220.9997862,2077.72,2382.55,0.009758613,0,0,0.780689041,-999,-999,5.92,-999
7007500202,2,20210513,1353,32.34032333,64.59370667,4.809,4.843,22.07180722,36.63610233,22.07084115,-999,25.44468825,-999,-999,-999,-999,-999,-999,-999,-999,-999,-999,-999
7007500203,2,20210513,1353,32.34032333,64.59370667,4.475,4.506,22.07670722,36.63582295,22.07580824,-999,25.44306832,-999,-999,-999,-999,-999,-999,-999,43.84197249,7.976586633,-999,181
7007500301,3,20210513,1451,32.29868833,64.56905167,4.509,4.541,22.29200722,36.68634703,22.29109472,36.6866,25.42023489,219.8714233,2086.32,2397.59,0.019516505,0,0.009758252,0.819693194,-999,-999,4.5,-999
7007500302,3,20210513,1451,32.29868833,64.56905167,4.7,4.733,22.28050722,36.68630121,22.27955649,-999,25.42349079,-999,-999,-999,-999,-999,-999,-999,-999,-999,-999,-999
7007500303,3,20210513,1451,32.29868833,64.56905167,4.574,4.607,22.28530722,36.68545555,22.28438166,-999,25.42147244,-999,-999,-999,-999,-999,-999,-999,36.15844112,5.977649516,-999,79
7007600601,3,20210618,956,32.30026333,64.57625833,3.997,4.025,25.4534,36.45279722,25.45251075,36.4531,24.30235724,205.0901673,2057.46,2386.78,0.009759904,0,0.009759904,1.200468181,-999,-999,4.92,-999
7007600602,3,20210618,956,32.30026333,64.57625833,4.457,4.488,25.4555,36.45169986,25.4545084,-999,24.30090919,-999,-999,-999,-999,-999,-999,-999,-999,-999,-999,-999
7007600603,3,20210618,956,32.30026333,64.57625833,4.457,4.489,25.4543,36.45159687,25.45330821,-999,24.30120327,-999,-999,-999,-999,-999,-999,-999,32.84688838,5.839012857,-999,73
7007600701,2,20210618,1046,32.34293167,64.597155,4.079,4.108,25.4499,36.46194188,25.44899247,36.4618,24.31035614,205.5309407,2059.01,2390.95,0.009759842,0,0.009759842,1.190700769,-999,-999,4.19,-999
7007600702,2,20210618,1046,32.34293167,64.597155,3.817,3.844,25.4449,36.46166796,25.44405092,-999,24.31168026,-999,-999,-999,-999,-999,-999,-999,-999,-999,-999,-999
7007600703,2,20210618,1046,32.34293167,64.597155,4.127,4.156,25.4563,36.4623466,25.45538169,-999,24.30868216,-999,-999,-999,-999,-999,-999,-999,24.84003511,3.632269285,-999,75
7007600801,1,20210618,1117,32.38154,64.61121833,3.951,3.978,25.2347,36.46701967,25.23382659,36.4652,24.3806794,206.2588897,2057.05,2388.87,0.05855891,0.009759818,0.009759818,1.180938016,-999,-999,4.82,-999
7007600802,1,20210618,1117,32.38154,64.61121833,3.847,3.874,25.2344,36.4666487,25.23354943,-999,24.38048455,-999,-999,-999,-999,-999,-999,-999,-999,-999,-999,-999
7007600803,1,20210618,1117,32.38154,64.61121833,4.084,4.112,25.2363,36.46521044,25.23539713,-999,24.37882824,-999,-999,-999,-999,-999,-999,-999,22.80780651,4.491263267,-999,130
7007700601,3,20210712,1228,32.29961333,64.57185333,4.004,4.033,25.9927,36.48470052,25.99179515,36.4844,24.1582306,206.580023,2059.49,2391.48,0.009759682,0,0,0.995487614,-999,-999,4.52,-999
7007700602,3,20210712,1228,32.29961333,64.57185333,3.414,3.438,25.9422,36.49127254,25.94142972,-999,24.17899616,-999,-999,-999,-999,-999,-999,-999,-999,-999,-999,-999
7007700603,3,20210712,1228,32.29961333,64.57185333,4.225,4.255,25.9392,36.49150272,25.93824675,-999,24.18016775,-999,-999,-999,-999,-999,-999,-999,-999,-999,-999,96
7007700701,2,20210712,1319,32.34335833,64.59274167,4.2,4.23,26.5763,36.44606121,26.57533557,36.4476,23.94457568,205.7014455,2055.29,2384.75,0.009759943,0,0.009759943,1.093113596,-999,-999,4.62,-999
7007700702,2,20210712,1319,32.34335833,64.59274167,4.234,4.264,26.5417,36.4468546,26.54072874,-999,23.95618727,-999,-999,-999,-999,-999,-999,-999,-999,-999,-999,-999
7007700703,2,20210712,1319,32.34335833,64.59274167,4.12,4.149,26.5533,36.44672801,26.55235463,-999,23.95239301,-999,-999,-999,-999,-999,-999,-999,-999,-999,-999,68
7007700801,1,20210712,1357,32.38236667,64.61290833,4.11,4.139,27.8853,36.6158564,27.88432194,36.6145,23.64917825,199.9517567,2038.42,2352.77,0.17565772,0.019517524,0,1.112498896,-999,-999,4.8,-999
7007700802,1,20210712,1357,32.38236667,64.61290833,4.194,4.224,27.8901,36.61583943,27.88910173,-999,23.64759598,-999,-999,-999,-999,-999,-999,-999,-999,-999,-999,-999
7007700803,1,20210712,1357,32.38236667,64.61290833,4.211,4.241,27.8753,36.61535274,27.87429811,-999,23.65209002,-999,-999,-999,-999,-999,-999,-999,-999,-999,-999,190
7007800201,3,20210816,531,32.28765333,64.58420667,4.441,4.473,28.3568,36.26847702,28.35573113,36.2685,23.23239176,200.5962027,2036.09,2370.93,0.04880605,0,0.00976121,1.259196086,-999,-999,4.5,-999
7007800202,3,20210816,531,32.28765333,64.58420667,4.443,4.474,28.3659,36.26794787,28.36483064,-999,23.22897805,-999,-999,-999,-999,-999,-999,-999,-999,-999,-999,-999
7007800203,3,20210816,531,32.28765333,64.58420667,4.538,4.57,28.3602,36.26609136,28.35910786,-999,23.22947905,-999,-999,-999,-999,-999,-999,-999,-999,-999,-999,69
7007800301,2,20210816,706,32.33960833,64.60554833,4.505,4.537,28.3306,36.26546301,28.32951658,36.2652,23.23881219,197.3295876,2034.4,2366.59,0.136657266,0.009761233,0.009761233,1.298244031,-999,-999,5.72,-999
7007800302,2,20210816,706,32.33960833,64.60554833,4.691,4.724,28.3329,36.26514107,28.33177186,-999,23.23782308,-999,-999,-999,-999,-999,-999,-999,-999,-999,-999,-999
7007800303,2,20210816,706,32.33960833,64.60554833,5.045,5.081,28.3315,36.26497824,28.33028664,-999,23.23819243,-999,-999,-999,-999,-999,-999,-999,-999,-999,-999,67
7007800401,1,20210816,1000,32.37857,64.61392167,4.58,4.613,28.4493,36.27903068,28.44819499,36.2786,23.2096538,191.6535558,2037.86,2367.6,0.126894801,0.009761139,0.009761139,1.337275975,-999,-999,5.19,-999
7007800402,1,20210816,1000,32.37857,64.61392167,4.768,4.802,28.4374,36.28022504,28.43625007,-999,23.21451782,-999,-999,-999,-999,-999,-999,-999,-999,-999,-999,-999
7007800403,1,20210816,1000,32.37857,64.61392167,4.343,4.374,28.447,36.27936225,28.4459523,-999,23.21064791,-999,-999,-999,-999,-999,-999,-999,-999,-999,-999,60
7007900301,1,20210914,1039,32.38149,64.61407167,4.588,4.62,28.7752,36.56775888,28.77408299,36.5674,23.31798939,178.9645578,2029.65,2325.11,0.770968535,0.058554572,0.019518191,1.463864308,-999,-999,4.62,-999
7007900302,1,20210914,1039,32.38149,64.61407167,4.498,4.529,28.7781,36.5685566,28.77700491,-999,23.3176106,-999,-999,-999,-999,-999,-999,-999,-999,-999,-999,-999
7007900303,1,20210914,1039,32.38149,64.61407167,4.498,4.53,28.7755,36.56874612,28.77440474,-999,23.31862357,-999,-999,-999,-999,-999,-999,-999,-999,-999,-999,308
7007900401,2,20210914,1130,32.33905667,64.592795,4.358,4.388,28.497,36.45559518,28.495947,36.4564,23.32650766,188.2566347,2034.49,2346.13,0.214717373,0.029279642,0.029279642,1.327343757,-999,-999,5.69,-999
7007900402,2,20210914,1130,32.33905667,64.592795,4.352,4.383,28.4806,36.45533632,28.47954865,-999,23.33176686,-999,-999,-999,-999,-999,-999,-999,-999,-999,-999,-999
7007900403,2,20210914,1130,32.33905667,64.592795,4.407,4.438,28.4899,36.45456804,28.4888352,-999,23.328101,-999,-999,-999,-999,-999,-999,-999,-999,-999,-999,340
7007900501,3,20210914,1230,32.29765167,64.56782833,4.256,4.286,28.1678,36.3123057,28.16678069,36.3128,23.32784019,196.7738174,2042.91,2382.09,0.009760897,0.009760897,0.009760897,1.151785789,-999,-999,4.55,-999
7007900502,3,20210914,1230,32.29765167,64.56782833,4.078,4.106,28.1675,36.31234569,28.16652351,-999,23.32795522,-999,-999,-999,-999,-999,-999,-999,-999,-999,-999,-999
7007900503,3,20210914,1230,32.29765167,64.56782833,4.185,4.215,28.1691,36.31209276,28.16809755,-999,23.32724542,-999,-999,-999,-999,-999,-999,-999,-999,-999,-999,94
7008000601,3,20211009,1254,32.30262167,64.57112333,4.473,4.505,26.9306,36.85526362,26.9295614,36.8563,24.13970544,200.9948079,2070.66,2420.13,0,0,0,0.907405863,-999,-999,-999,-999
7008000602,3,20211009,1254,32.30262167,64.57112333,4.704,4.737,26.9315,36.85518762,26.93040788,-999,24.13937589,-999,-999,-999,-999,-999,-999,-999,-999,-999,-999,-999
7008000603,3,20211009,1254,32.30262167,64.57112333,4.769,4.802,26.9301,36.85483097,26.92899294,-999,24.139562,-999,-999,-999,-999,-999,-999,-999,-999,-999,-999,90
7008000701,2,20211009,1341,32.34316667,64.59305667,5.172,5.208,26.6987,36.68200796,26.69750759,36.6828,24.08349354,200.7956192,2061.99,2406.12,0.039033117,0.009758279,0,0.927036523,-999,-999,-999,-999
7008000702,2,20211009,1341,32.34316667,64.59305667,4.6,4.633,26.6956,36.68112885,26.69453934,-999,24.08377959,-999,-999,-999,-999,-999,-999,-999,-999,-999,-999,-999
7008000703,2,20211009,1341,32.34316667,64.59305667,4.869,4.903,26.6957,36.68118757,26.69457752,-999,24.08381153,-999,-999,-999,-999,-999,-999,-999,-999,-999,-999,139
7008000801,1,20211009,1413,32.38029167,64.61335167,4.9,4.935,26.515,36.57348562,26.51387621,36.5742,24.06021564,188.3688291,2061.17,2376.27,0.302530466,0.078072378,0.039036189,0.975904729,-999,-999,-999,-999
7008000802,1,20211009,1413,32.38029167,64.61335167,5.011,5.046,26.5148,36.57089389,26.51365095,-999,24.05833285,-999,-999,-999,-999,-999,-999,-999,-999,-999,-999,-999
7008000803,1,20211009,1413,32.38029167,64.61335167,4.749,4.783,26.5156,36.57155527,26.51451082,-999,24.05855822,-999,-999,-999,-999,-999,-999,-999,-999,-999,-999,327
7008100322,1,20211119,1735,32.38227833,64.61232,3.598,3.624,23.8802,36.55165278,23.87943527,36.5507,24.85504525,207.2507619,2066.07,2393.92,0.097592135,0.009759214,0,0.995439778,-999,-999,4.39,-999
7008100323,1,20211119,1735,32.38227833,64.61232,3.531,3.556,23.8789,36.55192939,23.87814965,-999,24.85563755,-999,-999,-999,-999,-999,-999,-999,-999,-999,-999,-999
7008100324,1,20211119,1735,32.38227833,64.61232,3.66,3.686,23.8802,36.55157063,23.87942218,-999,24.8549869,-999,-999,-999,-999,-999,-999,-999,-999,-999,-999,62
7008100401,2,20211119,1835,32.34399167,64.586545,4.235,4.264,24.0085,36.52725321,24.00759681,36.5262,24.79834531,207.9637913,2064.69,2397.32,0.019518774,0.009759387,0.009759387,1.024735615,-999,-999,3.84,-999
7008100402,2,20211119,1835,32.34399167,64.586545,3.573,3.598,24.0106,36.52713229,24.00983784,-999,24.79758462,-999,-999,-999,-999,-999,-999,-999,-999,-999,-999,-999
7008100403,2,20211119,1835,32.34399167,64.586545,3.848,3.875,24.0104,36.5270276,24.00957916,-999,24.79758249,-999,-999,-999,-999,-999,-999,-999,-999,-999,-999,187
7008100501,3,20211119,1945,32.30166,64.56124,4.15,4.179,23.9889,36.52235329,23.98801535,36.5215,24.80048106,208.0516948,2063.73,2399.27,0.00975942,0.00975942,0.00975942,1.014979686,-999,-999,4.64,-999
7008100502,3,20211119,1945,32.30166,64.56124,4.607,4.64,23.9874,36.52268272,23.9864178,-999,24.80120725,-999,-999,-999,-999,-999,-999,-999,-999,-999,-999,-999
7008100503,3,20211119,1945,32.30166,64.56124,4.378,4.409,23.9899,36.52300784,23.98896663,-999,24.8006926,-999,-999,-999,-999,-999,-999,-999,-999,-999,-999,186
7008200401,3,20211211,1807,32.30649833,64.56794667,4.656,4.688,22.6671,36.59043333,22.66614704,36.5894,25.23987975,212.456536,2073.97,2403.46,0.01951788,0.00975894,0.048794699,1.034447616,-999,-999,3.62,-999
7008200402,3,20211211,1807,32.30649833,64.56794667,5.013,5.048,22.6669,36.590256,22.66587387,-999,25.2398237,-999,-999,-999,-999,-999,-999,-999,-999,-999,-999,-999
7008200403,3,20211211,1807,32.30649833,64.56794667,4.315,4.346,22.661,36.58992175,22.66011674,-999,25.24122902,-999,-999,-999,-999,-999,-999,-999,-999,-999,-999,-999
7008200501,2,20211211,1914,32.34498333,64.58847333,4.935,4.969,22.6178,36.60022797,22.61679145,36.5996,25.26152775,212.8350807,2073.79,2404.86,0.019517735,0.009758868,0.029276603,0.888056954,-999,-999,4.67,-999
7008200502,2,20211211,1914,32.34498333,64.58847333,5.44,5.479,22.6141,36.5992806,22.61298806,-999,25.26190275,-999,-999,-999,-999,-999,-999,-999,-999,-999,-999,-999
7008200503,2,20211211,1914,32.34498333,64.58847333,4.68,4.713,22.6201,36.60058637,22.61914334,-999,25.26112314,-999,-999,-999,-999,-999,-999,-999,-999,-999,-999,-999
7008200601,1,20211211,1951,32.382735,64.61121667,4.748,4.782,22.5507,36.58346988,22.54973155,36.5825,25.26808543,211.293395,2075.66,2401.27,0.117107863,0.029276966,0.029276966,1.190596607,-999,-999,5.29,-999
7008200602,1,20211211,1951,32.382735,64.61121667,4.218,4.248,22.5506,36.58389819,22.5497397,-999,25.2684085,-999,-999,-999,-999,-999,-999,-999,-999,-999,-999,-999
7008200603,1,20211211,1951,32.382735,64.61121667,4.579,4.611,22.5509,36.58342467,22.54996618,-999,25.2679838,-999,-999,-999,-999,-999,-999,-999,-999,-999,-999,-999
7008300301,1,20220115,1937,32.383585,64.61450333,4.776,4.809,20.6826,36.68243463,20.6816839,36.682,25.86580494,217.4453613,2090.11,2401.17,0.234198836,0.029274855,0.029274855,0.888003921,-999,-999,4.18,-999
7008300302,1,20220115,1937,32.383585,64.61450333,4.826,4.86,20.6819,36.6829808,20.6809742,-999,25.86641414,-999,-999,-999,-999,-999,-999,-999,-999,-999,-999,-999
7008300303,1,20220115,1937,32.383585,64.61450333,4.973,5.008,20.6867,36.6825666,20.68574585,-999,25.86480011,-999,-999,-999,-999,-999,-999,-999,-999,-999,-999,-999
7008300401,2,20220115,2027,32.339605,64.595455,3.871,3.898,20.919,36.68623978,20.91825143,36.686,25.80410273,216.8903271,2090.57,2406.18,0.175648618,0.02927477,0.02927477,0.897759603,-999,-999,3.64,-999
7008300402,2,20220115,2027,32.339605,64.595455,3.895,3.923,20.9197,36.6862832,20.91894661,-999,25.80394526,-999,-999,-999,-999,-999,-999,-999,-999,-999,-999,-999
7008300403,2,20220115,2027,32.339605,64.595455,4.038,4.067,20.9168,36.68653575,20.91601903,-999,25.80493981,-999,-999,-999,-999,-999,-999,-999,-999,-999,-999,-999
7008300501,3,20220115,2122,32.30039,64.56886167,5.013,5.048,21.2148,36.69112917,21.21382082,36.6915,25.72646118,215.4036317,2162.96,2405.42,0.146373265,0.048791088,0.019516435,1.063645725,-999,-999,3.84,-999
7008300502,3,20220115,2122,32.30039,64.56886167,5.066,5.102,21.219,36.69081251,21.21801021,-999,25.72506175,-999,-999,-999,-999,-999,-999,-999,-999,-999,-999,-999
7008300503,3,20220115,2122,32.30039,64.56886167,4.855,4.89,21.2054,36.69131044,21.20445177,-999,25.72918933,-999,-999,-999,-999,-999,-999,-999,-999,-999,-999,-999
7008400122,1,20220328,1244,32.38051333,64.61082,3.488,3.513,20.79561903,36.83268485,20.79494672,36.833,25.94938699,215.8165362,2080.9,2375.22,0.243930426,0.029271651,0.009757217,0.780577363,-999,-999,3.84,-999
7008400123,1,20220328,1244,32.38051333,64.61082,3.281,3.305,20.79951903,36.83273457,20.79888644,-999,25.94834838,-999,-999,-999,-999,-999,-999,-999,-999,-999,-999,-999
7008400124,1,20220328,1244,32.38051333,64.61082,3.459,3.484,20.80231903,36.83184066,20.80165212,-999,25.94691152,-999,-999,-999,-999,-999,-999,-999,33.98320176,5.475504412,-999,129
7008400201,2,20220328,1356,32.33827,64.59636667,3.27,3.293,20.81901903,36.78886788,20.81838846,36.7898,25.90960157,223.0922151,2084.52,2387.02,0.07806018,0.009757523,0.009757523,1.024539864,-999,-999,3.92,-999
7008400202,2,20220328,1356,32.33827,64.59636667,3.421,3.445,20.81871903,36.75230308,20.81805949,-999,25.8818395,-999,-999,-999,-999,-999,-999,-999,-999,-999,-999,-999
7008400203,2,20220328,1356,32.33827,64.59636667,3.258,3.281,20.81841903,36.7887504,20.81779078,-999,25.90967548,-999,-999,-999,-999,-999,-999,-999,33.59467123,6.323358941,-999,288
7008400301,3,20220328,1501,32.29552,64.57246167,4.325,4.356,20.79811903,36.76381147,20.7972856,36.7639,25.89628013,221.8019066,2090.59,2403,0.048788528,0.009757706,0.009757706,0.80988957,-999,-999,3.91,-999
7008400302,3,20220328,1501,32.29552,64.57246167,4.782,4.816,20.79781903,36.76421879,20.79689759,-999,25.89669619,-999,-999,-999,-999,-999,-999,-999,-999,-999,-999,-999
7008400303,3,20220328,1501,32.29552,64.57246167,4.335,4.365,20.79701903,36.76377755,20.79618391,-999,25.89655523,-999,-999,-999,-999,-999,-999,-999,31.33466314,5.417311165,-999,194
7008500101,1,20220430,1304,32.38393667,64.61440667,4.43,4.461,20.41582358,36.846266,20.41498083,36.8465,26.06296713,221.0513229,2083.32,2372.65,0.136599702,0.019514243,0.009757122,0.575670173,-999,-999,4.38,-999
7008500102,1,20220430,1304,32.38393667,64.61440667,4.213,4.243,20.41502358,36.84679122,20.41422203,-999,26.06357259,-999,-999,-999,-999,-999,-999,-999,-999,-999,-999,-999
7008500103,1,20220430,1304,32.38393667,64.61440667,4.195,4.225,20.42182358,36.84666297,20.42102525,-999,26.06163699,-999,-999,-999,-999,-999,-999,-999,31.39316505,6.284479038,-999,144
7008500201,2,20220430,1400,32.34292,64.59922,4.519,4.551,20.56882358,36.72280171,20.56795983,36.7237,25.92745536,222.2699785,2091.7,2403.27,0.02927397,0.00975799,0.00975799,0.712333266,-999,-999,4.99,-999
7008500202,2,20220430,1400,32.34292,64.59922,4.149,4.179,20.56672358,36.72281082,20.5659305,-999,25.92801282,-999,-999,-999,-999,-999,-999,-999,-999,-999,-999,-999
7008500203,2,20220430,1400,32.34292,64.59922,4.284,4.314,20.56732358,36.72304826,20.56650486,-999,25.92803795,-999,-999,-999,-999,-999,-999,-999,31.67964443,6.411936645,-999,153
7008500301,3,20220430,1459,32.29214333,64.56818167,4.64,4.672,20.55072358,36.70211605,20.54983751,36.7046,25.91660304,222.8216687,2092.11,2406.07,0.419599376,0.009758125,0.009758125,0.819682501,-999,-999,5.3,-999
7008500302,3,20220430,1459,32.29214333,64.56818167,4.704,4.738,20.55482358,36.70230651,20.55392487,-999,25.91564031,-999,-999,-999,-999,-999,-999,-999,-999,-999,-999,-999
7008500303,3,20220430,1459,32.29214333,64.56818167,4.943,4.977,20.55012358,36.70267078,20.54917968,-999,25.91720394,-999,-999,-999,-999,-999,-999,-999,34.00897428,6.412007185,-999,158
7008600101,1,20220522,1312,32.38078833,64.61209,4.805,4.839,23.91402524,36.6903545,23.91300247,36.6907,24.95009526,215.607289,2070.46,2371.59,0.136615126,0.009758223,0.019516447,0.712350302,-999,-999,6.17,-999
7008600102,1,20220522,1312,32.38078833,64.61209,4.484,4.516,23.98162524,36.68991032,23.9806688,-999,24.92956443,-999,-999,-999,-999,-999,-999,-999,-999,-999,-999,-999
7008600103,1,20220522,1312,32.38078833,64.61209,4.582,4.614,24.03272524,36.69031522,24.03174653,-999,24.91460335,-999,-999,-999,-999,-999,-999,-999,41.57251176,8.839402877,-999,220
7008600201,2,20220522,1418,32.33463667,64.59051833,4.947,4.982,23.65642524,36.67389696,23.65538051,36.6741,25.01417924,215.5532892,2083.77,2381.84,0.029275022,0,0.009758341,0.702600532,-999,-999,4.53,-999
7008600202,2,20220522,1418,32.33463667,64.59051833,4.975,5.01,23.66392524,36.67414779,23.6628744,-999,25.01214992,-999,-999,-999,-999,-999,-999,-999,-999,-999,-999,-999
7008600203,2,20220522,1418,32.33463667,64.59051833,4.722,4.756,23.64792524,36.67332129,23.64692817,-999,25.01624581,-999,-999,-999,-999,-999,-999,-999,36.99367007,7.02411457,-999,106
7008600301,3,20220522,1521,32.29437,64.56881667,4.157,4.186,23.92492524,36.6248661,23.92404044,36.6249,24.8972019,214.353262,2087.73,2402.62,0.009758689,0,0.009758689,0.888040671,-999,-999,5.5,-999
7008600302,3,20220522,1521,32.29437,64.56881667,4.295,4.326,23.92372524,36.62498437,23.92281088,-999,24.89765803,-999,-999,-999,-999,-999,-999,-999,-999,-999,-999,-999
7008600303,3,20220522,1521,32.29437,64.56881667,4.292,4.322,23.92832524,36.62488671,23.9274116,-999,24.89621219,-999,-999,-999,-999,-999,-999,-999,24.64549799,4.419798333,-999,45
7008600324,3,20220522,1521,32.29437,64.56881667,4.169,4.198,23.94422524,36.62474601,23.94333739,-999,24.89135554,-999,-999,-999,-999,-999,-999,-999,-999,-999,-999,-999
7008700101,1,20220627,2347,32.382695,64.61320333,3.47,3.495,25.1638552,36.6320032,25.16308892,36.6319,24.52714474,200.4105376,2066.99,2354.74,0.283000536,0.019517278,0.009758639,0.790449773,-999,-999,5.71,-999
7008700102,1,20220627,2347,32.382695,64.61320333,3.607,3.633,25.1612552,36.63326013,25.16045872,-999,24.52890427,-999,-999,-999,-999,-999,-999,-999,-999,-999,-999,-999
7008700103,1,20220627,2347,32.382695,64.61320333,3.681,3.707,25.1605552,36.63346776,25.15974251,-999,24.52928162,-999,-999,-999,-999,-999,-999,-999,-999,-999,-999,109
7008700201,2,20220628,45,32.33804167,64.59435667,3.548,3.573,24.74665881,36.74638509,24.74588453,36.7464,24.74140986,202.2810971,2080.9,2375.75,0.146367441,0.009757829,0.009757829,0.780626353,-999,-999,4.65,-999
7008700202,2,20220628,45,32.33804167,64.59435667,3.501,3.525,24.74765881,36.7465375,24.74689491,-999,24.74121724,-999,-999,-999,-999,-999,-999,-999,-999,-999,-999,-999
7008700203,2,20220628,45,32.33804167,64.59435667,3.868,3.895,24.75155881,36.74609436,24.75071463,-999,24.73971774,-999,-999,-999,-999,-999,-999,-999,-999,-999,-999,182
7008700301,3,20220628,147,32.29647667,64.57211167,2.863,2.883,24.76895881,36.68456797,24.7683338,36.6843,24.68781318,209.612821,2080.27,2388.81,0.009758269,0,0.009758269,0.731870144,-999,-999,5.13,-999
7008700302,3,20220628,147,32.29647667,64.57211167,2.939,2.96,24.76385881,36.68455263,24.76321721,-999,24.68936124,-999,-999,-999,-999,-999,-999,-999,-999,-999,-999,-999
7008700303,3,20220628,147,32.29647667,64.57211167,3.774,3.801,24.75805881,36.68489101,24.75723504,-999,24.69144006,-999,-999,-999,-999,-999,-999,-999,-999,-999,-999,71
7008800101,1,20220713,1222,32.38374,64.61100833,3.555,3.58,26.51081296,36.71466524,26.50999743,36.7145,24.16791528,190.7036545,2063.05,2347.36,0.478144695,0.03903222,0.01951611,0.91725717,-999,-999,4.07,-999
7008800102,1,20220713,1222,32.38374,64.61100833,3.449,3.473,26.45821296,36.71214264,26.45742295,-999,24.18273181,-999,-999,-999,-999,-999,-999,-999,-999,-999,-999,-999
7008800103,1,20220713,1222,32.38374,64.61100833,3.351,3.374,26.49371296,36.71344088,26.49294472,-999,24.17241717,-999,-999,-999,-999,-999,-999,-999,-999,-999,-999,246
7008800201,2,20220713,1316,32.34032,64.59795,3.877,3.904,26.37821296,36.58879827,26.37732726,36.6005,24.11512518,197.0383836,2055.94,2345.59,0.253730393,0.019517723,0.009758861,0.858779791,-999,-999,4.15,-999
7008800202,2,20220713,1316,32.34032,64.59795,3.882,3.909,26.38111296,36.58326542,26.38022607,-999,24.11003293,-999,-999,-999,-999,-999,-999,-999,-999,-999,-999,-999
7008800203,2,20220713,1316,32.34032,64.59795,3.822,3.849,26.36861296,36.59668192,26.36773995,-999,24.12411092,-999,-999,-999,-999,-999,-999,-999,-999,-999,-999,296
7008800301,3,20220713,1422,32.29397,64.57427333,3.983,4.011,26.13671296,36.6660593,26.13580882,36.6665,24.24977467,204.4221756,2070.32,2373.95,0.058550367,0.009758394,0.009758394,1.190524125,-999,-999,4.24,-999
7008800302,3,20220713,1422,32.29397,64.57427333,4.077,4.106,26.14591296,36.66572442,26.14498717,-999,24.24662754,-999,-999,-999,-999,-999,-999,-999,-999,-999,-999,-999
7008800303,3,20220713,1422,32.29397,64.57427333,4.255,4.285,26.15571296,36.66484567,26.15474654,-999,24.24288608,-999,-999,-999,-999,-999,-999,-999,-999,-999,-999,188
7008900101,1,20220812,1316,32.38142167,64.61102667,4.6,4.632,28.61772126,36.38831314,28.61660649,36.39,23.23575239,195.6850431,2053.05,2367.48,0.048801752,0.00976035,0.029281051,1.054117834,-999,-999,3.83,-999
7008900102,1,20220812,1316,32.38142167,64.61102667,4.449,4.48,28.58972126,36.38708569,28.58864385,-999,23.24415107,-999,-999,-999,-999,-999,-999,-999,-999,-999,-999,-999
7008900103,1,20220812,1316,32.38142167,64.61102667,4.347,4.378,28.58302126,36.38698103,28.58196856,-999,23.24629676,-999,-999,-999,-999,-999,-999,-999,-999,-999,-999,168
7008900201,2,20220812,1408,32.34033,64.593205,4.106,4.134,28.70462126,36.35749948,28.70362422,36.3582,23.18355297,197.0048801,2050.19,2364.05,0.039042301,0.009760575,0.009760575,1.083423858,-999,-999,4.06,-999
7008900202,2,20220812,1408,32.34033,64.593205,4.047,4.075,28.67292126,36.35659833,28.67193925,-999,23.19345632,-999,-999,-999,-999,-999,-999,-999,-999,-999,-999,-999
7008900203,2,20220812,1408,32.34033,64.593205,4.33,4.36,28.68612126,36.3570784,28.68507021,-999,23.18943305,-999,-999,-999,-999,-999,-999,-999,-999,-999,-999,184
7008900301,3,20220812,1505,32.30040667,64.57324167,4.354,4.385,28.74222126,36.35081072,28.74116268,36.3529,23.16598087,198.046915,2054.24,2378.58,0.019521226,0,0.009760613,1.239597825,-999,-999,4.16,-999
7008900302,3,20220812,1505,32.30040667,64.57324167,4.305,4.335,28.72312126,36.35093958,28.72207527,-999,23.1724575,-999,-999,-999,-999,-999,-999,-999,-999,-999,-999,-999
7008900303,3,20220812,1505,32.30040667,64.57324167,4.403,4.434,28.75382126,36.35071188,28.75275054,-999,23.16203216,-999,-999,-999,-999,-999,-999,-999,-999,-999,-999,48
7009000101,1,20220915,1825,32.38424167,64.61170333,4.278,4.308,28.159744,36.53417211,28.15871894,36.5343,23.49736803,189.9715001,2062.49,2377.26,0.165908602,0.019518659,0.00975933,0.839302338,-999,-999,3.9,-999
7009000102,1,20220915,1825,32.38424167,64.61170333,4.352,4.383,28.152244,36.53369676,28.1512013,-999,23.49949304,-999,-999,-999,-999,-999,-999,-999,-999,-999,-999,-999
7009000103,1,20220915,1825,32.38424167,64.61170333,4.291,4.321,28.148444,36.53336639,28.14741615,-999,23.50049441,-999,-999,-999,-999,-999,-999,-999,-999,-999,-999,330
7009000201,2,20220915,1915,32.34273333,64.59378667,3.738,3.764,28.124144,36.44085398,28.12324949,36.442,23.43888655,197.8338573,2056.06,2386.73,0.009759982,0,0.009759982,0.849118472,-999,-999,4.23,-999
7009000202,2,20220915,1915,32.34273333,64.59378667,3.705,3.731,28.121144,36.44141005,28.1202574,-999,23.44029185,-999,-999,-999,-999,-999,-999,-999,-999,-999,-999,-999
7009000203,2,20220915,1915,32.34273333,64.59378667,3.677,3.702,28.118644,36.44047957,28.11776435,-999,23.44041437,-999,-999,-999,-999,-999,-999,-999,-999,-999,-999,60
7009000301,3,20220915,2014,32.3017,64.57107667,3.537,3.561,27.974744,36.28688195,27.97390146,36.287,23.3722409,199.8510415,2049.71,2378.08,0.019522158,0,0.029283237,0.917541432,-999,-999,4.58,-999
7009000302,3,20220915,2014,32.3017,64.57107667,3.574,3.599,27.958844,36.28610002,27.95799282,-999,23.37687954,-999,-999,-999,-999,-999,-999,-999,-999,-999,-999,-999
7009000303,3,20220915,2014,32.3017,64.57107667,3.746,3.772,27.957844,36.2864517,27.95695193,-999,23.37748595,-999,-999,-999,-999,-999,-999,-999,-999,-999,-999,38
7009100101,1,20221011,1339,32.38226167,64.61305167,2.866,2.886,25.74543786,36.40198713,25.74479506,36.4018,24.17311228,196.2820038,2062.74,2363.88,0.702739212,0.029280801,0.009760267,0.80034188,-999,-999,4.5,-999
7009100102,1,20221011,1339,32.38226167,64.61305167,2.864,2.884,25.74573786,36.40255039,25.74509549,-999,24.17344378,-999,-999,-999,-999,-999,-999,-999,-999,-999,-999,-999
7009100103,1,20221011,1339,32.38226167,64.61305167,2.838,2.858,25.74533786,36.4032168,25.74470129,-999,24.17406991,-999,-999,-999,-999,-999,-999,-999,-999,-999,-999,254
7009100201,2,20221011,1428,32.33832833,64.59415833,3.292,3.315,25.86353786,36.4905335,25.86279679,36.4906,24.20307744,205.4766328,2062.61,2385.63,0.019519277,0,0.009759639,0.79053073,-999,-999,4.42,-999
7009100202,2,20221011,1428,32.33832833,64.59415833,3.431,3.455,25.86233786,36.49040411,25.86156552,-999,24.20336512,-999,-999,-999,-999,-999,-999,-999,-999,-999,-999,-999
7009100203,2,20221011,1428,32.33832833,64.59415833,3.445,3.469,25.86863786,36.48930174,25.86786225,-999,24.20056187,-999,-999,-999,-999,-999,-999,-999,-999,-999,-999,93
7009100301,3,20221011,1532,32.29142333,64.57469667,3.123,3.145,25.89873786,36.11605605,25.89803507,36.1197,23.90940544,205.6198181,2042.15,2366.54,0.009762263,0,0.009762263,0.820030088,-999,-999,4.54,-999
7009100302,3,20221011,1532,32.29142333,64.57469667,2.975,2.996,25.90093786,36.12117302,25.90026831,-999,23.91256855,-999,-999,-999,-999,-999,-999,-999,-999,-999,-999,-999
7009100303,3,20221011,1532,32.29142333,64.57469667,2.975,2.996,25.89943786,36.11848197,25.89876834,-999,23.91100692,-999,-999,-999,-999,-999,-999,-999,-999,-999,-999,91
7009200401,1,20221127,1229,32.38356,64.61194,4.326,4.357,23.5484,36.5677474,23.54748977,36.5674,24.96563827,206.631604,2071.48,2389.56,0.107350049,0.009759095,0.009759095,0.751450345,-999,-999,4.73,-999
7009200402,1,20221127,1229,32.38356,64.61194,4.596,4.629,23.5548,36.56804942,23.55383275,-999,24.96399485,-999,-999,-999,-999,-999,-999,-999,-999,-999,-999,-999
7009200403,1,20221127,1229,32.38356,64.61194,4.595,4.627,23.5538,36.56823247,23.55283319,-999,24.96442861,-999,-999,-999,-999,-999,-999,-999,-999,-999,-999,174
7009200501,2,20221127,1325,32.34161667,64.59409167,3.771,3.798,23.5355,36.57844899,23.53470683,36.5778,24.97751946,209.5930983,2070.12,2391.55,0.039036087,0.009759022,0.029277065,0.761203702,-999,-999,3.76,-999
7009200502,2,20221127,1325,32.34161667,64.59409167,3.198,3.221,23.5374,36.57843385,23.5367273,-999,24.9769121,-999,-999,-999,-999,-999,-999,-999,-999,-999,-999,-999
7009200503,2,20221127,1325,32.34161667,64.59409167,3.641,3.667,23.5373,36.57779499,23.53653415,-999,24.97648472,-999,-999,-999,-999,-999,-999,-999,-999,-999,-999,239
7009200801,3,20221130,1356,32.30460667,64.57000333,4.879,4.914,23.476,36.58760255,23.47497558,36.5864,25.00206466,209.8785727,2072.31,2394.65,0.029276883,0,0.009758961,0.790475841,-999,-999,4.3,-999
7009200802,3,20221130,1356,32.30460667,64.57000333,5.079,5.115,23.4764,36.58752501,23.47533367,-999,25.00190031,-999,-999,-999,-999,-999,-999,-999,-999,-999,-999,-999
7009200803,3,20221130,1356,32.30460667,64.57000333,4.774,4.808,23.4781,36.58728304,23.47709762,-999,25.00119739,-999,-999,-999,-999,-999,-999,-999,-999,-999,-999,164
7009300101,1,20221212,1513,32.382655,64.61093833,2.95,2.97,22.2659,36.65622659,22.26530379,36.6555,25.40471279,211.2953462,2077.59,2386.17,0.078067778,0.009758472,0.019516945,0.956330282,-999,-999,3.44,-999
7009300102,1,20221212,1513,32.382655,64.61093833,3.129,3.151,22.2805,36.65519011,22.27986716,-999,25.39977393,-999,-999,-999,-999,-999,-999,-999,-999,-999,-999,-999
7009300103,1,20221212,1513,32.382655,64.61093833,3.081,3.103,22.2935,36.65486897,22.29287654,-999,25.39582011,-999,-999,-999,-999,-999,-999,-999,-999,-999,-999,160
7009300201,2,20221212,1607,32.34194833,64.59531833,3.214,3.237,22.7896,36.6225635,22.78893936,36.6235,25.22882286,211.722451,2072.13,2391.97,0.009758699,0,0.009758699,0.858765476,-999,-999,3.83,-999
7009300202,2,20221212,1607,32.34194833,64.59531833,3.364,3.388,22.7897,36.62246588,22.78900854,-999,25.22872871,-999,-999,-999,-999,-999,-999,-999,-999,-999,-999,-999
7009300203,2,20221212,1607,32.34194833,64.59531833,3.233,3.256,22.784,36.62267116,22.7833356,-999,25.23052486,-999,-999,-999,-999,-999,-999,-999,-999,-999,-999,131
7009300301,3,20221212,1713,32.302015,64.577805,5.025,5.06,22.8017,36.62333682,22.80066688,36.6234,25.22601566,211.7223289,2075.14,2391.4,0.029276098,0,0.009758699,0.849006839,-999,-999,3.81,-999
7009300302,3,20221212,1713,32.302015,64.577805,4.603,4.635,22.8007,36.62348891,22.79975369,-999,25.22639542,-999,-999,-999,-999,-999,-999,-999,-999,-999,-999,-999
7009300303,3,20221212,1713,32.302015,64.577805,5.384,5.422,22.7988,36.62362038,22.79769307,-999,25.22709087,-999,-999,-999,-999,-999,-999,-999,-999,-999,-999,115
7009400301,3,20230111,1023,32.29933,64.57588833,4.303,4.333,21.5478,36.69887509,21.54695012,36.6994,25.63979108,215.2976751,2085.31,2403.28,0.019516324,0.009758162,0.009758162,0.809927429,-999,-999,4.05,-999
7009400302,3,20230111,1023,32.29933,64.57588833,4.057,4.085,21.5497,36.69886051,21.54889871,-999,25.63923598,-999,-999,-999,-999,-999,-999,-999,-999,-999,-999,-999
7009400303,3,20230111,1023,32.29933,64.57588833,4.279,4.309,21.5571,36.6986541,21.55625457,-999,25.63702457,-999,-999,-999,-999,-999,-999,-999,-999,-999,-999,208
7009400401,2,20230111,1112,32.34159167,64.59781,4.225,4.255,21.5087,36.65897862,21.50786666,36.6597,25.62035091,215.739449,2083.71,2398.76,0.029275328,0.009758443,0.009758443,0.829467618,-999,-999,5.75,-999
7009400402,2,20230111,1112,32.34159167,64.59781,3.923,3.951,21.5103,36.65933045,21.50952616,-999,25.62015591,-999,-999,-999,-999,-999,-999,-999,-999,-999,-999,-999
7009400403,2,20230111,1112,32.34159167,64.59781,3.993,4.021,21.5136,36.65919154,21.51281236,-999,25.61913376,-999,-999,-999,-999,-999,-999,-999,-999,-999,-999,205
7009400501,1,20230111,1149,32.38410833,64.60992333,3.976,4.004,20.4319,36.54249947,20.43114438,36.542,25.82704993,217.1022735,2084.02,2380.21,0.214704051,0.029277825,0.009759275,0.761223454,-999,-999,3.51,-999
7009400502,1,20230111,1149,32.38410833,64.60992333,4.24,4.27,20.4295,36.54230169,20.42869424,-999,25.82756008,-999,-999,-999,-999,-999,-999,-999,-999,-999,-999,-999
7009400503,1,20230111,1149,32.38410833,64.60992333,4.084,4.113,20.4267,36.54197641,20.42592395,-999,25.82805956,-999,-999,-999,-999,-999,-999,-999,-999,-999,-999,160
7009500101,1,20230204,1321,32.38495167,64.61261667,3.338,3.361,19.6612,36.70799482,19.66058216,36.706,26.15880699,224.7137782,2090.97,2385.53,0.243952878,0.01951623,0.009758115,0.673309943,-999,-999,3.94,-999
7009500102,1,20230204,1321,32.38495167,64.61261667,3.501,3.526,19.6742,36.70640089,19.67355153,-999,26.15417068,-999,-999,-999,-999,-999,-999,-999,-999,-999,-999,-999
7009500103,1,20230204,1321,32.38495167,64.61261667,3.913,3.94,19.6791,36.70614466,19.67837526,-999,26.15270274,-999,-999,-999,-999,-999,-999,-999,-999,-999,-999,150
7009500201,2,20230204,1419,32.34299,64.60036333,3.867,3.895,20.7405,36.64879775,20.73975668,36.6472,25.8243644,219.9063917,2087.7,2393.87,0.078068248,0.019517062,0.009758531,0.829475132,-999,-999,4.78,-999
7009500202,2,20230204,1419,32.34299,64.60036333,3.636,3.661,20.7423,36.64865429,20.7416013,-999,25.8237525,-999,-999,-999,-999,-999,-999,-999,-999,-999,-999,-999
7009500203,2,20230204,1419,32.34299,64.60036333,3.48,3.505,20.7394,36.6488263,20.73873114,-999,25.8246658,-999,-999,-999,-999,-999,-999,-999,-999,-999,-999,295
7009500301,3,20230204,1526,32.30366,64.57881167,4.096,4.125,20.6975,36.64472462,20.69671396,36.644,25.83298207,220.0259567,2087.87,2396.11,0.097585536,0.039034214,0.009758554,0.848994163,-999,-999,5.34,-999
7009500302,3,20230204,1526,32.30366,64.57881167,4.485,4.516,20.7002,36.64417587,20.69933937,-999,25.83184928,-999,-999,-999,-999,-999,-999,-999,-999,-999,-999,-999
7009500303,3,20230204,1526,32.30366,64.57881167,3.992,4.02,20.6988,36.64432337,20.69803394,-999,25.83231718,-999,-999,-999,-999,-999,-999,-999,-999,-999,-999,233
7009600101,1,20230322,1416,32.38172667,64.61431167,4.958,4.993,19.9723,36.73646247,19.97137178,36.7369,26.09819624,219.8885925,2100.54,2405.15,-999,-999,-999,-999,-999,-999,4.51,-999
7009600102,1,20230322,1416,32.38172667,64.61431167,5.198,5.234,19.9708,36.73661945,19.96982703,-999,26.09872719,-999,-999,-999,-999,-999,-999,-999,-999,-999,-999,-999
7009600103,1,20230322,1416,32.38172667,64.61431167,5.169,5.206,19.9673,36.736951,19.96633235,-999,26.09991053,-999,-999,-999,-999,-999,-999,-999,-999,-999,-999,220
7009600201,2,20230322,1514,32.34378833,64.59216167,5.095,5.131,20.2332,36.73830064,20.23223734,36.7389,26.02985573,221.4174418,2100.04,2408.97,-999,-999,-999,-999,-999,-999,6.25,-999
7009600202,2,20230322,1514,32.34378833,64.59216167,4.903,4.937,20.2345,36.7384965,20.2335737,-999,26.02964643,-999,-999,-999,-999,-999,-999,-999,-999,-999,-999,-999
7009600203,2,20230322,1514,32.34378833,64.59216167,5.382,5.42,20.2343,36.73846629,20.23328308,-999,26.02970119,-999,-999,-999,-999,-999,-999,-999,-999,-999,-999,263
7009600301,3,20230322,1623,32.29917667,64.57661,4.567,4.599,20.0988,36.73023244,20.09794125,36.7303,26.05967491,223.1715143,2101.28,2402.13,-999,-999,-999,-999,-999,-999,5.91,-999
7009600302,3,20230322,1623,32.29917667,64.57661,4.892,4.927,20.0997,36.73044424,20.09877997,-999,26.05961213,-999,-999,-999,-999,-999,-999,-999,-999,-999,-999,-999
7009600303,3,20230322,1623,32.29917667,64.57661,4.717,4.75,20.0927,36.72971216,20.09181324,-999,26.06091586,-999,-999,-999,-999,-999,-999,-999,-999,-999,-999,222
7009700101,1,20230416,2021,32.38478,64.61482667,3.148,3.17,21.2081,36.7372057,21.20748512,-999,25.76328671,227.5211095,2083.43,2376.46,-999,-999,-999,-999,-999,-999,3.29,-999
7009700102,1,20230416,2021,32.38478,64.61482667,3.521,3.546,21.2113,36.73775655,21.21061211,-999,25.76284114,-999,-999,-999,-999,-999,-999,-999,-999,-999,-999,258
7009700103,1,20230416,2021,32.38478,64.61482667,3.29,3.313,21.2136,36.73774039,21.21295726,-999,25.76218042,-999,-999,-999,-999,-999,-999,-999,-999,-999,-999,-999
7009700201,2,20230416,1948,32.33807333,64.59165667,4.225,4.255,20.9052,36.73109553,20.90438306,36.7307,25.84206309,227.6341263,2096.41,2397.52,-999,-999,-999,-999,-999,-999,3.73,-999
7009700202,2,20230416,1948,32.33807333,64.59165667,4.284,4.315,20.905,36.7313516,20.90417155,-999,25.84231604,-999,-999,-999,-999,-999,-999,-999,-999,-999,-999,170
7009700203,2,20230416,1948,32.33807333,64.59165667,4.107,4.136,20.8992,36.73090648,20.89840607,-999,25.84355673,-999,-999,-999,-999,-999,-999,-999,-999,-999,-999,-999
7009700301,3,20230416,1900,32.29884,64.574725,4.169,4.198,21.0647,36.73245179,21.06388964,36.7322,25.79928424,225.2514061,2087.84,2378.91,-999,-999,-999,-999,-999,-999,4.18,-999
7009700302,3,20230416,1900,32.29884,64.574725,4.348,4.379,21.0614,36.73247411,21.06055479,-999,25.80021925,-999,-999,-999,-999,-999,-999,-999,-999,-999,-999,191
7009700303,3,20230416,1900,32.29884,64.574725,4.07,4.099,21.0531,36.73234358,21.05230906,-999,25.80238969,-999,-999,-999,-999,-999,-999,-999,-999,-999,-999,-999
7009800101,1,20230511,1811,32.38434833,64.61031167,3.48,3.505,21.418,36.8086351,21.41731512,36.8069,25.75943354,219.8082609,2085.75,2385.52,-999,-999,-999,-999,-999,-999,4.15,-999
7009800102,1,20230511,1811,32.38434833,64.61031167,3.821,3.848,21.3736,36.79936613,21.37284923,-999,25.76474847,-999,-999,-999,-999,-999,-999,-999,-999,-999,-999,-999
7009800103,1,20230511,1811,32.38434833,64.61031167,3.607,3.632,21.3575,36.79636762,21.35679177,-999,25.76692901,-999,-999,-999,-999,-999,-999,-999,-999,-999,-999,114
7009800201,2,20230511,1910,32.34823,64.59073667,5.12,5.156,20.9122,36.7327551,20.91120982,36.7317,25.84145585,222.602575,2095.29,2401.83,-999,-999,-999,-999,-999,-999,4.27,-999
7009800202,2,20230511,1910,32.34823,64.59073667,5.198,5.235,20.9103,36.73238151,20.90929471,-999,25.84169614,-999,-999,-999,-999,-999,-999,-999,-999,-999,-999,-999
7009800203,2,20230511,1910,32.34823,64.59073667,5.354,5.392,20.9016,36.73112508,20.90056487,-999,25.84313125,-999,-999,-999,-999,-999,-999,-999,-999,-999,-999,62
7009800301,3,20230511,2018,32.31071833,64.57173,4.193,4.222,20.8548,36.72937439,20.85399079,36.7293,25.85454799,223.1315738,2098.88,2401.12,-999,-999,-999,-999,-999,-999,4.14,-999
7009800302,3,20230511,2018,32.31071833,64.57173,4.045,4.073,20.8564,36.72956353,20.85561931,-999,25.85424657,-999,-999,-999,-999,-999,-999,-999,-999,-999,-999,-999
7009800303,3,20230511,2018,32.31071833,64.57173,4.03,4.058,20.8459,36.72846129,20.84512247,-999,25.85627849,-999,-999,-999,-999,-999,-999,-999,-999,-999,-999,61
7009900101,1,20230620,1437,32.383965,64.61432333,4.015,4.044,24.1434,36.14071217,24.14254129,36.1385,24.46536174,209.9388782,2054.55,2344.07,-999,-999,-999,-999,-999,-999,4.99,-999
7009900102,1,20230620,1437,32.383965,64.61432333,3.899,3.927,24.1407,36.14147001,24.1398662,-999,24.46673595,-999,-999,-999,-999,-999,-999,-999,-999,-999,-999,-999
7009900103,1,20230620,1437,32.383965,64.61432333,3.924,3.952,24.0912,36.14653916,24.09036213,-999,24.4853773,-999,-999,-999,-999,-999,-999,-999,-999,-999,-999,158
7009900201,2,20230620,1529,32.33947333,64.59072833,3.388,3.412,23.8529,36.1763751,23.85218173,36.1746,24.57893026,213.2664271,2057.87,2354.31,-999,-999,-999,-999,-999,-999,3.86,-999
7009900202,2,20230620,1529,32.33947333,64.59072833,3.315,3.338,23.8495,36.17601456,23.84879738,-999,24.57966243,-999,-999,-999,-999,-999,-999,-999,-999,-999,-999,-999
7009900203,2,20230620,1529,32.33947333,64.59072833,2.931,2.952,23.7639,36.17709109,23.76328025,-999,24.6058473,-999,-999,-999,-999,-999,-999,-999,-999,-999,-999,162
7009900301,3,20230620,1626,32.29687667,64.56866,4.39,4.421,23.7308,36.12484178,23.72987297,36.1259,24.57616296,213.8717259,2054.51,2354.11,-999,-999,-999,-999,-999,-999,4.12,-999
7009900302,3,20230620,1626,32.29687667,64.56866,3.978,4.006,23.7085,36.12673349,23.70766056,-999,24.58416874,-999,-999,-999,-999,-999,-999,-999,-999,-999,-999,-999
7009900303,3,20230620,1626,32.29687667,64.56866,3.977,4.005,23.7425,36.12423866,23.74165991,-999,24.57221698,-999,-999,-999,-999,-999,-999,-999,-999,-999,-999,172
7010000101,1,20230726,1913,32.38301,64.6132,5.168,5.205,28.5105,35.97251156,28.50925242,35.9745,22.95898708,195.5560583,2026.68,2322.34,-999,-999,-999,-999,-999,-999,5.23,-999
7010000102,1,20230726,1913,32.38301,64.6132,5.234,5.271,28.5359,35.97362897,28.53463577,-999,22.95139244,-999,-999,-999,-999,-999,-999,-999,-999,-999,-999,-999
7010000103,1,20230726,1913,32.38301,64.6132,4.952,4.987,28.5957,35.97784797,28.59450202,-999,22.93465186,-999,-999,-999,-999,-999,-999,-999,-999,-999,-999,138
7010000201,2,20230726,2007,32.34231,64.59262333,5.2,5.237,28.4365,36.14278609,28.43524647,36.14,23.11153628,200.1528791,2042.48,2365.7,-999,-999,-999,-999,-999,-999,4.1,-999
7010000202,2,20230726,2007,32.34231,64.59262333,4.979,5.014,28.4892,36.13878478,28.48799823,-999,23.09101363,-999,-999,-999,-999,-999,-999,-999,-999,-999,-999,-999
7010000203,2,20230726,2007,32.34231,64.59262333,4.961,4.996,28.5188,36.13754379,28.51760163,-999,23.08024286,-999,-999,-999,-999,-999,-999,-999,-999,-999,-999,51
7010000301,3,20230726,2108,32.30246667,64.56794167,4.211,4.24,28.1029,36.06859041,28.10189414,36.0686,23.16594821,201.073839,2036.62,2362.98,-999,-999,-999,-999,-999,-999,4.32,-999
7010000302,3,20230726,2108,32.30246667,64.56794167,4.524,4.556,28.0603,36.07090789,28.05922037,-999,23.18173705,-999,-999,-999,-999,-999,-999,-999,-999,-999,-999,50
7010000303,3,20230726,2108,32.30246667,64.56794167,4.289,4.319,28.0472,36.07123936,28.04617688,-999,23.18627705,-999,-999,-999,-999,-999,-999,-999,-999,-999,-999,-999
7010100122,1,20230814,1224,32.38151333,64.61276,4.458,4.49,28.5393,36.23722291,28.5382221,36.2365,23.14830448,191.8331041,2048.43,2355.97,-999,-999,-999,-999,-999,-999,4.91,-999
7010100123,1,20230814,1224,32.38151333,64.61276,4.479,4.511,28.5522,36.23730171,28.55111669,-999,23.14407305,-999,-999,-999,-999,-999,-999,-999,-999,-999,-999,-999
7010100124,1,20230814,1224,32.38151333,64.61276,4.479,4.511,28.5389,36.23679629,28.53781707,-999,23.14811858,-999,-999,-999,-999,-999,-999,-999,-999,-999,-999,212
7010100201,2,20230814,1613,32.33353,64.58912333,4.939,4.974,28.9429,36.12110719,28.94169393,36.1221,22.92625773,197.4316927,2040.86,2362.19,-999,-999,-999,-999,-999,-999,3.56,-999
7010100202,2,20230814,1613,32.33353,64.58912333,4.882,4.916,28.9526,36.12220293,28.95140769,-999,22.92382137,-999,-999,-999,-999,-999,-999,-999,-999,-999,-999,-999
7010100203,2,20230814,1613,32.33353,64.58912333,4.814,4.848,28.9737,36.12262618,28.97252355,-999,22.91705162,-999,-999,-999,-999,-999,-999,-999,-999,-999,-999,32
7010100204,2,20230814,1613,32.33353,64.58912333,5.121,5.157,28.8891,36.12073698,28.88785127,-999,22.94403363,-999,-999,-999,-999,-999,-999,-999,-999,-999,-999,-999
7010100205,2,20230814,1613,32.33353,64.58912333,4.966,5.001,28.8838,36.12096208,28.88258921,-999,22.94596609,-999,-999,-999,-999,-999,-999,-999,-999,-999,-999,-999
7010100206,2,20230814,1613,32.33353,64.58912333,4.914,4.948,28.889,36.12033464,28.88780188,-999,22.94374805,-999,-999,-999,-999,-999,-999,-999,-999,-999,-999,-999
7010100301,3,20230814,1711,32.29985,64.56616333,4.523,4.555,29.0598,36.13919623,29.05869218,36.1388,22.90053748,196.4069994,2038.87,2364.22,-999,-999,-999,-999,-999,-999,3.46,-999
7010100302,3,20230814,1711,32.29985,64.56616333,4.484,4.515,29.0466,36.13867945,29.04550228,-999,22.90458555,-999,-999,-999,-999,-999,-999,-999,-999,-999,-999,-999
7010100303,3,20230814,1711,32.29985,64.56616333,4.402,4.433,29.0833,36.13812918,29.08222121,-999,22.89181964,-999,-999,-999,-999,-999,-999,-999,-999,-999,-999,42
7010100304,3,20230814,1711,32.29985,64.56616333,4.428,4.459,29.0682,36.13748364,29.0671153,-999,22.89641785,-999,-999,-999,-999,-999,-999,-999,-999,-999,-999,-999
7010100305,3,20230814,1711,32.29985,64.56616333,4.579,4.611,29.0556,36.13807303,29.05447868,-999,22.90111122,-999,-999,-999,-999,-999,-999,-999,-999,-999,-999,-999
7010100306,3,20230814,1711,32.29985,64.56616333,4.597,4.63,29.0385,36.13872792,29.03737455,-999,22.90735486,-999,-999,-999,-999,-999,-999,-999,-999,-999,-999,-999
7010200401,1,20230922,420,32.38158333,64.60652167,4.656,4.688,27.2257,36.52179684,27.22461181,36.5212,23.79332523,196.4379239,2058.13,2381.35,-999,-999,-999,-999,-999,-999,3.92,-999
7010200402,1,20230922,420,32.38158333,64.60652167,4.455,4.486,27.2217,36.5218983,27.22065881,-999,23.79467982,-999,-999,-999,-999,-999,-999,-999,-999,-999,-999,67
7010200501,2,20230922,521,32.34033,64.593085,5.445,5.483,27.2211,36.59130472,27.21982712,36.592,23.84722628,200.9581608,2061.81,2392.45,-999,-999,-999,-999,-999,-999,3.94,-999
7010200502,2,20230922,521,32.34033,64.593085,5.032,5.067,27.2201,36.59082481,27.21892373,-999,23.84715711,-999,-999,-999,-999,-999,-999,-999,-999,-999,-999,-999
7010200503,2,20230922,521,32.34033,64.593085,5.204,5.241,27.2204,36.59066307,27.21918333,-999,23.84695125,-999,-999,-999,-999,-999,-999,-999,-999,-999,-999,41
7010200601,3,20230922,625,32.30628333,64.57452833,4.85,4.884,27.2798,36.53247096,27.27866462,36.5328,23.78387374,200.1253099,2061.04,2390.87,-999,-999,-999,-999,-999,-999,3.9,-999
7010200602,3,20230922,625,32.30628333,64.57452833,4.979,5.014,27.2837,36.53300571,27.28253427,-999,23.78302359,-999,-999,-999,-999,-999,-999,-999,-999,-999,-999,-999
7010200603,3,20230922,625,32.30628333,64.57452833,5,5.035,27.2887,36.53335559,27.28752923,-999,23.78166974,-999,-999,-999,-999,-999,-999,-999,-999,-999,-999,33
7010300101,1,20231016,1415,32.385795,64.61248833,3.907,3.935,26.1383,36.58895017,26.1374132,36.5898,24.19108839,198.4225965,2063.56,2384.71,-999,-999,-999,-999,-999,-999,2.78,-999
7010300102,1,20231016,1415,32.385795,64.61248833,4.006,4.034,26.1393,36.58899738,26.13839086,-999,24.19081577,-999,-999,-999,-999,-999,-999,-999,-999,-999,-999,-999
7010300103,1,20231016,1415,32.385795,64.61248833,3.782,3.808,26.1422,36.58972399,26.14134172,-999,24.19043387,-999,-999,-999,-999,-999,-999,-999,-999,-999,-999,198
7010300201,2,20231016,1516,32.33639833,64.594975,3.014,3.036,26.3885,36.61415451,26.38781097,36.6141,24.13092616,200.4000986,2061.71,2390.42,-999,-999,-999,-999,-999,-999,3.24,-999
7010300202,2,20231016,1516,32.33639833,64.594975,3.362,3.385,26.3884,36.61419485,26.38763176,-999,24.13101326,-999,-999,-999,-999,-999,-999,-999,-999,-999,-999,-999
7010300203,2,20231016,1516,32.33639833,64.594975,3.532,3.556,26.388,36.61352661,26.38719296,-999,24.13064834,-999,-999,-999,-999,-999,-999,-999,-999,-999,-999,193
7010300301,3,20231016,1617,32.29659667,64.57295167,3.225,3.248,26.8689,36.71045919,26.86815283,36.711,24.05029304,200.4049021,2063.41,2399.73,-999,-999,-999,-999,-999,-999,3.05,-999
7010300302,3,20231016,1617,32.29659667,64.57295167,3.684,3.71,26.8684,36.71075191,26.86754656,-999,24.050708,-999,-999,-999,-999,-999,-999,-999,-999,-999,-999,-999
7010300303,3,20231016,1617,32.29659667,64.57295167,3.515,3.539,26.8673,36.71089198,26.86648592,-999,24.05115399,-999,-999,-999,-999,-999,-999,-999,-999,-999,-999,68
7010400101,1,20231116,1508,32.384625,64.61179167,3.851,3.878,23.4462,36.57207059,23.44539236,36.5723,24.9990064,209.3638932,2069.06,2378.54,-999,-999,-999,-999,-999,-999,3.43,-999
7010400102,1,20231116,1508,32.384625,64.61179167,4.038,4.067,23.4471,36.57186788,23.44625298,-999,24.99859935,-999,-999,-999,-999,-999,-999,-999,-999,-999,-999,-999
7010400103,1,20231116,1508,32.384625,64.61179167,3.797,3.824,23.4442,36.57151404,23.44340366,-999,24.99916989,-999,-999,-999,-999,-999,-999,-999,-999,-999,-999,288
7010400201,2,20231116,1614,32.35018167,64.583255,3.854,3.882,23.9415,36.59750732,23.94067915,36.5975,24.8715215,209.6082552,2066.91,2388.57,-999,-999,-999,-999,-999,-999,3.94,-999
7010400202,2,20231116,1614,32.35018167,64.583255,4.219,4.249,23.9397,36.59770599,23.93880159,-999,24.8722318,-999,-999,-999,-999,-999,-999,-999,-999,-999,-999,-999
7010400203,2,20231116,1614,32.35018167,64.583255,4.577,4.609,23.9429,36.59744165,23.94192537,-999,24.87109971,-999,-999,-999,-999,-999,-999,-999,-999,-999,-999,140
7010400301,3,20231116,1719,32.30642167,64.56979,5.678,5.718,23.9664,36.60299337,23.96518996,36.6029,24.86836044,209.1280655,2070.96,2390.55,-999,-999,-999,-999,-999,-999,-999,-999
7010400302,3,20231116,1719,32.30642167,64.56979,6.074,6.117,23.9684,36.60267438,23.96710544,-999,24.86754695,-999,-999,-999,-999,-999,-999,-999,-999,-999,-999,-999
7010400303,3,20231116,1719,32.30642167,64.56979,5.912,5.954,23.9616,36.60378645,23.96034019,-999,24.87040837,-999,-999,-999,-999,-999,-999,-999,-999,-999,-999,106
7010500101,1,20231211,1256,32.381275,64.611795,3.886,3.913,21.8108,36.62854346,21.81002609,36.6279,25.51258327,208.7879216,2081.82,2390.6,-999,-999,-999,-999,-999,-999,3.97,-999
7010500102,1,20231211,1256,32.381275,64.611795,4.318,4.348,21.8099,36.62815009,21.80904008,-999,25.51256136,-999,-999,-999,-999,-999,-999,-999,-999,-999,-999,-999
7010500103,1,20231211,1256,32.381275,64.611795,4.261,4.291,21.8115,36.62841797,21.81065131,-999,25.51231184,-999,-999,-999,-999,-999,-999,-999,-999,-999,-999,177
7010500201,2,20231211,1350,32.34169333,64.596165,4.703,4.736,21.9475,36.60925403,21.9465592,36.6083,25.45944157,213.5381356,2077.28,2396.02,-999,-999,-999,-999,-999,-999,4.23,-999
7010500202,2,20231211,1350,32.34169333,64.596165,4.797,4.831,21.9482,36.60930909,21.94724031,-999,25.45929105,-999,-999,-999,-999,-999,-999,-999,-999,-999,-999,-999
7010500203,2,20231211,1350,32.34169333,64.596165,4.851,4.885,21.9471,36.60925438,21.94612962,-999,25.45956306,-999,-999,-999,-999,-999,-999,-999,-999,-999,-999,236
7010500301,3,20231211,1455,32.299615,64.57228667,5.673,5.713,22.0225,36.59252945,22.02136243,36.5906,25.42558608,214.8653704,2071.87,2395.23,-999,-999,-999,-999,-999,-999,3.93,-999
7010500302,3,20231211,1455,32.299615,64.57228667,6.404,6.449,22.0209,36.59221976,22.01961593,-999,25.42584455,-999,-999,-999,-999,-999,-999,-999,-999,-999,-999,-999
7010500303,3,20231211,1455,32.299615,64.57228667,5.586,5.625,22.0231,36.59266287,22.02197993,-999,25.42551279,-999,-999,-999,-999,-999,-999,-999,-999,-999,-999,140
7010600101,1,20240115,1622,32.38576833,64.61163,3.608,3.633,20.1173,36.6278478,20.11662157,36.6296,25.97659175,219.842593,2094.11,2393.56,-999,-999,-999,-999,-999,-999,-999,-999
7010600102,1,20240115,1622,32.38576833,64.61163,3.74,3.766,20.116,36.62806571,20.11529677,-999,25.97711201,-999,-999,-999,-999,-999,-999,-999,-999,-999,-999,-999
7010600103,1,20240115,1622,32.38576833,64.61163,3.842,3.869,20.1256,36.62846177,20.12487729,-999,25.97485285,-999,-999,-999,-999,-999,-999,-999,-999,-999,-999,276
7010600201,2,20240115,1720,32.34495333,64.59462333,3.383,3.407,20.4342,36.65730019,20.43355661,36.6568,25.9139028,219.6812615,2095.16,2396.76,-999,-999,-999,-999,-999,-999,-999,-999
7010600202,2,20240115,1720,32.34495333,64.59462333,3.706,3.732,20.4457,36.65744721,20.44499495,-999,25.91092591,-999,-999,-999,-999,-999,-999,-999,-999,-999,-999,-999
7010600203,2,20240115,1720,32.34495333,64.59462333,3.368,3.391,20.4419,36.65740913,20.44125946,-999,25.91190589,-999,-999,-999,-999,-999,-999,-999,-999,-999,-999,232
7010600224,2,20240115,1720,32.34495333,64.59462333,3.565,3.59,20.4423,36.65761849,20.44162185,-999,25.91196752,-999,-999,-999,-999,-999,-999,-999,-999,-999,-999,-999
7010600301,3,20240115,1857,32.305225,64.57221333,3.334,3.357,20.3554,36.64766061,20.35476781,36.6482,25.92779902,220.0252686,2094.44,2395.38,-999,-999,-999,-999,-999,-999,-999,-999
7010600302,3,20240115,1857,32.305225,64.57221333,3.387,3.411,20.3521,36.64777696,20.35145772,-999,25.92877914,-999,-999,-999,-999,-999,-999,-999,-999,-999,-999,-999
7010600303,3,20240115,1857,32.305225,64.57221333,3.218,3.241,20.3417,36.64701878,20.34108995,-999,25.93099273,-999,-999,-999,-999,-999,-999,-999,-999,-999,-999,257
7010700601,3,20240217,1444,32.29662,64.57645667,4.09,4.118,19.3208,36.63559524,19.32005253,36.639,26.19276788,221.2304799,2103.08,2402.6,-999,-999,-999,-999,-999,-999,-999,-999
7010700602,3,20240217,1444,32.29662,64.57645667,4.131,4.16,19.3223,36.63595574,19.32154487,-999,26.19265434,-999,-999,-999,-999,-999,-999,-999,-999,-999,-999,-999
7010700603,3,20240217,1444,32.29662,64.57645667,3.977,4.005,19.3258,36.63733943,19.32507291,-999,26.19279191,-999,-999,-999,-999,-999,-999,-999,-999,-999,-999,-999
7010700701,2,20240217,1533,32.33970833,64.594995,4.563,4.596,19.2793,36.62737203,19.27846706,36.629,26.19731682,220.5789647,2101.81,2394.38,-999,-999,-999,-999,-999,-999,-999,-999
7010700702,2,20240217,1533,32.33970833,64.594995,4.707,4.74,19.2786,36.62714713,19.27774098,-999,26.19733389,-999,-999,-999,-999,-999,-999,-999,-999,-999,-999,-999
7010700703,2,20240217,1533,32.33970833,64.594995,4.584,4.616,19.279,36.62722694,19.27816345,-999,26.19728498,-999,-999,-999,-999,-999,-999,-999,-999,-999,-999,-999
7010700801,1,20240217,1608,32.379085,64.61400167,4.439,4.47,18.9673,36.67393835,18.96649889,36.6755,26.31369196,225.3736654,2101.1,2395.6,-999,-999,-999,-999,-999,-999,-999,-999
7010700802,1,20240217,1608,32.379085,64.61400167,4.461,4.493,18.9636,36.67368703,18.96279488,-999,26.31445415,-999,-999,-999,-999,-999,-999,-999,-999,-999,-999,-999
7010700803,1,20240217,1608,32.379085,64.61400167,4.447,4.478,18.9437,36.67423556,18.94289816,-999,26.31999785,-999,-999,-999,-999,-999,-999,-999,-999,-999,-999,-999
7010800401,3,20240311,953,32.28869833,64.56087,3.99,4.018,19.4194,36.63525107,19.41866808,36.6343,26.16676373,224.9300352,2098.73,2399.74,-999,-999,-999,-999,-999,-999,-999,-999
7010800402,3,20240311,953,32.28869833,64.56087,4.095,4.124,19.4192,36.63525325,19.41844877,-999,26.16682268,-999,-999,-999,-999,-999,-999,-999,-999,-999,-999,-999
7010800403,3,20240311,953,32.28869833,64.56087,4.022,4.05,19.4289,36.63586406,19.42816199,-999,26.16474939,-999,-999,-999,-999,-999,-999,-999,-999,-999,-999,-999
7010800501,2,20240311,1059,32.335445,64.59602,4.927,4.962,19.4788,36.63756519,19.47789414,36.637,26.15303299,224.8049203,2099.61,2397.97,-999,-999,-999,-999,-999,-999,-999,-999
7010800502,2,20240311,1059,32.335445,64.59602,4.69,4.723,19.4792,36.63755423,19.47833777,-999,26.15290852,-999,-999,-999,-999,-999,-999,-999,-999,-999,-999,-999
7010800503,2,20240311,1059,32.335445,64.59602,4.746,4.779,19.4785,36.63762308,19.47762757,-999,26.15314711,-999,-999,-999,-999,-999,-999,-999,-999,-999,-999,-999
7010800601,1,20240311,1134,32.378815,64.60934833,3.959,3.987,19.6742,36.60626199,19.67346715,36.606,26.07774683,224.0643134,2092.95,2384.69,-999,-999,-999,-999,-999,-999,-999,-999
7010800602,1,20240311,1134,32.378815,64.60934833,3.799,3.825,19.6735,36.6061887,19.67279695,-999,26.07786759,-999,-999,-999,-999,-999,-999,-999,-999,-999,-999,-999
7010800603,1,20240311,1134,32.378815,64.60934833,3.872,3.9,19.6753,36.6060537,19.67458312,-999,26.07729375,-999,-999,-999,-999,-999,-999,-999,-999,-999,-999,-999
7010900101,1,20240415,1905,32.38347333,64.612815,3.51,3.534,20.0166,36.63507193,20.01594237,36.6348,26.00897237,226.7822675,2095.94,2387.12,-999,-999,-999,-999,-999,-999,-999,-999
7010900102,1,20240415,1905,32.38347333,64.612815,3.979,4.007,19.9529,36.6346675,19.95215602,-999,26.02564383,-999,-999,-999,-999,-999,-999,-999,-999,-999,-999,-999
7010900103,1,20240415,1905,32.38347333,64.612815,3.738,3.765,19.9142,36.63424332,19.91350191,-999,26.03559358,-999,-999,-999,-999,-999,-999,-999,-999,-999,-999,10
7010900201,2,20240415,1959,32.34403333,64.59783,4.608,4.641,20.0721,36.63791809,20.07123465,35.8191,25.99639476,230.5299759,2098.99,2397.18,-999,-999,-999,-999,-999,-999,-999,-999
7010900202,2,20240415,1959,32.34403333,64.59783,4.696,4.729,20.0836,36.63838177,20.08271788,-999,25.99368252,-999,-999,-999,-999,-999,-999,-999,-999,-999,-999,-999
7010900203,2,20240415,1959,32.34403333,64.59783,4.658,4.691,20.0152,36.6380064,20.01432708,-999,26.01163944,-999,-999,-999,-999,-999,-999,-999,-999,-999,-999,247
7010900301,3,20240415,2100,32.30137333,64.57414,3.56,3.585,20.1398,36.64641686,20.13912994,36.6464,25.98473244,230.4537357,2095.9,2397.92,-999,-999,-999,-999,-999,-999,-999,-999
7010900302,3,20240415,2100,32.30137333,64.57414,3.581,3.606,20.1425,36.64650915,20.14182595,-999,25.98408155,-999,-999,-999,-999,-999,-999,-999,-999,-999,-999,-999
7010900303,3,20240415,2100,32.30137333,64.57414,3.684,3.71,20.1406,36.64654565,20.13990656,-999,25.98462285,-999,-999,-999,-999,-999,-999,-999,-999,-999,-999,197
7011000101,1,20240609,1516,32.384245,64.60915333,4.804,4.838,24.6861,36.74441306,24.68505344,36.7446,24.75844326,209.2057572,2081.8,2373.77,-999,-999,-999,-999,-999,-999,-999,-999
7011000102,1,20240609,1516,32.384245,64.60915333,4.523,4.555,24.7265,36.74676862,24.72551349,-999,24.74790753,-999,-999,-999,-999,-999,-999,-999,-999,-999,-999,-999
7011000103,1,20240609,1516,32.384245,64.60915333,4.603,4.635,24.7001,36.74625328,24.69909694,-999,24.75556137,-999,-999,-999,-999,-999,-999,-999,-999,-999,-999,164
7011000201,2,20240609,1613,32.34561833,64.59097333,4.324,4.355,24.9613,36.8369647,24.96034999,36.8388,24.74435731,209.9824395,2097.01,2405.81,-999,-999,-999,-999,-999,-999,-999,-999
7011000202,2,20240609,1613,32.34561833,64.59097333,4.365,4.396,24.9613,36.83689861,24.96034105,-999,24.74431006,-999,-999,-999,-999,-999,-999,-999,-999,-999,-999,-999
7011000203,2,20240609,1613,32.34561833,64.59097333,4.218,4.248,24.9596,36.83605452,24.95867338,-999,24.74418309,-999,-999,-999,-999,-999,-999,-999,-999,-999,-999,78
7011000301,3,20240609,1715,32.30716167,64.570775,5.514,5.553,25.1781,36.85612128,25.17688093,36.8567,24.69228037,221.4180832,2095.84,2409.54,-999,-999,-999,-999,-999,-999,-999,-999
7011000302,3,20240609,1715,32.30716167,64.570775,5.292,5.329,25.1759,36.85517143,25.17473019,-999,24.69222544,-999,-999,-999,-999,-999,-999,-999,-999,-999,-999,-999
7011000303,3,20240609,1715,32.30716167,64.570775,5.317,5.354,25.1125,36.8562486,25.11132684,-999,24.71256544,-999,-999,-999,-999,-999,-999,-999,-999,-999,-999,31
7011000304,3,20240609,1715,32.30716167,64.570775,5.472,5.51,25.1871,36.85532081,25.18589006,-999,24.68889825,-999,-999,-999,-999,-999,-999,-999,-999,-999,-999,-999
7011000305,3,20240609,1715,32.30716167,64.570775,5.032,5.068,25.1838,36.85624977,25.18268723,-999,24.69058794,-999,-999,-999,-999,-999,-999,-999,-999,-999,-999,-999
7011100201,1,20240716,1235,32.38307,64.61224667,3.066,3.087,27.4665,36.7852156,27.46577817,36.7853,23.91348079,202.3177861,2069.38,2370.97,-999,-999,-999,-999,-999,-999,-999,-999
7011100202,1,20240716,1235,32.38307,64.61224667,3.042,3.064,27.4664,36.78517319,27.46568355,-999,23.91347966,-999,-999,-999,-999,-999,-999,-999,-999,-999,-999,-999
7011100203,1,20240716,1235,32.38307,64.61224667,3.151,3.174,27.4674,36.7851426,27.46665781,-999,23.91313951,-999,-999,-999,-999,-999,-999,-999,-999,-999,-999,179
7011100301,2,20240716,1332,32.339865,64.59459667,4.387,4.417,27.6341,36.78082374,27.63306258,36.7839,23.8556281,202.7676822,2077.86,2399.41,-999,-999,-999,-999,-999,-999,-999,-999
7011100302,2,20240716,1332,32.339865,64.59459667,4.929,4.964,27.6107,36.78053043,27.60953482,-999,23.86309085,-999,-999,-999,-999,-999,-999,-999,-999,-999,-999,-999
7011100303,2,20240716,1332,32.339865,64.59459667,5.103,5.139,27.6216,36.78083504,27.6203934,-999,23.85977436,-999,-999,-999,-999,-999,-999,-999,-999,-999,-999,144
7011100401,3,20240716,1448,32.30139667,64.57162,3.826,3.853,27.4933,36.70923155,27.49239864,36.7109,23.84759746,201.1946653,2080.06,2401.64,-999,-999,-999,-999,-999,-999,-999,-999
7011100402,3,20240716,1448,32.30139667,64.57162,4.258,4.288,27.4988,36.70855747,27.49779673,-999,23.84533227,-999,-999,-999,-999,-999,-999,-999,-999,-999,-999,-999
7011100403,3,20240716,1448,32.30139667,64.57162,3.593,3.618,27.4992,36.7084603,27.49835349,-999,23.84507813,-999,-999,-999,-999,-999,-999,-999,-999,-999,-999,49
7011200401,3,20240813,1330,32.300335,64.57314167,3.513,3.538,29.105,36.92842883,29.10413645,36.9305,23.47800111,195.3326671,2070.78,2377.68,-999,-999,-999,-999,-999,-999,-999,-999
7011200402,3,20240813,1330,32.300335,64.57314167,3.683,3.709,29.1045,36.92836164,29.10359473,-999,23.47813345,-999,-999,-999,-999,-999,-999,-999,-999,-999,-999,-999
7011200403,3,20240813,1330,32.300335,64.57314167,3.745,3.772,29.1043,36.92866355,29.10337935,-999,23.47843292,-999,-999,-999,-999,-999,-999,-999,-999,-999,-999,123
7011200501,2,20240813,1433,32.34136167,64.59507167,4.416,4.446,29.0474,36.91050581,29.04631646,36.9121,23.48404502,195.5970488,2071.72,2377.64,-999,-999,-999,-999,-999,-999,-999,-999
7011200502,2,20240813,1433,32.34136167,64.59507167,4.329,4.359,29.0474,36.91094161,29.04633766,-999,23.48436531,-999,-999,-999,-999,-999,-999,-999,-999,-999,-999,-999
7011200503,2,20240813,1433,32.34136167,64.59507167,4.342,4.373,29.0483,36.91094157,29.04723422,-999,23.48406299,-999,-999,-999,-999,-999,-999,-999,-999,-999,-999,207
7011200601,1,20240813,1718,32.37945333,64.613985,4.327,4.358,29.3585,36.94662043,29.35742946,36.9478,23.40592276,188.7405233,2066.26,2348.13,-999,-999,-999,-999,-999,-999,-999,-999
7011200602,1,20240813,1718,32.37945333,64.613985,4.365,4.396,29.3576,36.94709616,29.35652014,-999,23.40658863,-999,-999,-999,-999,-999,-999,-999,-999,-999,-999,-999
7011200603,1,20240813,1718,32.37945333,64.613985,4.092,4.121,29.3611,36.94643231,29.36008761,-999,23.4048793,-999,-999,-999,-999,-999,-999,-999,-999,-999,-999,453
7011300101,1,20240911,1219,32.38211667,64.61537167,3.876,3.903,27.8769,36.31420403,27.87597883,36.3149,23.42494369,193.3227166,2052.1,2358.56,-999,-999,-999,-999,-999,-999,-999,-999
7011300102,1,20240911,1219,32.38211667,64.61537167,3.316,3.34,27.8772,36.3135729,27.8764117,-999,23.42432714,-999,-999,-999,-999,-999,-999,-999,-999,-999,-999,-999
7011300103,1,20240911,1219,32.38211667,64.61537167,4.011,4.039,27.8791,36.31381085,27.87814668,-999,23.4239369,-999,-999,-999,-999,-999,-999,-999,-999,-999,-999,201
7011300104,1,20240911,1219,32.38211667,64.61537167,3.681,3.707,27.8824,36.31343914,27.88152496,-999,23.42254947,-999,-999,-999,-999,-999,-999,-999,-999,-999,-999,-999
7011300201,2,20240911,1316,32.342715,64.59400333,3.067,3.089,27.9423,36.36653466,27.94156957,36.3669,23.44278713,197.2864474,2051.53,2366.45,-999,-999,-999,-999,-999,-999,-999,-999
7011300202,2,20240911,1316,32.342715,64.59400333,2.815,2.835,27.9429,36.36727839,27.94222962,-999,23.44312996,-999,-999,-999,-999,-999,-999,-999,-999,-999,-999,-999
7011300203,2,20240911,1316,32.342715,64.59400333,2.755,2.775,27.9433,36.367524,27.9426438,-999,23.44317872,-999,-999,-999,-999,-999,-999,-999,-999,-999,-999,119
7011300204,2,20240911,1316,32.342715,64.59400333,2.927,2.948,27.9423,36.3667193,27.94160291,-999,23.44291515,-999,-999,-999,-999,-999,-999,-999,-999,-999,-999,-999
7011300205,2,20240911,1316,32.342715,64.59400333,2.716,2.735,27.9419,36.36628941,27.94125329,-999,23.44270667,-999,-999,-999,-999,-999,-999,-999,-999,-999,-999,-999
7011300206,2,20240911,1316,32.342715,64.59400333,2.877,2.897,27.9418,36.36628866,27.94111498,-999,23.44275146,-999,-999,-999,-999,-999,-999,-999,-999,-999,-999,-999
7011300207,2,20240911,1316,32.342715,64.59400333,3.289,3.313,27.9427,36.36654455,27.94191659,-999,23.44268048,-999,-999,-999,-999,-999,-999,-999,-999,-999,-999,-999
7011300208,2,20240911,1316,32.342715,64.59400333,2.77,2.79,27.9418,36.36574964,27.94114028,-999,23.44233768,-999,-999,-999,-999,-999,-999,-999,-999,-999,-999,-999
7011300209,2,20240911,1316,32.342715,64.59400333,2.93,2.951,27.9421,36.36553856,27.94140221,-999,23.44209277,-999,-999,-999,-999,-999,-999,-999,-999,-999,-999,-999
7011300210,2,20240911,1316,32.342715,64.59400333,3.043,3.064,27.9419,36.36522778,27.94117549,-999,23.44193339,-999,-999,-999,-999,-999,-999,-999,-999,-999,-999,-999
7011300211,2,20240911,1316,32.342715,64.59400333,2.781,2.801,27.9417,36.36503983,27.94103769,-999,23.44183737,-999,-999,-999,-999,-999,-999,-999,-999,-999,-999,-999
7011300212,2,20240911,1316,32.342715,64.59400333,2.859,2.88,27.9419,36.36471954,27.941219,-999,23.44153681,-999,-999,-999,-999,-999,-999,-999,-999,-999,-999,-999
7011300213,2,20240911,1316,32.342715,64.59400333,2.845,2.865,27.9419,36.36460411,27.94122255,-999,23.44144882,-999,-999,-999,-999,-999,-999,-999,-999,-999,-999,-999
7011300214,2,20240911,1316,32.342715,64.59400333,2.828,2.848,27.9415,36.36478468,27.94082658,-999,23.44171473,-999,-999,-999,-999,-999,-999,-999,-999,-999,-999,-999
7011300215,2,20240911,1316,32.342715,64.59400333,3.12,3.142,27.9413,36.36511724,27.94055706,-999,23.44205332,-999,-999,-999,-999,-999,-999,-999,-999,-999,-999,-999
7011300216,2,20240911,1316,32.342715,64.59400333,2.748,2.767,27.9411,36.36484373,27.94044574,-999,23.44188428,-999,-999,-999,-999,-999,-999,-999,-999,-999,-999,-999
7011300217,2,20240911,1316,32.342715,64.59400333,2.674,2.693,27.9411,36.36468998,27.94046323,-999,23.4417629,-999,-999,-999,-999,-999,-999,-999,-999,-999,-999,-999
7011300218,2,20240911,1316,32.342715,64.59400333,2.798,2.818,27.9422,36.36524087,27.94153366,-999,23.4418257,-999,-999,-999,-999,-999,-999,-999,-999,-999,-999,-999
7011300219,2,20240911,1316,32.342715,64.59400333,2.784,2.804,27.9425,36.36525314,27.94183696,-999,23.44173531,-999,-999,-999,-999,-999,-999,-999,-999,-999,-999,-999
7011300220,2,20240911,1316,32.342715,64.59400333,2.721,2.74,27.9425,36.36507513,27.9418521,-999,23.44159644,-999,-999,-999,-999,-999,-999,-999,-999,-999,-999,-999
7011300221,2,20240911,1316,32.342715,64.59400333,2.985,3.006,27.9423,36.36492202,27.9415892,-999,23.44156749,-999,-999,-999,-999,-999,-999,-999,-999,-999,-999,-999
7011300222,2,20240911,1316,32.342715,64.59400333,2.698,2.717,27.9416,36.36500891,27.94095755,-999,23.44184046,-999,-999,-999,-999,-999,-999,-999,-999,-999,-999,-999
7011300223,2,20240911,1316,32.342715,64.59400333,2.979,2.999,27.9418,36.36485913,27.94109086,-999,23.44168387,-999,-999,-999,-999,-999,-999,-999,-999,-999,-999,-999
7011300224,2,20240911,1316,32.342715,64.59400333,2.77,2.79,27.9416,36.36525476,27.94094029,-999,23.44203106,-999,-999,-999,-999,-999,-999,-999,-999,-999,-999,-999
7011300301,3,20240911,1424,32.30044333,64.57240167,2.987,3.008,27.8646,36.42078835,27.86389005,36.4217,23.50910065,198.8059812,2054.15,2383.7,-999,-999,-999,-999,-999,-999,-999,-999
7011300302,3,20240911,1424,32.30044333,64.57240167,3.134,3.157,27.8623,36.42133132,27.86155493,-999,23.51027494,-999,-999,-999,-999,-999,-999,-999,-999,-999,-999,-999
7011300303,3,20240911,1424,32.30044333,64.57240167,3.174,3.197,27.8613,36.42104793,27.86054551,-999,23.51039271,-999,-999,-999,-999,-999,-999,-999,-999,-999,-999,68
7011400122,1,20241013,2141,32.38033833,64.61373667,1.823,1.836,25.7343,36.43938903,25.73389114,36.4397,24.20475237,204.4223536,2054.11,2383.64,-999,-999,-999,-999,-999,-999,-999,-999
7011400123,1,20241013,2141,32.38033833,64.61373667,2.204,2.22,25.7322,36.43928719,25.73170566,-999,24.20535711,-999,-999,-999,-999,-999,-999,-999,-999,-999,-999,-999
7011400124,1,20241013,2141,32.38033833,64.61373667,2.425,2.442,25.7437,36.43897162,25.74315604,-999,24.2015462,-999,-999,-999,-999,-999,-999,-999,-999,-999,-999,102
7011400201,2,20241013,2234,32.33789167,64.591545,2.481,2.499,26.3402,36.67863679,26.33963347,36.6796,24.19483781,201.833417,2062,2397.04,-999,-999,-999,-999,-999,-999,-999,-999
7011400202,2,20241013,2234,32.33789167,64.591545,2.591,2.61,26.3421,36.67887676,26.34150828,-999,24.19442468,-999,-999,-999,-999,-999,-999,-999,-999,-999,-999,-999
7011400203,2,20241013,2234,32.33789167,64.591545,2.948,2.968,26.3438,36.67859218,26.34312708,-999,24.19369687,-999,-999,-999,-999,-999,-999,-999,-999,-999,-999,58
7011400301,3,20241013,2339,32.29525,64.56928167,2.227,2.242,26.4024,36.6697292,26.40189088,36.6695,24.16837542,202.8188183,2060.26,2397.01,-999,-999,-999,-999,-999,-999,-999,-999
7011400302,3,20241013,2339,32.29525,64.56928167,2.397,2.414,26.4013,36.67007069,26.40075184,-999,24.16899437,-999,-999,-999,-999,-999,-999,-999,-999,-999,-999,-999
7011400303,3,20241013,2339,32.29525,64.56928167,2.517,2.535,26.4003,36.67014509,26.39972437,-999,24.16937646,-999,-999,-999,-999,-999,-999,-999,-999,-999,-999,50
7011500101,1,20241120,1623,32.38378833,64.611925,2.527,2.545,22.8237,36.65078656,22.82317997,36.6513,25.24033536,209.1263479,2076.53,2398.55,-999,-999,-999,-999,-999,-999,-999,-999
7011500102,1,20241120,1623,32.38378833,64.611925,2.852,2.872,22.8239,36.65080098,22.82331315,-999,25.2403076,-999,-999,-999,-999,-999,-999,-999,-999,-999,-999,-999
7011500103,1,20241120,1623,32.38378833,64.611925,2.664,2.683,22.8237,36.65080853,22.82315177,-999,25.24036014,-999,-999,-999,-999,-999,-999,-999,-999,-999,-999,252
7011500122,1,20241120,1623,32.38378833,64.611925,2.701,2.72,22.826,36.65096477,22.82544417,-999,25.23981506,-999,-999,-999,-999,-999,-999,-999,-999,-999,-999,-999
7011500123,1,20241120,1623,32.38378833,64.611925,2.697,2.716,22.8299,36.65109601,22.82934492,-999,25.23878532,-999,-999,-999,-999,-999,-999,-999,-999,-999,-999,-999
7011500124,1,20241120,1623,32.38378833,64.611925,3.14,3.162,22.8318,36.65132769,22.83115373,-999,25.2384372,-999,-999,-999,-999,-999,-999,-999,-999,-999,-999,-999
7011500201,2,20241120,1719,32.33954833,64.58822,2.734,2.753,23.2609,36.71156971,23.26032959,36.7121,25.1591139,209.8575194,2074,2402.82,-999,-999,-999,-999,-999,-999,-999,-999
7011500202,2,20241120,1719,32.33954833,64.58822,2.728,2.748,23.2595,36.71115476,23.25893065,-999,25.15920921,-999,-999,-999,-999,-999,-999,-999,-999,-999,-999,-999
7011500203,2,20241120,1719,32.33954833,64.58822,2.662,2.681,23.2618,36.7118564,23.26124449,-999,25.1590632,-999,-999,-999,-999,-999,-999,-999,-999,-999,-999,146
7011500301,3,20241120,1822,32.297205,64.56373667,2.247,2.263,23.3579,36.71768779,23.3574297,36.7177,25.13525858,210.0743248,2074.19,2402.8,-999,-999,-999,-999,-999,-999,-999,-999
7011500302,3,20241120,1822,32.297205,64.56373667,2.418,2.435,23.3602,36.71760981,23.35969392,-999,25.13453407,-999,-999,-999,-999,-999,-999,-999,-999,-999,-999,-999
7011500303,3,20241120,1822,32.297205,64.56373667,2.449,2.466,23.3635,36.71754189,23.36298742,-999,25.13351474,-999,-999,-999,-999,-999,-999,-999,-999,-999,-999,128
7011600601,3,20241217,930,32.304095,64.57108833,4.884,4.919,22.0858,36.78663288,22.08481763,36.7849,25.55511027,215.0331911,2081.14,2405.3,-999,-999,-999,-999,-999,-999,-999,-999
7011600602,3,20241217,930,32.304095,64.57108833,3.522,3.547,22.0897,36.78608725,22.08899156,-999,25.55351194,-999,-999,-999,-999,-999,-999,-999,-999,-999,-999,-999
7011600603,3,20241217,930,32.304095,64.57108833,3.618,3.644,22.0924,36.78641694,22.09167212,-999,25.55300176,-999,-999,-999,-999,-999,-999,-999,-999,-999,-999,125
7011600701,2,20241217,1023,32.34754167,64.594095,3.555,3.58,21.9653,36.7801915,21.96458787,36.7784,25.58427043,215.2461673,2080.8,2406.19,-999,-999,-999,-999,-999,-999,-999,-999
7011600702,2,20241217,1023,32.34754167,64.594095,2.902,2.922,21.9652,36.78036171,21.96461876,-999,25.58439137,-999,-999,-999,-999,-999,-999,-999,-999,-999,-999,-999
7011600703,2,20241217,1023,32.34754167,64.594095,2.744,2.763,21.9652,36.78004569,21.96465039,-999,25.58414229,-999,-999,-999,-999,-999,-999,-999,-999,-999,-999,151
7011600801,1,20241217,1058,32.38461333,64.61306667,3.45,3.475,21.9305,36.80013251,21.92980947,36.7979,25.60925794,211.8839795,2084.68,2404.45,-999,-999,-999,-999,-999,-999,-999,-999
7011600802,1,20241217,1058,32.38461333,64.61306667,3.43,3.455,21.9309,36.80024346,21.93021343,-999,25.60922817,-999,-999,-999,-999,-999,-999,-999,-999,-999,-999,-999
7011600803,1,20241217,1058,32.38461333,64.61306667,3.621,3.646,21.9302,36.80000125,21.9294755,-999,25.60925243,-999,-999,-999,-999,-999,-999,-999,-999,-999,-999,76
7011700601,3,20250120,1705,32.30029,64.57229667,2.145,2.16,19.42043762,36.70132322,19.42004401,36.7005,26.21687013,220.0079242,2107.26,2400.55,-999,-999,-999,-999,-999,-999,-999,-999
7011700602,3,20250120,1705,32.30029,64.57229667,1.896,1.91,19.42113762,36.70131902,19.42078956,-999,26.21667202,-999,-999,-999,-999,-999,-999,-999,-999,-999,-999,-999
7011700603,3,20250120,1705,32.30029,64.57229667,2.164,2.179,19.42113762,36.70130044,19.42074054,-999,26.21667053,-999,-999,-999,-999,-999,-999,-999,-999,-999,-999,328
7011700701,2,20250120,1758,32.341475,64.59269833,1.795,1.808,19.42283762,36.705441,19.42250812,36.7045,26.21937238,220.0507798,2107.6,2401.56,-999,-999,-999,-999,-999,-999,-999,-999
7011700702,2,20250120,1758,32.341475,64.59269833,1.439,1.449,19.42823762,36.70554498,19.4279735,-999,26.21802217,-999,-999,-999,-999,-999,-999,-999,-999,-999,-999,-999
7011700703,2,20250120,1758,32.341475,64.59269833,1.81,1.823,19.42943762,36.70532242,19.42910531,-999,26.21755589,-999,-999,-999,-999,-999,-999,-999,-999,-999,-999,310
7011700704,2,20250120,1758,32.341475,64.59269833,1.498,1.508,19.42073762,36.7054514,19.42046282,-999,26.21991545,-999,-999,-999,-999,-999,-999,-999,-999,-999,-999,-999
7011700801,1,20250120,1839,32.38277167,64.61509,2.6,2.618,19.48173762,36.71852362,19.48125944,36.7175,26.21398175,220.7828508,2106.37,2400.32,-999,-999,-999,-999,-999,-999,-999,-999
7011700802,1,20250120,1839,32.38277167,64.61509,2.121,2.135,19.48043762,36.71840031,19.48004768,-999,26.21420539,-999,-999,-999,-999,-999,-999,-999,-999,-999,-999,-999
7011700803,1,20250120,1839,32.38277167,64.61509,2.369,2.386,19.47943762,36.71831845,19.47900185,-999,26.21441685,-999,-999,-999,-999,-999,-999,-999,-999,-999,-999,233
7011800101,1,20250210,1345,32.38287667,64.61423833,2.991,3.012,19.11608716,36.73273773,19.11554422,36.7312,26.32013339,226.011365,2103.64,2392.11,-999,-999,-999,-999,-999,-999,-999,-999
7011800102,1,20250210,1345,32.38287667,64.61423833,2.763,2.782,19.11468716,36.72819722,19.11418572,-999,26.31701514,-999,-999,-999,-999,-999,-999,-999,-999,-999,-999,-999
7011800103,1,20250210,1345,32.38287667,64.61423833,2.417,2.434,19.11438716,36.72772182,19.11394846,-999,26.31671341,-999,-999,-999,-999,-999,-999,-999,-999,-999,-999,320
7011800201,2,20250210,1503,32.341725,64.59511,2.825,2.845,19.39418716,36.71503665,19.39366916,36.7161,26.23424178,222.9477116,2105.49,2399.67,-999,-999,-999,-999,-999,-999,-999,-999
7011800202,2,20250210,1503,32.341725,64.59511,3.157,3.18,19.38998716,36.71504603,19.38940825,-999,26.23536233,-999,-999,-999,-999,-999,-999,-999,-999,-999,-999,-999
7011800203,2,20250210,1503,32.341725,64.59511,2.732,2.751,19.38738716,36.71468613,19.3868864,-999,26.23574659,-999,-999,-999,-999,-999,-999,-999,-999,-999,-999,468
7011800301,3,20250210,1606,32.30137667,64.57285167,3.022,3.043,19.52708716,36.71881485,19.52653043,36.7187,26.2023268,225.3957015,2103.28,2400.96,-999,-999,-999,-999,-999,-999,-999,-999
7011800302,3,20250210,1606,32.30137667,64.57285167,2.912,2.932,19.52558716,36.71877757,19.52505077,-999,26.20268676,-999,-999,-999,-999,-999,-999,-999,-999,-999,-999,-999
7011800303,3,20250210,1606,32.30137667,64.57285167,2.899,2.919,19.52648716,36.71940703,19.52595313,-999,26.2029306,-999,-999,-999,-999,-999,-999,-999,-999,-999,-999,573
7011900122,1,20250303,1540,32.38201667,64.61236667,3.411,3.435,18.6793554,36.52734505,18.67874687,-999,26.27534804,-999,-999,-999,-999,-999,-999,-999,-999,-999,-999,-999
7011900123,1,20250303,1540,32.38201667,64.61236667,3.115,3.137,18.6791554,36.5241344,18.67859968,36.5254,26.27292985,229.0506265,2094.51,2369.29,-999,-999,-999,-999,-999,-999,-999,-999
7011900124,1,20250303,1540,32.38201667,64.61236667,3.454,3.478,18.6788554,36.52111393,18.67823929,-999,26.27071118,-999,-999,-999,-999,-999,-999,-999,-999,-999,-999,-999
7011900201,2,20250303,1638,32.33961667,64.6055,4.649,4.682,19.0036554,36.61734834,19.00281544,36.6199,26.26106815,229.5568654,2101.67,2396.76,-999,-999,-999,-999,-999,-999,-999,-999
7011900202,2,20250303,1638,32.33961667,64.6055,3.925,3.952,19.0041554,36.60836215,19.00344644,-999,26.2540365,-999,-999,-999,-999,-999,-999,-999,-999,-999,-999,-999
7011900203,2,20250303,1638,32.33961667,64.6055,4.659,4.692,19.0032554,36.61910597,19.00241365,-999,26.26251534,-999,-999,-999,-999,-999,-999,-999,-999,-999,-999,-999
7011900301,3,20250303,1810,32.30176667,64.59666667,3.542,3.567,19.2306554,36.66626377,19.23000996,-999,26.23963292,-999,-999,-999,-999,-999,-999,-999,-999,-999,-999,-999
7011900302,3,20250303,1810,32.30176667,64.59666667,4.012,4.04,19.2493554,36.67052647,19.24862385,36.6677,26.23805057,225.1962961,2105.09,2402.23,-999,-999,-999,-999,-999,-999,-999,-999
7011900303,3,20250303,1810,32.30176667,64.59666667,4.188,4.217,19.2371554,36.66763937,19.23639215,-999,26.23902484,-999,-999,-999,-999,-999,-999,-999,-999,-999,-999,-999
7011900304,3,20250303,1810,32.30176667,64.59666667,3.53,3.554,19.2362554,36.66716896,19.23561218,-999,26.23886846,-999,-999,-999,-999,-999,-999,-999,-999,-999,-999,-999
7011900305,3,20250303,1810,32.30176667,64.59666667,4.706,4.739,19.2344554,36.66706548,19.23359774,-999,26.23931247,-999,-999,-999,-999,-999,-999,-999,-999,-999,-999,-999
7011900306,3,20250303,1810,32.30176667,64.59666667,4.175,4.204,19.2502554,36.67002123,19.24949412,-999,26.23743814,-999,-999,-999,-999,-999,-999,-999,-999,-999,-999,-999
7012000601,3,20250407,1541,32.29995,64.57244667,3.316,3.339,20.58858074,36.75713564,20.58794649,36.7559,25.94819631,228.3779498,2099.46,2402.17,-999,-999,-999,-999,-999,-999,-999,-999
7012000602,3,20250407,1541,32.29995,64.57244667,3.303,3.326,20.56508074,36.75677299,20.56444947,-999,25.95429529,-999,-999,-999,-999,-999,-999,-999,-999,-999,-999,-999
7012000603,3,20250407,1541,32.29995,64.57244667,3.186,3.209,20.54838074,36.75601073,20.54777203,-999,25.95823664,-999,-999,-999,-999,-999,-999,-999,-999,-999,-999,-999
7012000701,2,20250407,1643,32.34457667,64.59154,2.293,2.309,20.58788074,36.74951477,20.58744217,36.7511,25.94252763,228.0310487,2098.03,2400.7,-999,-999,-999,-999,-999,-999,-999,-999
7012000702,2,20250407,1643,32.34457667,64.59154,2.196,2.212,20.63688074,36.75043176,20.63645989,-999,25.92991268,-999,-999,-999,-999,-999,-999,-999,-999,-999,-999,-999
7012000703,2,20250407,1643,32.34457667,64.59154,2.367,2.384,20.60818074,36.7488552,20.60772761,-999,25.93651767,-999,-999,-999,-999,-999,-999,-999,-999,-999,-999,-999
7012000801,1,20250407,1721,32.38309833,64.60918,2.513,2.531,21.53888074,36.76644379,21.5383843,36.7652,25.69358321,221.2040143,2088.17,2365.68,-999,-999,-999,-999,-999,-999,-999,-999
7012000802,1,20250407,1721,32.38309833,64.60918,2.755,2.774,21.54308074,36.7657763,21.54253656,-999,25.69191574,-999,-999,-999,-999,-999,-999,-999,-999,-999,-999,-999
7012000803,1,20250407,1721,32.38309833,64.60918,2.79,2.81,21.53118074,36.76557335,21.53062971,-999,25.69508623,-999,-999,-999,-999,-999,-999,-999,-999,-999,-999,-999
7012100301,3,20250506,1821,32.30711167,64.57345,2.742,2.761,21.62550173,36.77070516,21.62495862,36.7704,25.67261412,224.4379462,2103.02,2409.62,-999,-999,-999,-999,-999,-999,-999,-999
7012100302,3,20250506,1821,32.30711167,64.57345,2.766,2.785,21.59160173,36.77090529,21.59105451,-999,25.68225375,-999,-999,-999,-999,-999,-999,-999,-999,-999,-999,-999
7012100303,3,20250506,1821,32.30711167,64.57345,3.244,3.267,21.61360173,36.77073046,21.61295933,-999,25.67599198,-999,-999,-999,-999,-999,-999,-999,-999,-999,-999,47
7012100304,3,20250506,1821,32.30711167,64.57345,3.145,3.168,21.61060173,36.77043977,21.60997886,-999,25.67660505,-999,-999,-999,-999,-999,-999,-999,-999,-999,-999,-999
7012100305,3,20250506,1821,32.30711167,64.57345,2.795,2.815,21.61600173,36.77061435,21.61544817,-999,25.67520729,-999,-999,-999,-999,-999,-999,-999,-999,-999,-999,-999
7012100306,3,20250506,1821,32.30711167,64.57345,2.96,2.98,21.61670173,36.77026752,21.61611571,-999,25.67475659,-999,-999,-999,-999,-999,-999,-999,-999,-999,-999,-999
7012100307,3,20250506,1821,32.30711167,64.57345,3.347,3.37,21.58190173,36.77034437,21.58123977,-999,25.68457157,-999,-999,-999,-999,-999,-999,-999,-999,-999,-999,-999
7012100308,3,20250506,1821,32.30711167,64.57345,3.095,3.117,21.59660173,36.77051172,21.59598917,-999,25.68057397,-999,-999,-999,-999,-999,-999,-999,-999,-999,-999,-999
7012100309,3,20250506,1821,32.30711167,64.57345,4.064,4.093,21.60530173,36.77084437,21.60449712,-999,25.67844629,-999,-999,-999,-999,-999,-999,-999,-999,-999,-999,-999
7012100310,3,20250506,1821,32.30711167,64.57345,3.421,3.445,21.63460173,36.77071164,21.63392386,-999,25.67010842,-999,-999,-999,-999,-999,-999,-999,-999,-999,-999,-999
7012100422,1,20250508,1053,32.38129167,64.60369667,2.912,2.932,21.40300318,36.73424439,21.40243076,36.7337,25.70697412,221.4426969,2102.53,2403.22,-999,-999,-999,-999,-999,-999,-999,-999
7012100423,1,20250508,1053,32.38129167,64.60369667,3.037,3.058,21.40280318,36.73429798,21.40220616,-999,25.70707729,-999,-999,-999,-999,-999,-999,-999,-999,-999,-999,-999
7012100424,1,20250508,1053,32.38129167,64.60369667,2.769,2.788,21.40200318,36.73328395,21.4014589,-999,25.70651369,-999,-999,-999,-999,-999,-999,-999,-999,-999,-999,81
7012100501,2,20250508,1150,32.33448833,64.590775,2.766,2.785,21.39590318,36.7422331,21.39535957,36.7437,25.7150174,223.0116507,2102.5,2404.76,-999,-999,-999,-999,-999,-999,-999,-999
7012100502,2,20250508,1150,32.33448833,64.590775,2.78,2.799,21.39070318,36.74195201,21.39015693,-999,25.71625002,-999,-999,-999,-999,-999,-999,-999,-999,-999,-999,-999
7012100503,2,20250508,1150,32.33448833,64.590775,2.754,2.774,21.39280318,36.74274477,21.39226177,-999,25.71626804,-999,-999,-999,-999,-999,-999,-999,-999,-999,-999,57
7012200101,1,20250602,1224,32.38141,64.60835667,3.247,3.27,23.43892128,36.6917772,23.43824007,36.691,25.0918499,214.0644646,2079.71,2379.03,-999,-999,-999,-999,-999,-999,-999,-999
7012200102,1,20250602,1224,32.38141,64.60835667,3.216,3.239,23.43572128,36.69192171,23.4350466,-999,25.09289968,-999,-999,-999,-999,-999,-999,-999,-999,-999,-999,-999
7012200103,1,20250602,1224,32.38141,64.60835667,3.496,3.52,23.44502128,36.69121044,23.44428786,-999,25.08963935,-999,-999,-999,-999,-999,-999,-999,-999,-999,-999,170
7012200201,2,20250602,1316,32.33805333,64.59264333,4.015,4.044,23.89532128,36.7745253,23.89446673,36.7752,25.01937353,212.9871664,2093.02,2406.56,-999,-999,-999,-999,-999,-999,-999,-999
7012200202,2,20250602,1316,32.33805333,64.59264333,4.334,4.365,23.89612128,36.7746317,23.89519888,-999,25.01923568,-999,-999,-999,-999,-999,-999,-999,-999,-999,-999,-999
7012200203,2,20250602,1316,32.33805333,64.59264333,3.955,3.983,23.89952128,36.77462803,23.89867952,-999,25.01819528,-999,-999,-999,-999,-999,-999,-999,-999,-999,-999,69
7012200301,3,20250602,1417,32.29821167,64.57152833,2.448,2.465,23.64802128,36.7305499,23.64750439,36.7305,25.05943978,214.2078439,2090.44,2404.11,-999,-999,-999,-999,-999,-999,-999,-999
7012200302,3,20250602,1417,32.29821167,64.57152833,3.382,3.406,23.64802128,36.73048008,23.64730707,-999,25.05944489,-999,-999,-999,-999,-999,-999,-999,-999,-999,-999,-999
7012200303,3,20250602,1417,32.29821167,64.57152833,3.201,3.224,23.64862128,36.73062789,23.64794522,-999,25.05936799,-999,-999,-999,-999,-999,-999,-999,-999,-999,-999,63
7012300601,3,20250716,1227,32.29990667,64.57079333,2.197,2.213,29.03345314,36.75507457,29.03291426,36.7541,23.37179664,197.2560067,2081.13,2405.13,-999,-999,-999,-999,-999,-999,-999,-999
7012300602,3,20250716,1227,32.29990667,64.57079333,2.16,2.175,29.03475314,36.75549256,29.03422349,-999,23.37166959,-999,-999,-999,-999,-999,-999,-999,-999,-999,-999,-999
7012300603,3,20250716,1227,32.29990667,64.57079333,2.732,2.752,29.02535314,36.75556835,29.02468314,-999,23.37494002,-999,-999,-999,-999,-999,-999,-999,-999,-999,-999,42
7012300701,2,20250716,1345,32.341495,64.59399167,2.86,2.88,29.16645314,36.75845174,29.16574947,36.757,23.32952052,196.0158484,2076.86,2391.91,-999,-999,-999,-999,-999,-999,-999,-999
7012300702,2,20250716,1345,32.341495,64.59399167,2.924,2.945,29.13685314,36.75705492,29.13613413,-999,23.33847363,-999,-999,-999,-999,-999,-999,-999,-999,-999,-999,-999
7012300703,2,20250716,1345,32.341495,64.59399167,3.012,3.033,29.12175314,36.75492393,29.12101293,-999,23.34197755,-999,-999,-999,-999,-999,-999,-999,-999,-999,-999,35
7012300801,1,20250716,1428,32.38277333,64.61302167,2.619,2.638,29.30625314,36.77125538,29.30560631,36.7713,23.29181571,194.281053,2077.25,2388.59,-999,-999,-999,-999,-999,-999,-999,-999
7012300802,1,20250716,1428,32.38277333,64.61302167,2.848,2.868,29.32105314,36.77169852,29.32034965,-999,23.28715151,-999,-999,-999,-999,-999,-999,-999,-999,-999,-999,-999
7012300803,1,20250716,1428,32.38277333,64.61302167,2.78,2.799,29.29345314,36.77077243,29.29276705,-999,23.29580321,-999,-999,-999,-999,-999,-999,-999,-999,-999,-999,120
7012400622,3,20250816,1345,32.30049667,64.57353,1.641,1.653,29.57157558,36.90160235,29.57116742,36.9024,23.29941276,194.1384289,2078.75,2411.73,-999,-999,-999,-999,-999,-999,-999,-999
7012400623,3,20250816,1345,32.30049667,64.57353,1.734,1.746,29.57637558,36.9009607,29.57594441,-999,23.29730241,-999,-999,-999,-999,-999,-999,-999,-999,-999,-999,-999
7012400624,3,20250816,1345,32.30049667,64.57353,1.742,1.755,29.57727558,36.89987486,29.57684218,-999,23.29618121,-999,-999,-999,-999,-999,-999,-999,-999,-999,-999,30
7012400701,2,20250816,1429,32.34153667,64.59442833,2.328,2.344,29.54177558,36.88457512,29.54119726,36.8872,23.29684584,194.4481551,2077.43,2411.26,-999,-999,-999,-999,-999,-999,-999,-999
7012400702,2,20250816,1429,32.34153667,64.59442833,1.63,1.642,29.53407558,36.8854797,29.53367053,-999,23.30008927,-999,-999,-999,-999,-999,-999,-999,-999,-999,-999,-999
7012400703,2,20250816,1429,32.34153667,64.59442833,1.821,1.834,29.52797558,36.89585388,29.52752323,-999,23.30997098,-999,-999,-999,-999,-999,-999,-999,-999,-999,-999,33
7012400801,1,20250816,1510,32.38539667,64.61572333,2.16,2.175,29.57057558,36.71940679,29.57003883,36.7197,23.16303885,187.5847538,2058.62,2348.66,-999,-999,-999,-999,-999,-999,-999,-999
7012400802,1,20250816,1510,32.38539667,64.61572333,2.094,2.109,29.59687558,36.71900879,29.59635478,-999,23.15377156,-999,-999,-999,-999,-999,-999,-999,-999,-999,-999,-999
7012400803,1,20250816,1510,32.38539667,64.61572333,2.106,2.121,29.57807558,36.71960616,29.57755206,-999,23.16062848,-999,-999,-999,-999,-999,-999,-999,-999,-999,-999,212
7012500101,1,20250924,1441,32.38214,64.60911333,2.907,2.927,28.76610382,36.65366862,28.76539612,36.6584,23.38545632,176.1475447,2067.53,2368.77,-999,-999,-999,-999,-999,-999,-999,-999
7012500102,1,20250924,1441,32.38214,64.60911333,2.829,2.849,28.82770382,36.65495114,28.82701389,-999,23.36577479,-999,-999,-999,-999,-999,-999,-999,-999,-999,-999,-999
7012500103,1,20250924,1441,32.38214,64.60911333,2.807,2.827,28.85270382,36.65521435,28.85201878,-999,23.3575867,-999,-999,-999,-999,-999,-999,-999,-999,-999,-999,370
7012500222,2,20250924,1535,32.34501667,64.58912333,3.808,3.835,28.81130382,36.4634813,28.81037606,36.4658,23.22748068,196.0763541,2045.81,2386.6,-999,-999,-999,-999,-999,-999,-999,-999
7012500223,2,20250924,1535,32.34501667,64.58912333,3.381,3.405,28.84900382,36.46193413,28.8481793,-999,23.2136514,-999,-999,-999,-999,-999,-999,-999,-999,-999,-999,-999
7012500224,2,20250924,1535,32.34501667,64.58912333,4.03,4.059,28.85800382,36.46110333,28.8570207,-999,23.21006288,-999,-999,-999,-999,-999,-999,-999,-999,-999,-999,121
7012500301,3,20250924,1640,32.29819833,64.57125,3.396,3.42,29.17570382,36.42499853,29.17486887,36.4237,23.07601558,196.0378057,2044.11,2383.9,-999,-999,-999,-999,-999,-999,-999,-999
7012500302,3,20250924,1640,32.29819833,64.57125,4.259,4.289,29.15950382,36.4235183,29.15845714,-999,23.08044223,-999,-999,-999,-999,-999,-999,-999,-999,-999,-999,-999
7012500303,3,20250924,1640,32.29819833,64.57125,3.148,3.17,29.13970382,36.42289614,29.13893061,-999,23.08656271,-999,-999,-999,-999,-999,-999,-999,-999,-999,-999,64
7012600601,3,20251017,1801,32.29577833,64.59085167,3.189,3.212,26.31472047,36.63207854,26.31399293,36.6324,24.16783705,201.0537616,2065.83,2394.54,-999,-999,-999,-999,-999,-999,-999,-999
7012600602,3,20251017,1801,32.29577833,64.59085167,3.034,3.055,26.31612047,36.63035659,26.31542847,-999,24.16608365,-999,-999,-999,-999,-999,-999,-999,-999,-999,-999,-999
7012600603,3,20251017,1801,32.29577833,64.59085167,2.806,2.826,26.31692047,36.62455801,26.31628035,-999,24.16143991,-999,-999,-999,-999,-999,-999,-999,-999,-999,-999,116
7012600701,2,20251017,1858,32.33888167,64.60323167,2.825,2.845,26.22812047,36.60757887,26.22747767,36.6095,24.17671952,197.4818518,2063.72,2391.72,-999,-999,-999,-999,-999,-999,-999,-999
7012600702,2,20251017,1858,32.33888167,64.60323167,2.947,2.968,26.22952047,36.60718165,26.22884985,-999,24.17598625,-999,-999,-999,-999,-999,-999,-999,-999,-999,-999,-999
7012600703,2,20251017,1858,32.33888167,64.60323167,3.181,3.204,26.22142047,36.60683547,26.22069669,-999,24.1783007,-999,-999,-999,-999,-999,-999,-999,-999,-999,-999,259
7012600801,1,20251017,1934,32.38358,64.61280667,4.209,4.239,25.45912047,36.43730854,25.45818384,36.4375,24.2889029,197.0718139,2054.86,2352.84,-999,-999,-999,-999,-999,-999,-999,-999
7012600802,1,20251017,1934,32.38358,64.61280667,4.24,4.27,25.45942047,36.43721309,25.45847698,-999,24.28873997,-999,-999,-999,-999,-999,-999,-999,-999,-999,-999,-999
7012600803,1,20251017,1934,32.38358,64.61280667,3.87,3.898,25.46572047,36.43663882,25.46485902,-999,24.28632865,-999,-999,-999,-999,-999,-999,-999,-999,-999,-999,500
7012600824,1,20251017,1934,32.38358,64.61280667,4.042,4.07,25.46592047,36.43659977,25.46502101,-999,24.28624888,-999,-999,-999,-999,-999,-999,-999,-999,-999,-999,-999
7012700601,3,20251118,1622,32.29727667,64.57566833,2.724,2.743,23.68524364,36.55525926,23.68466823,36.5552,24.91561414,207.2492835,2073.84,2388.43,-999,-999,-999,-999,-999,-999,-999,-999
7012700602,3,20251118,1622,32.29727667,64.57566833,2.713,2.732,23.68464364,36.55526786,23.68407055,-999,24.91579769,-999,-999,-999,-999,-999,-999,-999,-999,-999,-999,-999
7012700603,3,20251118,1622,32.29727667,64.57566833,2.587,2.605,23.67554364,36.55543561,23.67499734,-999,24.91861197,-999,-999,-999,-999,-999,-999,-999,-999,-999,-999,271
7012700701,2,20251118,1739,32.33871833,64.59401833,3.391,3.415,23.64444364,36.55046079,23.64372816,36.5487,24.92409927,208.2462781,2074.01,2386.64,-999,-999,-999,-999,-999,-999,-999,-999
7012700702,2,20251118,1739,32.33871833,64.59401833,3.002,3.023,23.64174364,36.5503167,23.64111034,-999,24.92476478,-999,-999,-999,-999,-999,-999,-999,-999,-999,-999,-999
7012700703,2,20251118,1739,32.33871833,64.59401833,3.166,3.188,23.64314364,36.55020078,23.64247575,-999,24.92427291,-999,-999,-999,-999,-999,-999,-999,-999,-999,-999,257
7012700801,1,20251118,1822,32.38081,64.61130333,3.42,3.444,23.42244364,36.55707397,23.42172696,36.5556,24.99460221,207.4113624,2074.35,2381.89,-999,-999,-999,-999,-999,-999,-999,-999
7012700802,1,20251118,1822,32.38081,64.61130333,3.457,3.482,23.42574364,36.55724587,23.42501898,-999,24.9937642,-999,-999,-999,-999,-999,-999,-999,-999,-999,-999,-999
7012700803,1,20251118,1822,32.38081,64.61130333,3.502,3.527,23.41414364,36.55721369,23.41340987,-999,24.99715405,-999,-999,-999,-999,-999,-999,-999,-999,-999,-999,156
7012800101,1,20251210,1755,32.38263833,64.61159833,2.379,2.396,22.438575,36.6792739,22.4380913,36.6802,25.37284912,209.9905508,2082.47,2391.1,-999,-999,-999,-999,-999,-999,-999,-999
7012800102,1,20251210,1755,32.38263833,64.61159833,2.392,2.409,22.440675,36.67943129,22.44018864,-999,25.37236788,-999,-999,-999,-999,-999,-999,-999,-999,-999,-999,-999
7012800103,1,20251210,1755,32.38263833,64.61159833,2.327,2.343,22.435175,36.6795591,22.43470205,-999,25.37403646,-999,-999,-999,-999,-999,-999,-999,-999,-999,-999,-999
7012800201,2,20251210,1856,32.34275167,64.59436833,3.205,3.228,22.714975,36.67586482,22.71431759,36.6758,25.29083396,210.7989562,2082.12,2394.84,-999,-999,-999,-999,-999,-999,-999,-999
7012800202,2,20251210,1856,32.34275167,64.59436833,2.762,2.781,22.716175,36.67550571,22.71560861,-999,25.29018895,-999,-999,-999,-999,-999,-999,-999,-999,-999,-999,-999
7012800203,2,20251210,1856,32.34275167,64.59436833,3.056,3.078,22.718775,36.6759921,22.71814807,-999,25.28982494,-999,-999,-999,-999,-999,-999,-999,-999,-999,-999,-999
7012800301,3,20251210,2006,32.29969,64.57386167,3.029,3.05,22.656875,36.68423529,22.65625496,36.6854,25.31393228,211.6569059,2083.07,2396.25,-999,-999,-999,-999,-999,-999,-999,-999
7012800302,3,20251210,2006,32.29969,64.57386167,3.046,3.068,22.655275,36.68429119,22.65465133,-999,25.31443684,-999,-999,-999,-999,-999,-999,-999,-999,-999,-999,-999
7012800303,3,20251210,2006,32.29969,64.57386167,2.455,2.473,22.656175,36.68435344,22.65567228,-999,25.31419015,-999,-999,-999,-999,-999,-999,-999,-999,-999,-999,-999
7012900101,1,20260113,1335,32.38336833,64.61425167,2.803,2.822,21.366209,36.76995072,21.36565863,36.7709,25.74436453,212.460805,-999,-999,-999,-999,-999,-999,-999,-999,-999,-999
7012900102,1,20260113,1335,32.38336833,64.61425167,3.092,3.114,21.366609,36.76968605,21.36600168,-999,25.74406769,-999,-999,-999,-999,-999,-999,-999,-999,-999,-999,-999
7012900103,1,20260113,1335,32.38336833,64.61425167,3.141,3.163,21.365609,36.76982818,21.36499214,-999,25.74445632,-999,-999,-999,-999,-999,-999,-999,-999,-999,-999,-999
7012900201,2,20260113,1428,32.34167833,64.59574333,3.219,3.242,21.771709,36.7880956,21.77106814,36.7887,25.6448449,214.6418285,-999,-999,-999,-999,-999,-999,-999,-999,-999,-999
7012900202,2,20260113,1428,32.34167833,64.59574333,3.287,3.31,21.772209,36.78802654,21.77155469,-999,25.64465556,-999,-999,-999,-999,-999,-999,-999,-999,-999,-999,-999
7012900203,2,20260113,1428,32.34167833,64.59574333,3.325,3.348,21.771309,36.78801671,21.77064719,-999,25.64490323,-999,-999,-999,-999,-999,-999,-999,-999,-999,-999,-999
7012900301,3,20260113,1527,32.29988667,64.57324333,3.906,3.934,21.773409,36.78432312,21.77263131,36.7844,25.64153518,214.357547,-999,-999,-999,-999,-999,-999,-999,-999,-999,-999
7012900302,3,20260113,1527,32.29988667,64.57324333,3.863,3.89,21.771309,36.78440347,21.77054006,-999,25.64218432,-999,-999,-999,-999,-999,-999,-999,-999,-999,-999,-999
7012900303,3,20260113,1527,32.29988667,64.57324333,3.938,3.965,21.771509,36.78381525,21.77072523,-999,25.64168497,-999,-999,-999,-999,-999,-999,-999,-999,-999,-999,-999
7013100601,3,20260314,44,32.30214333,64.57235833,2.36,2.377,20.208369,36.69590905,20.20792355,36.6954,26.0040518,229.7380567,-999,-999,-999,-999,-999,-999,-999,-999,-999,-999
7013100602,3,20260314,44,32.30214333,64.57235833,2.861,2.881,20.205569,36.69590047,20.20502914,-999,26.00482118,-999,-999,-999,-999,-999,-999,-999,-999,-999,-999,-999
7013100603,3,20260314,44,32.30214333,64.57235833,2.684,2.703,20.210269,36.69546377,20.20976242,-999,26.00321894,-999,-999,-999,-999,-999,-999,-999,-999,-999,-999,-999
7013100701,2,20260314,139,32.34132167,64.59692167,2.236,2.252,20.410169,36.71418067,20.40974396,36.7138,25.9636898,227.2974614,-999,-999,-999,-999,-999,-999,-999,-999,-999,-999
7013100702,2,20260314,139,32.34132167,64.59692167,2.304,2.321,20.413269,36.71421143,20.41283089,-999,25.96288008,-999,-999,-999,-999,-999,-999,-999,-999,-999,-999,-999
7013100703,2,20260314,139,32.34132167,64.59692167,2.245,2.261,20.412169,36.71428105,20.41174223,-999,25.96322701,-999,-999,-999,-999,-999,-999,-999,-999,-999,-999,-999
7013100801,1,20260314,219,32.38372667,64.6118,2.995,3.016,20.651869,36.75220407,20.65129488,36.7512,25.92723091,226.8361834,-999,-999,-999,-999,-999,-999,-999,-999,-999,-999
7013100802,1,20260314,219,32.38372667,64.6118,3.108,3.13,20.651269,36.75222599,20.65067319,-999,25.92741661,-999,-999,-999,-999,-999,-999,-999,-999,-999,-999,-999
7013100803,1,20260314,219,32.38372667,64.6118,2.856,2.875,20.651669,36.75223394,20.65112172,-999,25.92730081,-999,-999,-999,-999,-999,-999,-999,-999,-999,-999,-999
7013200601,3,20260313,2227,32.16626833,64.51241667,3.357,3.381,20.184768,36.71188246,20.18413485,36.7108,26.02260552,231.7062201,-999,-999,-999,-999,-999,-999,-999,-999,-999,-999
7013200602,3,20260313,2227,32.16626833,64.51241667,3.429,3.453,20.184568,36.71031879,20.18392138,-999,26.02147018,-999,-999,-999,-999,-999,-999,-999,-999,-999,-999,-999
7013200701,2,20260313,2347,32.26327167,64.55866833,3,3.021,20.031368,36.67554743,20.03080542,36.6755,26.03588362,232.3471267,-999,-999,-999,-999,-999,-999,-999,-999,-999,-999
7013200702,2,20260313,2347,32.26327167,64.55866833,2.906,2.926,20.020768,36.67600205,20.02022331,-999,26.03905182,-999,-999,-999,-999,-999,-999,-999,-999,-999,-999,-999
7013200703,2,20260313,2347,32.26327167,64.55866833,3.293,3.316,20.026968,36.67572312,20.02635058,-999,26.03720536,-999,-999,-999,-999,-999,-999,-999,-999,-999,-999,-999
7013200801,1,20260314,44,32.30214333,64.57235833,2.36,2.377,20.208369,36.69590905,20.20792355,36.6954,26.0040518,229.7380567,-999,-999,-999,-999,-999,-999,-999,-999,-999,-999
7013200802,1,20260314,44,32.30214333,64.57235833,2.861,2.881,20.205569,36.69590047,20.20502914,-999,26.00482118,-999,-999,-999,-999,-999,-999,-999,-999,-999,-999,-999
7013200803,1,20260314,44,32.30214333,64.57235833,2.684,2.703,20.210269,36.69546377,20.20976242,-999,26.00321894,-999,-999,-999,-999,-999,-999,-999,-999,-999,-999,-999
7013300601,3,20260509,1228,32.29995,64.57296667,2.538,2.556,21.486925,36.67091751,21.48642475,36.6707,25.63540956,222.1149923,-999,-999,-999,-999,-999,-999,-999,-999,-999,-999
7013300602,3,20260509,1228,32.29995,64.57296667,2.582,2.6,21.487025,36.67037556,21.48651614,-999,25.6349718,-999,-999,-999,-999,-999,-999,-999,-999,-999,-999,-999
7013300603,3,20260509,1228,32.29995,64.57296667,3.066,3.087,21.487125,36.67087531,21.48652082,-999,25.63535045,-999,-999,-999,-999,-999,-999,-999,-999,-999,-999,-999
7013300701,2,20260509,1317,32.342245,64.59481167,2.883,2.903,21.447425,36.67170783,21.44685758,36.6715,25.64703296,222.1959218,-999,-999,-999,-999,-999,-999,-999,-999,-999,-999
7013300702,2,20260509,1317,32.342245,64.59481167,3.011,3.032,21.445525,36.67163507,21.4449324,-999,25.64751344,-999,-999,-999,-999,-999,-999,-999,-999,-999,-999,-999
7013300703,2,20260509,1317,32.342245,64.59481167,2.843,2.863,21.445825,36.67163991,21.44526543,-999,25.6474245,-999,-999,-999,-999,-999,-999,-999,-999,-999,-999,-999
7013300801,1,20260509,1347,32.37998167,64.613935,2.915,2.935,21.755525,36.68431331,21.75494542,36.6846,25.57046755,217.1171968,-999,-999,-999,-999,-999,-999,-999,-999,-999,-999
7013300802,1,20260509,1347,32.37998167,64.613935,3.037,3.059,21.758925,36.68486206,21.75832087,-999,25.5699365,-999,-999,-999,-999,-999,-999,-999,-999,-999,-999,-999
7013300803,1,20260509,1347,32.37998167,64.613935,3.055,3.077,21.761625,36.68474642,21.76101726,-999,25.56909103,-999,-999,-999,-999,-999,-999,-999,-999,-999,-999,-999
7013500522,3,20260707,1848,32.30725167,64.56126167,2.508,2.525,27.73041088,36.52248917,27.72981684,36.5296,23.62954572,202.9937546,-999,-999,-999,-999,-999,-999,-999,-999,-999,-999
7013500523,3,20260707,1848,32.30725167,64.56126167,2.315,2.331,27.72191088,36.523803,27.7213626,-999,23.63329965,-999,-999,-999,-999,-999,-999,-999,-999,-999,-999,-999
7013500524,3,20260707,1848,32.30725167,64.56126167,2.612,2.631,27.71601088,36.52388012,27.71539213,-999,23.63530992,-999,-999,-999,-999,-999,-999,-999,-999,-999,-999,-999
7013500601,2,20260707,1956,32.33623167,64.59735833,2.857,2.877,27.38341088,36.62955906,27.38274,36.6307,23.82325368,204.9151346,-999,-999,-999,-999,-999,-999,-999,-999,-999,-999
7013500602,2,20260707,1956,32.33623167,64.59735833,3.008,3.029,27.39511088,36.6292519,27.39440433,-999,23.81923511,-999,-999,-999,-999,-999,-999,-999,-999,-999,-999,-999
7013500603,2,20260707,1956,32.33623167,64.59735833,2.87,2.891,27.39191088,36.62960833,27.39123658,-999,23.8205322,-999,-999,-999,-999,-999,-999,-999,-999,-999,-999,-999